Loyalty#,Behavioral_Cluster_Name
480934,"Stable average travelers
(Loyal)"
549612,"Formers Points accumulator
(2020)"
429460,"Lost custumers
(Traveled more before)"
608370,"Formers Points accumulator
(2020)"
530508,"Points accumulator currently
(2021)"
927943,"Stable average travelers
(Loyal)"
188893,"Formers Points accumulator
(2020)"
852392,"Consistent low travelers
(Use points)"
866307,"Consistent low travelers
(Use points)"
932823,"Stable average travelers
(Loyal)"
144514,"Consistent low travelers
(Use points)"
611765,"Gained customers
(Now traveling average)"
988178,"Stable average travelers
(Loyal)"
286114,"Consistent low travelers
(Use points)"
205785,"Formers Points accumulator
(2020)"
735304,"Points accumulator currently
(2021)"
438936,"Stable average travelers
(Loyal)"
243713,"Formers Points accumulator
(2020)"
354730,"Lost custumers
(Traveled more before)"
413741,"Consistent low travelers
(Use points)"
552965,Low-travel individuals
642313,"Consistent low travelers
(Use points)"
263080,"Consistent low travelers
(Use points)"
109767,"Formers Points accumulator
(2020)"
217754,"Formers Points accumulator
(2020)"
157005,"Formers Points accumulator
(2020)"
557752,"Growing travelers
(Now average)"
608758,"Points accumulator currently
(2021)"
599341,"Stable average travelers
(Loyal)"
333502,"Points accumulator currently
(2021)"
403361,"Gained customers
(Now traveling average)"
543918,"Formers Points accumulator
(2020)"
806030,"Gained customers
(Now traveling average)"
119200,"Growing travelers
(Now average)"
175967,"Consistent low travelers
(Use points)"
238119,"Formers Points accumulator
(2020)"
730388,"Stable average travelers
(Loyal)"
127400,"Points accumulator currently
(2021)"
324557,"Points accumulator currently
(2021)"
742002,"Points accumulator currently
(2021)"
536567,"Stable average travelers
(Loyal)"
704835,"Points accumulator currently
(2021)"
733338,"Lost custumers
(Traveled more before)"
758635,Low-travel individuals
823048,"Gained customers
(Now traveling average)"
612905,"Points accumulator currently
(2021)"
679908,"Formers Points accumulator
(2020)"
704150,"Consistent low travelers
(Use points)"
869743,"Lost custumers
(Traveled more before)"
596179,"Formers Points accumulator
(2020)"
370450,"Stable average travelers
(Loyal)"
501030,"Consistent low travelers
(Use points)"
878633,"Stable average travelers
(Loyal)"
285938,"Stable average travelers
(Loyal)"
588237,"Consistent low travelers
(Use points)"
645280,"Formers Points accumulator
(2020)"
864324,"Stable average travelers
(Loyal)"
124678,"Stable average travelers
(Loyal)"
186015,"Points accumulator currently
(2021)"
461108,Low-travel individuals
589580,"Stable average travelers
(Loyal)"
623688,"Stable average travelers
(Loyal)"
751616,"Lost custumers
(Traveled more before)"
256147,"Stable average travelers
(Loyal)"
140392,"Growing travelers
(Now average)"
541008,"Gained customers
(Now traveling average)"
230908,"Stable average travelers
(Loyal)"
972581,"Consistent low travelers
(Use points)"
157729,"Gained customers
(Now traveling average)"
910875,"Points accumulator currently
(2021)"
501704,"Points accumulator currently
(2021)"
529098,"Growing travelers
(Now average)"
265297,Low-travel individuals
567875,"Consistent low travelers
(Use points)"
688524,"Consistent low travelers
(Use points)"
269070,"Formers Points accumulator
(2020)"
387705,"Points accumulator currently
(2021)"
923293,"Formers Points accumulator
(2020)"
789157,Low-travel individuals
654748,"Lost custumers
(Traveled more before)"
984713,Low-travel individuals
114835,"Points accumulator currently
(2021)"
328936,"Formers Points accumulator
(2020)"
845864,"Formers Points accumulator
(2020)"
645265,"Stable average travelers
(Loyal)"
223587,"Points accumulator currently
(2021)"
158560,"Growing travelers
(Now average)"
417584,"Points accumulator currently
(2021)"
957912,"Stable average travelers
(Loyal)"
425854,"Formers Points accumulator
(2020)"
695855,"Points accumulator currently
(2021)"
699511,"Lost custumers
(Traveled more before)"
377322,"Stable average travelers
(Loyal)"
511053,"Points accumulator currently
(2021)"
890753,"Gained customers
(Now traveling average)"
796670,"Formers Points accumulator
(2020)"
556136,"Stable average travelers
(Loyal)"
513081,"Growing travelers
(Now average)"
930718,"Stable average travelers
(Loyal)"
235872,"Points accumulator currently
(2021)"
881142,"Lost custumers
(Traveled more before)"
295147,"Growing travelers
(Now average)"
306110,"Consistent low travelers
(Use points)"
295217,"Growing travelers
(Now average)"
711363,Low-travel individuals
591731,"Stable average travelers
(Loyal)"
326905,"Consistent low travelers
(Use points)"
375511,"Stable average travelers
(Loyal)"
485283,"Gained customers
(Now traveling average)"
760158,"Gained customers
(Now traveling average)"
797685,"Points accumulator currently
(2021)"
216467,"Points accumulator currently
(2021)"
958839,Low-travel individuals
539673,"Lost custumers
(Traveled more before)"
484718,"Points accumulator currently
(2021)"
528492,"Formers Points accumulator
(2020)"
995091,"Growing travelers
(Now average)"
632793,"Consistent low travelers
(Use points)"
382197,Low-travel individuals
705196,"Formers Points accumulator
(2020)"
123094,"Gained customers
(Now traveling average)"
821515,Low-travel individuals
119488,"Points accumulator currently
(2021)"
287750,"Points accumulator currently
(2021)"
735846,"Growing travelers
(Now average)"
606026,"Stable average travelers
(Loyal)"
460291,"Stable average travelers
(Loyal)"
743001,"Gained customers
(Now traveling average)"
869799,"Growing travelers
(Now average)"
170585,"Points accumulator currently
(2021)"
188340,"Stable average travelers
(Loyal)"
670817,"Stable average travelers
(Loyal)"
509513,"Formers Points accumulator
(2020)"
779247,"Stable average travelers
(Loyal)"
111255,"Stable average travelers
(Loyal)"
763061,"Lost custumers
(Traveled more before)"
509108,Low-travel individuals
428919,"Points accumulator currently
(2021)"
139863,"Consistent low travelers
(Use points)"
355331,"Consistent low travelers
(Use points)"
578837,"Formers Points accumulator
(2020)"
467182,"Formers Points accumulator
(2020)"
601407,"Points accumulator currently
(2021)"
700871,"Formers Points accumulator
(2020)"
705589,"Stable average travelers
(Loyal)"
746060,"Stable average travelers
(Loyal)"
469718,"Formers Points accumulator
(2020)"
164429,"Formers Points accumulator
(2020)"
708373,"Stable average travelers
(Loyal)"
225088,"Formers Points accumulator
(2020)"
100214,"Points accumulator currently
(2021)"
459999,"Gained customers
(Now traveling average)"
268128,"Points accumulator currently
(2021)"
930584,"Points accumulator currently
(2021)"
327796,"Gained customers
(Now traveling average)"
947467,"Consistent low travelers
(Use points)"
743510,"Points accumulator currently
(2021)"
580324,"Consistent low travelers
(Use points)"
845613,Low-travel individuals
936088,"Stable average travelers
(Loyal)"
423324,Low-travel individuals
101945,"Points accumulator currently
(2021)"
713636,"Formers Points accumulator
(2020)"
302509,"Growing travelers
(Now average)"
789421,"Formers Points accumulator
(2020)"
404426,"Consistent low travelers
(Use points)"
260106,"Lost custumers
(Traveled more before)"
154643,"Consistent low travelers
(Use points)"
438023,"Points accumulator currently
(2021)"
397518,"Gained customers
(Now traveling average)"
872932,"Points accumulator currently
(2021)"
407945,"Stable average travelers
(Loyal)"
211714,"Formers Points accumulator
(2020)"
410982,"Formers Points accumulator
(2020)"
905213,"Points accumulator currently
(2021)"
147898,"Formers Points accumulator
(2020)"
530105,"Gained customers
(Now traveling average)"
610946,"Stable average travelers
(Loyal)"
383108,"Points accumulator currently
(2021)"
836343,"Consistent low travelers
(Use points)"
398535,Low-travel individuals
585357,"Stable average travelers
(Loyal)"
784804,"Points accumulator currently
(2021)"
715764,"Growing travelers
(Now average)"
753473,"Stable average travelers
(Loyal)"
980856,"Formers Points accumulator
(2020)"
271660,"Consistent low travelers
(Use points)"
377471,"Stable average travelers
(Loyal)"
830547,Low-travel individuals
264936,"Formers Points accumulator
(2020)"
976513,"Points accumulator currently
(2021)"
828776,"Points accumulator currently
(2021)"
240362,"Consistent low travelers
(Use points)"
137845,"Stable average travelers
(Loyal)"
430569,"Stable average travelers
(Loyal)"
317001,Low-travel individuals
625870,"Stable average travelers
(Loyal)"
660554,"Gained customers
(Now traveling average)"
917630,"Points accumulator currently
(2021)"
670686,"Points accumulator currently
(2021)"
717660,"Consistent low travelers
(Use points)"
450621,"Consistent low travelers
(Use points)"
939562,"Stable average travelers
(Loyal)"
135250,"Stable average travelers
(Loyal)"
714555,"Formers Points accumulator
(2020)"
947868,"Formers Points accumulator
(2020)"
573661,Low-travel individuals
228580,"Growing travelers
(Now average)"
557500,"Formers Points accumulator
(2020)"
238233,"Consistent low travelers
(Use points)"
979309,"Consistent low travelers
(Use points)"
885497,Low-travel individuals
833569,"Gained customers
(Now traveling average)"
120046,"Gained customers
(Now traveling average)"
816881,"Stable average travelers
(Loyal)"
717700,"Stable average travelers
(Loyal)"
962278,"Gained customers
(Now traveling average)"
245465,"Formers Points accumulator
(2020)"
510372,Low-travel individuals
709920,"Formers Points accumulator
(2020)"
143784,"Formers Points accumulator
(2020)"
602176,"Consistent low travelers
(Use points)"
870998,"Stable average travelers
(Loyal)"
958224,"Formers Points accumulator
(2020)"
837628,"Consistent low travelers
(Use points)"
395460,"Formers Points accumulator
(2020)"
136547,"Points accumulator currently
(2021)"
780631,Low-travel individuals
166712,"Points accumulator currently
(2021)"
217695,"Consistent low travelers
(Use points)"
263707,"Consistent low travelers
(Use points)"
638368,"Points accumulator currently
(2021)"
695529,"Formers Points accumulator
(2020)"
871203,"Gained customers
(Now traveling average)"
915571,"Growing travelers
(Now average)"
642109,"Stable average travelers
(Loyal)"
833701,"Formers Points accumulator
(2020)"
275442,"Formers Points accumulator
(2020)"
374345,"Formers Points accumulator
(2020)"
384825,"Formers Points accumulator
(2020)"
559233,Low-travel individuals
564650,"Formers Points accumulator
(2020)"
277649,"Stable average travelers
(Loyal)"
732013,"Stable average travelers
(Loyal)"
793318,"Points accumulator currently
(2021)"
830024,"Consistent low travelers
(Use points)"
223684,Low-travel individuals
723262,Low-travel individuals
879892,"Gained customers
(Now traveling average)"
966117,"Points accumulator currently
(2021)"
258358,"Lost custumers
(Traveled more before)"
265836,"Points accumulator currently
(2021)"
474174,"Formers Points accumulator
(2020)"
202299,"Stable average travelers
(Loyal)"
497467,"Formers Points accumulator
(2020)"
134279,Low-travel individuals
635225,"Formers Points accumulator
(2020)"
980198,"Points accumulator currently
(2021)"
995693,"Gained customers
(Now traveling average)"
861924,"Consistent low travelers
(Use points)"
639383,Low-travel individuals
769731,"Consistent low travelers
(Use points)"
884530,Low-travel individuals
207372,"Gained customers
(Now traveling average)"
543553,Low-travel individuals
639701,"Formers Points accumulator
(2020)"
998090,"Points accumulator currently
(2021)"
283747,"Points accumulator currently
(2021)"
863122,"Gained customers
(Now traveling average)"
816593,"Consistent low travelers
(Use points)"
440939,"Points accumulator currently
(2021)"
585629,"Stable average travelers
(Loyal)"
347932,"Formers Points accumulator
(2020)"
417886,"Consistent low travelers
(Use points)"
514900,Low-travel individuals
203550,"Consistent low travelers
(Use points)"
181825,"Points accumulator currently
(2021)"
261582,"Stable average travelers
(Loyal)"
679859,"Growing travelers
(Now average)"
924724,"Points accumulator currently
(2021)"
122958,"Formers Points accumulator
(2020)"
274698,"Formers Points accumulator
(2020)"
149549,"Consistent low travelers
(Use points)"
652291,"Consistent low travelers
(Use points)"
603775,"Formers Points accumulator
(2020)"
948404,"Consistent low travelers
(Use points)"
605877,"Points accumulator currently
(2021)"
994377,"Stable average travelers
(Loyal)"
766927,"Stable average travelers
(Loyal)"
172610,"Formers Points accumulator
(2020)"
702588,"Stable average travelers
(Loyal)"
798248,"Points accumulator currently
(2021)"
641448,"Formers Points accumulator
(2020)"
406047,"Stable average travelers
(Loyal)"
538902,"Gained customers
(Now traveling average)"
805110,"Stable average travelers
(Loyal)"
883242,Low-travel individuals
909134,"Formers Points accumulator
(2020)"
294753,"Stable average travelers
(Loyal)"
120613,"Consistent low travelers
(Use points)"
520094,"Consistent low travelers
(Use points)"
754539,"Consistent low travelers
(Use points)"
189611,"Stable average travelers
(Loyal)"
971599,"Consistent low travelers
(Use points)"
521384,"Stable average travelers
(Loyal)"
128039,"Formers Points accumulator
(2020)"
565133,"Stable average travelers
(Loyal)"
947876,"Formers Points accumulator
(2020)"
138746,"Points accumulator currently
(2021)"
564707,"Consistent low travelers
(Use points)"
383898,"Gained customers
(Now traveling average)"
174996,"Stable average travelers
(Loyal)"
798854,"Gained customers
(Now traveling average)"
800075,"Stable average travelers
(Loyal)"
410384,"Points accumulator currently
(2021)"
692304,"Formers Points accumulator
(2020)"
991672,"Consistent low travelers
(Use points)"
344180,"Growing travelers
(Now average)"
703338,Low-travel individuals
922388,"Stable average travelers
(Loyal)"
655743,"Formers Points accumulator
(2020)"
787472,"Gained customers
(Now traveling average)"
667687,Low-travel individuals
348920,"Consistent low travelers
(Use points)"
523394,"Points accumulator currently
(2021)"
981581,"Stable average travelers
(Loyal)"
639510,"Stable average travelers
(Loyal)"
744675,"Formers Points accumulator
(2020)"
289177,"Growing travelers
(Now average)"
420890,"Gained customers
(Now traveling average)"
357149,"Formers Points accumulator
(2020)"
876207,"Formers Points accumulator
(2020)"
224384,"Formers Points accumulator
(2020)"
650445,"Stable average travelers
(Loyal)"
399982,"Consistent low travelers
(Use points)"
228984,"Points accumulator currently
(2021)"
221388,"Points accumulator currently
(2021)"
710053,"Consistent low travelers
(Use points)"
296412,Low-travel individuals
836475,"Stable average travelers
(Loyal)"
901002,"Consistent low travelers
(Use points)"
450979,"Points accumulator currently
(2021)"
392235,"Stable average travelers
(Loyal)"
529218,"Formers Points accumulator
(2020)"
549132,"Gained customers
(Now traveling average)"
782523,Low-travel individuals
326561,"Lost custumers
(Traveled more before)"
604116,"Gained customers
(Now traveling average)"
313837,Low-travel individuals
561092,"Formers Points accumulator
(2020)"
234866,"Points accumulator currently
(2021)"
721984,"Points accumulator currently
(2021)"
772397,"Formers Points accumulator
(2020)"
685792,"Lost custumers
(Traveled more before)"
344199,"Consistent low travelers
(Use points)"
909385,"Consistent low travelers
(Use points)"
211043,"Stable average travelers
(Loyal)"
459801,"Points accumulator currently
(2021)"
958243,"Stable average travelers
(Loyal)"
517758,"Stable average travelers
(Loyal)"
712062,"Points accumulator currently
(2021)"
845945,"Stable average travelers
(Loyal)"
324707,"Consistent low travelers
(Use points)"
184635,"Formers Points accumulator
(2020)"
947123,Low-travel individuals
432598,"Formers Points accumulator
(2020)"
524483,"Formers Points accumulator
(2020)"
413445,Low-travel individuals
257575,"Consistent low travelers
(Use points)"
352834,"Points accumulator currently
(2021)"
127590,"Points accumulator currently
(2021)"
846374,"Points accumulator currently
(2021)"
651054,Low-travel individuals
776956,"Consistent low travelers
(Use points)"
130368,"Stable average travelers
(Loyal)"
752331,"Formers Points accumulator
(2020)"
986825,"Consistent low travelers
(Use points)"
882024,Low-travel individuals
981343,"Formers Points accumulator
(2020)"
101581,"Consistent low travelers
(Use points)"
329358,"Gained customers
(Now traveling average)"
497494,"Consistent low travelers
(Use points)"
821379,"Gained customers
(Now traveling average)"
361816,"Stable average travelers
(Loyal)"
734192,"Formers Points accumulator
(2020)"
774724,"Points accumulator currently
(2021)"
874161,"Gained customers
(Now traveling average)"
906396,"Growing travelers
(Now average)"
722976,"Consistent low travelers
(Use points)"
747304,"Growing travelers
(Now average)"
613804,"Formers Points accumulator
(2020)"
995877,"Gained customers
(Now traveling average)"
237105,"Gained customers
(Now traveling average)"
395026,"Stable average travelers
(Loyal)"
702493,"Lost custumers
(Traveled more before)"
894466,"Consistent low travelers
(Use points)"
610393,"Points accumulator currently
(2021)"
800726,"Points accumulator currently
(2021)"
111171,"Points accumulator currently
(2021)"
199959,"Gained customers
(Now traveling average)"
779434,"Consistent low travelers
(Use points)"
203184,"Points accumulator currently
(2021)"
225077,"Formers Points accumulator
(2020)"
365816,"Formers Points accumulator
(2020)"
781463,"Stable average travelers
(Loyal)"
644786,"Stable average travelers
(Loyal)"
441440,"Consistent low travelers
(Use points)"
756791,"Consistent low travelers
(Use points)"
401858,Low-travel individuals
819569,"Formers Points accumulator
(2020)"
428826,Low-travel individuals
779435,"Gained customers
(Now traveling average)"
518533,"Gained customers
(Now traveling average)"
568547,"Points accumulator currently
(2021)"
830931,"Stable average travelers
(Loyal)"
229204,Low-travel individuals
437269,"Lost custumers
(Traveled more before)"
723390,"Lost custumers
(Traveled more before)"
956005,"Formers Points accumulator
(2020)"
683361,"Gained customers
(Now traveling average)"
370486,"Growing travelers
(Now average)"
279919,"Points accumulator currently
(2021)"
635249,"Points accumulator currently
(2021)"
849415,"Formers Points accumulator
(2020)"
334003,"Points accumulator currently
(2021)"
256323,"Consistent low travelers
(Use points)"
553567,"Lost custumers
(Traveled more before)"
612555,"Stable average travelers
(Loyal)"
353128,"Formers Points accumulator
(2020)"
367961,"Stable average travelers
(Loyal)"
431899,"Points accumulator currently
(2021)"
835491,"Points accumulator currently
(2021)"
791355,"Formers Points accumulator
(2020)"
331258,"Consistent low travelers
(Use points)"
713329,"Stable average travelers
(Loyal)"
422805,"Consistent low travelers
(Use points)"
660376,"Points accumulator currently
(2021)"
841677,"Gained customers
(Now traveling average)"
412854,"Points accumulator currently
(2021)"
187010,"Gained customers
(Now traveling average)"
333621,"Consistent low travelers
(Use points)"
270570,"Growing travelers
(Now average)"
305171,"Points accumulator currently
(2021)"
715668,"Lost custumers
(Traveled more before)"
496325,"Stable average travelers
(Loyal)"
873180,"Gained customers
(Now traveling average)"
630320,"Stable average travelers
(Loyal)"
304944,"Stable average travelers
(Loyal)"
615662,"Formers Points accumulator
(2020)"
887192,Low-travel individuals
540497,"Growing travelers
(Now average)"
673061,"Lost custumers
(Traveled more before)"
336341,"Consistent low travelers
(Use points)"
465530,"Growing travelers
(Now average)"
600598,"Consistent low travelers
(Use points)"
724720,"Points accumulator currently
(2021)"
627489,"Consistent low travelers
(Use points)"
264064,"Lost custumers
(Traveled more before)"
740762,"Points accumulator currently
(2021)"
527622,"Points accumulator currently
(2021)"
984636,"Stable average travelers
(Loyal)"
110691,"Consistent low travelers
(Use points)"
737791,"Points accumulator currently
(2021)"
219413,"Points accumulator currently
(2021)"
260685,"Stable average travelers
(Loyal)"
501363,"Points accumulator currently
(2021)"
982202,"Gained customers
(Now traveling average)"
218529,"Gained customers
(Now traveling average)"
691645,"Gained customers
(Now traveling average)"
881157,"Points accumulator currently
(2021)"
426185,"Growing travelers
(Now average)"
546758,"Formers Points accumulator
(2020)"
270723,"Consistent low travelers
(Use points)"
275387,"Gained customers
(Now traveling average)"
504715,"Points accumulator currently
(2021)"
380183,"Points accumulator currently
(2021)"
654817,"Points accumulator currently
(2021)"
541078,"Growing travelers
(Now average)"
555112,"Lost custumers
(Traveled more before)"
726732,"Lost custumers
(Traveled more before)"
948327,Low-travel individuals
384269,"Stable average travelers
(Loyal)"
791852,"Points accumulator currently
(2021)"
372183,"Consistent low travelers
(Use points)"
481857,"Stable average travelers
(Loyal)"
765252,"Points accumulator currently
(2021)"
539358,"Stable average travelers
(Loyal)"
697837,"Stable average travelers
(Loyal)"
410921,"Formers Points accumulator
(2020)"
826304,"Growing travelers
(Now average)"
200077,"Gained customers
(Now traveling average)"
597897,Low-travel individuals
119408,Low-travel individuals
241167,"Stable average travelers
(Loyal)"
159275,"Formers Points accumulator
(2020)"
458697,"Formers Points accumulator
(2020)"
620465,"Stable average travelers
(Loyal)"
654578,"Stable average travelers
(Loyal)"
432451,"Stable average travelers
(Loyal)"
251116,"Lost custumers
(Traveled more before)"
381786,Low-travel individuals
440967,"Growing travelers
(Now average)"
368292,Low-travel individuals
493677,"Stable average travelers
(Loyal)"
500374,"Gained customers
(Now traveling average)"
850418,"Stable average travelers
(Loyal)"
406574,"Stable average travelers
(Loyal)"
532925,"Lost custumers
(Traveled more before)"
119837,"Formers Points accumulator
(2020)"
546039,"Consistent low travelers
(Use points)"
950914,"Gained customers
(Now traveling average)"
387129,"Stable average travelers
(Loyal)"
876006,"Stable average travelers
(Loyal)"
230311,"Formers Points accumulator
(2020)"
955991,"Consistent low travelers
(Use points)"
279409,"Stable average travelers
(Loyal)"
293531,"Consistent low travelers
(Use points)"
886127,"Consistent low travelers
(Use points)"
579005,"Stable average travelers
(Loyal)"
758372,"Points accumulator currently
(2021)"
436087,"Gained customers
(Now traveling average)"
471460,"Gained customers
(Now traveling average)"
605505,"Formers Points accumulator
(2020)"
413185,"Formers Points accumulator
(2020)"
715462,"Points accumulator currently
(2021)"
739933,"Points accumulator currently
(2021)"
675106,"Points accumulator currently
(2021)"
767728,Low-travel individuals
244032,"Consistent low travelers
(Use points)"
583648,"Growing travelers
(Now average)"
250380,"Gained customers
(Now traveling average)"
935504,"Consistent low travelers
(Use points)"
311943,"Points accumulator currently
(2021)"
811684,"Gained customers
(Now traveling average)"
672103,"Points accumulator currently
(2021)"
657339,"Formers Points accumulator
(2020)"
433812,"Consistent low travelers
(Use points)"
559304,"Consistent low travelers
(Use points)"
290249,"Stable average travelers
(Loyal)"
948815,"Stable average travelers
(Loyal)"
513229,"Points accumulator currently
(2021)"
501278,"Points accumulator currently
(2021)"
500455,"Consistent low travelers
(Use points)"
277356,"Lost custumers
(Traveled more before)"
615394,"Points accumulator currently
(2021)"
936723,"Lost custumers
(Traveled more before)"
158314,"Growing travelers
(Now average)"
418090,"Points accumulator currently
(2021)"
769623,"Points accumulator currently
(2021)"
685314,"Points accumulator currently
(2021)"
413282,"Consistent low travelers
(Use points)"
884088,"Points accumulator currently
(2021)"
445867,"Stable average travelers
(Loyal)"
568286,"Consistent low travelers
(Use points)"
965066,"Gained customers
(Now traveling average)"
516329,"Points accumulator currently
(2021)"
945479,"Formers Points accumulator
(2020)"
363925,"Growing travelers
(Now average)"
798216,"Formers Points accumulator
(2020)"
822694,"Consistent low travelers
(Use points)"
747483,Low-travel individuals
784838,"Stable average travelers
(Loyal)"
405597,"Consistent low travelers
(Use points)"
502592,"Consistent low travelers
(Use points)"
420010,Low-travel individuals
416620,Low-travel individuals
198424,"Consistent low travelers
(Use points)"
244099,"Stable average travelers
(Loyal)"
814653,"Growing travelers
(Now average)"
636505,"Consistent low travelers
(Use points)"
110142,"Gained customers
(Now traveling average)"
685346,"Stable average travelers
(Loyal)"
967634,Low-travel individuals
919506,Low-travel individuals
272944,"Points accumulator currently
(2021)"
512906,"Growing travelers
(Now average)"
490984,"Consistent low travelers
(Use points)"
812042,"Points accumulator currently
(2021)"
366719,"Growing travelers
(Now average)"
192177,"Stable average travelers
(Loyal)"
273353,"Gained customers
(Now traveling average)"
249555,"Stable average travelers
(Loyal)"
103862,"Points accumulator currently
(2021)"
121935,"Consistent low travelers
(Use points)"
224402,"Points accumulator currently
(2021)"
416768,"Points accumulator currently
(2021)"
667767,"Formers Points accumulator
(2020)"
955178,"Points accumulator currently
(2021)"
534716,"Stable average travelers
(Loyal)"
565041,"Growing travelers
(Now average)"
596004,"Points accumulator currently
(2021)"
335839,"Stable average travelers
(Loyal)"
621940,Low-travel individuals
308379,"Formers Points accumulator
(2020)"
683791,"Points accumulator currently
(2021)"
715015,"Formers Points accumulator
(2020)"
835796,"Stable average travelers
(Loyal)"
564201,"Stable average travelers
(Loyal)"
572410,"Points accumulator currently
(2021)"
306288,"Lost custumers
(Traveled more before)"
568111,"Formers Points accumulator
(2020)"
201220,"Stable average travelers
(Loyal)"
533766,"Consistent low travelers
(Use points)"
990933,"Points accumulator currently
(2021)"
806850,"Consistent low travelers
(Use points)"
613265,"Stable average travelers
(Loyal)"
163608,"Stable average travelers
(Loyal)"
237984,"Points accumulator currently
(2021)"
288419,"Points accumulator currently
(2021)"
285738,"Lost custumers
(Traveled more before)"
666556,"Consistent low travelers
(Use points)"
698180,"Gained customers
(Now traveling average)"
807589,"Formers Points accumulator
(2020)"
135382,"Stable average travelers
(Loyal)"
444778,"Points accumulator currently
(2021)"
502534,"Stable average travelers
(Loyal)"
589840,"Consistent low travelers
(Use points)"
551300,"Stable average travelers
(Loyal)"
990204,"Formers Points accumulator
(2020)"
148299,"Growing travelers
(Now average)"
412902,"Stable average travelers
(Loyal)"
602694,Low-travel individuals
655721,"Gained customers
(Now traveling average)"
205445,"Consistent low travelers
(Use points)"
773293,"Consistent low travelers
(Use points)"
957127,"Consistent low travelers
(Use points)"
176611,"Gained customers
(Now traveling average)"
848248,"Stable average travelers
(Loyal)"
162013,"Consistent low travelers
(Use points)"
706628,Low-travel individuals
495027,"Consistent low travelers
(Use points)"
731001,"Growing travelers
(Now average)"
692096,"Formers Points accumulator
(2020)"
544569,"Points accumulator currently
(2021)"
616220,"Points accumulator currently
(2021)"
778426,"Gained customers
(Now traveling average)"
211083,"Points accumulator currently
(2021)"
693256,"Consistent low travelers
(Use points)"
343377,"Formers Points accumulator
(2020)"
608739,"Formers Points accumulator
(2020)"
421497,"Formers Points accumulator
(2020)"
268094,"Growing travelers
(Now average)"
982608,"Lost custumers
(Traveled more before)"
821404,"Consistent low travelers
(Use points)"
544561,"Points accumulator currently
(2021)"
709550,"Formers Points accumulator
(2020)"
601448,"Formers Points accumulator
(2020)"
264234,"Points accumulator currently
(2021)"
989048,"Formers Points accumulator
(2020)"
788460,"Lost custumers
(Traveled more before)"
831087,"Points accumulator currently
(2021)"
750776,Low-travel individuals
401336,"Points accumulator currently
(2021)"
936612,"Lost custumers
(Traveled more before)"
785836,"Stable average travelers
(Loyal)"
161437,"Formers Points accumulator
(2020)"
654187,"Points accumulator currently
(2021)"
801821,"Consistent low travelers
(Use points)"
655044,"Growing travelers
(Now average)"
223946,"Consistent low travelers
(Use points)"
531286,"Consistent low travelers
(Use points)"
101876,"Lost custumers
(Traveled more before)"
908729,"Consistent low travelers
(Use points)"
929701,"Formers Points accumulator
(2020)"
622171,Low-travel individuals
708020,"Stable average travelers
(Loyal)"
919922,"Lost custumers
(Traveled more before)"
479872,"Formers Points accumulator
(2020)"
277091,"Consistent low travelers
(Use points)"
386363,"Stable average travelers
(Loyal)"
307233,"Stable average travelers
(Loyal)"
199342,"Formers Points accumulator
(2020)"
810257,"Formers Points accumulator
(2020)"
252341,"Points accumulator currently
(2021)"
485397,"Stable average travelers
(Loyal)"
799399,"Points accumulator currently
(2021)"
687748,"Gained customers
(Now traveling average)"
249224,"Formers Points accumulator
(2020)"
444684,"Points accumulator currently
(2021)"
181726,"Stable average travelers
(Loyal)"
164559,Low-travel individuals
530978,"Consistent low travelers
(Use points)"
372261,"Points accumulator currently
(2021)"
738427,"Stable average travelers
(Loyal)"
295929,"Growing travelers
(Now average)"
381717,Low-travel individuals
437022,"Consistent low travelers
(Use points)"
582861,"Gained customers
(Now traveling average)"
945014,"Growing travelers
(Now average)"
809728,"Gained customers
(Now traveling average)"
460207,"Formers Points accumulator
(2020)"
567256,"Stable average travelers
(Loyal)"
543956,"Gained customers
(Now traveling average)"
290599,"Consistent low travelers
(Use points)"
878909,"Stable average travelers
(Loyal)"
941194,Low-travel individuals
430228,"Stable average travelers
(Loyal)"
646168,"Points accumulator currently
(2021)"
866302,"Points accumulator currently
(2021)"
998192,Low-travel individuals
189146,"Lost custumers
(Traveled more before)"
513000,Low-travel individuals
917352,"Gained customers
(Now traveling average)"
277910,"Points accumulator currently
(2021)"
345014,"Stable average travelers
(Loyal)"
398305,"Gained customers
(Now traveling average)"
484194,"Stable average travelers
(Loyal)"
618309,"Formers Points accumulator
(2020)"
160686,"Formers Points accumulator
(2020)"
355995,"Growing travelers
(Now average)"
519203,"Formers Points accumulator
(2020)"
306402,"Formers Points accumulator
(2020)"
446315,"Consistent low travelers
(Use points)"
576716,"Consistent low travelers
(Use points)"
111646,"Consistent low travelers
(Use points)"
685982,"Points accumulator currently
(2021)"
166037,"Stable average travelers
(Loyal)"
236593,"Consistent low travelers
(Use points)"
784113,"Points accumulator currently
(2021)"
896790,"Points accumulator currently
(2021)"
990595,"Points accumulator currently
(2021)"
773261,"Points accumulator currently
(2021)"
756907,"Formers Points accumulator
(2020)"
455287,Low-travel individuals
633999,"Gained customers
(Now traveling average)"
285484,"Points accumulator currently
(2021)"
907743,Low-travel individuals
484733,"Gained customers
(Now traveling average)"
981848,"Stable average travelers
(Loyal)"
399575,"Stable average travelers
(Loyal)"
852310,"Stable average travelers
(Loyal)"
885007,"Formers Points accumulator
(2020)"
532813,"Stable average travelers
(Loyal)"
425445,"Consistent low travelers
(Use points)"
410460,"Lost custumers
(Traveled more before)"
508854,"Stable average travelers
(Loyal)"
141233,"Consistent low travelers
(Use points)"
277769,"Gained customers
(Now traveling average)"
340479,"Formers Points accumulator
(2020)"
980651,"Points accumulator currently
(2021)"
513708,"Consistent low travelers
(Use points)"
796508,"Consistent low travelers
(Use points)"
304770,"Formers Points accumulator
(2020)"
729762,Low-travel individuals
654890,"Formers Points accumulator
(2020)"
716393,"Formers Points accumulator
(2020)"
751612,"Points accumulator currently
(2021)"
493427,"Formers Points accumulator
(2020)"
152016,"Gained customers
(Now traveling average)"
577151,"Gained customers
(Now traveling average)"
204042,"Points accumulator currently
(2021)"
254683,"Stable average travelers
(Loyal)"
824259,"Formers Points accumulator
(2020)"
259634,"Formers Points accumulator
(2020)"
730742,"Gained customers
(Now traveling average)"
287593,"Consistent low travelers
(Use points)"
481450,Low-travel individuals
503598,"Formers Points accumulator
(2020)"
591608,"Points accumulator currently
(2021)"
800923,"Points accumulator currently
(2021)"
127128,"Points accumulator currently
(2021)"
518249,"Stable average travelers
(Loyal)"
682308,"Consistent low travelers
(Use points)"
974114,"Stable average travelers
(Loyal)"
179719,"Consistent low travelers
(Use points)"
780944,"Consistent low travelers
(Use points)"
369458,"Formers Points accumulator
(2020)"
202585,"Consistent low travelers
(Use points)"
924719,"Stable average travelers
(Loyal)"
345608,"Formers Points accumulator
(2020)"
662268,"Points accumulator currently
(2021)"
526747,"Points accumulator currently
(2021)"
395121,"Consistent low travelers
(Use points)"
331698,"Formers Points accumulator
(2020)"
336539,"Points accumulator currently
(2021)"
586542,"Stable average travelers
(Loyal)"
792383,"Stable average travelers
(Loyal)"
274264,"Consistent low travelers
(Use points)"
117408,"Points accumulator currently
(2021)"
498644,"Points accumulator currently
(2021)"
231273,"Formers Points accumulator
(2020)"
329587,"Consistent low travelers
(Use points)"
206992,"Points accumulator currently
(2021)"
469684,"Stable average travelers
(Loyal)"
763520,"Consistent low travelers
(Use points)"
823112,"Stable average travelers
(Loyal)"
768012,"Points accumulator currently
(2021)"
399418,"Formers Points accumulator
(2020)"
734035,"Stable average travelers
(Loyal)"
468542,Low-travel individuals
894340,"Formers Points accumulator
(2020)"
192096,Low-travel individuals
400702,"Consistent low travelers
(Use points)"
416124,"Formers Points accumulator
(2020)"
456752,Low-travel individuals
466147,"Gained customers
(Now traveling average)"
837646,"Lost custumers
(Traveled more before)"
559279,"Formers Points accumulator
(2020)"
733693,"Formers Points accumulator
(2020)"
602900,"Stable average travelers
(Loyal)"
543978,"Stable average travelers
(Loyal)"
287212,"Gained customers
(Now traveling average)"
660436,"Points accumulator currently
(2021)"
220358,"Growing travelers
(Now average)"
590301,"Consistent low travelers
(Use points)"
640244,"Formers Points accumulator
(2020)"
384920,"Points accumulator currently
(2021)"
573332,"Formers Points accumulator
(2020)"
458320,"Consistent low travelers
(Use points)"
101663,"Stable average travelers
(Loyal)"
873458,"Formers Points accumulator
(2020)"
502745,"Gained customers
(Now traveling average)"
866815,Low-travel individuals
439296,"Stable average travelers
(Loyal)"
521311,"Points accumulator currently
(2021)"
683909,Low-travel individuals
856229,"Gained customers
(Now traveling average)"
235629,Low-travel individuals
173212,"Consistent low travelers
(Use points)"
476875,"Consistent low travelers
(Use points)"
330464,"Consistent low travelers
(Use points)"
743768,"Points accumulator currently
(2021)"
595325,"Formers Points accumulator
(2020)"
881198,"Stable average travelers
(Loyal)"
415090,"Consistent low travelers
(Use points)"
748286,"Lost custumers
(Traveled more before)"
949175,"Points accumulator currently
(2021)"
437810,"Consistent low travelers
(Use points)"
297869,"Points accumulator currently
(2021)"
182587,"Lost custumers
(Traveled more before)"
818391,Low-travel individuals
272812,"Stable average travelers
(Loyal)"
273357,"Formers Points accumulator
(2020)"
302908,"Points accumulator currently
(2021)"
217616,Low-travel individuals
166577,"Formers Points accumulator
(2020)"
315851,"Stable average travelers
(Loyal)"
469977,"Stable average travelers
(Loyal)"
784570,"Consistent low travelers
(Use points)"
465931,"Consistent low travelers
(Use points)"
482256,"Points accumulator currently
(2021)"
733746,"Consistent low travelers
(Use points)"
526064,"Gained customers
(Now traveling average)"
655453,"Points accumulator currently
(2021)"
130326,"Growing travelers
(Now average)"
845275,"Stable average travelers
(Loyal)"
757634,"Points accumulator currently
(2021)"
135808,"Stable average travelers
(Loyal)"
418281,"Points accumulator currently
(2021)"
508115,"Growing travelers
(Now average)"
842379,"Points accumulator currently
(2021)"
613925,"Lost custumers
(Traveled more before)"
653304,Low-travel individuals
821325,"Gained customers
(Now traveling average)"
400478,"Lost custumers
(Traveled more before)"
436081,"Consistent low travelers
(Use points)"
812282,"Stable average travelers
(Loyal)"
431277,"Consistent low travelers
(Use points)"
631821,"Consistent low travelers
(Use points)"
282930,"Consistent low travelers
(Use points)"
577405,"Points accumulator currently
(2021)"
753149,"Growing travelers
(Now average)"
222960,"Stable average travelers
(Loyal)"
397248,"Stable average travelers
(Loyal)"
785185,"Consistent low travelers
(Use points)"
418990,"Points accumulator currently
(2021)"
205465,Low-travel individuals
738141,"Gained customers
(Now traveling average)"
751820,"Stable average travelers
(Loyal)"
956191,"Points accumulator currently
(2021)"
359188,"Lost custumers
(Traveled more before)"
342958,"Gained customers
(Now traveling average)"
842236,"Formers Points accumulator
(2020)"
444686,"Formers Points accumulator
(2020)"
627107,Low-travel individuals
728748,"Growing travelers
(Now average)"
746677,"Stable average travelers
(Loyal)"
630396,"Stable average travelers
(Loyal)"
833765,"Consistent low travelers
(Use points)"
462077,"Consistent low travelers
(Use points)"
728586,"Formers Points accumulator
(2020)"
246775,"Gained customers
(Now traveling average)"
471440,"Gained customers
(Now traveling average)"
784945,"Stable average travelers
(Loyal)"
438120,"Gained customers
(Now traveling average)"
650290,"Lost custumers
(Traveled more before)"
755538,"Formers Points accumulator
(2020)"
430712,"Gained customers
(Now traveling average)"
724818,"Stable average travelers
(Loyal)"
660030,"Stable average travelers
(Loyal)"
102982,"Growing travelers
(Now average)"
630880,"Consistent low travelers
(Use points)"
803796,"Consistent low travelers
(Use points)"
917972,"Points accumulator currently
(2021)"
906623,"Points accumulator currently
(2021)"
161373,"Lost custumers
(Traveled more before)"
241038,"Points accumulator currently
(2021)"
541898,"Gained customers
(Now traveling average)"
235391,"Formers Points accumulator
(2020)"
272250,"Formers Points accumulator
(2020)"
293266,"Points accumulator currently
(2021)"
391357,"Lost custumers
(Traveled more before)"
328173,"Consistent low travelers
(Use points)"
559005,"Points accumulator currently
(2021)"
165056,"Consistent low travelers
(Use points)"
847359,"Formers Points accumulator
(2020)"
596390,"Points accumulator currently
(2021)"
913981,"Stable average travelers
(Loyal)"
727175,"Formers Points accumulator
(2020)"
437197,"Points accumulator currently
(2021)"
879462,"Stable average travelers
(Loyal)"
483747,"Lost custumers
(Traveled more before)"
993054,"Points accumulator currently
(2021)"
941361,"Formers Points accumulator
(2020)"
280603,"Stable average travelers
(Loyal)"
445370,"Stable average travelers
(Loyal)"
750710,"Consistent low travelers
(Use points)"
746171,"Consistent low travelers
(Use points)"
947641,"Gained customers
(Now traveling average)"
276746,"Consistent low travelers
(Use points)"
819765,"Stable average travelers
(Loyal)"
672170,"Formers Points accumulator
(2020)"
990268,"Formers Points accumulator
(2020)"
989256,"Points accumulator currently
(2021)"
203864,"Consistent low travelers
(Use points)"
221014,Low-travel individuals
349342,"Points accumulator currently
(2021)"
963410,"Consistent low travelers
(Use points)"
163445,"Gained customers
(Now traveling average)"
901231,"Consistent low travelers
(Use points)"
727053,"Consistent low travelers
(Use points)"
132319,"Points accumulator currently
(2021)"
629642,"Points accumulator currently
(2021)"
378181,"Growing travelers
(Now average)"
188668,"Gained customers
(Now traveling average)"
628169,"Formers Points accumulator
(2020)"
290362,"Formers Points accumulator
(2020)"
786525,"Stable average travelers
(Loyal)"
598398,"Consistent low travelers
(Use points)"
113316,"Gained customers
(Now traveling average)"
426351,"Consistent low travelers
(Use points)"
423201,"Points accumulator currently
(2021)"
401036,"Consistent low travelers
(Use points)"
896792,"Formers Points accumulator
(2020)"
831948,"Growing travelers
(Now average)"
794202,"Growing travelers
(Now average)"
447962,"Stable average travelers
(Loyal)"
871094,"Gained customers
(Now traveling average)"
628258,"Stable average travelers
(Loyal)"
782654,"Formers Points accumulator
(2020)"
736813,Low-travel individuals
485330,"Gained customers
(Now traveling average)"
428249,"Stable average travelers
(Loyal)"
483768,"Stable average travelers
(Loyal)"
837237,"Consistent low travelers
(Use points)"
170903,"Lost custumers
(Traveled more before)"
624929,"Stable average travelers
(Loyal)"
349539,"Consistent low travelers
(Use points)"
508821,"Consistent low travelers
(Use points)"
172755,"Gained customers
(Now traveling average)"
742612,"Consistent low travelers
(Use points)"
675535,"Consistent low travelers
(Use points)"
797120,Low-travel individuals
118632,"Formers Points accumulator
(2020)"
711567,"Stable average travelers
(Loyal)"
752704,"Points accumulator currently
(2021)"
343001,"Formers Points accumulator
(2020)"
618100,"Consistent low travelers
(Use points)"
335554,"Stable average travelers
(Loyal)"
569603,"Stable average travelers
(Loyal)"
672679,Low-travel individuals
183020,"Points accumulator currently
(2021)"
749566,"Formers Points accumulator
(2020)"
358900,"Points accumulator currently
(2021)"
765323,"Points accumulator currently
(2021)"
766355,Low-travel individuals
827147,"Consistent low travelers
(Use points)"
855026,"Points accumulator currently
(2021)"
817136,"Points accumulator currently
(2021)"
711577,"Points accumulator currently
(2021)"
250696,"Consistent low travelers
(Use points)"
436247,"Growing travelers
(Now average)"
763113,"Points accumulator currently
(2021)"
817191,"Points accumulator currently
(2021)"
861877,"Points accumulator currently
(2021)"
493358,"Gained customers
(Now traveling average)"
853894,"Consistent low travelers
(Use points)"
729094,"Formers Points accumulator
(2020)"
646038,"Points accumulator currently
(2021)"
981160,"Stable average travelers
(Loyal)"
276494,"Formers Points accumulator
(2020)"
644938,"Points accumulator currently
(2021)"
938981,Low-travel individuals
749459,"Growing travelers
(Now average)"
275694,"Growing travelers
(Now average)"
360435,"Consistent low travelers
(Use points)"
393604,"Gained customers
(Now traveling average)"
608241,"Points accumulator currently
(2021)"
638754,"Lost custumers
(Traveled more before)"
195368,"Formers Points accumulator
(2020)"
877945,"Stable average travelers
(Loyal)"
577535,"Stable average travelers
(Loyal)"
572263,"Points accumulator currently
(2021)"
750739,"Growing travelers
(Now average)"
392774,"Stable average travelers
(Loyal)"
458202,"Consistent low travelers
(Use points)"
506190,"Points accumulator currently
(2021)"
906564,"Lost custumers
(Traveled more before)"
841219,"Consistent low travelers
(Use points)"
196779,"Formers Points accumulator
(2020)"
596586,"Points accumulator currently
(2021)"
831253,"Formers Points accumulator
(2020)"
258141,Low-travel individuals
787525,"Stable average travelers
(Loyal)"
612650,"Lost custumers
(Traveled more before)"
956861,"Formers Points accumulator
(2020)"
343978,"Lost custumers
(Traveled more before)"
328576,"Formers Points accumulator
(2020)"
637655,"Consistent low travelers
(Use points)"
529106,"Formers Points accumulator
(2020)"
584285,"Formers Points accumulator
(2020)"
344749,Low-travel individuals
495632,Low-travel individuals
252147,Low-travel individuals
503494,Low-travel individuals
695250,"Points accumulator currently
(2021)"
535525,"Consistent low travelers
(Use points)"
480732,"Points accumulator currently
(2021)"
989666,"Formers Points accumulator
(2020)"
883574,"Consistent low travelers
(Use points)"
623144,"Formers Points accumulator
(2020)"
386082,"Gained customers
(Now traveling average)"
748717,"Stable average travelers
(Loyal)"
314941,"Points accumulator currently
(2021)"
804710,"Growing travelers
(Now average)"
380031,"Stable average travelers
(Loyal)"
937163,"Points accumulator currently
(2021)"
280545,"Formers Points accumulator
(2020)"
223354,"Points accumulator currently
(2021)"
591579,Low-travel individuals
609184,"Points accumulator currently
(2021)"
661274,"Points accumulator currently
(2021)"
607548,"Consistent low travelers
(Use points)"
901857,"Points accumulator currently
(2021)"
511642,"Stable average travelers
(Loyal)"
670371,"Consistent low travelers
(Use points)"
957061,"Stable average travelers
(Loyal)"
772532,"Gained customers
(Now traveling average)"
372290,"Points accumulator currently
(2021)"
451839,Low-travel individuals
334273,"Consistent low travelers
(Use points)"
263763,"Consistent low travelers
(Use points)"
324801,"Growing travelers
(Now average)"
543478,"Gained customers
(Now traveling average)"
553558,"Consistent low travelers
(Use points)"
576690,"Stable average travelers
(Loyal)"
308629,"Formers Points accumulator
(2020)"
276990,"Formers Points accumulator
(2020)"
912293,"Formers Points accumulator
(2020)"
994676,"Stable average travelers
(Loyal)"
527640,"Points accumulator currently
(2021)"
564141,"Formers Points accumulator
(2020)"
908123,"Consistent low travelers
(Use points)"
222453,"Points accumulator currently
(2021)"
580356,"Formers Points accumulator
(2020)"
771713,"Points accumulator currently
(2021)"
118418,"Stable average travelers
(Loyal)"
392989,Low-travel individuals
430817,"Points accumulator currently
(2021)"
910157,"Gained customers
(Now traveling average)"
405739,"Lost custumers
(Traveled more before)"
831180,"Stable average travelers
(Loyal)"
144633,"Stable average travelers
(Loyal)"
918564,"Consistent low travelers
(Use points)"
347515,"Gained customers
(Now traveling average)"
444931,"Stable average travelers
(Loyal)"
347955,"Points accumulator currently
(2021)"
458074,"Stable average travelers
(Loyal)"
734307,"Stable average travelers
(Loyal)"
991568,"Formers Points accumulator
(2020)"
174439,"Stable average travelers
(Loyal)"
719192,"Formers Points accumulator
(2020)"
915638,"Points accumulator currently
(2021)"
792514,"Points accumulator currently
(2021)"
352582,"Stable average travelers
(Loyal)"
107519,"Gained customers
(Now traveling average)"
186729,Low-travel individuals
197855,Low-travel individuals
202864,"Points accumulator currently
(2021)"
845273,"Formers Points accumulator
(2020)"
930900,"Consistent low travelers
(Use points)"
165022,Low-travel individuals
447544,"Points accumulator currently
(2021)"
343994,"Stable average travelers
(Loyal)"
330316,"Consistent low travelers
(Use points)"
685408,"Points accumulator currently
(2021)"
773598,"Consistent low travelers
(Use points)"
374266,"Stable average travelers
(Loyal)"
912757,"Points accumulator currently
(2021)"
175249,"Formers Points accumulator
(2020)"
306068,"Stable average travelers
(Loyal)"
233084,"Stable average travelers
(Loyal)"
298999,"Points accumulator currently
(2021)"
372737,Low-travel individuals
484495,"Stable average travelers
(Loyal)"
595978,"Consistent low travelers
(Use points)"
836603,Low-travel individuals
227906,"Growing travelers
(Now average)"
701954,"Points accumulator currently
(2021)"
846277,"Formers Points accumulator
(2020)"
549238,"Stable average travelers
(Loyal)"
209172,"Points accumulator currently
(2021)"
346633,"Points accumulator currently
(2021)"
983872,Low-travel individuals
143730,"Points accumulator currently
(2021)"
105688,"Points accumulator currently
(2021)"
235063,"Consistent low travelers
(Use points)"
325082,"Formers Points accumulator
(2020)"
636745,"Lost custumers
(Traveled more before)"
587284,"Gained customers
(Now traveling average)"
282542,"Formers Points accumulator
(2020)"
244676,"Growing travelers
(Now average)"
749328,"Consistent low travelers
(Use points)"
621750,"Points accumulator currently
(2021)"
524234,"Stable average travelers
(Loyal)"
344121,"Points accumulator currently
(2021)"
451240,"Stable average travelers
(Loyal)"
370744,"Growing travelers
(Now average)"
182130,"Consistent low travelers
(Use points)"
154194,Low-travel individuals
231047,"Points accumulator currently
(2021)"
391313,"Gained customers
(Now traveling average)"
422358,"Formers Points accumulator
(2020)"
612233,"Consistent low travelers
(Use points)"
324295,"Growing travelers
(Now average)"
957276,"Lost custumers
(Traveled more before)"
392430,"Points accumulator currently
(2021)"
343425,"Lost custumers
(Traveled more before)"
152423,"Points accumulator currently
(2021)"
962472,Low-travel individuals
588516,"Stable average travelers
(Loyal)"
793549,"Points accumulator currently
(2021)"
171137,"Gained customers
(Now traveling average)"
189666,Low-travel individuals
258408,"Stable average travelers
(Loyal)"
441509,"Consistent low travelers
(Use points)"
386446,Low-travel individuals
955567,Low-travel individuals
218362,"Consistent low travelers
(Use points)"
137251,Low-travel individuals
902634,Low-travel individuals
237770,"Formers Points accumulator
(2020)"
359091,"Stable average travelers
(Loyal)"
645986,"Formers Points accumulator
(2020)"
845947,"Gained customers
(Now traveling average)"
851871,"Points accumulator currently
(2021)"
937976,Low-travel individuals
905907,"Stable average travelers
(Loyal)"
128475,"Consistent low travelers
(Use points)"
958026,"Growing travelers
(Now average)"
431201,Low-travel individuals
665373,"Lost custumers
(Traveled more before)"
802316,"Formers Points accumulator
(2020)"
640833,"Stable average travelers
(Loyal)"
317094,"Points accumulator currently
(2021)"
917725,"Formers Points accumulator
(2020)"
953307,Low-travel individuals
670289,"Gained customers
(Now traveling average)"
707276,"Growing travelers
(Now average)"
451819,"Consistent low travelers
(Use points)"
761966,"Stable average travelers
(Loyal)"
968370,"Stable average travelers
(Loyal)"
472314,Low-travel individuals
767385,"Points accumulator currently
(2021)"
576498,"Consistent low travelers
(Use points)"
799992,"Formers Points accumulator
(2020)"
225482,"Stable average travelers
(Loyal)"
249381,"Stable average travelers
(Loyal)"
635531,"Points accumulator currently
(2021)"
345657,"Stable average travelers
(Loyal)"
354150,"Gained customers
(Now traveling average)"
325830,"Stable average travelers
(Loyal)"
306965,"Consistent low travelers
(Use points)"
895972,"Points accumulator currently
(2021)"
195848,"Stable average travelers
(Loyal)"
111912,"Stable average travelers
(Loyal)"
686838,"Points accumulator currently
(2021)"
178331,"Points accumulator currently
(2021)"
198167,"Stable average travelers
(Loyal)"
202859,"Consistent low travelers
(Use points)"
319901,Low-travel individuals
450802,Low-travel individuals
714123,"Formers Points accumulator
(2020)"
715514,"Gained customers
(Now traveling average)"
536082,"Consistent low travelers
(Use points)"
302669,"Gained customers
(Now traveling average)"
476080,"Lost custumers
(Traveled more before)"
898423,"Points accumulator currently
(2021)"
391402,"Points accumulator currently
(2021)"
902040,"Stable average travelers
(Loyal)"
688058,"Points accumulator currently
(2021)"
844582,"Formers Points accumulator
(2020)"
934912,"Gained customers
(Now traveling average)"
177345,Low-travel individuals
991356,"Consistent low travelers
(Use points)"
981920,"Points accumulator currently
(2021)"
282896,"Formers Points accumulator
(2020)"
169661,"Formers Points accumulator
(2020)"
113919,"Points accumulator currently
(2021)"
738005,"Stable average travelers
(Loyal)"
866604,"Formers Points accumulator
(2020)"
546665,"Formers Points accumulator
(2020)"
701622,"Points accumulator currently
(2021)"
943236,Low-travel individuals
836405,"Formers Points accumulator
(2020)"
690554,"Points accumulator currently
(2021)"
943668,Low-travel individuals
197138,"Stable average travelers
(Loyal)"
752462,"Points accumulator currently
(2021)"
172593,"Formers Points accumulator
(2020)"
403185,"Growing travelers
(Now average)"
585780,"Consistent low travelers
(Use points)"
112522,"Points accumulator currently
(2021)"
701732,Low-travel individuals
349046,"Points accumulator currently
(2021)"
646502,"Growing travelers
(Now average)"
678786,"Consistent low travelers
(Use points)"
159344,"Stable average travelers
(Loyal)"
351461,Low-travel individuals
614787,"Lost custumers
(Traveled more before)"
499932,"Consistent low travelers
(Use points)"
451446,"Stable average travelers
(Loyal)"
626149,"Points accumulator currently
(2021)"
911655,"Stable average travelers
(Loyal)"
408091,"Lost custumers
(Traveled more before)"
486359,"Stable average travelers
(Loyal)"
666597,"Growing travelers
(Now average)"
372961,"Lost custumers
(Traveled more before)"
373898,"Formers Points accumulator
(2020)"
370405,"Lost custumers
(Traveled more before)"
697680,"Gained customers
(Now traveling average)"
818484,"Growing travelers
(Now average)"
285909,"Gained customers
(Now traveling average)"
997322,Low-travel individuals
457536,"Stable average travelers
(Loyal)"
805890,"Points accumulator currently
(2021)"
679437,"Formers Points accumulator
(2020)"
842980,"Gained customers
(Now traveling average)"
303682,"Stable average travelers
(Loyal)"
849178,"Points accumulator currently
(2021)"
873554,"Formers Points accumulator
(2020)"
427329,"Formers Points accumulator
(2020)"
505680,"Points accumulator currently
(2021)"
510513,"Points accumulator currently
(2021)"
231530,"Points accumulator currently
(2021)"
178160,"Points accumulator currently
(2021)"
423096,"Stable average travelers
(Loyal)"
616835,"Stable average travelers
(Loyal)"
699194,"Gained customers
(Now traveling average)"
857946,"Formers Points accumulator
(2020)"
848973,"Growing travelers
(Now average)"
997359,"Consistent low travelers
(Use points)"
550839,"Growing travelers
(Now average)"
279408,"Points accumulator currently
(2021)"
126262,"Stable average travelers
(Loyal)"
946932,"Gained customers
(Now traveling average)"
691332,Low-travel individuals
422750,"Points accumulator currently
(2021)"
633734,"Lost custumers
(Traveled more before)"
745792,"Consistent low travelers
(Use points)"
951616,"Points accumulator currently
(2021)"
161728,Low-travel individuals
286883,"Consistent low travelers
(Use points)"
693138,"Points accumulator currently
(2021)"
824414,"Points accumulator currently
(2021)"
773648,"Formers Points accumulator
(2020)"
950252,Low-travel individuals
484625,"Consistent low travelers
(Use points)"
798375,"Stable average travelers
(Loyal)"
276673,"Points accumulator currently
(2021)"
733226,"Lost custumers
(Traveled more before)"
855153,"Lost custumers
(Traveled more before)"
162472,"Gained customers
(Now traveling average)"
723186,"Consistent low travelers
(Use points)"
835693,"Points accumulator currently
(2021)"
910093,Low-travel individuals
947367,"Points accumulator currently
(2021)"
762715,"Growing travelers
(Now average)"
351966,Low-travel individuals
501209,"Points accumulator currently
(2021)"
528693,"Consistent low travelers
(Use points)"
745600,"Consistent low travelers
(Use points)"
922703,Low-travel individuals
156959,"Points accumulator currently
(2021)"
690971,"Consistent low travelers
(Use points)"
837704,Low-travel individuals
607847,"Growing travelers
(Now average)"
771056,"Formers Points accumulator
(2020)"
881741,Low-travel individuals
741313,"Formers Points accumulator
(2020)"
717232,"Formers Points accumulator
(2020)"
234973,"Consistent low travelers
(Use points)"
254853,"Consistent low travelers
(Use points)"
917423,"Formers Points accumulator
(2020)"
630290,"Lost custumers
(Traveled more before)"
171902,"Lost custumers
(Traveled more before)"
415441,"Points accumulator currently
(2021)"
672893,"Consistent low travelers
(Use points)"
226191,"Points accumulator currently
(2021)"
797432,Low-travel individuals
171908,Low-travel individuals
478792,"Consistent low travelers
(Use points)"
675385,"Points accumulator currently
(2021)"
434620,"Gained customers
(Now traveling average)"
833436,"Formers Points accumulator
(2020)"
173666,"Consistent low travelers
(Use points)"
693659,"Points accumulator currently
(2021)"
668624,"Points accumulator currently
(2021)"
243294,"Gained customers
(Now traveling average)"
471170,"Growing travelers
(Now average)"
531514,"Points accumulator currently
(2021)"
667692,"Points accumulator currently
(2021)"
490824,"Consistent low travelers
(Use points)"
238607,"Formers Points accumulator
(2020)"
448896,"Consistent low travelers
(Use points)"
657865,"Points accumulator currently
(2021)"
100428,"Points accumulator currently
(2021)"
598369,"Points accumulator currently
(2021)"
389996,"Lost custumers
(Traveled more before)"
833844,"Consistent low travelers
(Use points)"
776795,"Stable average travelers
(Loyal)"
146215,"Formers Points accumulator
(2020)"
747704,"Points accumulator currently
(2021)"
254428,"Gained customers
(Now traveling average)"
951941,"Formers Points accumulator
(2020)"
565841,"Points accumulator currently
(2021)"
561621,"Growing travelers
(Now average)"
107649,"Formers Points accumulator
(2020)"
425687,"Growing travelers
(Now average)"
758113,"Stable average travelers
(Loyal)"
229094,"Points accumulator currently
(2021)"
508824,"Points accumulator currently
(2021)"
456839,"Points accumulator currently
(2021)"
912064,"Formers Points accumulator
(2020)"
961177,"Gained customers
(Now traveling average)"
171582,"Growing travelers
(Now average)"
485845,"Growing travelers
(Now average)"
273179,"Stable average travelers
(Loyal)"
135016,"Formers Points accumulator
(2020)"
582930,"Points accumulator currently
(2021)"
200663,"Gained customers
(Now traveling average)"
266541,"Gained customers
(Now traveling average)"
340782,"Consistent low travelers
(Use points)"
556453,"Consistent low travelers
(Use points)"
583415,"Stable average travelers
(Loyal)"
317664,"Points accumulator currently
(2021)"
307785,"Stable average travelers
(Loyal)"
532333,"Formers Points accumulator
(2020)"
857912,"Gained customers
(Now traveling average)"
884089,"Formers Points accumulator
(2020)"
285202,"Gained customers
(Now traveling average)"
478566,"Lost custumers
(Traveled more before)"
892079,"Points accumulator currently
(2021)"
971582,"Points accumulator currently
(2021)"
122797,"Gained customers
(Now traveling average)"
717026,"Points accumulator currently
(2021)"
568953,"Points accumulator currently
(2021)"
968666,"Gained customers
(Now traveling average)"
123393,"Growing travelers
(Now average)"
521217,"Points accumulator currently
(2021)"
311363,"Stable average travelers
(Loyal)"
330988,"Consistent low travelers
(Use points)"
696090,"Formers Points accumulator
(2020)"
989154,"Consistent low travelers
(Use points)"
403463,Low-travel individuals
775176,"Formers Points accumulator
(2020)"
891931,"Gained customers
(Now traveling average)"
424403,"Points accumulator currently
(2021)"
283929,"Stable average travelers
(Loyal)"
996896,"Formers Points accumulator
(2020)"
376367,"Gained customers
(Now traveling average)"
892219,"Formers Points accumulator
(2020)"
929880,"Points accumulator currently
(2021)"
390434,"Stable average travelers
(Loyal)"
644551,"Stable average travelers
(Loyal)"
300008,"Growing travelers
(Now average)"
354002,"Points accumulator currently
(2021)"
389387,"Gained customers
(Now traveling average)"
409768,Low-travel individuals
515969,"Points accumulator currently
(2021)"
595027,"Points accumulator currently
(2021)"
642102,"Stable average travelers
(Loyal)"
109023,"Growing travelers
(Now average)"
199494,Low-travel individuals
351753,"Gained customers
(Now traveling average)"
408347,"Gained customers
(Now traveling average)"
735770,"Points accumulator currently
(2021)"
369141,"Points accumulator currently
(2021)"
690563,"Formers Points accumulator
(2020)"
304726,"Formers Points accumulator
(2020)"
187041,"Formers Points accumulator
(2020)"
510644,"Gained customers
(Now traveling average)"
488268,"Stable average travelers
(Loyal)"
452439,"Formers Points accumulator
(2020)"
441964,"Gained customers
(Now traveling average)"
381308,Low-travel individuals
718409,"Points accumulator currently
(2021)"
395887,"Formers Points accumulator
(2020)"
348448,"Stable average travelers
(Loyal)"
736004,Low-travel individuals
878568,"Consistent low travelers
(Use points)"
608116,"Formers Points accumulator
(2020)"
825569,"Points accumulator currently
(2021)"
705496,"Formers Points accumulator
(2020)"
772395,"Gained customers
(Now traveling average)"
153987,"Gained customers
(Now traveling average)"
759223,"Growing travelers
(Now average)"
793178,"Points accumulator currently
(2021)"
114493,"Points accumulator currently
(2021)"
896592,"Stable average travelers
(Loyal)"
873415,"Stable average travelers
(Loyal)"
804259,"Formers Points accumulator
(2020)"
906346,"Consistent low travelers
(Use points)"
212230,"Stable average travelers
(Loyal)"
391761,"Consistent low travelers
(Use points)"
760645,"Consistent low travelers
(Use points)"
485280,"Gained customers
(Now traveling average)"
818454,"Growing travelers
(Now average)"
591476,"Lost custumers
(Traveled more before)"
593868,"Formers Points accumulator
(2020)"
136230,Low-travel individuals
749441,"Points accumulator currently
(2021)"
392582,"Points accumulator currently
(2021)"
713981,"Lost custumers
(Traveled more before)"
567865,"Growing travelers
(Now average)"
292049,"Formers Points accumulator
(2020)"
444202,Low-travel individuals
353486,"Points accumulator currently
(2021)"
952393,"Gained customers
(Now traveling average)"
729677,"Stable average travelers
(Loyal)"
450888,"Consistent low travelers
(Use points)"
853826,"Stable average travelers
(Loyal)"
864967,"Growing travelers
(Now average)"
312863,"Formers Points accumulator
(2020)"
412944,"Stable average travelers
(Loyal)"
330694,"Gained customers
(Now traveling average)"
846732,"Stable average travelers
(Loyal)"
505522,"Formers Points accumulator
(2020)"
766091,Low-travel individuals
417564,"Formers Points accumulator
(2020)"
708337,"Gained customers
(Now traveling average)"
703711,"Gained customers
(Now traveling average)"
136473,"Growing travelers
(Now average)"
669373,"Formers Points accumulator
(2020)"
836443,"Stable average travelers
(Loyal)"
485557,"Consistent low travelers
(Use points)"
504589,"Points accumulator currently
(2021)"
840326,"Points accumulator currently
(2021)"
514369,"Gained customers
(Now traveling average)"
455991,"Consistent low travelers
(Use points)"
625621,"Points accumulator currently
(2021)"
603079,"Formers Points accumulator
(2020)"
388448,"Stable average travelers
(Loyal)"
832663,"Consistent low travelers
(Use points)"
454440,"Points accumulator currently
(2021)"
902515,"Stable average travelers
(Loyal)"
876569,"Points accumulator currently
(2021)"
839967,"Formers Points accumulator
(2020)"
151571,"Gained customers
(Now traveling average)"
570784,"Stable average travelers
(Loyal)"
170027,"Formers Points accumulator
(2020)"
464771,"Lost custumers
(Traveled more before)"
292164,"Formers Points accumulator
(2020)"
738432,"Formers Points accumulator
(2020)"
463606,"Points accumulator currently
(2021)"
472521,"Formers Points accumulator
(2020)"
352424,"Stable average travelers
(Loyal)"
100816,"Points accumulator currently
(2021)"
986461,"Gained customers
(Now traveling average)"
183754,"Points accumulator currently
(2021)"
931537,"Growing travelers
(Now average)"
221287,"Stable average travelers
(Loyal)"
797845,"Stable average travelers
(Loyal)"
391106,"Consistent low travelers
(Use points)"
519766,"Lost custumers
(Traveled more before)"
442956,"Stable average travelers
(Loyal)"
241967,"Stable average travelers
(Loyal)"
419648,"Growing travelers
(Now average)"
253601,"Formers Points accumulator
(2020)"
941170,"Stable average travelers
(Loyal)"
333680,"Formers Points accumulator
(2020)"
545917,"Points accumulator currently
(2021)"
444060,"Gained customers
(Now traveling average)"
572647,"Gained customers
(Now traveling average)"
311684,"Points accumulator currently
(2021)"
357173,"Formers Points accumulator
(2020)"
489501,Low-travel individuals
759603,"Consistent low travelers
(Use points)"
418958,"Stable average travelers
(Loyal)"
746502,"Points accumulator currently
(2021)"
719213,"Stable average travelers
(Loyal)"
774275,"Growing travelers
(Now average)"
158401,"Gained customers
(Now traveling average)"
472879,"Formers Points accumulator
(2020)"
382243,"Consistent low travelers
(Use points)"
178335,"Consistent low travelers
(Use points)"
967300,Low-travel individuals
263766,"Points accumulator currently
(2021)"
702915,"Points accumulator currently
(2021)"
979449,"Lost custumers
(Traveled more before)"
993170,"Gained customers
(Now traveling average)"
142371,"Formers Points accumulator
(2020)"
887464,"Consistent low travelers
(Use points)"
428130,"Consistent low travelers
(Use points)"
605343,"Points accumulator currently
(2021)"
204994,"Stable average travelers
(Loyal)"
260838,"Points accumulator currently
(2021)"
565811,"Stable average travelers
(Loyal)"
801953,"Formers Points accumulator
(2020)"
241391,"Consistent low travelers
(Use points)"
331706,"Stable average travelers
(Loyal)"
287979,"Consistent low travelers
(Use points)"
566696,"Stable average travelers
(Loyal)"
954329,"Gained customers
(Now traveling average)"
168887,"Stable average travelers
(Loyal)"
894799,"Formers Points accumulator
(2020)"
401055,"Growing travelers
(Now average)"
498694,"Formers Points accumulator
(2020)"
113558,"Stable average travelers
(Loyal)"
781187,"Stable average travelers
(Loyal)"
452417,"Formers Points accumulator
(2020)"
323311,"Consistent low travelers
(Use points)"
519300,"Consistent low travelers
(Use points)"
522618,"Stable average travelers
(Loyal)"
583227,"Consistent low travelers
(Use points)"
222280,"Gained customers
(Now traveling average)"
927937,"Points accumulator currently
(2021)"
790450,"Points accumulator currently
(2021)"
650420,"Points accumulator currently
(2021)"
482673,Low-travel individuals
708210,"Consistent low travelers
(Use points)"
169129,"Stable average travelers
(Loyal)"
700918,"Stable average travelers
(Loyal)"
307256,"Formers Points accumulator
(2020)"
378857,"Stable average travelers
(Loyal)"
448136,"Stable average travelers
(Loyal)"
791978,"Consistent low travelers
(Use points)"
474272,Low-travel individuals
274817,"Consistent low travelers
(Use points)"
368675,Low-travel individuals
584463,"Consistent low travelers
(Use points)"
159800,"Lost custumers
(Traveled more before)"
160773,"Formers Points accumulator
(2020)"
496014,"Formers Points accumulator
(2020)"
623222,"Formers Points accumulator
(2020)"
270266,"Points accumulator currently
(2021)"
775407,Low-travel individuals
796627,Low-travel individuals
777561,"Formers Points accumulator
(2020)"
731540,"Consistent low travelers
(Use points)"
455319,"Stable average travelers
(Loyal)"
318199,"Points accumulator currently
(2021)"
637396,"Formers Points accumulator
(2020)"
663133,"Formers Points accumulator
(2020)"
678722,"Gained customers
(Now traveling average)"
616183,"Lost custumers
(Traveled more before)"
356618,"Formers Points accumulator
(2020)"
934893,"Stable average travelers
(Loyal)"
491369,"Consistent low travelers
(Use points)"
744304,"Lost custumers
(Traveled more before)"
950336,"Points accumulator currently
(2021)"
721786,"Formers Points accumulator
(2020)"
344570,"Gained customers
(Now traveling average)"
197192,"Formers Points accumulator
(2020)"
711864,"Points accumulator currently
(2021)"
576051,"Points accumulator currently
(2021)"
272551,"Gained customers
(Now traveling average)"
385861,Low-travel individuals
551961,Low-travel individuals
313708,"Gained customers
(Now traveling average)"
807970,"Lost custumers
(Traveled more before)"
502023,"Consistent low travelers
(Use points)"
713039,"Gained customers
(Now traveling average)"
937476,"Points accumulator currently
(2021)"
792332,"Stable average travelers
(Loyal)"
857516,"Consistent low travelers
(Use points)"
180216,"Points accumulator currently
(2021)"
301793,"Formers Points accumulator
(2020)"
802196,"Points accumulator currently
(2021)"
465095,"Growing travelers
(Now average)"
639117,"Consistent low travelers
(Use points)"
942779,"Points accumulator currently
(2021)"
151554,"Growing travelers
(Now average)"
290091,"Formers Points accumulator
(2020)"
280216,"Growing travelers
(Now average)"
452684,"Lost custumers
(Traveled more before)"
399555,Low-travel individuals
958941,Low-travel individuals
475233,"Growing travelers
(Now average)"
715184,"Gained customers
(Now traveling average)"
583565,"Stable average travelers
(Loyal)"
907038,"Gained customers
(Now traveling average)"
204375,"Gained customers
(Now traveling average)"
788515,"Points accumulator currently
(2021)"
580508,"Points accumulator currently
(2021)"
926106,"Stable average travelers
(Loyal)"
531976,"Points accumulator currently
(2021)"
686397,"Gained customers
(Now traveling average)"
899287,"Points accumulator currently
(2021)"
642901,"Points accumulator currently
(2021)"
916478,"Stable average travelers
(Loyal)"
658310,"Points accumulator currently
(2021)"
267474,"Stable average travelers
(Loyal)"
822555,"Consistent low travelers
(Use points)"
675057,"Formers Points accumulator
(2020)"
849330,"Stable average travelers
(Loyal)"
796541,"Growing travelers
(Now average)"
183224,"Stable average travelers
(Loyal)"
283709,"Growing travelers
(Now average)"
319092,"Lost custumers
(Traveled more before)"
845488,"Lost custumers
(Traveled more before)"
337818,"Stable average travelers
(Loyal)"
271043,"Formers Points accumulator
(2020)"
451183,"Lost custumers
(Traveled more before)"
659882,"Consistent low travelers
(Use points)"
734727,"Points accumulator currently
(2021)"
939103,"Points accumulator currently
(2021)"
981434,"Points accumulator currently
(2021)"
939319,"Stable average travelers
(Loyal)"
211524,"Gained customers
(Now traveling average)"
404920,"Growing travelers
(Now average)"
380059,"Consistent low travelers
(Use points)"
159680,"Formers Points accumulator
(2020)"
428383,"Lost custumers
(Traveled more before)"
109612,Low-travel individuals
703621,"Growing travelers
(Now average)"
985757,"Stable average travelers
(Loyal)"
708160,"Consistent low travelers
(Use points)"
127185,"Formers Points accumulator
(2020)"
318945,"Points accumulator currently
(2021)"
694021,"Gained customers
(Now traveling average)"
408990,"Stable average travelers
(Loyal)"
595624,Low-travel individuals
730715,"Stable average travelers
(Loyal)"
353648,"Lost custumers
(Traveled more before)"
967241,"Stable average travelers
(Loyal)"
314713,"Gained customers
(Now traveling average)"
367685,Low-travel individuals
207576,"Stable average travelers
(Loyal)"
252450,"Formers Points accumulator
(2020)"
866417,Low-travel individuals
392206,"Stable average travelers
(Loyal)"
967727,Low-travel individuals
462833,"Consistent low travelers
(Use points)"
971097,"Points accumulator currently
(2021)"
338346,"Formers Points accumulator
(2020)"
550173,"Points accumulator currently
(2021)"
950896,Low-travel individuals
354442,"Points accumulator currently
(2021)"
884505,"Formers Points accumulator
(2020)"
723707,Low-travel individuals
795820,"Points accumulator currently
(2021)"
155795,"Stable average travelers
(Loyal)"
452279,"Lost custumers
(Traveled more before)"
431392,Low-travel individuals
449084,"Stable average travelers
(Loyal)"
489549,"Gained customers
(Now traveling average)"
530613,"Points accumulator currently
(2021)"
293685,"Consistent low travelers
(Use points)"
213979,"Points accumulator currently
(2021)"
442980,"Points accumulator currently
(2021)"
438383,"Growing travelers
(Now average)"
470802,Low-travel individuals
932453,"Consistent low travelers
(Use points)"
153953,"Gained customers
(Now traveling average)"
137999,"Stable average travelers
(Loyal)"
838553,"Lost custumers
(Traveled more before)"
771943,"Points accumulator currently
(2021)"
201115,"Points accumulator currently
(2021)"
384602,"Lost custumers
(Traveled more before)"
281328,"Consistent low travelers
(Use points)"
784271,"Points accumulator currently
(2021)"
983242,"Formers Points accumulator
(2020)"
714206,"Consistent low travelers
(Use points)"
279468,"Stable average travelers
(Loyal)"
760166,"Growing travelers
(Now average)"
616667,"Consistent low travelers
(Use points)"
881818,"Points accumulator currently
(2021)"
677963,"Consistent low travelers
(Use points)"
944454,"Gained customers
(Now traveling average)"
932270,"Formers Points accumulator
(2020)"
133065,"Consistent low travelers
(Use points)"
775724,"Formers Points accumulator
(2020)"
270730,"Formers Points accumulator
(2020)"
938482,"Lost custumers
(Traveled more before)"
181852,"Stable average travelers
(Loyal)"
321457,"Points accumulator currently
(2021)"
992986,"Points accumulator currently
(2021)"
215952,"Consistent low travelers
(Use points)"
662973,"Consistent low travelers
(Use points)"
800450,"Formers Points accumulator
(2020)"
926494,"Formers Points accumulator
(2020)"
262574,"Gained customers
(Now traveling average)"
983809,"Stable average travelers
(Loyal)"
552364,"Growing travelers
(Now average)"
428922,"Points accumulator currently
(2021)"
399973,"Formers Points accumulator
(2020)"
563386,"Gained customers
(Now traveling average)"
814067,"Formers Points accumulator
(2020)"
592145,"Formers Points accumulator
(2020)"
632974,Low-travel individuals
559622,"Points accumulator currently
(2021)"
680569,"Formers Points accumulator
(2020)"
278928,"Gained customers
(Now traveling average)"
572448,Low-travel individuals
861480,Low-travel individuals
146086,"Consistent low travelers
(Use points)"
580341,"Points accumulator currently
(2021)"
526349,"Points accumulator currently
(2021)"
262351,Low-travel individuals
506418,"Gained customers
(Now traveling average)"
543852,"Formers Points accumulator
(2020)"
307631,"Lost custumers
(Traveled more before)"
350059,Low-travel individuals
486776,"Points accumulator currently
(2021)"
251095,"Formers Points accumulator
(2020)"
242812,"Formers Points accumulator
(2020)"
822727,"Consistent low travelers
(Use points)"
526344,"Gained customers
(Now traveling average)"
870522,"Stable average travelers
(Loyal)"
337925,"Points accumulator currently
(2021)"
874363,Low-travel individuals
507555,"Stable average travelers
(Loyal)"
920716,Low-travel individuals
956558,"Gained customers
(Now traveling average)"
966580,"Growing travelers
(Now average)"
462993,"Stable average travelers
(Loyal)"
601027,"Formers Points accumulator
(2020)"
266536,"Consistent low travelers
(Use points)"
390924,"Lost custumers
(Traveled more before)"
184035,"Gained customers
(Now traveling average)"
632398,"Stable average travelers
(Loyal)"
290994,"Points accumulator currently
(2021)"
760672,"Points accumulator currently
(2021)"
483212,Low-travel individuals
489108,"Points accumulator currently
(2021)"
450995,"Points accumulator currently
(2021)"
430323,"Formers Points accumulator
(2020)"
883055,"Points accumulator currently
(2021)"
762117,"Points accumulator currently
(2021)"
309352,"Formers Points accumulator
(2020)"
631853,"Formers Points accumulator
(2020)"
470272,"Stable average travelers
(Loyal)"
486117,"Stable average travelers
(Loyal)"
472702,Low-travel individuals
188328,"Consistent low travelers
(Use points)"
328543,"Consistent low travelers
(Use points)"
129372,"Stable average travelers
(Loyal)"
483627,"Stable average travelers
(Loyal)"
493061,"Points accumulator currently
(2021)"
802425,"Consistent low travelers
(Use points)"
986792,"Gained customers
(Now traveling average)"
268139,"Points accumulator currently
(2021)"
933642,"Consistent low travelers
(Use points)"
399214,"Points accumulator currently
(2021)"
289921,"Stable average travelers
(Loyal)"
910492,Low-travel individuals
456140,"Formers Points accumulator
(2020)"
760876,"Points accumulator currently
(2021)"
884611,Low-travel individuals
862979,"Formers Points accumulator
(2020)"
498587,"Stable average travelers
(Loyal)"
654389,"Gained customers
(Now traveling average)"
262526,"Consistent low travelers
(Use points)"
155820,"Formers Points accumulator
(2020)"
163260,"Points accumulator currently
(2021)"
213177,"Formers Points accumulator
(2020)"
482681,"Points accumulator currently
(2021)"
327365,Low-travel individuals
725182,"Points accumulator currently
(2021)"
865494,Low-travel individuals
119633,"Consistent low travelers
(Use points)"
979355,"Stable average travelers
(Loyal)"
471204,"Consistent low travelers
(Use points)"
278539,"Consistent low travelers
(Use points)"
903327,"Formers Points accumulator
(2020)"
723015,"Stable average travelers
(Loyal)"
661118,"Points accumulator currently
(2021)"
661587,"Growing travelers
(Now average)"
902192,"Consistent low travelers
(Use points)"
568880,"Formers Points accumulator
(2020)"
994374,"Formers Points accumulator
(2020)"
208234,"Formers Points accumulator
(2020)"
874601,Low-travel individuals
588943,Low-travel individuals
368045,"Formers Points accumulator
(2020)"
374421,Low-travel individuals
586686,"Points accumulator currently
(2021)"
180024,Low-travel individuals
616875,"Formers Points accumulator
(2020)"
642043,"Points accumulator currently
(2021)"
736646,"Formers Points accumulator
(2020)"
871627,"Growing travelers
(Now average)"
829505,"Consistent low travelers
(Use points)"
607538,"Gained customers
(Now traveling average)"
723112,"Stable average travelers
(Loyal)"
366540,"Points accumulator currently
(2021)"
157212,"Formers Points accumulator
(2020)"
999902,"Stable average travelers
(Loyal)"
576911,"Formers Points accumulator
(2020)"
717150,"Stable average travelers
(Loyal)"
833397,"Stable average travelers
(Loyal)"
279380,"Gained customers
(Now traveling average)"
187459,"Growing travelers
(Now average)"
176688,"Points accumulator currently
(2021)"
274473,"Stable average travelers
(Loyal)"
760111,"Growing travelers
(Now average)"
847312,Low-travel individuals
312490,"Consistent low travelers
(Use points)"
551248,"Consistent low travelers
(Use points)"
636413,"Formers Points accumulator
(2020)"
706962,"Consistent low travelers
(Use points)"
618871,"Gained customers
(Now traveling average)"
325778,"Points accumulator currently
(2021)"
236395,"Formers Points accumulator
(2020)"
908246,"Formers Points accumulator
(2020)"
980575,"Consistent low travelers
(Use points)"
706125,"Consistent low travelers
(Use points)"
906158,"Formers Points accumulator
(2020)"
977303,"Stable average travelers
(Loyal)"
593190,"Points accumulator currently
(2021)"
323776,Low-travel individuals
279777,"Points accumulator currently
(2021)"
224691,"Gained customers
(Now traveling average)"
246690,"Points accumulator currently
(2021)"
359029,"Gained customers
(Now traveling average)"
989262,"Growing travelers
(Now average)"
902277,"Consistent low travelers
(Use points)"
193020,"Points accumulator currently
(2021)"
823319,"Growing travelers
(Now average)"
664008,"Gained customers
(Now traveling average)"
893266,"Stable average travelers
(Loyal)"
606875,"Stable average travelers
(Loyal)"
797216,"Stable average travelers
(Loyal)"
464117,Low-travel individuals
723438,Low-travel individuals
917191,"Points accumulator currently
(2021)"
349577,"Points accumulator currently
(2021)"
938031,"Stable average travelers
(Loyal)"
146702,"Consistent low travelers
(Use points)"
906946,"Growing travelers
(Now average)"
284782,"Points accumulator currently
(2021)"
962455,"Formers Points accumulator
(2020)"
929455,Low-travel individuals
182205,Low-travel individuals
530770,"Points accumulator currently
(2021)"
141047,"Formers Points accumulator
(2020)"
413243,"Stable average travelers
(Loyal)"
211842,"Formers Points accumulator
(2020)"
567319,"Points accumulator currently
(2021)"
349220,"Points accumulator currently
(2021)"
162180,"Growing travelers
(Now average)"
297702,"Stable average travelers
(Loyal)"
994707,"Gained customers
(Now traveling average)"
796213,"Growing travelers
(Now average)"
883841,"Formers Points accumulator
(2020)"
244762,"Consistent low travelers
(Use points)"
271357,"Gained customers
(Now traveling average)"
338285,"Points accumulator currently
(2021)"
855007,"Consistent low travelers
(Use points)"
614830,"Stable average travelers
(Loyal)"
664799,"Consistent low travelers
(Use points)"
381539,"Gained customers
(Now traveling average)"
609532,"Formers Points accumulator
(2020)"
666680,"Consistent low travelers
(Use points)"
789148,"Points accumulator currently
(2021)"
404846,"Consistent low travelers
(Use points)"
455474,"Stable average travelers
(Loyal)"
650529,"Consistent low travelers
(Use points)"
915194,"Consistent low travelers
(Use points)"
738874,"Gained customers
(Now traveling average)"
288500,"Points accumulator currently
(2021)"
554888,"Lost custumers
(Traveled more before)"
352280,"Growing travelers
(Now average)"
599184,"Points accumulator currently
(2021)"
196202,"Points accumulator currently
(2021)"
164388,"Formers Points accumulator
(2020)"
317683,"Points accumulator currently
(2021)"
224661,"Stable average travelers
(Loyal)"
239276,"Points accumulator currently
(2021)"
123944,"Gained customers
(Now traveling average)"
258123,"Points accumulator currently
(2021)"
822901,Low-travel individuals
229436,"Consistent low travelers
(Use points)"
178157,"Lost custumers
(Traveled more before)"
438525,"Lost custumers
(Traveled more before)"
574640,"Formers Points accumulator
(2020)"
352242,"Points accumulator currently
(2021)"
443557,Low-travel individuals
456128,"Formers Points accumulator
(2020)"
429849,"Points accumulator currently
(2021)"
728135,"Lost custumers
(Traveled more before)"
373044,"Points accumulator currently
(2021)"
762681,"Formers Points accumulator
(2020)"
150383,"Gained customers
(Now traveling average)"
540316,"Consistent low travelers
(Use points)"
942413,"Consistent low travelers
(Use points)"
766335,"Consistent low travelers
(Use points)"
645919,"Consistent low travelers
(Use points)"
379414,"Formers Points accumulator
(2020)"
249270,"Gained customers
(Now traveling average)"
107571,"Consistent low travelers
(Use points)"
549034,"Gained customers
(Now traveling average)"
603739,"Stable average travelers
(Loyal)"
210298,"Stable average travelers
(Loyal)"
536409,"Gained customers
(Now traveling average)"
726940,"Lost custumers
(Traveled more before)"
557633,"Growing travelers
(Now average)"
345959,Low-travel individuals
349108,"Lost custumers
(Traveled more before)"
663573,"Points accumulator currently
(2021)"
871380,"Stable average travelers
(Loyal)"
308214,"Stable average travelers
(Loyal)"
396048,Low-travel individuals
147241,"Points accumulator currently
(2021)"
951389,"Consistent low travelers
(Use points)"
390190,"Formers Points accumulator
(2020)"
433300,Low-travel individuals
604783,"Gained customers
(Now traveling average)"
638237,"Growing travelers
(Now average)"
744117,"Growing travelers
(Now average)"
948950,"Formers Points accumulator
(2020)"
106838,"Formers Points accumulator
(2020)"
145449,Low-travel individuals
611667,"Gained customers
(Now traveling average)"
674876,Low-travel individuals
488151,"Lost custumers
(Traveled more before)"
898698,"Formers Points accumulator
(2020)"
536092,"Consistent low travelers
(Use points)"
120583,"Formers Points accumulator
(2020)"
761674,"Consistent low travelers
(Use points)"
544421,"Formers Points accumulator
(2020)"
537701,"Stable average travelers
(Loyal)"
372622,"Consistent low travelers
(Use points)"
601332,"Stable average travelers
(Loyal)"
948616,"Points accumulator currently
(2021)"
883816,"Formers Points accumulator
(2020)"
834012,Low-travel individuals
922786,"Points accumulator currently
(2021)"
105073,"Gained customers
(Now traveling average)"
296915,"Points accumulator currently
(2021)"
250391,"Gained customers
(Now traveling average)"
249019,"Stable average travelers
(Loyal)"
928153,"Formers Points accumulator
(2020)"
681984,"Stable average travelers
(Loyal)"
155965,"Gained customers
(Now traveling average)"
619548,"Points accumulator currently
(2021)"
647933,Low-travel individuals
804438,"Points accumulator currently
(2021)"
877384,"Formers Points accumulator
(2020)"
404431,"Consistent low travelers
(Use points)"
615214,"Stable average travelers
(Loyal)"
499913,Low-travel individuals
952573,"Lost custumers
(Traveled more before)"
102615,Low-travel individuals
861104,"Formers Points accumulator
(2020)"
201709,"Stable average travelers
(Loyal)"
490487,"Points accumulator currently
(2021)"
301094,"Consistent low travelers
(Use points)"
779468,Low-travel individuals
442792,"Formers Points accumulator
(2020)"
748810,"Growing travelers
(Now average)"
120434,"Consistent low travelers
(Use points)"
251432,"Formers Points accumulator
(2020)"
256731,"Points accumulator currently
(2021)"
294005,"Growing travelers
(Now average)"
401769,"Formers Points accumulator
(2020)"
759785,"Stable average travelers
(Loyal)"
902241,"Formers Points accumulator
(2020)"
623537,"Consistent low travelers
(Use points)"
892502,"Formers Points accumulator
(2020)"
718199,Low-travel individuals
766024,"Formers Points accumulator
(2020)"
760508,"Consistent low travelers
(Use points)"
763615,"Formers Points accumulator
(2020)"
605341,"Consistent low travelers
(Use points)"
292843,"Formers Points accumulator
(2020)"
792707,"Points accumulator currently
(2021)"
270389,"Formers Points accumulator
(2020)"
786230,"Lost custumers
(Traveled more before)"
213303,"Formers Points accumulator
(2020)"
230687,Low-travel individuals
696502,"Formers Points accumulator
(2020)"
991213,"Gained customers
(Now traveling average)"
715678,"Formers Points accumulator
(2020)"
843919,Low-travel individuals
481660,"Gained customers
(Now traveling average)"
950193,"Growing travelers
(Now average)"
698937,"Formers Points accumulator
(2020)"
557739,"Points accumulator currently
(2021)"
170443,"Formers Points accumulator
(2020)"
407768,"Consistent low travelers
(Use points)"
132914,"Points accumulator currently
(2021)"
942819,"Points accumulator currently
(2021)"
240141,"Lost custumers
(Traveled more before)"
173938,"Stable average travelers
(Loyal)"
263302,"Gained customers
(Now traveling average)"
594044,Low-travel individuals
896951,"Gained customers
(Now traveling average)"
302056,"Points accumulator currently
(2021)"
982542,"Lost custumers
(Traveled more before)"
223380,Low-travel individuals
583513,"Stable average travelers
(Loyal)"
958005,"Stable average travelers
(Loyal)"
858417,"Consistent low travelers
(Use points)"
282759,Low-travel individuals
189914,"Stable average travelers
(Loyal)"
384928,"Consistent low travelers
(Use points)"
127882,"Consistent low travelers
(Use points)"
934134,"Formers Points accumulator
(2020)"
224607,Low-travel individuals
611873,"Stable average travelers
(Loyal)"
316307,"Gained customers
(Now traveling average)"
923108,"Growing travelers
(Now average)"
472009,"Growing travelers
(Now average)"
162658,"Formers Points accumulator
(2020)"
670939,"Consistent low travelers
(Use points)"
861079,"Gained customers
(Now traveling average)"
809681,"Stable average travelers
(Loyal)"
614634,"Points accumulator currently
(2021)"
649680,"Gained customers
(Now traveling average)"
440928,"Points accumulator currently
(2021)"
835484,"Points accumulator currently
(2021)"
621072,"Gained customers
(Now traveling average)"
767507,"Consistent low travelers
(Use points)"
104586,"Formers Points accumulator
(2020)"
387880,"Formers Points accumulator
(2020)"
484243,"Formers Points accumulator
(2020)"
873436,"Stable average travelers
(Loyal)"
633299,"Gained customers
(Now traveling average)"
817527,"Consistent low travelers
(Use points)"
345090,Low-travel individuals
579726,"Formers Points accumulator
(2020)"
922614,"Gained customers
(Now traveling average)"
388985,"Stable average travelers
(Loyal)"
399397,"Consistent low travelers
(Use points)"
263781,"Formers Points accumulator
(2020)"
456294,"Formers Points accumulator
(2020)"
131680,"Consistent low travelers
(Use points)"
433678,"Formers Points accumulator
(2020)"
933656,"Consistent low travelers
(Use points)"
979262,"Formers Points accumulator
(2020)"
544890,"Points accumulator currently
(2021)"
298795,"Stable average travelers
(Loyal)"
135312,"Points accumulator currently
(2021)"
551313,Low-travel individuals
476571,"Growing travelers
(Now average)"
568442,"Formers Points accumulator
(2020)"
417838,"Consistent low travelers
(Use points)"
941092,"Gained customers
(Now traveling average)"
952955,"Stable average travelers
(Loyal)"
994609,"Stable average travelers
(Loyal)"
433017,"Growing travelers
(Now average)"
842054,"Points accumulator currently
(2021)"
149884,"Points accumulator currently
(2021)"
957214,"Points accumulator currently
(2021)"
909262,"Formers Points accumulator
(2020)"
295795,Low-travel individuals
556879,Low-travel individuals
616920,"Points accumulator currently
(2021)"
725086,"Points accumulator currently
(2021)"
391939,"Consistent low travelers
(Use points)"
787001,"Stable average travelers
(Loyal)"
426720,"Consistent low travelers
(Use points)"
891516,Low-travel individuals
663757,"Consistent low travelers
(Use points)"
830503,"Formers Points accumulator
(2020)"
106397,"Growing travelers
(Now average)"
883212,"Stable average travelers
(Loyal)"
829684,"Stable average travelers
(Loyal)"
806168,"Consistent low travelers
(Use points)"
621951,"Points accumulator currently
(2021)"
439350,"Points accumulator currently
(2021)"
837215,"Formers Points accumulator
(2020)"
419776,"Points accumulator currently
(2021)"
313538,"Points accumulator currently
(2021)"
797854,Low-travel individuals
100018,"Stable average travelers
(Loyal)"
383969,"Gained customers
(Now traveling average)"
611436,"Stable average travelers
(Loyal)"
552936,Low-travel individuals
127311,"Points accumulator currently
(2021)"
132705,"Formers Points accumulator
(2020)"
384336,"Formers Points accumulator
(2020)"
828353,"Formers Points accumulator
(2020)"
502708,"Points accumulator currently
(2021)"
535233,"Consistent low travelers
(Use points)"
276937,"Consistent low travelers
(Use points)"
857878,"Points accumulator currently
(2021)"
730726,"Stable average travelers
(Loyal)"
749257,Low-travel individuals
298813,"Gained customers
(Now traveling average)"
817168,"Formers Points accumulator
(2020)"
425436,"Stable average travelers
(Loyal)"
620858,"Stable average travelers
(Loyal)"
170799,"Points accumulator currently
(2021)"
442879,"Stable average travelers
(Loyal)"
507503,"Points accumulator currently
(2021)"
952717,"Formers Points accumulator
(2020)"
119009,"Formers Points accumulator
(2020)"
734459,"Points accumulator currently
(2021)"
554712,Low-travel individuals
307848,"Stable average travelers
(Loyal)"
581913,"Growing travelers
(Now average)"
159272,"Formers Points accumulator
(2020)"
914352,Low-travel individuals
675879,"Gained customers
(Now traveling average)"
181139,"Formers Points accumulator
(2020)"
969313,"Formers Points accumulator
(2020)"
702884,"Consistent low travelers
(Use points)"
357381,"Stable average travelers
(Loyal)"
464447,"Stable average travelers
(Loyal)"
823740,"Points accumulator currently
(2021)"
950660,"Stable average travelers
(Loyal)"
935420,"Consistent low travelers
(Use points)"
119015,"Gained customers
(Now traveling average)"
153998,"Consistent low travelers
(Use points)"
299359,"Points accumulator currently
(2021)"
474342,"Consistent low travelers
(Use points)"
157902,Low-travel individuals
383421,"Points accumulator currently
(2021)"
670294,"Formers Points accumulator
(2020)"
874044,"Stable average travelers
(Loyal)"
167016,"Gained customers
(Now traveling average)"
131036,"Growing travelers
(Now average)"
253635,"Stable average travelers
(Loyal)"
169699,"Lost custumers
(Traveled more before)"
886299,"Gained customers
(Now traveling average)"
442831,"Lost custumers
(Traveled more before)"
184754,"Points accumulator currently
(2021)"
644945,"Stable average travelers
(Loyal)"
797714,"Stable average travelers
(Loyal)"
419893,"Points accumulator currently
(2021)"
509223,"Consistent low travelers
(Use points)"
883255,"Formers Points accumulator
(2020)"
371511,"Stable average travelers
(Loyal)"
558451,"Consistent low travelers
(Use points)"
638004,"Gained customers
(Now traveling average)"
204935,"Formers Points accumulator
(2020)"
799690,"Stable average travelers
(Loyal)"
485281,"Consistent low travelers
(Use points)"
146560,"Gained customers
(Now traveling average)"
157674,"Points accumulator currently
(2021)"
330343,"Points accumulator currently
(2021)"
828817,"Formers Points accumulator
(2020)"
953795,"Consistent low travelers
(Use points)"
255333,"Formers Points accumulator
(2020)"
412803,"Formers Points accumulator
(2020)"
515165,"Formers Points accumulator
(2020)"
119460,"Formers Points accumulator
(2020)"
491244,Low-travel individuals
209022,"Points accumulator currently
(2021)"
691262,"Gained customers
(Now traveling average)"
480909,"Points accumulator currently
(2021)"
690797,"Growing travelers
(Now average)"
635084,"Points accumulator currently
(2021)"
614307,"Growing travelers
(Now average)"
992476,"Points accumulator currently
(2021)"
215955,"Growing travelers
(Now average)"
436235,"Growing travelers
(Now average)"
566961,"Points accumulator currently
(2021)"
517867,"Formers Points accumulator
(2020)"
457535,"Formers Points accumulator
(2020)"
205111,"Points accumulator currently
(2021)"
733370,"Stable average travelers
(Loyal)"
791282,Low-travel individuals
352092,"Points accumulator currently
(2021)"
120126,"Gained customers
(Now traveling average)"
585978,"Gained customers
(Now traveling average)"
516474,"Stable average travelers
(Loyal)"
463971,"Formers Points accumulator
(2020)"
365468,"Points accumulator currently
(2021)"
478912,"Formers Points accumulator
(2020)"
748033,Low-travel individuals
638207,"Consistent low travelers
(Use points)"
691077,"Stable average travelers
(Loyal)"
203698,"Stable average travelers
(Loyal)"
293343,Low-travel individuals
545421,"Consistent low travelers
(Use points)"
621006,"Stable average travelers
(Loyal)"
799630,"Growing travelers
(Now average)"
534905,"Consistent low travelers
(Use points)"
275287,"Growing travelers
(Now average)"
205197,"Stable average travelers
(Loyal)"
499482,"Gained customers
(Now traveling average)"
748682,"Consistent low travelers
(Use points)"
230101,"Formers Points accumulator
(2020)"
916317,Low-travel individuals
744711,"Gained customers
(Now traveling average)"
146028,"Formers Points accumulator
(2020)"
330783,"Consistent low travelers
(Use points)"
226804,Low-travel individuals
575574,"Stable average travelers
(Loyal)"
259532,"Formers Points accumulator
(2020)"
831545,Low-travel individuals
246421,"Formers Points accumulator
(2020)"
625183,"Formers Points accumulator
(2020)"
901819,"Formers Points accumulator
(2020)"
752826,"Points accumulator currently
(2021)"
443595,"Stable average travelers
(Loyal)"
116164,"Gained customers
(Now traveling average)"
612703,"Stable average travelers
(Loyal)"
444300,"Growing travelers
(Now average)"
449223,"Gained customers
(Now traveling average)"
651959,"Formers Points accumulator
(2020)"
763702,"Stable average travelers
(Loyal)"
876326,"Points accumulator currently
(2021)"
726980,"Stable average travelers
(Loyal)"
652499,Low-travel individuals
863432,"Points accumulator currently
(2021)"
661451,"Formers Points accumulator
(2020)"
384548,Low-travel individuals
928238,"Consistent low travelers
(Use points)"
943756,"Formers Points accumulator
(2020)"
680444,"Stable average travelers
(Loyal)"
205413,"Points accumulator currently
(2021)"
285767,"Lost custumers
(Traveled more before)"
786287,"Points accumulator currently
(2021)"
298063,"Consistent low travelers
(Use points)"
756646,"Stable average travelers
(Loyal)"
996745,"Formers Points accumulator
(2020)"
995662,"Points accumulator currently
(2021)"
272568,"Points accumulator currently
(2021)"
276255,"Points accumulator currently
(2021)"
390203,"Consistent low travelers
(Use points)"
943602,Low-travel individuals
549415,"Stable average travelers
(Loyal)"
716690,"Consistent low travelers
(Use points)"
406564,"Points accumulator currently
(2021)"
581999,"Consistent low travelers
(Use points)"
328198,"Formers Points accumulator
(2020)"
436874,"Points accumulator currently
(2021)"
169131,Low-travel individuals
381472,"Stable average travelers
(Loyal)"
149912,Low-travel individuals
564841,"Formers Points accumulator
(2020)"
416783,"Consistent low travelers
(Use points)"
452464,"Points accumulator currently
(2021)"
590621,Low-travel individuals
827194,Low-travel individuals
389741,"Growing travelers
(Now average)"
522866,"Consistent low travelers
(Use points)"
103970,"Stable average travelers
(Loyal)"
115322,"Stable average travelers
(Loyal)"
578788,"Lost custumers
(Traveled more before)"
725129,"Formers Points accumulator
(2020)"
849549,"Points accumulator currently
(2021)"
680878,Low-travel individuals
303246,"Points accumulator currently
(2021)"
523979,Low-travel individuals
898514,"Gained customers
(Now traveling average)"
487228,"Gained customers
(Now traveling average)"
857619,"Consistent low travelers
(Use points)"
393130,Low-travel individuals
238434,"Points accumulator currently
(2021)"
276100,"Formers Points accumulator
(2020)"
733181,"Points accumulator currently
(2021)"
276967,"Lost custumers
(Traveled more before)"
971318,"Stable average travelers
(Loyal)"
350271,"Gained customers
(Now traveling average)"
838993,Low-travel individuals
232450,"Consistent low travelers
(Use points)"
704559,"Consistent low travelers
(Use points)"
885474,"Formers Points accumulator
(2020)"
804890,Low-travel individuals
752140,"Consistent low travelers
(Use points)"
164224,Low-travel individuals
522572,"Formers Points accumulator
(2020)"
963502,"Points accumulator currently
(2021)"
429238,"Stable average travelers
(Loyal)"
647133,"Consistent low travelers
(Use points)"
165759,"Formers Points accumulator
(2020)"
393309,"Formers Points accumulator
(2020)"
311907,"Points accumulator currently
(2021)"
437074,"Consistent low travelers
(Use points)"
200065,"Points accumulator currently
(2021)"
910391,"Stable average travelers
(Loyal)"
548565,"Points accumulator currently
(2021)"
795283,"Formers Points accumulator
(2020)"
137968,"Gained customers
(Now traveling average)"
836550,"Growing travelers
(Now average)"
840515,"Formers Points accumulator
(2020)"
649802,"Points accumulator currently
(2021)"
435156,"Points accumulator currently
(2021)"
663270,"Formers Points accumulator
(2020)"
465424,"Gained customers
(Now traveling average)"
355126,"Formers Points accumulator
(2020)"
258184,"Stable average travelers
(Loyal)"
279693,"Consistent low travelers
(Use points)"
336817,"Gained customers
(Now traveling average)"
390980,"Lost custumers
(Traveled more before)"
669065,"Formers Points accumulator
(2020)"
267566,"Stable average travelers
(Loyal)"
711319,Low-travel individuals
683239,"Consistent low travelers
(Use points)"
387834,"Formers Points accumulator
(2020)"
101709,"Formers Points accumulator
(2020)"
200321,"Stable average travelers
(Loyal)"
620480,"Consistent low travelers
(Use points)"
926277,"Stable average travelers
(Loyal)"
216517,"Points accumulator currently
(2021)"
345238,"Points accumulator currently
(2021)"
515981,"Points accumulator currently
(2021)"
270337,"Formers Points accumulator
(2020)"
117169,"Points accumulator currently
(2021)"
652194,"Points accumulator currently
(2021)"
193917,"Consistent low travelers
(Use points)"
813868,Low-travel individuals
364137,"Stable average travelers
(Loyal)"
454668,"Consistent low travelers
(Use points)"
493088,"Stable average travelers
(Loyal)"
508402,"Growing travelers
(Now average)"
843233,"Formers Points accumulator
(2020)"
106444,"Gained customers
(Now traveling average)"
833576,"Points accumulator currently
(2021)"
782284,"Formers Points accumulator
(2020)"
574542,"Stable average travelers
(Loyal)"
623903,"Formers Points accumulator
(2020)"
175711,"Consistent low travelers
(Use points)"
239606,"Growing travelers
(Now average)"
272225,Low-travel individuals
334224,"Formers Points accumulator
(2020)"
314718,"Stable average travelers
(Loyal)"
830975,"Points accumulator currently
(2021)"
258323,"Points accumulator currently
(2021)"
117240,"Gained customers
(Now traveling average)"
312074,"Points accumulator currently
(2021)"
700705,"Formers Points accumulator
(2020)"
281979,"Formers Points accumulator
(2020)"
670606,"Formers Points accumulator
(2020)"
551055,"Points accumulator currently
(2021)"
666761,"Lost custumers
(Traveled more before)"
777875,"Points accumulator currently
(2021)"
803407,"Points accumulator currently
(2021)"
128534,"Consistent low travelers
(Use points)"
513446,"Consistent low travelers
(Use points)"
607555,"Consistent low travelers
(Use points)"
709415,"Points accumulator currently
(2021)"
855198,"Stable average travelers
(Loyal)"
261957,"Stable average travelers
(Loyal)"
210734,"Consistent low travelers
(Use points)"
425940,"Points accumulator currently
(2021)"
541410,Low-travel individuals
561321,"Formers Points accumulator
(2020)"
186942,"Growing travelers
(Now average)"
250280,"Points accumulator currently
(2021)"
163301,Low-travel individuals
742822,"Growing travelers
(Now average)"
697477,"Points accumulator currently
(2021)"
364067,"Stable average travelers
(Loyal)"
878582,"Points accumulator currently
(2021)"
444646,"Growing travelers
(Now average)"
799655,"Points accumulator currently
(2021)"
677717,"Gained customers
(Now traveling average)"
756065,"Formers Points accumulator
(2020)"
956438,"Stable average travelers
(Loyal)"
244652,"Formers Points accumulator
(2020)"
366654,"Stable average travelers
(Loyal)"
461937,"Consistent low travelers
(Use points)"
758210,"Consistent low travelers
(Use points)"
262366,"Stable average travelers
(Loyal)"
575844,"Consistent low travelers
(Use points)"
577795,"Formers Points accumulator
(2020)"
644630,"Formers Points accumulator
(2020)"
779066,"Formers Points accumulator
(2020)"
914088,"Formers Points accumulator
(2020)"
974630,"Formers Points accumulator
(2020)"
426981,"Formers Points accumulator
(2020)"
539322,"Consistent low travelers
(Use points)"
171691,"Gained customers
(Now traveling average)"
732524,"Formers Points accumulator
(2020)"
701235,"Consistent low travelers
(Use points)"
178081,Low-travel individuals
679638,"Stable average travelers
(Loyal)"
199810,"Consistent low travelers
(Use points)"
411533,"Formers Points accumulator
(2020)"
747939,"Stable average travelers
(Loyal)"
641970,"Formers Points accumulator
(2020)"
924153,"Growing travelers
(Now average)"
625557,"Formers Points accumulator
(2020)"
906615,"Formers Points accumulator
(2020)"
682819,"Formers Points accumulator
(2020)"
179944,"Formers Points accumulator
(2020)"
457605,"Lost custumers
(Traveled more before)"
795235,Low-travel individuals
168385,"Points accumulator currently
(2021)"
157300,"Gained customers
(Now traveling average)"
472225,"Formers Points accumulator
(2020)"
331598,"Points accumulator currently
(2021)"
311636,"Stable average travelers
(Loyal)"
496668,Low-travel individuals
153439,Low-travel individuals
402251,"Growing travelers
(Now average)"
511226,"Gained customers
(Now traveling average)"
525918,"Gained customers
(Now traveling average)"
782282,"Points accumulator currently
(2021)"
341728,"Stable average travelers
(Loyal)"
155253,"Lost custumers
(Traveled more before)"
258067,"Gained customers
(Now traveling average)"
950437,"Formers Points accumulator
(2020)"
243734,"Growing travelers
(Now average)"
613185,"Stable average travelers
(Loyal)"
809733,"Stable average travelers
(Loyal)"
547407,"Points accumulator currently
(2021)"
169603,Low-travel individuals
275954,Low-travel individuals
538877,"Stable average travelers
(Loyal)"
812899,"Points accumulator currently
(2021)"
875232,"Lost custumers
(Traveled more before)"
572812,"Lost custumers
(Traveled more before)"
834306,"Formers Points accumulator
(2020)"
256483,"Formers Points accumulator
(2020)"
565452,"Points accumulator currently
(2021)"
638389,"Points accumulator currently
(2021)"
809216,"Growing travelers
(Now average)"
203815,Low-travel individuals
997395,"Consistent low travelers
(Use points)"
426439,"Consistent low travelers
(Use points)"
465891,"Gained customers
(Now traveling average)"
380247,"Points accumulator currently
(2021)"
662380,"Points accumulator currently
(2021)"
753814,"Formers Points accumulator
(2020)"
917585,"Stable average travelers
(Loyal)"
496686,"Lost custumers
(Traveled more before)"
544493,"Stable average travelers
(Loyal)"
919055,Low-travel individuals
290638,"Gained customers
(Now traveling average)"
632556,"Points accumulator currently
(2021)"
815541,"Points accumulator currently
(2021)"
840120,"Formers Points accumulator
(2020)"
177814,Low-travel individuals
817822,"Stable average travelers
(Loyal)"
248461,"Stable average travelers
(Loyal)"
636293,"Points accumulator currently
(2021)"
210205,"Growing travelers
(Now average)"
262336,"Consistent low travelers
(Use points)"
583718,"Gained customers
(Now traveling average)"
927887,"Points accumulator currently
(2021)"
166537,"Points accumulator currently
(2021)"
586076,"Gained customers
(Now traveling average)"
233958,"Stable average travelers
(Loyal)"
523188,"Gained customers
(Now traveling average)"
675405,"Stable average travelers
(Loyal)"
705633,Low-travel individuals
203033,"Stable average travelers
(Loyal)"
427036,"Points accumulator currently
(2021)"
549982,"Stable average travelers
(Loyal)"
184735,"Stable average travelers
(Loyal)"
298712,"Growing travelers
(Now average)"
453448,"Growing travelers
(Now average)"
608159,"Formers Points accumulator
(2020)"
416940,"Lost custumers
(Traveled more before)"
455068,"Consistent low travelers
(Use points)"
139974,Low-travel individuals
794951,"Gained customers
(Now traveling average)"
942703,"Consistent low travelers
(Use points)"
655016,"Lost custumers
(Traveled more before)"
688168,"Points accumulator currently
(2021)"
530051,"Points accumulator currently
(2021)"
917998,"Formers Points accumulator
(2020)"
288735,"Consistent low travelers
(Use points)"
529579,Low-travel individuals
891179,"Formers Points accumulator
(2020)"
882353,"Points accumulator currently
(2021)"
899883,"Gained customers
(Now traveling average)"
597981,"Stable average travelers
(Loyal)"
391927,"Stable average travelers
(Loyal)"
454022,"Formers Points accumulator
(2020)"
784608,"Consistent low travelers
(Use points)"
357138,"Stable average travelers
(Loyal)"
538770,"Formers Points accumulator
(2020)"
670215,"Stable average travelers
(Loyal)"
794502,"Points accumulator currently
(2021)"
327098,"Formers Points accumulator
(2020)"
963757,"Formers Points accumulator
(2020)"
640163,Low-travel individuals
398819,"Stable average travelers
(Loyal)"
369091,"Growing travelers
(Now average)"
716961,"Formers Points accumulator
(2020)"
250586,"Stable average travelers
(Loyal)"
769361,"Consistent low travelers
(Use points)"
735666,"Formers Points accumulator
(2020)"
190791,"Consistent low travelers
(Use points)"
390022,Low-travel individuals
416575,"Growing travelers
(Now average)"
500788,"Points accumulator currently
(2021)"
396267,"Stable average travelers
(Loyal)"
952222,"Consistent low travelers
(Use points)"
873045,"Points accumulator currently
(2021)"
990598,"Points accumulator currently
(2021)"
384750,"Points accumulator currently
(2021)"
665100,"Consistent low travelers
(Use points)"
235454,"Lost custumers
(Traveled more before)"
833998,"Formers Points accumulator
(2020)"
175804,"Consistent low travelers
(Use points)"
861879,"Lost custumers
(Traveled more before)"
443985,"Points accumulator currently
(2021)"
701617,"Consistent low travelers
(Use points)"
394979,"Consistent low travelers
(Use points)"
464220,"Points accumulator currently
(2021)"
245800,"Formers Points accumulator
(2020)"
952959,"Stable average travelers
(Loyal)"
617484,"Points accumulator currently
(2021)"
430618,"Consistent low travelers
(Use points)"
276947,"Consistent low travelers
(Use points)"
417825,"Points accumulator currently
(2021)"
622302,Low-travel individuals
397947,"Formers Points accumulator
(2020)"
139518,"Formers Points accumulator
(2020)"
592966,"Formers Points accumulator
(2020)"
321734,"Gained customers
(Now traveling average)"
912128,"Gained customers
(Now traveling average)"
135578,"Points accumulator currently
(2021)"
933807,"Gained customers
(Now traveling average)"
142190,"Points accumulator currently
(2021)"
574506,"Gained customers
(Now traveling average)"
408886,"Formers Points accumulator
(2020)"
101664,"Points accumulator currently
(2021)"
307049,"Stable average travelers
(Loyal)"
726544,"Growing travelers
(Now average)"
337453,"Points accumulator currently
(2021)"
166239,"Formers Points accumulator
(2020)"
711625,"Consistent low travelers
(Use points)"
223313,"Gained customers
(Now traveling average)"
833052,"Points accumulator currently
(2021)"
194009,"Consistent low travelers
(Use points)"
288636,"Gained customers
(Now traveling average)"
391900,"Growing travelers
(Now average)"
499128,"Stable average travelers
(Loyal)"
743798,"Consistent low travelers
(Use points)"
779159,"Consistent low travelers
(Use points)"
899825,"Points accumulator currently
(2021)"
756355,"Points accumulator currently
(2021)"
175584,"Points accumulator currently
(2021)"
435097,"Formers Points accumulator
(2020)"
612162,"Points accumulator currently
(2021)"
797991,"Stable average travelers
(Loyal)"
996086,"Consistent low travelers
(Use points)"
499945,"Points accumulator currently
(2021)"
878929,"Consistent low travelers
(Use points)"
362841,"Consistent low travelers
(Use points)"
921489,"Formers Points accumulator
(2020)"
166705,"Points accumulator currently
(2021)"
927676,"Formers Points accumulator
(2020)"
439068,Low-travel individuals
926058,Low-travel individuals
880580,Low-travel individuals
970637,"Points accumulator currently
(2021)"
979703,"Points accumulator currently
(2021)"
213480,"Gained customers
(Now traveling average)"
921403,"Lost custumers
(Traveled more before)"
216040,"Points accumulator currently
(2021)"
981536,"Points accumulator currently
(2021)"
404801,Low-travel individuals
400272,"Gained customers
(Now traveling average)"
772081,Low-travel individuals
817074,"Gained customers
(Now traveling average)"
756317,"Growing travelers
(Now average)"
950593,"Points accumulator currently
(2021)"
794677,"Formers Points accumulator
(2020)"
123344,"Consistent low travelers
(Use points)"
149318,"Stable average travelers
(Loyal)"
199374,"Formers Points accumulator
(2020)"
713465,"Stable average travelers
(Loyal)"
716533,"Points accumulator currently
(2021)"
411583,"Points accumulator currently
(2021)"
572505,Low-travel individuals
236701,Low-travel individuals
394927,"Gained customers
(Now traveling average)"
523210,"Stable average travelers
(Loyal)"
532592,"Stable average travelers
(Loyal)"
116016,"Points accumulator currently
(2021)"
376072,"Stable average travelers
(Loyal)"
494498,"Points accumulator currently
(2021)"
618409,"Points accumulator currently
(2021)"
201365,"Stable average travelers
(Loyal)"
206108,"Formers Points accumulator
(2020)"
997121,"Gained customers
(Now traveling average)"
379446,"Gained customers
(Now traveling average)"
337980,"Consistent low travelers
(Use points)"
876269,"Consistent low travelers
(Use points)"
322606,"Consistent low travelers
(Use points)"
342583,"Stable average travelers
(Loyal)"
770634,"Consistent low travelers
(Use points)"
191869,"Consistent low travelers
(Use points)"
138565,"Formers Points accumulator
(2020)"
420439,"Points accumulator currently
(2021)"
991638,"Points accumulator currently
(2021)"
850828,"Formers Points accumulator
(2020)"
950356,"Formers Points accumulator
(2020)"
212848,Low-travel individuals
208584,"Consistent low travelers
(Use points)"
401645,"Stable average travelers
(Loyal)"
135554,"Consistent low travelers
(Use points)"
422204,"Stable average travelers
(Loyal)"
663402,"Gained customers
(Now traveling average)"
908120,"Stable average travelers
(Loyal)"
327285,"Consistent low travelers
(Use points)"
454073,"Stable average travelers
(Loyal)"
778865,"Stable average travelers
(Loyal)"
593651,"Growing travelers
(Now average)"
152007,Low-travel individuals
195684,"Gained customers
(Now traveling average)"
737477,"Stable average travelers
(Loyal)"
975749,"Stable average travelers
(Loyal)"
966512,Low-travel individuals
255818,"Lost custumers
(Traveled more before)"
396018,"Consistent low travelers
(Use points)"
854835,"Lost custumers
(Traveled more before)"
550575,Low-travel individuals
917983,"Formers Points accumulator
(2020)"
555947,"Gained customers
(Now traveling average)"
879177,"Formers Points accumulator
(2020)"
936010,Low-travel individuals
116332,"Formers Points accumulator
(2020)"
313681,"Formers Points accumulator
(2020)"
118514,Low-travel individuals
624065,"Consistent low travelers
(Use points)"
589765,"Formers Points accumulator
(2020)"
812149,"Formers Points accumulator
(2020)"
820541,"Stable average travelers
(Loyal)"
509149,"Lost custumers
(Traveled more before)"
496233,"Formers Points accumulator
(2020)"
579438,Low-travel individuals
955479,"Formers Points accumulator
(2020)"
159856,"Formers Points accumulator
(2020)"
113476,"Stable average travelers
(Loyal)"
707754,"Stable average travelers
(Loyal)"
918042,"Formers Points accumulator
(2020)"
972994,"Stable average travelers
(Loyal)"
110262,"Consistent low travelers
(Use points)"
304764,"Consistent low travelers
(Use points)"
923680,"Points accumulator currently
(2021)"
261468,"Stable average travelers
(Loyal)"
240761,"Consistent low travelers
(Use points)"
689477,"Formers Points accumulator
(2020)"
959977,"Gained customers
(Now traveling average)"
858013,"Gained customers
(Now traveling average)"
941380,"Formers Points accumulator
(2020)"
773986,"Points accumulator currently
(2021)"
464114,Low-travel individuals
268293,"Points accumulator currently
(2021)"
929097,"Formers Points accumulator
(2020)"
492159,"Formers Points accumulator
(2020)"
565876,"Points accumulator currently
(2021)"
248885,"Stable average travelers
(Loyal)"
768010,"Growing travelers
(Now average)"
817573,"Stable average travelers
(Loyal)"
263339,"Consistent low travelers
(Use points)"
848804,"Formers Points accumulator
(2020)"
871045,"Formers Points accumulator
(2020)"
123420,"Stable average travelers
(Loyal)"
179042,"Formers Points accumulator
(2020)"
883002,"Stable average travelers
(Loyal)"
693852,"Formers Points accumulator
(2020)"
618817,"Formers Points accumulator
(2020)"
446096,Low-travel individuals
201898,"Lost custumers
(Traveled more before)"
243455,"Points accumulator currently
(2021)"
514235,"Gained customers
(Now traveling average)"
858453,"Points accumulator currently
(2021)"
972795,"Consistent low travelers
(Use points)"
875560,"Consistent low travelers
(Use points)"
980494,Low-travel individuals
699397,"Stable average travelers
(Loyal)"
561053,"Points accumulator currently
(2021)"
898229,"Stable average travelers
(Loyal)"
173356,"Consistent low travelers
(Use points)"
663382,"Points accumulator currently
(2021)"
462247,"Gained customers
(Now traveling average)"
533365,"Points accumulator currently
(2021)"
619404,"Formers Points accumulator
(2020)"
370014,"Growing travelers
(Now average)"
672308,"Formers Points accumulator
(2020)"
855190,"Gained customers
(Now traveling average)"
647726,"Stable average travelers
(Loyal)"
112026,"Stable average travelers
(Loyal)"
853540,"Gained customers
(Now traveling average)"
755014,"Stable average travelers
(Loyal)"
212707,"Stable average travelers
(Loyal)"
120192,"Formers Points accumulator
(2020)"
201475,"Gained customers
(Now traveling average)"
374941,"Gained customers
(Now traveling average)"
502141,"Points accumulator currently
(2021)"
332430,"Consistent low travelers
(Use points)"
941882,"Formers Points accumulator
(2020)"
872814,"Stable average travelers
(Loyal)"
969378,"Consistent low travelers
(Use points)"
902562,"Formers Points accumulator
(2020)"
998580,"Formers Points accumulator
(2020)"
606600,"Consistent low travelers
(Use points)"
329826,"Stable average travelers
(Loyal)"
723912,"Stable average travelers
(Loyal)"
491513,"Formers Points accumulator
(2020)"
192355,"Consistent low travelers
(Use points)"
651645,"Gained customers
(Now traveling average)"
147602,"Stable average travelers
(Loyal)"
514042,"Consistent low travelers
(Use points)"
945703,"Gained customers
(Now traveling average)"
828852,"Points accumulator currently
(2021)"
381748,"Stable average travelers
(Loyal)"
533950,"Points accumulator currently
(2021)"
131721,"Formers Points accumulator
(2020)"
314842,"Stable average travelers
(Loyal)"
138873,"Lost custumers
(Traveled more before)"
135872,Low-travel individuals
863093,Low-travel individuals
812373,"Stable average travelers
(Loyal)"
618523,"Formers Points accumulator
(2020)"
705113,"Stable average travelers
(Loyal)"
659112,"Formers Points accumulator
(2020)"
765955,"Growing travelers
(Now average)"
375814,"Consistent low travelers
(Use points)"
969687,"Points accumulator currently
(2021)"
289732,"Formers Points accumulator
(2020)"
585275,"Points accumulator currently
(2021)"
710364,"Formers Points accumulator
(2020)"
419275,"Stable average travelers
(Loyal)"
264145,"Consistent low travelers
(Use points)"
658726,"Lost custumers
(Traveled more before)"
256920,Low-travel individuals
314898,"Consistent low travelers
(Use points)"
284362,"Stable average travelers
(Loyal)"
792932,Low-travel individuals
198713,"Consistent low travelers
(Use points)"
713853,"Formers Points accumulator
(2020)"
349490,"Consistent low travelers
(Use points)"
369242,"Points accumulator currently
(2021)"
985320,Low-travel individuals
921886,"Points accumulator currently
(2021)"
189836,"Stable average travelers
(Loyal)"
788870,"Stable average travelers
(Loyal)"
753456,"Growing travelers
(Now average)"
759847,"Points accumulator currently
(2021)"
605790,"Consistent low travelers
(Use points)"
984086,"Points accumulator currently
(2021)"
442249,"Points accumulator currently
(2021)"
858222,Low-travel individuals
866295,"Consistent low travelers
(Use points)"
546827,"Formers Points accumulator
(2020)"
938822,"Points accumulator currently
(2021)"
300606,"Points accumulator currently
(2021)"
392335,"Points accumulator currently
(2021)"
189822,"Formers Points accumulator
(2020)"
678243,"Formers Points accumulator
(2020)"
138025,"Lost custumers
(Traveled more before)"
290554,"Formers Points accumulator
(2020)"
681593,"Gained customers
(Now traveling average)"
705006,"Stable average travelers
(Loyal)"
907077,"Formers Points accumulator
(2020)"
842793,"Consistent low travelers
(Use points)"
273144,"Formers Points accumulator
(2020)"
895346,"Stable average travelers
(Loyal)"
826149,"Points accumulator currently
(2021)"
459128,"Stable average travelers
(Loyal)"
649994,"Stable average travelers
(Loyal)"
413101,"Points accumulator currently
(2021)"
165893,"Formers Points accumulator
(2020)"
206207,"Points accumulator currently
(2021)"
697162,"Gained customers
(Now traveling average)"
222102,"Stable average travelers
(Loyal)"
752259,"Consistent low travelers
(Use points)"
577278,"Lost custumers
(Traveled more before)"
685546,"Formers Points accumulator
(2020)"
931657,"Consistent low travelers
(Use points)"
486143,"Stable average travelers
(Loyal)"
148767,"Stable average travelers
(Loyal)"
696864,"Consistent low travelers
(Use points)"
437403,"Lost custumers
(Traveled more before)"
672649,Low-travel individuals
894532,"Gained customers
(Now traveling average)"
767648,"Gained customers
(Now traveling average)"
521225,"Growing travelers
(Now average)"
521486,"Points accumulator currently
(2021)"
956477,"Points accumulator currently
(2021)"
225920,"Formers Points accumulator
(2020)"
365596,"Points accumulator currently
(2021)"
251874,"Consistent low travelers
(Use points)"
660684,"Consistent low travelers
(Use points)"
839494,Low-travel individuals
432200,"Consistent low travelers
(Use points)"
467631,"Formers Points accumulator
(2020)"
540109,"Consistent low travelers
(Use points)"
893294,"Stable average travelers
(Loyal)"
919285,"Points accumulator currently
(2021)"
684491,"Stable average travelers
(Loyal)"
405318,"Consistent low travelers
(Use points)"
266757,"Stable average travelers
(Loyal)"
643912,"Stable average travelers
(Loyal)"
593386,"Growing travelers
(Now average)"
654122,"Formers Points accumulator
(2020)"
668843,"Growing travelers
(Now average)"
707424,"Consistent low travelers
(Use points)"
725962,Low-travel individuals
411686,"Points accumulator currently
(2021)"
481860,"Gained customers
(Now traveling average)"
164017,"Growing travelers
(Now average)"
812417,"Consistent low travelers
(Use points)"
473786,"Formers Points accumulator
(2020)"
732368,"Points accumulator currently
(2021)"
124761,"Stable average travelers
(Loyal)"
126581,"Stable average travelers
(Loyal)"
502390,"Stable average travelers
(Loyal)"
940760,"Consistent low travelers
(Use points)"
914609,"Stable average travelers
(Loyal)"
717250,"Formers Points accumulator
(2020)"
768996,"Consistent low travelers
(Use points)"
932526,"Growing travelers
(Now average)"
323542,"Consistent low travelers
(Use points)"
637580,"Points accumulator currently
(2021)"
183208,"Formers Points accumulator
(2020)"
131342,"Formers Points accumulator
(2020)"
331094,Low-travel individuals
424126,"Stable average travelers
(Loyal)"
869226,"Points accumulator currently
(2021)"
437357,"Points accumulator currently
(2021)"
485040,"Stable average travelers
(Loyal)"
840376,"Formers Points accumulator
(2020)"
187887,"Formers Points accumulator
(2020)"
113679,"Formers Points accumulator
(2020)"
188542,"Formers Points accumulator
(2020)"
579990,"Stable average travelers
(Loyal)"
295412,"Points accumulator currently
(2021)"
523904,"Formers Points accumulator
(2020)"
702269,"Growing travelers
(Now average)"
561917,Low-travel individuals
169665,"Formers Points accumulator
(2020)"
178720,"Points accumulator currently
(2021)"
813725,"Consistent low travelers
(Use points)"
819315,Low-travel individuals
882544,"Stable average travelers
(Loyal)"
853704,"Stable average travelers
(Loyal)"
521252,"Consistent low travelers
(Use points)"
538550,"Consistent low travelers
(Use points)"
851931,"Consistent low travelers
(Use points)"
704603,"Stable average travelers
(Loyal)"
872079,"Gained customers
(Now traveling average)"
622527,"Stable average travelers
(Loyal)"
992488,"Consistent low travelers
(Use points)"
616746,"Gained customers
(Now traveling average)"
714379,"Gained customers
(Now traveling average)"
242917,"Stable average travelers
(Loyal)"
986055,"Formers Points accumulator
(2020)"
601940,"Growing travelers
(Now average)"
740754,"Growing travelers
(Now average)"
882466,"Points accumulator currently
(2021)"
216139,"Formers Points accumulator
(2020)"
759899,"Formers Points accumulator
(2020)"
122283,"Consistent low travelers
(Use points)"
227293,"Stable average travelers
(Loyal)"
669368,"Consistent low travelers
(Use points)"
696199,"Stable average travelers
(Loyal)"
904920,"Formers Points accumulator
(2020)"
781777,"Formers Points accumulator
(2020)"
344671,"Gained customers
(Now traveling average)"
274204,"Points accumulator currently
(2021)"
312933,"Consistent low travelers
(Use points)"
576184,"Gained customers
(Now traveling average)"
682356,"Formers Points accumulator
(2020)"
861470,"Lost custumers
(Traveled more before)"
904736,"Consistent low travelers
(Use points)"
539739,"Gained customers
(Now traveling average)"
213934,"Points accumulator currently
(2021)"
461199,"Formers Points accumulator
(2020)"
719162,"Lost custumers
(Traveled more before)"
818940,"Growing travelers
(Now average)"
563217,"Consistent low travelers
(Use points)"
362293,"Consistent low travelers
(Use points)"
564305,Low-travel individuals
659205,"Formers Points accumulator
(2020)"
329302,"Points accumulator currently
(2021)"
280588,"Points accumulator currently
(2021)"
694512,"Points accumulator currently
(2021)"
680485,"Lost custumers
(Traveled more before)"
744612,"Consistent low travelers
(Use points)"
444154,"Formers Points accumulator
(2020)"
828040,Low-travel individuals
127279,"Points accumulator currently
(2021)"
584564,"Formers Points accumulator
(2020)"
460943,"Lost custumers
(Traveled more before)"
296141,Low-travel individuals
176521,"Gained customers
(Now traveling average)"
314317,"Consistent low travelers
(Use points)"
357567,"Formers Points accumulator
(2020)"
734791,"Formers Points accumulator
(2020)"
977274,"Points accumulator currently
(2021)"
202182,"Points accumulator currently
(2021)"
522758,"Formers Points accumulator
(2020)"
389488,"Points accumulator currently
(2021)"
355515,"Stable average travelers
(Loyal)"
979983,"Growing travelers
(Now average)"
974606,"Points accumulator currently
(2021)"
360730,"Stable average travelers
(Loyal)"
221775,"Formers Points accumulator
(2020)"
116045,"Stable average travelers
(Loyal)"
492433,"Points accumulator currently
(2021)"
516133,"Formers Points accumulator
(2020)"
351897,"Points accumulator currently
(2021)"
399704,"Consistent low travelers
(Use points)"
423254,"Stable average travelers
(Loyal)"
946645,"Lost custumers
(Traveled more before)"
687463,"Formers Points accumulator
(2020)"
915286,"Formers Points accumulator
(2020)"
696504,"Gained customers
(Now traveling average)"
954293,Low-travel individuals
225576,"Points accumulator currently
(2021)"
605269,"Consistent low travelers
(Use points)"
726688,"Points accumulator currently
(2021)"
795840,"Consistent low travelers
(Use points)"
802002,"Formers Points accumulator
(2020)"
883155,"Points accumulator currently
(2021)"
664493,"Points accumulator currently
(2021)"
967502,"Gained customers
(Now traveling average)"
560990,"Growing travelers
(Now average)"
530955,"Consistent low travelers
(Use points)"
929302,"Stable average travelers
(Loyal)"
515134,"Formers Points accumulator
(2020)"
645244,"Formers Points accumulator
(2020)"
959673,"Growing travelers
(Now average)"
856830,"Formers Points accumulator
(2020)"
339573,"Formers Points accumulator
(2020)"
267717,Low-travel individuals
676408,"Growing travelers
(Now average)"
423228,"Formers Points accumulator
(2020)"
307033,"Consistent low travelers
(Use points)"
484774,"Gained customers
(Now traveling average)"
573458,"Stable average travelers
(Loyal)"
372755,"Consistent low travelers
(Use points)"
909260,"Stable average travelers
(Loyal)"
811335,"Points accumulator currently
(2021)"
460770,Low-travel individuals
742281,"Formers Points accumulator
(2020)"
238442,"Formers Points accumulator
(2020)"
535482,"Growing travelers
(Now average)"
131321,"Points accumulator currently
(2021)"
645114,"Gained customers
(Now traveling average)"
429244,"Points accumulator currently
(2021)"
951719,"Stable average travelers
(Loyal)"
336281,"Formers Points accumulator
(2020)"
673424,"Consistent low travelers
(Use points)"
927703,"Consistent low travelers
(Use points)"
636813,"Points accumulator currently
(2021)"
967490,"Consistent low travelers
(Use points)"
256360,"Growing travelers
(Now average)"
658076,Low-travel individuals
933682,"Gained customers
(Now traveling average)"
241468,"Gained customers
(Now traveling average)"
728386,Low-travel individuals
738890,"Lost custumers
(Traveled more before)"
405928,"Stable average travelers
(Loyal)"
475532,"Stable average travelers
(Loyal)"
198147,"Consistent low travelers
(Use points)"
234435,"Stable average travelers
(Loyal)"
302839,"Growing travelers
(Now average)"
566182,"Consistent low travelers
(Use points)"
721973,"Points accumulator currently
(2021)"
458745,Low-travel individuals
246736,"Formers Points accumulator
(2020)"
703374,"Growing travelers
(Now average)"
275637,"Formers Points accumulator
(2020)"
148487,"Consistent low travelers
(Use points)"
581531,"Consistent low travelers
(Use points)"
685631,"Lost custumers
(Traveled more before)"
863223,"Stable average travelers
(Loyal)"
519742,"Stable average travelers
(Loyal)"
526481,"Consistent low travelers
(Use points)"
517538,"Formers Points accumulator
(2020)"
707762,Low-travel individuals
261125,"Stable average travelers
(Loyal)"
108666,"Growing travelers
(Now average)"
560149,"Formers Points accumulator
(2020)"
624487,"Stable average travelers
(Loyal)"
884875,"Points accumulator currently
(2021)"
199603,"Consistent low travelers
(Use points)"
444652,"Growing travelers
(Now average)"
698510,"Points accumulator currently
(2021)"
565602,"Consistent low travelers
(Use points)"
891604,"Formers Points accumulator
(2020)"
356828,"Points accumulator currently
(2021)"
478890,"Points accumulator currently
(2021)"
930774,"Gained customers
(Now traveling average)"
789892,"Formers Points accumulator
(2020)"
856348,"Stable average travelers
(Loyal)"
932623,"Stable average travelers
(Loyal)"
436041,"Growing travelers
(Now average)"
372111,"Formers Points accumulator
(2020)"
878518,Low-travel individuals
872752,"Gained customers
(Now traveling average)"
432941,Low-travel individuals
607997,"Points accumulator currently
(2021)"
720131,Low-travel individuals
913153,Low-travel individuals
263592,"Formers Points accumulator
(2020)"
472719,"Growing travelers
(Now average)"
924630,"Points accumulator currently
(2021)"
786255,"Formers Points accumulator
(2020)"
857771,"Lost custumers
(Traveled more before)"
803177,Low-travel individuals
717891,"Stable average travelers
(Loyal)"
946070,"Stable average travelers
(Loyal)"
580554,"Points accumulator currently
(2021)"
891727,"Formers Points accumulator
(2020)"
208517,"Formers Points accumulator
(2020)"
354547,"Formers Points accumulator
(2020)"
941683,"Stable average travelers
(Loyal)"
412429,"Consistent low travelers
(Use points)"
912252,"Stable average travelers
(Loyal)"
628475,"Points accumulator currently
(2021)"
201273,"Gained customers
(Now traveling average)"
733728,"Consistent low travelers
(Use points)"
733096,"Points accumulator currently
(2021)"
776453,"Formers Points accumulator
(2020)"
761613,"Stable average travelers
(Loyal)"
932244,Low-travel individuals
630711,"Consistent low travelers
(Use points)"
589101,"Consistent low travelers
(Use points)"
980338,"Points accumulator currently
(2021)"
828731,"Points accumulator currently
(2021)"
456367,"Growing travelers
(Now average)"
242304,"Formers Points accumulator
(2020)"
929913,"Formers Points accumulator
(2020)"
709238,"Consistent low travelers
(Use points)"
606214,"Consistent low travelers
(Use points)"
295327,"Stable average travelers
(Loyal)"
419748,"Stable average travelers
(Loyal)"
540380,"Gained customers
(Now traveling average)"
851981,"Points accumulator currently
(2021)"
948693,"Formers Points accumulator
(2020)"
247391,Low-travel individuals
937228,"Formers Points accumulator
(2020)"
667634,"Consistent low travelers
(Use points)"
840059,"Consistent low travelers
(Use points)"
884522,"Consistent low travelers
(Use points)"
102376,"Gained customers
(Now traveling average)"
259110,"Formers Points accumulator
(2020)"
470671,"Formers Points accumulator
(2020)"
189775,"Stable average travelers
(Loyal)"
646189,"Formers Points accumulator
(2020)"
253466,"Growing travelers
(Now average)"
283807,"Formers Points accumulator
(2020)"
312630,"Growing travelers
(Now average)"
918017,"Gained customers
(Now traveling average)"
939856,"Growing travelers
(Now average)"
515826,"Stable average travelers
(Loyal)"
475535,Low-travel individuals
725120,"Stable average travelers
(Loyal)"
151036,"Gained customers
(Now traveling average)"
845820,"Lost custumers
(Traveled more before)"
887511,"Consistent low travelers
(Use points)"
254230,"Formers Points accumulator
(2020)"
439361,"Formers Points accumulator
(2020)"
362471,"Formers Points accumulator
(2020)"
928644,"Points accumulator currently
(2021)"
185830,"Points accumulator currently
(2021)"
187318,"Lost custumers
(Traveled more before)"
389928,"Formers Points accumulator
(2020)"
444366,"Points accumulator currently
(2021)"
939098,"Points accumulator currently
(2021)"
418793,"Points accumulator currently
(2021)"
445496,"Points accumulator currently
(2021)"
773865,"Formers Points accumulator
(2020)"
329735,"Consistent low travelers
(Use points)"
151327,"Formers Points accumulator
(2020)"
347231,"Points accumulator currently
(2021)"
835973,"Consistent low travelers
(Use points)"
372663,Low-travel individuals
672904,"Formers Points accumulator
(2020)"
841373,"Points accumulator currently
(2021)"
579931,"Consistent low travelers
(Use points)"
157704,"Stable average travelers
(Loyal)"
319052,"Stable average travelers
(Loyal)"
229265,"Lost custumers
(Traveled more before)"
741244,Low-travel individuals
618390,"Growing travelers
(Now average)"
814112,"Growing travelers
(Now average)"
277565,"Formers Points accumulator
(2020)"
900753,"Lost custumers
(Traveled more before)"
377928,Low-travel individuals
328116,"Points accumulator currently
(2021)"
609664,Low-travel individuals
192994,"Stable average travelers
(Loyal)"
298671,"Consistent low travelers
(Use points)"
805598,"Gained customers
(Now traveling average)"
301603,"Points accumulator currently
(2021)"
307047,"Formers Points accumulator
(2020)"
847772,"Stable average travelers
(Loyal)"
683503,"Formers Points accumulator
(2020)"
220794,"Consistent low travelers
(Use points)"
826589,"Consistent low travelers
(Use points)"
703104,"Growing travelers
(Now average)"
523399,"Lost custumers
(Traveled more before)"
648586,"Points accumulator currently
(2021)"
575833,"Points accumulator currently
(2021)"
161956,"Gained customers
(Now traveling average)"
489279,"Formers Points accumulator
(2020)"
880805,"Gained customers
(Now traveling average)"
867757,"Points accumulator currently
(2021)"
652518,"Formers Points accumulator
(2020)"
207001,"Formers Points accumulator
(2020)"
975846,"Consistent low travelers
(Use points)"
198010,"Stable average travelers
(Loyal)"
543285,"Lost custumers
(Traveled more before)"
432843,"Points accumulator currently
(2021)"
373242,"Gained customers
(Now traveling average)"
263246,"Points accumulator currently
(2021)"
110065,"Gained customers
(Now traveling average)"
172491,"Gained customers
(Now traveling average)"
788001,"Formers Points accumulator
(2020)"
600712,"Growing travelers
(Now average)"
666189,"Gained customers
(Now traveling average)"
738473,"Consistent low travelers
(Use points)"
256003,"Stable average travelers
(Loyal)"
881000,"Growing travelers
(Now average)"
889569,"Formers Points accumulator
(2020)"
165742,"Consistent low travelers
(Use points)"
576074,"Points accumulator currently
(2021)"
942017,"Lost custumers
(Traveled more before)"
315235,"Formers Points accumulator
(2020)"
426429,"Stable average travelers
(Loyal)"
602275,"Lost custumers
(Traveled more before)"
116732,"Gained customers
(Now traveling average)"
436010,"Formers Points accumulator
(2020)"
745920,"Points accumulator currently
(2021)"
988638,"Consistent low travelers
(Use points)"
285335,"Stable average travelers
(Loyal)"
722003,"Points accumulator currently
(2021)"
770452,"Consistent low travelers
(Use points)"
195960,"Formers Points accumulator
(2020)"
390297,"Gained customers
(Now traveling average)"
655957,"Points accumulator currently
(2021)"
257417,"Stable average travelers
(Loyal)"
599394,"Gained customers
(Now traveling average)"
953198,"Formers Points accumulator
(2020)"
728228,"Formers Points accumulator
(2020)"
863459,"Consistent low travelers
(Use points)"
901461,Low-travel individuals
460894,"Formers Points accumulator
(2020)"
307032,"Lost custumers
(Traveled more before)"
486909,"Formers Points accumulator
(2020)"
160740,"Points accumulator currently
(2021)"
326028,Low-travel individuals
573681,"Stable average travelers
(Loyal)"
815841,"Gained customers
(Now traveling average)"
981195,"Consistent low travelers
(Use points)"
333064,"Formers Points accumulator
(2020)"
792103,"Stable average travelers
(Loyal)"
426223,"Stable average travelers
(Loyal)"
545410,"Formers Points accumulator
(2020)"
990218,"Growing travelers
(Now average)"
614000,"Stable average travelers
(Loyal)"
377444,"Lost custumers
(Traveled more before)"
721406,"Consistent low travelers
(Use points)"
302258,"Formers Points accumulator
(2020)"
101487,"Stable average travelers
(Loyal)"
397934,Low-travel individuals
406252,"Gained customers
(Now traveling average)"
555118,"Consistent low travelers
(Use points)"
874267,"Formers Points accumulator
(2020)"
182235,"Consistent low travelers
(Use points)"
290620,Low-travel individuals
697393,"Lost custumers
(Traveled more before)"
397099,Low-travel individuals
886439,"Points accumulator currently
(2021)"
161338,"Formers Points accumulator
(2020)"
594598,"Formers Points accumulator
(2020)"
237312,"Gained customers
(Now traveling average)"
728302,"Stable average travelers
(Loyal)"
212602,"Gained customers
(Now traveling average)"
929871,"Points accumulator currently
(2021)"
645508,"Formers Points accumulator
(2020)"
116999,"Points accumulator currently
(2021)"
631854,"Formers Points accumulator
(2020)"
762671,"Gained customers
(Now traveling average)"
969938,"Gained customers
(Now traveling average)"
290564,"Growing travelers
(Now average)"
634615,"Gained customers
(Now traveling average)"
999524,"Formers Points accumulator
(2020)"
478284,"Lost custumers
(Traveled more before)"
111573,"Formers Points accumulator
(2020)"
975477,"Consistent low travelers
(Use points)"
581513,"Growing travelers
(Now average)"
145322,"Stable average travelers
(Loyal)"
243005,"Consistent low travelers
(Use points)"
306400,"Growing travelers
(Now average)"
823590,"Consistent low travelers
(Use points)"
121139,"Consistent low travelers
(Use points)"
307623,"Stable average travelers
(Loyal)"
331697,"Stable average travelers
(Loyal)"
719736,"Stable average travelers
(Loyal)"
656036,"Lost custumers
(Traveled more before)"
155020,Low-travel individuals
919338,"Growing travelers
(Now average)"
905787,"Points accumulator currently
(2021)"
536794,"Growing travelers
(Now average)"
665679,"Gained customers
(Now traveling average)"
340927,"Points accumulator currently
(2021)"
809107,"Gained customers
(Now traveling average)"
218917,"Consistent low travelers
(Use points)"
739808,"Formers Points accumulator
(2020)"
855635,"Stable average travelers
(Loyal)"
969617,"Gained customers
(Now traveling average)"
645145,"Consistent low travelers
(Use points)"
681399,"Stable average travelers
(Loyal)"
986623,"Growing travelers
(Now average)"
211058,"Stable average travelers
(Loyal)"
104673,"Stable average travelers
(Loyal)"
330562,"Gained customers
(Now traveling average)"
209994,"Points accumulator currently
(2021)"
611084,"Growing travelers
(Now average)"
200708,"Stable average travelers
(Loyal)"
907252,"Consistent low travelers
(Use points)"
893040,"Points accumulator currently
(2021)"
251012,"Gained customers
(Now traveling average)"
377464,"Consistent low travelers
(Use points)"
462701,"Consistent low travelers
(Use points)"
715797,Low-travel individuals
445251,"Consistent low travelers
(Use points)"
772484,"Stable average travelers
(Loyal)"
858817,"Gained customers
(Now traveling average)"
182543,"Formers Points accumulator
(2020)"
228557,"Gained customers
(Now traveling average)"
968225,"Formers Points accumulator
(2020)"
886876,"Consistent low travelers
(Use points)"
368027,"Formers Points accumulator
(2020)"
384409,Low-travel individuals
257506,"Consistent low travelers
(Use points)"
299464,"Formers Points accumulator
(2020)"
117053,"Formers Points accumulator
(2020)"
136106,"Formers Points accumulator
(2020)"
545127,"Points accumulator currently
(2021)"
128975,"Points accumulator currently
(2021)"
866403,"Stable average travelers
(Loyal)"
742009,"Stable average travelers
(Loyal)"
332823,"Points accumulator currently
(2021)"
356613,"Stable average travelers
(Loyal)"
952911,"Gained customers
(Now traveling average)"
967637,"Points accumulator currently
(2021)"
445704,"Points accumulator currently
(2021)"
332027,"Consistent low travelers
(Use points)"
778027,"Gained customers
(Now traveling average)"
225363,"Consistent low travelers
(Use points)"
571180,"Points accumulator currently
(2021)"
321213,"Points accumulator currently
(2021)"
190405,"Lost custumers
(Traveled more before)"
619537,"Points accumulator currently
(2021)"
780298,"Points accumulator currently
(2021)"
968312,"Points accumulator currently
(2021)"
487486,"Consistent low travelers
(Use points)"
807769,"Consistent low travelers
(Use points)"
945455,"Lost custumers
(Traveled more before)"
287266,"Formers Points accumulator
(2020)"
738096,"Points accumulator currently
(2021)"
703109,"Stable average travelers
(Loyal)"
512358,Low-travel individuals
380843,"Consistent low travelers
(Use points)"
633640,"Formers Points accumulator
(2020)"
194886,"Stable average travelers
(Loyal)"
616374,"Lost custumers
(Traveled more before)"
776931,"Gained customers
(Now traveling average)"
768415,"Stable average travelers
(Loyal)"
485795,"Formers Points accumulator
(2020)"
308362,"Stable average travelers
(Loyal)"
350692,"Formers Points accumulator
(2020)"
850359,"Points accumulator currently
(2021)"
107420,"Growing travelers
(Now average)"
366500,"Points accumulator currently
(2021)"
860032,"Gained customers
(Now traveling average)"
135134,"Formers Points accumulator
(2020)"
456632,"Formers Points accumulator
(2020)"
459517,"Stable average travelers
(Loyal)"
708807,"Consistent low travelers
(Use points)"
474846,"Formers Points accumulator
(2020)"
441631,"Gained customers
(Now traveling average)"
612186,"Consistent low travelers
(Use points)"
828232,"Consistent low travelers
(Use points)"
130077,"Consistent low travelers
(Use points)"
695978,"Stable average travelers
(Loyal)"
488044,"Points accumulator currently
(2021)"
998085,"Formers Points accumulator
(2020)"
916880,"Points accumulator currently
(2021)"
328111,"Stable average travelers
(Loyal)"
928922,"Formers Points accumulator
(2020)"
939431,"Growing travelers
(Now average)"
112863,"Points accumulator currently
(2021)"
497784,"Consistent low travelers
(Use points)"
651694,"Stable average travelers
(Loyal)"
952602,"Gained customers
(Now traveling average)"
219555,"Formers Points accumulator
(2020)"
828862,Low-travel individuals
487727,"Growing travelers
(Now average)"
493819,"Points accumulator currently
(2021)"
746296,"Consistent low travelers
(Use points)"
709982,"Points accumulator currently
(2021)"
511437,Low-travel individuals
227398,Low-travel individuals
520660,"Consistent low travelers
(Use points)"
732694,"Points accumulator currently
(2021)"
855530,"Points accumulator currently
(2021)"
513123,"Stable average travelers
(Loyal)"
139022,"Gained customers
(Now traveling average)"
973728,"Points accumulator currently
(2021)"
504919,"Points accumulator currently
(2021)"
263069,"Formers Points accumulator
(2020)"
885176,"Growing travelers
(Now average)"
914074,Low-travel individuals
696128,"Formers Points accumulator
(2020)"
729084,"Formers Points accumulator
(2020)"
188136,"Stable average travelers
(Loyal)"
364596,Low-travel individuals
390377,"Lost custumers
(Traveled more before)"
438593,Low-travel individuals
935161,"Stable average travelers
(Loyal)"
577360,"Formers Points accumulator
(2020)"
958915,"Stable average travelers
(Loyal)"
197890,"Points accumulator currently
(2021)"
984429,"Formers Points accumulator
(2020)"
615411,"Stable average travelers
(Loyal)"
843665,"Points accumulator currently
(2021)"
732813,"Stable average travelers
(Loyal)"
376144,"Gained customers
(Now traveling average)"
432655,"Formers Points accumulator
(2020)"
740763,"Consistent low travelers
(Use points)"
894448,"Consistent low travelers
(Use points)"
881749,"Formers Points accumulator
(2020)"
199478,"Points accumulator currently
(2021)"
350979,"Formers Points accumulator
(2020)"
436419,"Gained customers
(Now traveling average)"
232884,Low-travel individuals
572663,"Consistent low travelers
(Use points)"
212350,"Formers Points accumulator
(2020)"
352501,"Stable average travelers
(Loyal)"
634900,"Formers Points accumulator
(2020)"
824712,"Formers Points accumulator
(2020)"
115705,"Stable average travelers
(Loyal)"
396471,"Stable average travelers
(Loyal)"
408915,Low-travel individuals
491310,"Consistent low travelers
(Use points)"
505798,"Points accumulator currently
(2021)"
252271,"Stable average travelers
(Loyal)"
428765,"Gained customers
(Now traveling average)"
824163,"Formers Points accumulator
(2020)"
757834,"Formers Points accumulator
(2020)"
244398,"Stable average travelers
(Loyal)"
868154,"Stable average travelers
(Loyal)"
107037,"Consistent low travelers
(Use points)"
448273,"Formers Points accumulator
(2020)"
755145,Low-travel individuals
208961,"Points accumulator currently
(2021)"
546177,"Points accumulator currently
(2021)"
937911,"Stable average travelers
(Loyal)"
667157,Low-travel individuals
472692,"Stable average travelers
(Loyal)"
566951,"Lost custumers
(Traveled more before)"
716548,"Stable average travelers
(Loyal)"
936273,"Stable average travelers
(Loyal)"
424216,"Points accumulator currently
(2021)"
962989,"Stable average travelers
(Loyal)"
823998,"Consistent low travelers
(Use points)"
363983,Low-travel individuals
189613,Low-travel individuals
494515,"Growing travelers
(Now average)"
553879,"Gained customers
(Now traveling average)"
573830,Low-travel individuals
968497,"Consistent low travelers
(Use points)"
793384,"Stable average travelers
(Loyal)"
430197,"Stable average travelers
(Loyal)"
447387,"Formers Points accumulator
(2020)"
772362,"Gained customers
(Now traveling average)"
447675,"Formers Points accumulator
(2020)"
413659,"Gained customers
(Now traveling average)"
675956,"Stable average travelers
(Loyal)"
396920,"Points accumulator currently
(2021)"
319947,"Formers Points accumulator
(2020)"
276037,"Formers Points accumulator
(2020)"
758840,"Consistent low travelers
(Use points)"
166846,"Formers Points accumulator
(2020)"
314372,"Consistent low travelers
(Use points)"
727573,"Points accumulator currently
(2021)"
153395,"Formers Points accumulator
(2020)"
522677,"Stable average travelers
(Loyal)"
184678,"Consistent low travelers
(Use points)"
449555,"Stable average travelers
(Loyal)"
528226,"Formers Points accumulator
(2020)"
644265,"Stable average travelers
(Loyal)"
953614,"Points accumulator currently
(2021)"
390880,"Consistent low travelers
(Use points)"
676877,"Formers Points accumulator
(2020)"
415446,Low-travel individuals
282678,"Formers Points accumulator
(2020)"
815850,"Points accumulator currently
(2021)"
828182,"Formers Points accumulator
(2020)"
687262,"Stable average travelers
(Loyal)"
472373,"Consistent low travelers
(Use points)"
131253,"Formers Points accumulator
(2020)"
194480,"Gained customers
(Now traveling average)"
376484,"Growing travelers
(Now average)"
684305,"Consistent low travelers
(Use points)"
278164,"Stable average travelers
(Loyal)"
342980,"Gained customers
(Now traveling average)"
277375,"Points accumulator currently
(2021)"
678925,"Growing travelers
(Now average)"
703507,"Stable average travelers
(Loyal)"
400802,"Points accumulator currently
(2021)"
640831,"Points accumulator currently
(2021)"
670002,"Consistent low travelers
(Use points)"
550434,"Points accumulator currently
(2021)"
492505,"Points accumulator currently
(2021)"
548037,"Formers Points accumulator
(2020)"
569940,"Formers Points accumulator
(2020)"
987530,"Points accumulator currently
(2021)"
396155,"Formers Points accumulator
(2020)"
605134,"Points accumulator currently
(2021)"
137850,"Stable average travelers
(Loyal)"
661411,"Formers Points accumulator
(2020)"
711565,"Consistent low travelers
(Use points)"
241677,"Stable average travelers
(Loyal)"
825484,"Formers Points accumulator
(2020)"
721494,"Gained customers
(Now traveling average)"
118376,Low-travel individuals
905806,"Points accumulator currently
(2021)"
197086,"Points accumulator currently
(2021)"
304080,Low-travel individuals
775520,"Lost custumers
(Traveled more before)"
409051,"Stable average travelers
(Loyal)"
590280,"Formers Points accumulator
(2020)"
737842,"Formers Points accumulator
(2020)"
430097,"Stable average travelers
(Loyal)"
432366,"Points accumulator currently
(2021)"
175169,"Points accumulator currently
(2021)"
784710,"Gained customers
(Now traveling average)"
406411,"Stable average travelers
(Loyal)"
258166,"Consistent low travelers
(Use points)"
357298,"Stable average travelers
(Loyal)"
730214,"Growing travelers
(Now average)"
811333,"Consistent low travelers
(Use points)"
157751,"Stable average travelers
(Loyal)"
789149,"Formers Points accumulator
(2020)"
667398,"Lost custumers
(Traveled more before)"
540112,"Stable average travelers
(Loyal)"
823113,"Growing travelers
(Now average)"
482922,"Gained customers
(Now traveling average)"
467222,"Formers Points accumulator
(2020)"
204424,"Consistent low travelers
(Use points)"
477219,"Stable average travelers
(Loyal)"
817298,Low-travel individuals
106757,"Stable average travelers
(Loyal)"
210755,"Stable average travelers
(Loyal)"
272476,"Points accumulator currently
(2021)"
476648,"Formers Points accumulator
(2020)"
676669,"Points accumulator currently
(2021)"
922815,"Stable average travelers
(Loyal)"
947026,"Formers Points accumulator
(2020)"
234807,"Consistent low travelers
(Use points)"
715271,"Points accumulator currently
(2021)"
496329,"Points accumulator currently
(2021)"
259446,"Consistent low travelers
(Use points)"
695987,"Growing travelers
(Now average)"
414433,"Formers Points accumulator
(2020)"
107296,"Growing travelers
(Now average)"
521043,Low-travel individuals
481851,"Gained customers
(Now traveling average)"
885763,"Consistent low travelers
(Use points)"
488647,"Growing travelers
(Now average)"
968842,"Lost custumers
(Traveled more before)"
745354,"Stable average travelers
(Loyal)"
686232,"Stable average travelers
(Loyal)"
835240,"Consistent low travelers
(Use points)"
916269,"Formers Points accumulator
(2020)"
965713,"Points accumulator currently
(2021)"
604510,"Gained customers
(Now traveling average)"
504564,"Gained customers
(Now traveling average)"
519419,"Consistent low travelers
(Use points)"
671115,"Formers Points accumulator
(2020)"
471000,"Points accumulator currently
(2021)"
677404,"Formers Points accumulator
(2020)"
772194,"Consistent low travelers
(Use points)"
869804,"Formers Points accumulator
(2020)"
851901,"Stable average travelers
(Loyal)"
337148,"Points accumulator currently
(2021)"
847704,"Consistent low travelers
(Use points)"
295561,"Lost custumers
(Traveled more before)"
248265,"Points accumulator currently
(2021)"
875789,Low-travel individuals
822995,"Formers Points accumulator
(2020)"
219779,"Points accumulator currently
(2021)"
205697,"Points accumulator currently
(2021)"
827215,"Formers Points accumulator
(2020)"
411420,"Stable average travelers
(Loyal)"
179153,"Formers Points accumulator
(2020)"
205826,Low-travel individuals
602931,"Points accumulator currently
(2021)"
346560,"Consistent low travelers
(Use points)"
277855,"Stable average travelers
(Loyal)"
348600,"Gained customers
(Now traveling average)"
863219,"Points accumulator currently
(2021)"
524055,"Consistent low travelers
(Use points)"
859516,"Points accumulator currently
(2021)"
737534,"Formers Points accumulator
(2020)"
677217,"Points accumulator currently
(2021)"
600432,"Points accumulator currently
(2021)"
170152,Low-travel individuals
958283,Low-travel individuals
705020,"Formers Points accumulator
(2020)"
194722,"Stable average travelers
(Loyal)"
225486,"Formers Points accumulator
(2020)"
885871,"Growing travelers
(Now average)"
670751,"Formers Points accumulator
(2020)"
347914,"Gained customers
(Now traveling average)"
336902,Low-travel individuals
709656,"Gained customers
(Now traveling average)"
796900,"Consistent low travelers
(Use points)"
823567,"Growing travelers
(Now average)"
921777,"Consistent low travelers
(Use points)"
342483,"Formers Points accumulator
(2020)"
107993,"Growing travelers
(Now average)"
412186,"Stable average travelers
(Loyal)"
670131,"Formers Points accumulator
(2020)"
143151,"Points accumulator currently
(2021)"
643643,Low-travel individuals
955750,"Points accumulator currently
(2021)"
577398,"Formers Points accumulator
(2020)"
736685,"Stable average travelers
(Loyal)"
781963,Low-travel individuals
398965,"Points accumulator currently
(2021)"
410202,"Points accumulator currently
(2021)"
555745,"Points accumulator currently
(2021)"
977550,"Consistent low travelers
(Use points)"
448812,"Formers Points accumulator
(2020)"
636213,"Consistent low travelers
(Use points)"
864128,"Stable average travelers
(Loyal)"
424098,"Formers Points accumulator
(2020)"
740083,"Stable average travelers
(Loyal)"
292384,"Stable average travelers
(Loyal)"
596911,"Formers Points accumulator
(2020)"
636749,"Stable average travelers
(Loyal)"
681032,"Points accumulator currently
(2021)"
896095,"Consistent low travelers
(Use points)"
719300,Low-travel individuals
767175,Low-travel individuals
963067,"Points accumulator currently
(2021)"
348994,"Stable average travelers
(Loyal)"
376725,"Points accumulator currently
(2021)"
324997,"Consistent low travelers
(Use points)"
160905,"Stable average travelers
(Loyal)"
365557,"Consistent low travelers
(Use points)"
321027,"Consistent low travelers
(Use points)"
113779,"Formers Points accumulator
(2020)"
624881,"Gained customers
(Now traveling average)"
219270,Low-travel individuals
282259,"Stable average travelers
(Loyal)"
529544,"Gained customers
(Now traveling average)"
870281,"Formers Points accumulator
(2020)"
399943,"Stable average travelers
(Loyal)"
763406,"Stable average travelers
(Loyal)"
280822,"Points accumulator currently
(2021)"
572073,"Stable average travelers
(Loyal)"
683901,"Formers Points accumulator
(2020)"
790008,"Growing travelers
(Now average)"
699281,"Lost custumers
(Traveled more before)"
667275,"Gained customers
(Now traveling average)"
953693,"Points accumulator currently
(2021)"
150301,"Points accumulator currently
(2021)"
606004,Low-travel individuals
268414,"Consistent low travelers
(Use points)"
643669,"Consistent low travelers
(Use points)"
267306,"Points accumulator currently
(2021)"
846313,"Points accumulator currently
(2021)"
266640,"Formers Points accumulator
(2020)"
107730,"Growing travelers
(Now average)"
649194,"Points accumulator currently
(2021)"
450665,"Consistent low travelers
(Use points)"
403764,Low-travel individuals
999513,"Consistent low travelers
(Use points)"
833148,"Lost custumers
(Traveled more before)"
600541,Low-travel individuals
116735,"Points accumulator currently
(2021)"
247551,"Formers Points accumulator
(2020)"
675409,"Stable average travelers
(Loyal)"
144615,"Consistent low travelers
(Use points)"
933187,"Formers Points accumulator
(2020)"
239476,"Formers Points accumulator
(2020)"
568870,"Stable average travelers
(Loyal)"
717229,"Points accumulator currently
(2021)"
996900,"Points accumulator currently
(2021)"
260000,"Points accumulator currently
(2021)"
615131,"Formers Points accumulator
(2020)"
121351,"Consistent low travelers
(Use points)"
206925,"Points accumulator currently
(2021)"
467359,"Growing travelers
(Now average)"
191626,"Gained customers
(Now traveling average)"
644865,"Points accumulator currently
(2021)"
821918,"Points accumulator currently
(2021)"
972129,"Points accumulator currently
(2021)"
149348,"Stable average travelers
(Loyal)"
837269,"Gained customers
(Now traveling average)"
611029,"Growing travelers
(Now average)"
602585,"Consistent low travelers
(Use points)"
960441,"Points accumulator currently
(2021)"
709724,"Points accumulator currently
(2021)"
355578,"Gained customers
(Now traveling average)"
740063,"Formers Points accumulator
(2020)"
961965,"Points accumulator currently
(2021)"
651377,"Stable average travelers
(Loyal)"
680738,"Formers Points accumulator
(2020)"
108430,"Stable average travelers
(Loyal)"
776443,"Points accumulator currently
(2021)"
398839,"Stable average travelers
(Loyal)"
187838,"Growing travelers
(Now average)"
530880,"Formers Points accumulator
(2020)"
904397,"Lost custumers
(Traveled more before)"
939399,"Consistent low travelers
(Use points)"
300371,"Formers Points accumulator
(2020)"
532997,"Consistent low travelers
(Use points)"
103969,"Formers Points accumulator
(2020)"
173673,"Consistent low travelers
(Use points)"
562510,"Lost custumers
(Traveled more before)"
183129,"Consistent low travelers
(Use points)"
880402,"Points accumulator currently
(2021)"
525612,"Points accumulator currently
(2021)"
103151,"Formers Points accumulator
(2020)"
171350,"Stable average travelers
(Loyal)"
944636,"Stable average travelers
(Loyal)"
300460,Low-travel individuals
212301,"Lost custumers
(Traveled more before)"
798533,"Formers Points accumulator
(2020)"
905854,"Points accumulator currently
(2021)"
571992,"Points accumulator currently
(2021)"
191656,"Gained customers
(Now traveling average)"
193519,"Points accumulator currently
(2021)"
255320,"Formers Points accumulator
(2020)"
498028,"Growing travelers
(Now average)"
339880,"Stable average travelers
(Loyal)"
181184,"Stable average travelers
(Loyal)"
906217,Low-travel individuals
273054,"Gained customers
(Now traveling average)"
401824,"Points accumulator currently
(2021)"
278013,"Consistent low travelers
(Use points)"
759551,"Stable average travelers
(Loyal)"
512471,"Consistent low travelers
(Use points)"
402966,"Growing travelers
(Now average)"
834576,"Formers Points accumulator
(2020)"
867561,Low-travel individuals
578998,"Formers Points accumulator
(2020)"
863262,"Points accumulator currently
(2021)"
744181,"Gained customers
(Now traveling average)"
380001,"Consistent low travelers
(Use points)"
648455,"Points accumulator currently
(2021)"
545534,"Points accumulator currently
(2021)"
923527,"Formers Points accumulator
(2020)"
491481,"Points accumulator currently
(2021)"
309041,"Formers Points accumulator
(2020)"
187077,"Growing travelers
(Now average)"
939571,"Growing travelers
(Now average)"
912940,Low-travel individuals
797704,"Gained customers
(Now traveling average)"
168290,"Formers Points accumulator
(2020)"
856496,"Gained customers
(Now traveling average)"
491907,"Points accumulator currently
(2021)"
447771,"Points accumulator currently
(2021)"
849510,"Consistent low travelers
(Use points)"
687533,"Formers Points accumulator
(2020)"
683276,Low-travel individuals
225746,"Formers Points accumulator
(2020)"
379562,"Formers Points accumulator
(2020)"
343139,"Consistent low travelers
(Use points)"
345765,"Stable average travelers
(Loyal)"
123525,"Formers Points accumulator
(2020)"
175528,"Points accumulator currently
(2021)"
374967,"Formers Points accumulator
(2020)"
607565,"Formers Points accumulator
(2020)"
749430,"Growing travelers
(Now average)"
902966,"Formers Points accumulator
(2020)"
559111,"Gained customers
(Now traveling average)"
190524,"Formers Points accumulator
(2020)"
266561,Low-travel individuals
563086,"Points accumulator currently
(2021)"
625033,"Points accumulator currently
(2021)"
643300,"Points accumulator currently
(2021)"
353369,Low-travel individuals
309456,"Points accumulator currently
(2021)"
923959,"Points accumulator currently
(2021)"
651097,"Stable average travelers
(Loyal)"
570299,"Stable average travelers
(Loyal)"
258296,"Lost custumers
(Traveled more before)"
710029,"Consistent low travelers
(Use points)"
760424,"Points accumulator currently
(2021)"
746031,"Stable average travelers
(Loyal)"
364710,Low-travel individuals
566374,"Consistent low travelers
(Use points)"
333051,Low-travel individuals
642323,"Gained customers
(Now traveling average)"
798869,Low-travel individuals
977244,"Points accumulator currently
(2021)"
801738,"Stable average travelers
(Loyal)"
219139,"Consistent low travelers
(Use points)"
228030,Low-travel individuals
592992,"Consistent low travelers
(Use points)"
179870,"Growing travelers
(Now average)"
592003,"Points accumulator currently
(2021)"
767366,"Lost custumers
(Traveled more before)"
433172,"Formers Points accumulator
(2020)"
697356,"Gained customers
(Now traveling average)"
225318,"Consistent low travelers
(Use points)"
926083,"Consistent low travelers
(Use points)"
240044,"Stable average travelers
(Loyal)"
583327,"Growing travelers
(Now average)"
586944,"Formers Points accumulator
(2020)"
856406,"Gained customers
(Now traveling average)"
946771,"Consistent low travelers
(Use points)"
994044,"Consistent low travelers
(Use points)"
262422,"Points accumulator currently
(2021)"
864485,"Stable average travelers
(Loyal)"
571942,"Points accumulator currently
(2021)"
298853,"Formers Points accumulator
(2020)"
343547,"Points accumulator currently
(2021)"
434922,"Formers Points accumulator
(2020)"
804816,"Lost custumers
(Traveled more before)"
302921,"Points accumulator currently
(2021)"
973897,"Consistent low travelers
(Use points)"
291148,"Stable average travelers
(Loyal)"
302804,"Consistent low travelers
(Use points)"
746853,Low-travel individuals
332780,"Growing travelers
(Now average)"
373204,Low-travel individuals
751270,Low-travel individuals
602384,"Lost custumers
(Traveled more before)"
758432,"Stable average travelers
(Loyal)"
203745,"Formers Points accumulator
(2020)"
156138,"Consistent low travelers
(Use points)"
373950,"Formers Points accumulator
(2020)"
326699,"Stable average travelers
(Loyal)"
854812,"Stable average travelers
(Loyal)"
890232,Low-travel individuals
559619,"Lost custumers
(Traveled more before)"
346205,"Formers Points accumulator
(2020)"
985427,Low-travel individuals
850245,"Gained customers
(Now traveling average)"
915948,"Consistent low travelers
(Use points)"
479015,"Formers Points accumulator
(2020)"
659251,"Points accumulator currently
(2021)"
949829,"Consistent low travelers
(Use points)"
426536,"Consistent low travelers
(Use points)"
621695,"Formers Points accumulator
(2020)"
370090,"Formers Points accumulator
(2020)"
653636,"Points accumulator currently
(2021)"
663514,"Stable average travelers
(Loyal)"
260726,"Points accumulator currently
(2021)"
405339,"Consistent low travelers
(Use points)"
508456,"Gained customers
(Now traveling average)"
576057,"Lost custumers
(Traveled more before)"
614373,"Formers Points accumulator
(2020)"
724272,"Points accumulator currently
(2021)"
582067,Low-travel individuals
628596,"Points accumulator currently
(2021)"
113363,"Growing travelers
(Now average)"
172345,"Lost custumers
(Traveled more before)"
103985,Low-travel individuals
357903,Low-travel individuals
860684,"Formers Points accumulator
(2020)"
531515,"Growing travelers
(Now average)"
653539,"Consistent low travelers
(Use points)"
150134,"Points accumulator currently
(2021)"
316527,"Stable average travelers
(Loyal)"
825464,"Formers Points accumulator
(2020)"
123697,"Points accumulator currently
(2021)"
467151,"Formers Points accumulator
(2020)"
613195,"Consistent low travelers
(Use points)"
976834,Low-travel individuals
136049,Low-travel individuals
173873,"Stable average travelers
(Loyal)"
203973,"Gained customers
(Now traveling average)"
276204,"Growing travelers
(Now average)"
291595,"Growing travelers
(Now average)"
606852,"Points accumulator currently
(2021)"
952532,"Gained customers
(Now traveling average)"
971637,"Points accumulator currently
(2021)"
746772,"Consistent low travelers
(Use points)"
454750,"Points accumulator currently
(2021)"
141139,"Formers Points accumulator
(2020)"
308144,"Growing travelers
(Now average)"
632515,"Gained customers
(Now traveling average)"
840882,"Consistent low travelers
(Use points)"
825315,"Formers Points accumulator
(2020)"
760061,"Points accumulator currently
(2021)"
603005,Low-travel individuals
127289,"Consistent low travelers
(Use points)"
537124,"Formers Points accumulator
(2020)"
849884,"Points accumulator currently
(2021)"
523246,"Points accumulator currently
(2021)"
859972,"Consistent low travelers
(Use points)"
833783,"Stable average travelers
(Loyal)"
779929,"Growing travelers
(Now average)"
196583,"Stable average travelers
(Loyal)"
735627,"Consistent low travelers
(Use points)"
549537,"Consistent low travelers
(Use points)"
461353,"Points accumulator currently
(2021)"
920321,"Stable average travelers
(Loyal)"
185129,"Formers Points accumulator
(2020)"
891097,"Formers Points accumulator
(2020)"
443130,"Points accumulator currently
(2021)"
607480,"Growing travelers
(Now average)"
365421,"Consistent low travelers
(Use points)"
369943,"Stable average travelers
(Loyal)"
727497,"Consistent low travelers
(Use points)"
600792,Low-travel individuals
688691,"Formers Points accumulator
(2020)"
623946,Low-travel individuals
302134,"Points accumulator currently
(2021)"
637765,"Points accumulator currently
(2021)"
647791,"Gained customers
(Now traveling average)"
278987,"Gained customers
(Now traveling average)"
695076,"Consistent low travelers
(Use points)"
384146,Low-travel individuals
456167,"Stable average travelers
(Loyal)"
488303,"Consistent low travelers
(Use points)"
895537,"Growing travelers
(Now average)"
529415,"Formers Points accumulator
(2020)"
591547,"Points accumulator currently
(2021)"
142224,"Points accumulator currently
(2021)"
106689,"Growing travelers
(Now average)"
410341,"Formers Points accumulator
(2020)"
948825,"Formers Points accumulator
(2020)"
525525,"Formers Points accumulator
(2020)"
683699,"Formers Points accumulator
(2020)"
717780,"Consistent low travelers
(Use points)"
546869,"Consistent low travelers
(Use points)"
261423,"Stable average travelers
(Loyal)"
715369,"Formers Points accumulator
(2020)"
173506,"Points accumulator currently
(2021)"
579943,"Consistent low travelers
(Use points)"
174923,"Formers Points accumulator
(2020)"
105074,"Formers Points accumulator
(2020)"
724222,"Consistent low travelers
(Use points)"
327019,Low-travel individuals
451740,"Gained customers
(Now traveling average)"
987482,"Consistent low travelers
(Use points)"
555398,"Formers Points accumulator
(2020)"
778317,"Stable average travelers
(Loyal)"
176848,Low-travel individuals
323735,"Formers Points accumulator
(2020)"
958743,Low-travel individuals
137209,Low-travel individuals
390209,"Formers Points accumulator
(2020)"
286975,"Stable average travelers
(Loyal)"
919832,"Points accumulator currently
(2021)"
387553,"Gained customers
(Now traveling average)"
867801,"Points accumulator currently
(2021)"
609650,"Gained customers
(Now traveling average)"
298535,"Formers Points accumulator
(2020)"
424139,"Formers Points accumulator
(2020)"
459163,"Points accumulator currently
(2021)"
593116,"Formers Points accumulator
(2020)"
668970,Low-travel individuals
707974,"Gained customers
(Now traveling average)"
372522,"Consistent low travelers
(Use points)"
675506,"Gained customers
(Now traveling average)"
816705,"Stable average travelers
(Loyal)"
527067,"Stable average travelers
(Loyal)"
802200,"Points accumulator currently
(2021)"
853421,"Consistent low travelers
(Use points)"
574005,"Gained customers
(Now traveling average)"
377173,"Formers Points accumulator
(2020)"
706792,"Points accumulator currently
(2021)"
346828,"Points accumulator currently
(2021)"
370959,Low-travel individuals
104849,"Formers Points accumulator
(2020)"
339220,"Points accumulator currently
(2021)"
836523,"Points accumulator currently
(2021)"
526579,"Stable average travelers
(Loyal)"
331184,"Growing travelers
(Now average)"
479950,"Points accumulator currently
(2021)"
371368,"Gained customers
(Now traveling average)"
780150,"Stable average travelers
(Loyal)"
849569,Low-travel individuals
684826,"Points accumulator currently
(2021)"
862932,"Growing travelers
(Now average)"
104431,"Points accumulator currently
(2021)"
822723,"Lost custumers
(Traveled more before)"
243018,"Formers Points accumulator
(2020)"
718922,"Formers Points accumulator
(2020)"
472405,"Consistent low travelers
(Use points)"
305100,"Points accumulator currently
(2021)"
648231,Low-travel individuals
810028,"Formers Points accumulator
(2020)"
331857,"Growing travelers
(Now average)"
456117,"Formers Points accumulator
(2020)"
873977,"Points accumulator currently
(2021)"
480872,"Gained customers
(Now traveling average)"
515634,"Gained customers
(Now traveling average)"
249811,"Gained customers
(Now traveling average)"
530214,"Lost custumers
(Traveled more before)"
826230,Low-travel individuals
480203,"Stable average travelers
(Loyal)"
486890,"Formers Points accumulator
(2020)"
190570,"Lost custumers
(Traveled more before)"
273070,"Formers Points accumulator
(2020)"
444748,"Stable average travelers
(Loyal)"
526479,Low-travel individuals
945166,"Points accumulator currently
(2021)"
396996,"Formers Points accumulator
(2020)"
639466,Low-travel individuals
732144,"Formers Points accumulator
(2020)"
998078,"Consistent low travelers
(Use points)"
100140,"Formers Points accumulator
(2020)"
646225,"Formers Points accumulator
(2020)"
279580,"Consistent low travelers
(Use points)"
664771,"Consistent low travelers
(Use points)"
482940,"Stable average travelers
(Loyal)"
662045,"Gained customers
(Now traveling average)"
666877,"Points accumulator currently
(2021)"
444371,"Growing travelers
(Now average)"
512640,"Formers Points accumulator
(2020)"
952026,"Formers Points accumulator
(2020)"
509962,"Consistent low travelers
(Use points)"
950216,"Gained customers
(Now traveling average)"
868719,"Formers Points accumulator
(2020)"
400958,"Formers Points accumulator
(2020)"
641586,"Stable average travelers
(Loyal)"
496403,"Lost custumers
(Traveled more before)"
737755,"Formers Points accumulator
(2020)"
234630,"Formers Points accumulator
(2020)"
641162,Low-travel individuals
614441,"Growing travelers
(Now average)"
652756,"Gained customers
(Now traveling average)"
463882,"Points accumulator currently
(2021)"
904669,"Formers Points accumulator
(2020)"
955666,"Formers Points accumulator
(2020)"
225930,"Consistent low travelers
(Use points)"
574081,"Gained customers
(Now traveling average)"
712521,"Lost custumers
(Traveled more before)"
369867,Low-travel individuals
181377,"Consistent low travelers
(Use points)"
407468,"Consistent low travelers
(Use points)"
882263,"Points accumulator currently
(2021)"
376618,"Points accumulator currently
(2021)"
154644,"Stable average travelers
(Loyal)"
683356,"Consistent low travelers
(Use points)"
753637,"Growing travelers
(Now average)"
923062,"Formers Points accumulator
(2020)"
723969,Low-travel individuals
231084,"Formers Points accumulator
(2020)"
765793,"Consistent low travelers
(Use points)"
562358,Low-travel individuals
550352,"Points accumulator currently
(2021)"
746554,"Points accumulator currently
(2021)"
336541,"Gained customers
(Now traveling average)"
967838,"Points accumulator currently
(2021)"
429471,"Points accumulator currently
(2021)"
544619,"Lost custumers
(Traveled more before)"
829627,"Formers Points accumulator
(2020)"
392713,Low-travel individuals
213086,"Consistent low travelers
(Use points)"
735964,"Points accumulator currently
(2021)"
216596,"Points accumulator currently
(2021)"
887328,"Stable average travelers
(Loyal)"
911585,"Formers Points accumulator
(2020)"
708933,Low-travel individuals
102877,"Formers Points accumulator
(2020)"
546456,"Consistent low travelers
(Use points)"
272148,"Stable average travelers
(Loyal)"
939992,"Growing travelers
(Now average)"
403052,"Gained customers
(Now traveling average)"
931247,"Lost custumers
(Traveled more before)"
466781,"Gained customers
(Now traveling average)"
700225,"Consistent low travelers
(Use points)"
894608,"Stable average travelers
(Loyal)"
140381,"Points accumulator currently
(2021)"
262774,"Consistent low travelers
(Use points)"
315736,"Formers Points accumulator
(2020)"
549064,"Stable average travelers
(Loyal)"
608537,Low-travel individuals
808206,"Formers Points accumulator
(2020)"
813739,"Formers Points accumulator
(2020)"
939683,"Stable average travelers
(Loyal)"
188120,"Consistent low travelers
(Use points)"
117482,"Formers Points accumulator
(2020)"
897229,"Points accumulator currently
(2021)"
889687,"Stable average travelers
(Loyal)"
427976,"Formers Points accumulator
(2020)"
497756,Low-travel individuals
916300,"Consistent low travelers
(Use points)"
294027,"Points accumulator currently
(2021)"
982543,Low-travel individuals
267739,"Stable average travelers
(Loyal)"
535413,"Gained customers
(Now traveling average)"
629706,"Consistent low travelers
(Use points)"
132552,"Gained customers
(Now traveling average)"
336770,"Formers Points accumulator
(2020)"
159486,"Lost custumers
(Traveled more before)"
576345,"Consistent low travelers
(Use points)"
561570,"Consistent low travelers
(Use points)"
573290,"Gained customers
(Now traveling average)"
497891,"Points accumulator currently
(2021)"
755374,"Formers Points accumulator
(2020)"
321762,"Consistent low travelers
(Use points)"
612955,"Consistent low travelers
(Use points)"
260464,"Formers Points accumulator
(2020)"
963595,"Consistent low travelers
(Use points)"
193150,"Points accumulator currently
(2021)"
369416,"Growing travelers
(Now average)"
888506,"Consistent low travelers
(Use points)"
410790,"Points accumulator currently
(2021)"
865401,"Stable average travelers
(Loyal)"
894099,"Growing travelers
(Now average)"
797158,"Points accumulator currently
(2021)"
918272,"Points accumulator currently
(2021)"
297684,"Points accumulator currently
(2021)"
687186,"Points accumulator currently
(2021)"
458614,"Consistent low travelers
(Use points)"
231013,"Points accumulator currently
(2021)"
277884,"Gained customers
(Now traveling average)"
452873,"Consistent low travelers
(Use points)"
465741,"Consistent low travelers
(Use points)"
515860,"Consistent low travelers
(Use points)"
777549,"Stable average travelers
(Loyal)"
916358,"Gained customers
(Now traveling average)"
100102,"Points accumulator currently
(2021)"
977693,Low-travel individuals
675516,"Formers Points accumulator
(2020)"
751823,"Stable average travelers
(Loyal)"
375683,"Consistent low travelers
(Use points)"
631406,"Growing travelers
(Now average)"
864161,"Points accumulator currently
(2021)"
976423,"Formers Points accumulator
(2020)"
959280,"Formers Points accumulator
(2020)"
531619,"Stable average travelers
(Loyal)"
728563,"Gained customers
(Now traveling average)"
552016,"Formers Points accumulator
(2020)"
982296,"Formers Points accumulator
(2020)"
113874,"Gained customers
(Now traveling average)"
562404,"Consistent low travelers
(Use points)"
135841,"Stable average travelers
(Loyal)"
926611,"Formers Points accumulator
(2020)"
426958,"Points accumulator currently
(2021)"
442479,"Formers Points accumulator
(2020)"
870687,"Consistent low travelers
(Use points)"
569347,"Points accumulator currently
(2021)"
831860,"Stable average travelers
(Loyal)"
465729,"Stable average travelers
(Loyal)"
240963,"Consistent low travelers
(Use points)"
336831,Low-travel individuals
942083,"Formers Points accumulator
(2020)"
851549,"Consistent low travelers
(Use points)"
333207,"Growing travelers
(Now average)"
677560,"Points accumulator currently
(2021)"
757420,"Points accumulator currently
(2021)"
347634,"Consistent low travelers
(Use points)"
421752,Low-travel individuals
663416,"Stable average travelers
(Loyal)"
221813,"Points accumulator currently
(2021)"
747187,"Consistent low travelers
(Use points)"
283980,"Consistent low travelers
(Use points)"
487212,"Formers Points accumulator
(2020)"
288612,Low-travel individuals
921746,"Lost custumers
(Traveled more before)"
835440,"Lost custumers
(Traveled more before)"
700207,"Points accumulator currently
(2021)"
747668,"Points accumulator currently
(2021)"
203607,"Gained customers
(Now traveling average)"
260245,"Stable average travelers
(Loyal)"
417904,"Consistent low travelers
(Use points)"
973059,Low-travel individuals
459563,"Stable average travelers
(Loyal)"
332289,"Consistent low travelers
(Use points)"
400313,"Points accumulator currently
(2021)"
373886,"Growing travelers
(Now average)"
409908,"Stable average travelers
(Loyal)"
210647,"Stable average travelers
(Loyal)"
904602,"Consistent low travelers
(Use points)"
346704,"Points accumulator currently
(2021)"
926867,Low-travel individuals
485062,"Consistent low travelers
(Use points)"
635517,Low-travel individuals
906780,"Consistent low travelers
(Use points)"
715255,"Gained customers
(Now traveling average)"
948489,"Consistent low travelers
(Use points)"
478700,"Stable average travelers
(Loyal)"
789052,"Stable average travelers
(Loyal)"
453887,"Formers Points accumulator
(2020)"
991893,"Formers Points accumulator
(2020)"
972648,"Stable average travelers
(Loyal)"
500058,"Lost custumers
(Traveled more before)"
960005,"Points accumulator currently
(2021)"
267020,"Points accumulator currently
(2021)"
283338,"Gained customers
(Now traveling average)"
872234,"Stable average travelers
(Loyal)"
408500,"Points accumulator currently
(2021)"
762259,"Points accumulator currently
(2021)"
804930,"Stable average travelers
(Loyal)"
877008,"Gained customers
(Now traveling average)"
445169,"Points accumulator currently
(2021)"
795492,"Stable average travelers
(Loyal)"
744567,"Formers Points accumulator
(2020)"
651605,"Stable average travelers
(Loyal)"
945379,"Gained customers
(Now traveling average)"
132209,"Stable average travelers
(Loyal)"
826113,Low-travel individuals
682709,"Consistent low travelers
(Use points)"
662164,"Lost custumers
(Traveled more before)"
189854,Low-travel individuals
309727,"Formers Points accumulator
(2020)"
700286,"Gained customers
(Now traveling average)"
859258,"Gained customers
(Now traveling average)"
938603,"Points accumulator currently
(2021)"
744135,"Consistent low travelers
(Use points)"
478050,"Formers Points accumulator
(2020)"
607115,"Points accumulator currently
(2021)"
347212,Low-travel individuals
236710,"Formers Points accumulator
(2020)"
208256,"Formers Points accumulator
(2020)"
224000,"Formers Points accumulator
(2020)"
767331,"Points accumulator currently
(2021)"
844193,"Stable average travelers
(Loyal)"
135279,"Gained customers
(Now traveling average)"
433496,"Formers Points accumulator
(2020)"
604526,"Consistent low travelers
(Use points)"
645081,"Points accumulator currently
(2021)"
932233,"Formers Points accumulator
(2020)"
806598,"Formers Points accumulator
(2020)"
105789,"Formers Points accumulator
(2020)"
158901,"Points accumulator currently
(2021)"
398603,"Stable average travelers
(Loyal)"
287690,"Points accumulator currently
(2021)"
352068,"Formers Points accumulator
(2020)"
418718,"Gained customers
(Now traveling average)"
709499,"Points accumulator currently
(2021)"
336271,"Formers Points accumulator
(2020)"
401834,"Consistent low travelers
(Use points)"
649656,"Points accumulator currently
(2021)"
406099,Low-travel individuals
961427,"Formers Points accumulator
(2020)"
470381,"Formers Points accumulator
(2020)"
728085,"Formers Points accumulator
(2020)"
600651,"Points accumulator currently
(2021)"
164094,"Consistent low travelers
(Use points)"
841631,"Points accumulator currently
(2021)"
561413,"Stable average travelers
(Loyal)"
332225,"Points accumulator currently
(2021)"
170531,"Stable average travelers
(Loyal)"
561873,"Consistent low travelers
(Use points)"
279634,"Consistent low travelers
(Use points)"
694648,Low-travel individuals
491690,"Gained customers
(Now traveling average)"
641164,"Points accumulator currently
(2021)"
247833,Low-travel individuals
464248,"Stable average travelers
(Loyal)"
811471,"Points accumulator currently
(2021)"
569188,"Lost custumers
(Traveled more before)"
434751,"Formers Points accumulator
(2020)"
878510,"Lost custumers
(Traveled more before)"
653542,"Stable average travelers
(Loyal)"
831812,"Lost custumers
(Traveled more before)"
843101,"Points accumulator currently
(2021)"
335306,"Gained customers
(Now traveling average)"
670430,"Points accumulator currently
(2021)"
278932,"Points accumulator currently
(2021)"
561107,"Stable average travelers
(Loyal)"
990905,"Stable average travelers
(Loyal)"
846291,"Stable average travelers
(Loyal)"
578811,"Formers Points accumulator
(2020)"
741677,"Formers Points accumulator
(2020)"
785965,Low-travel individuals
972791,Low-travel individuals
109022,"Consistent low travelers
(Use points)"
904501,"Formers Points accumulator
(2020)"
985266,"Stable average travelers
(Loyal)"
138065,Low-travel individuals
528332,"Stable average travelers
(Loyal)"
603407,"Points accumulator currently
(2021)"
607405,"Growing travelers
(Now average)"
809449,"Points accumulator currently
(2021)"
834615,"Stable average travelers
(Loyal)"
330858,"Formers Points accumulator
(2020)"
504525,"Formers Points accumulator
(2020)"
716360,"Formers Points accumulator
(2020)"
687589,"Points accumulator currently
(2021)"
619268,"Formers Points accumulator
(2020)"
923234,"Stable average travelers
(Loyal)"
138204,"Formers Points accumulator
(2020)"
753306,Low-travel individuals
918326,"Formers Points accumulator
(2020)"
678493,"Formers Points accumulator
(2020)"
781355,"Formers Points accumulator
(2020)"
371737,"Gained customers
(Now traveling average)"
391034,"Consistent low travelers
(Use points)"
273414,"Points accumulator currently
(2021)"
746536,"Stable average travelers
(Loyal)"
864288,"Points accumulator currently
(2021)"
702147,"Gained customers
(Now traveling average)"
724723,"Growing travelers
(Now average)"
772152,"Points accumulator currently
(2021)"
173227,"Gained customers
(Now traveling average)"
413088,"Formers Points accumulator
(2020)"
667293,"Growing travelers
(Now average)"
140290,"Stable average travelers
(Loyal)"
994571,"Formers Points accumulator
(2020)"
575948,"Formers Points accumulator
(2020)"
144641,"Gained customers
(Now traveling average)"
192250,"Consistent low travelers
(Use points)"
940904,Low-travel individuals
195895,"Points accumulator currently
(2021)"
758389,"Stable average travelers
(Loyal)"
870764,"Consistent low travelers
(Use points)"
636533,Low-travel individuals
817245,"Consistent low travelers
(Use points)"
977676,Low-travel individuals
523170,"Stable average travelers
(Loyal)"
239956,"Stable average travelers
(Loyal)"
918807,"Consistent low travelers
(Use points)"
423473,"Gained customers
(Now traveling average)"
702048,"Consistent low travelers
(Use points)"
181830,"Stable average travelers
(Loyal)"
362680,"Stable average travelers
(Loyal)"
347850,"Formers Points accumulator
(2020)"
808498,"Points accumulator currently
(2021)"
450323,"Consistent low travelers
(Use points)"
756481,"Points accumulator currently
(2021)"
930620,Low-travel individuals
442838,"Points accumulator currently
(2021)"
336037,"Gained customers
(Now traveling average)"
479198,"Consistent low travelers
(Use points)"
552441,"Gained customers
(Now traveling average)"
152406,"Points accumulator currently
(2021)"
447925,"Consistent low travelers
(Use points)"
884691,"Points accumulator currently
(2021)"
197608,"Formers Points accumulator
(2020)"
802336,"Growing travelers
(Now average)"
153003,"Consistent low travelers
(Use points)"
199405,"Points accumulator currently
(2021)"
495403,"Stable average travelers
(Loyal)"
156945,"Growing travelers
(Now average)"
783363,"Growing travelers
(Now average)"
443967,"Gained customers
(Now traveling average)"
992985,"Consistent low travelers
(Use points)"
737949,"Points accumulator currently
(2021)"
846046,"Points accumulator currently
(2021)"
379506,"Formers Points accumulator
(2020)"
423941,"Stable average travelers
(Loyal)"
303396,Low-travel individuals
798954,"Stable average travelers
(Loyal)"
493640,"Gained customers
(Now traveling average)"
196367,"Points accumulator currently
(2021)"
573649,"Points accumulator currently
(2021)"
337235,"Formers Points accumulator
(2020)"
706820,"Formers Points accumulator
(2020)"
620406,"Consistent low travelers
(Use points)"
502943,"Consistent low travelers
(Use points)"
473674,Low-travel individuals
624704,"Gained customers
(Now traveling average)"
686769,"Consistent low travelers
(Use points)"
690671,"Stable average travelers
(Loyal)"
733515,Low-travel individuals
841674,"Gained customers
(Now traveling average)"
974041,"Formers Points accumulator
(2020)"
556492,"Gained customers
(Now traveling average)"
820344,Low-travel individuals
235398,"Stable average travelers
(Loyal)"
514632,"Points accumulator currently
(2021)"
581079,"Points accumulator currently
(2021)"
324242,"Stable average travelers
(Loyal)"
669066,"Stable average travelers
(Loyal)"
616956,Low-travel individuals
779882,"Stable average travelers
(Loyal)"
415915,"Points accumulator currently
(2021)"
299454,"Lost custumers
(Traveled more before)"
429354,"Points accumulator currently
(2021)"
708230,"Consistent low travelers
(Use points)"
224664,"Formers Points accumulator
(2020)"
873116,"Stable average travelers
(Loyal)"
701012,"Gained customers
(Now traveling average)"
851563,"Points accumulator currently
(2021)"
977080,"Consistent low travelers
(Use points)"
973060,"Consistent low travelers
(Use points)"
293663,"Lost custumers
(Traveled more before)"
248433,"Formers Points accumulator
(2020)"
314108,"Consistent low travelers
(Use points)"
358201,"Consistent low travelers
(Use points)"
480158,"Points accumulator currently
(2021)"
576658,"Gained customers
(Now traveling average)"
824990,"Points accumulator currently
(2021)"
992002,"Stable average travelers
(Loyal)"
384744,"Stable average travelers
(Loyal)"
808920,"Gained customers
(Now traveling average)"
611356,"Stable average travelers
(Loyal)"
133859,"Formers Points accumulator
(2020)"
212128,"Points accumulator currently
(2021)"
692129,"Gained customers
(Now traveling average)"
855602,"Gained customers
(Now traveling average)"
946998,"Consistent low travelers
(Use points)"
973524,"Formers Points accumulator
(2020)"
316290,"Formers Points accumulator
(2020)"
338838,"Points accumulator currently
(2021)"
413115,"Formers Points accumulator
(2020)"
588789,"Formers Points accumulator
(2020)"
686044,"Formers Points accumulator
(2020)"
820341,"Formers Points accumulator
(2020)"
149655,"Gained customers
(Now traveling average)"
893574,"Growing travelers
(Now average)"
192115,"Growing travelers
(Now average)"
570971,"Gained customers
(Now traveling average)"
548682,"Stable average travelers
(Loyal)"
705806,"Gained customers
(Now traveling average)"
962657,"Stable average travelers
(Loyal)"
139511,"Consistent low travelers
(Use points)"
922000,"Formers Points accumulator
(2020)"
533391,"Gained customers
(Now traveling average)"
681328,"Gained customers
(Now traveling average)"
610684,"Formers Points accumulator
(2020)"
766775,"Consistent low travelers
(Use points)"
998072,"Lost custumers
(Traveled more before)"
327203,Low-travel individuals
570806,"Formers Points accumulator
(2020)"
797992,Low-travel individuals
801368,"Formers Points accumulator
(2020)"
348672,"Formers Points accumulator
(2020)"
438526,"Formers Points accumulator
(2020)"
502946,"Gained customers
(Now traveling average)"
188307,"Consistent low travelers
(Use points)"
215567,"Points accumulator currently
(2021)"
169418,"Gained customers
(Now traveling average)"
376983,Low-travel individuals
801948,Low-travel individuals
546025,"Points accumulator currently
(2021)"
674372,Low-travel individuals
248950,Low-travel individuals
700096,"Formers Points accumulator
(2020)"
815804,"Consistent low travelers
(Use points)"
205087,"Consistent low travelers
(Use points)"
979634,"Formers Points accumulator
(2020)"
546231,"Consistent low travelers
(Use points)"
990918,"Points accumulator currently
(2021)"
967772,"Points accumulator currently
(2021)"
286718,"Consistent low travelers
(Use points)"
404012,Low-travel individuals
949134,"Stable average travelers
(Loyal)"
446403,"Points accumulator currently
(2021)"
822066,"Growing travelers
(Now average)"
375757,"Stable average travelers
(Loyal)"
652816,"Stable average travelers
(Loyal)"
669028,"Formers Points accumulator
(2020)"
503673,"Points accumulator currently
(2021)"
950029,"Formers Points accumulator
(2020)"
511444,"Consistent low travelers
(Use points)"
818995,"Consistent low travelers
(Use points)"
257981,"Points accumulator currently
(2021)"
203293,"Formers Points accumulator
(2020)"
281305,"Consistent low travelers
(Use points)"
136232,"Formers Points accumulator
(2020)"
348475,"Consistent low travelers
(Use points)"
399514,"Lost custumers
(Traveled more before)"
919340,"Points accumulator currently
(2021)"
974330,"Points accumulator currently
(2021)"
895544,"Stable average travelers
(Loyal)"
272893,"Stable average travelers
(Loyal)"
835149,"Growing travelers
(Now average)"
366049,Low-travel individuals
879416,Low-travel individuals
999120,"Consistent low travelers
(Use points)"
521431,"Points accumulator currently
(2021)"
522261,"Consistent low travelers
(Use points)"
454609,Low-travel individuals
707273,"Lost custumers
(Traveled more before)"
331325,"Consistent low travelers
(Use points)"
682528,"Stable average travelers
(Loyal)"
937862,"Consistent low travelers
(Use points)"
488071,"Points accumulator currently
(2021)"
499346,Low-travel individuals
620078,"Gained customers
(Now traveling average)"
757387,"Growing travelers
(Now average)"
786391,"Points accumulator currently
(2021)"
837273,Low-travel individuals
841204,"Points accumulator currently
(2021)"
844348,"Consistent low travelers
(Use points)"
261964,"Formers Points accumulator
(2020)"
712114,"Gained customers
(Now traveling average)"
323593,Low-travel individuals
790341,"Formers Points accumulator
(2020)"
910576,"Stable average travelers
(Loyal)"
132756,"Growing travelers
(Now average)"
246800,"Growing travelers
(Now average)"
298156,Low-travel individuals
375722,"Growing travelers
(Now average)"
411715,Low-travel individuals
532848,"Lost custumers
(Traveled more before)"
816122,Low-travel individuals
894691,"Gained customers
(Now traveling average)"
976695,"Formers Points accumulator
(2020)"
991230,"Stable average travelers
(Loyal)"
383842,"Gained customers
(Now traveling average)"
459948,"Points accumulator currently
(2021)"
664054,"Stable average travelers
(Loyal)"
264409,"Gained customers
(Now traveling average)"
248487,"Stable average travelers
(Loyal)"
507486,"Formers Points accumulator
(2020)"
385638,"Lost custumers
(Traveled more before)"
662166,"Formers Points accumulator
(2020)"
299573,"Formers Points accumulator
(2020)"
839422,"Consistent low travelers
(Use points)"
250609,Low-travel individuals
131673,"Formers Points accumulator
(2020)"
728316,"Lost custumers
(Traveled more before)"
530436,"Points accumulator currently
(2021)"
653340,"Formers Points accumulator
(2020)"
271641,"Gained customers
(Now traveling average)"
745636,"Gained customers
(Now traveling average)"
852597,"Points accumulator currently
(2021)"
724033,"Points accumulator currently
(2021)"
130548,"Stable average travelers
(Loyal)"
198813,"Points accumulator currently
(2021)"
270011,"Consistent low travelers
(Use points)"
344990,"Formers Points accumulator
(2020)"
369121,"Formers Points accumulator
(2020)"
591758,"Points accumulator currently
(2021)"
628320,"Stable average travelers
(Loyal)"
741725,"Lost custumers
(Traveled more before)"
562655,"Consistent low travelers
(Use points)"
164973,"Stable average travelers
(Loyal)"
394363,Low-travel individuals
577195,Low-travel individuals
317060,"Consistent low travelers
(Use points)"
511302,"Formers Points accumulator
(2020)"
682654,"Lost custumers
(Traveled more before)"
365635,"Formers Points accumulator
(2020)"
616739,"Lost custumers
(Traveled more before)"
835760,"Consistent low travelers
(Use points)"
777990,"Consistent low travelers
(Use points)"
867833,"Formers Points accumulator
(2020)"
245419,"Stable average travelers
(Loyal)"
731819,"Stable average travelers
(Loyal)"
296626,"Stable average travelers
(Loyal)"
553954,"Growing travelers
(Now average)"
108381,"Stable average travelers
(Loyal)"
176284,"Consistent low travelers
(Use points)"
510505,"Formers Points accumulator
(2020)"
639258,"Lost custumers
(Traveled more before)"
446135,Low-travel individuals
557138,"Gained customers
(Now traveling average)"
664666,"Consistent low travelers
(Use points)"
675243,"Stable average travelers
(Loyal)"
825333,"Gained customers
(Now traveling average)"
685208,"Formers Points accumulator
(2020)"
787571,"Lost custumers
(Traveled more before)"
339941,"Points accumulator currently
(2021)"
539370,"Formers Points accumulator
(2020)"
547213,"Stable average travelers
(Loyal)"
722538,"Stable average travelers
(Loyal)"
535436,"Growing travelers
(Now average)"
885739,"Consistent low travelers
(Use points)"
297379,"Consistent low travelers
(Use points)"
921899,"Stable average travelers
(Loyal)"
511541,"Growing travelers
(Now average)"
122685,"Formers Points accumulator
(2020)"
401760,"Formers Points accumulator
(2020)"
247514,"Consistent low travelers
(Use points)"
992028,"Formers Points accumulator
(2020)"
782078,"Gained customers
(Now traveling average)"
710005,"Consistent low travelers
(Use points)"
546163,"Gained customers
(Now traveling average)"
838283,"Stable average travelers
(Loyal)"
281737,"Gained customers
(Now traveling average)"
344669,Low-travel individuals
128325,"Gained customers
(Now traveling average)"
146400,"Gained customers
(Now traveling average)"
855394,"Gained customers
(Now traveling average)"
573964,"Points accumulator currently
(2021)"
369739,"Stable average travelers
(Loyal)"
667262,"Formers Points accumulator
(2020)"
758656,"Lost custumers
(Traveled more before)"
286927,"Consistent low travelers
(Use points)"
552278,"Formers Points accumulator
(2020)"
632130,"Stable average travelers
(Loyal)"
789624,"Points accumulator currently
(2021)"
706497,"Points accumulator currently
(2021)"
963487,"Stable average travelers
(Loyal)"
343247,Low-travel individuals
657748,"Consistent low travelers
(Use points)"
186295,"Points accumulator currently
(2021)"
112733,"Stable average travelers
(Loyal)"
781647,"Points accumulator currently
(2021)"
157771,"Lost custumers
(Traveled more before)"
103860,"Formers Points accumulator
(2020)"
538341,"Formers Points accumulator
(2020)"
672255,Low-travel individuals
991529,"Stable average travelers
(Loyal)"
363178,"Lost custumers
(Traveled more before)"
529471,"Stable average travelers
(Loyal)"
549404,"Gained customers
(Now traveling average)"
874984,"Points accumulator currently
(2021)"
170079,"Stable average travelers
(Loyal)"
467401,"Gained customers
(Now traveling average)"
803656,"Growing travelers
(Now average)"
495148,"Points accumulator currently
(2021)"
965254,"Gained customers
(Now traveling average)"
286551,"Formers Points accumulator
(2020)"
123908,"Consistent low travelers
(Use points)"
289472,"Growing travelers
(Now average)"
692628,"Consistent low travelers
(Use points)"
803956,"Stable average travelers
(Loyal)"
608850,"Stable average travelers
(Loyal)"
788091,"Stable average travelers
(Loyal)"
110030,"Lost custumers
(Traveled more before)"
307136,"Consistent low travelers
(Use points)"
277025,"Lost custumers
(Traveled more before)"
484894,"Formers Points accumulator
(2020)"
252476,"Consistent low travelers
(Use points)"
512071,"Stable average travelers
(Loyal)"
789004,"Points accumulator currently
(2021)"
948325,"Consistent low travelers
(Use points)"
210416,"Stable average travelers
(Loyal)"
349153,"Formers Points accumulator
(2020)"
328213,"Formers Points accumulator
(2020)"
554104,"Points accumulator currently
(2021)"
260622,"Growing travelers
(Now average)"
692671,"Formers Points accumulator
(2020)"
725807,"Stable average travelers
(Loyal)"
308991,"Stable average travelers
(Loyal)"
330365,"Stable average travelers
(Loyal)"
873488,"Consistent low travelers
(Use points)"
278898,"Stable average travelers
(Loyal)"
597209,"Formers Points accumulator
(2020)"
560104,"Consistent low travelers
(Use points)"
941064,"Points accumulator currently
(2021)"
347466,"Consistent low travelers
(Use points)"
448654,"Consistent low travelers
(Use points)"
423432,"Formers Points accumulator
(2020)"
395168,"Gained customers
(Now traveling average)"
464799,"Gained customers
(Now traveling average)"
600309,"Gained customers
(Now traveling average)"
810338,"Consistent low travelers
(Use points)"
153582,"Gained customers
(Now traveling average)"
349001,"Stable average travelers
(Loyal)"
748649,"Stable average travelers
(Loyal)"
815248,Low-travel individuals
963814,"Stable average travelers
(Loyal)"
999498,"Points accumulator currently
(2021)"
870857,"Formers Points accumulator
(2020)"
640588,"Points accumulator currently
(2021)"
310853,"Formers Points accumulator
(2020)"
579710,"Growing travelers
(Now average)"
426533,"Formers Points accumulator
(2020)"
309277,"Consistent low travelers
(Use points)"
850092,"Growing travelers
(Now average)"
611046,Low-travel individuals
921191,Low-travel individuals
218277,"Stable average travelers
(Loyal)"
232703,"Stable average travelers
(Loyal)"
559261,Low-travel individuals
987425,"Formers Points accumulator
(2020)"
553453,"Growing travelers
(Now average)"
738467,"Stable average travelers
(Loyal)"
862096,"Points accumulator currently
(2021)"
420738,"Points accumulator currently
(2021)"
106978,"Stable average travelers
(Loyal)"
985183,"Points accumulator currently
(2021)"
224740,"Formers Points accumulator
(2020)"
440885,"Consistent low travelers
(Use points)"
590246,"Formers Points accumulator
(2020)"
519984,"Stable average travelers
(Loyal)"
716197,"Gained customers
(Now traveling average)"
413815,"Points accumulator currently
(2021)"
499658,"Consistent low travelers
(Use points)"
213723,"Formers Points accumulator
(2020)"
232203,"Growing travelers
(Now average)"
663746,Low-travel individuals
986143,"Consistent low travelers
(Use points)"
764302,Low-travel individuals
161574,"Points accumulator currently
(2021)"
494899,"Stable average travelers
(Loyal)"
371402,Low-travel individuals
628669,"Points accumulator currently
(2021)"
979639,"Stable average travelers
(Loyal)"
220616,"Formers Points accumulator
(2020)"
840038,"Consistent low travelers
(Use points)"
986288,"Stable average travelers
(Loyal)"
638162,"Consistent low travelers
(Use points)"
642976,"Gained customers
(Now traveling average)"
208649,"Consistent low travelers
(Use points)"
623861,"Points accumulator currently
(2021)"
977037,Low-travel individuals
216269,"Stable average travelers
(Loyal)"
817158,"Formers Points accumulator
(2020)"
937645,"Points accumulator currently
(2021)"
721225,"Points accumulator currently
(2021)"
723978,"Stable average travelers
(Loyal)"
742493,"Points accumulator currently
(2021)"
298232,"Points accumulator currently
(2021)"
348065,"Growing travelers
(Now average)"
967017,"Stable average travelers
(Loyal)"
347276,"Lost custumers
(Traveled more before)"
456887,"Points accumulator currently
(2021)"
506372,"Gained customers
(Now traveling average)"
506749,Low-travel individuals
527773,"Points accumulator currently
(2021)"
605127,"Formers Points accumulator
(2020)"
728837,"Formers Points accumulator
(2020)"
877251,"Stable average travelers
(Loyal)"
820542,"Consistent low travelers
(Use points)"
247247,"Lost custumers
(Traveled more before)"
434136,"Formers Points accumulator
(2020)"
781970,"Formers Points accumulator
(2020)"
737474,"Points accumulator currently
(2021)"
540966,"Consistent low travelers
(Use points)"
470334,"Consistent low travelers
(Use points)"
420434,"Consistent low travelers
(Use points)"
515579,"Lost custumers
(Traveled more before)"
523722,"Consistent low travelers
(Use points)"
617960,"Points accumulator currently
(2021)"
911372,"Points accumulator currently
(2021)"
199021,"Lost custumers
(Traveled more before)"
375890,"Consistent low travelers
(Use points)"
785114,"Gained customers
(Now traveling average)"
875657,"Points accumulator currently
(2021)"
742359,"Gained customers
(Now traveling average)"
877595,"Points accumulator currently
(2021)"
470738,"Formers Points accumulator
(2020)"
219714,"Points accumulator currently
(2021)"
411094,"Points accumulator currently
(2021)"
824917,"Stable average travelers
(Loyal)"
109660,"Stable average travelers
(Loyal)"
202358,"Formers Points accumulator
(2020)"
924132,"Formers Points accumulator
(2020)"
177518,"Stable average travelers
(Loyal)"
304824,"Consistent low travelers
(Use points)"
677322,"Formers Points accumulator
(2020)"
817066,"Stable average travelers
(Loyal)"
237018,"Formers Points accumulator
(2020)"
719576,"Gained customers
(Now traveling average)"
579890,"Formers Points accumulator
(2020)"
855922,"Stable average travelers
(Loyal)"
386790,"Consistent low travelers
(Use points)"
441670,"Lost custumers
(Traveled more before)"
455651,"Stable average travelers
(Loyal)"
488549,"Stable average travelers
(Loyal)"
626542,"Consistent low travelers
(Use points)"
854077,"Consistent low travelers
(Use points)"
854704,"Points accumulator currently
(2021)"
310396,"Stable average travelers
(Loyal)"
319469,"Growing travelers
(Now average)"
957419,"Points accumulator currently
(2021)"
201276,"Consistent low travelers
(Use points)"
949612,Low-travel individuals
765481,"Points accumulator currently
(2021)"
325935,"Points accumulator currently
(2021)"
982969,"Stable average travelers
(Loyal)"
293496,"Points accumulator currently
(2021)"
501552,"Formers Points accumulator
(2020)"
515049,"Stable average travelers
(Loyal)"
641384,"Consistent low travelers
(Use points)"
734801,"Formers Points accumulator
(2020)"
833683,"Points accumulator currently
(2021)"
880849,"Stable average travelers
(Loyal)"
960708,"Points accumulator currently
(2021)"
247607,"Consistent low travelers
(Use points)"
390350,"Points accumulator currently
(2021)"
924089,"Points accumulator currently
(2021)"
410702,"Points accumulator currently
(2021)"
937484,Low-travel individuals
548335,"Points accumulator currently
(2021)"
567805,Low-travel individuals
631801,"Gained customers
(Now traveling average)"
921392,Low-travel individuals
502848,"Formers Points accumulator
(2020)"
195150,"Stable average travelers
(Loyal)"
396997,"Stable average travelers
(Loyal)"
904802,"Lost custumers
(Traveled more before)"
129030,"Points accumulator currently
(2021)"
329039,"Stable average travelers
(Loyal)"
521576,"Points accumulator currently
(2021)"
111329,"Consistent low travelers
(Use points)"
454327,"Consistent low travelers
(Use points)"
747395,"Formers Points accumulator
(2020)"
989816,"Stable average travelers
(Loyal)"
131893,"Points accumulator currently
(2021)"
900894,"Formers Points accumulator
(2020)"
277367,"Consistent low travelers
(Use points)"
807152,"Consistent low travelers
(Use points)"
354464,"Points accumulator currently
(2021)"
359360,"Points accumulator currently
(2021)"
606060,"Growing travelers
(Now average)"
997439,"Stable average travelers
(Loyal)"
113831,"Stable average travelers
(Loyal)"
643854,"Formers Points accumulator
(2020)"
858352,"Consistent low travelers
(Use points)"
133608,"Consistent low travelers
(Use points)"
224924,"Formers Points accumulator
(2020)"
205505,"Formers Points accumulator
(2020)"
305102,"Points accumulator currently
(2021)"
369000,"Stable average travelers
(Loyal)"
837175,"Formers Points accumulator
(2020)"
632638,"Stable average travelers
(Loyal)"
876757,"Growing travelers
(Now average)"
187161,"Lost custumers
(Traveled more before)"
948145,"Consistent low travelers
(Use points)"
133518,"Formers Points accumulator
(2020)"
716750,"Growing travelers
(Now average)"
671368,"Points accumulator currently
(2021)"
877242,"Stable average travelers
(Loyal)"
975613,"Lost custumers
(Traveled more before)"
130419,"Stable average travelers
(Loyal)"
454663,"Stable average travelers
(Loyal)"
523194,"Gained customers
(Now traveling average)"
628211,"Stable average travelers
(Loyal)"
690984,Low-travel individuals
871124,"Formers Points accumulator
(2020)"
890882,Low-travel individuals
311556,"Stable average travelers
(Loyal)"
969732,"Stable average travelers
(Loyal)"
866242,"Formers Points accumulator
(2020)"
821137,"Stable average travelers
(Loyal)"
495787,"Points accumulator currently
(2021)"
836706,"Formers Points accumulator
(2020)"
494284,"Points accumulator currently
(2021)"
156355,"Growing travelers
(Now average)"
521653,"Formers Points accumulator
(2020)"
412203,"Consistent low travelers
(Use points)"
603968,"Growing travelers
(Now average)"
485300,Low-travel individuals
904992,"Gained customers
(Now traveling average)"
213813,"Formers Points accumulator
(2020)"
556982,"Growing travelers
(Now average)"
213113,"Formers Points accumulator
(2020)"
355908,"Formers Points accumulator
(2020)"
138369,"Points accumulator currently
(2021)"
845994,"Consistent low travelers
(Use points)"
811959,Low-travel individuals
568172,"Consistent low travelers
(Use points)"
971670,"Gained customers
(Now traveling average)"
336139,"Formers Points accumulator
(2020)"
750454,"Growing travelers
(Now average)"
655082,"Stable average travelers
(Loyal)"
206773,"Stable average travelers
(Loyal)"
214639,"Points accumulator currently
(2021)"
543456,"Growing travelers
(Now average)"
451711,"Growing travelers
(Now average)"
998934,"Points accumulator currently
(2021)"
795512,"Points accumulator currently
(2021)"
116897,Low-travel individuals
715689,"Growing travelers
(Now average)"
865066,"Gained customers
(Now traveling average)"
305556,Low-travel individuals
970964,"Formers Points accumulator
(2020)"
654941,"Stable average travelers
(Loyal)"
746402,"Stable average travelers
(Loyal)"
460629,"Formers Points accumulator
(2020)"
768354,"Formers Points accumulator
(2020)"
238640,"Gained customers
(Now traveling average)"
745908,"Consistent low travelers
(Use points)"
360537,"Points accumulator currently
(2021)"
679253,"Gained customers
(Now traveling average)"
386825,"Formers Points accumulator
(2020)"
583252,"Growing travelers
(Now average)"
568171,"Consistent low travelers
(Use points)"
885848,"Consistent low travelers
(Use points)"
734938,"Lost custumers
(Traveled more before)"
780973,"Formers Points accumulator
(2020)"
128633,"Points accumulator currently
(2021)"
511588,"Stable average travelers
(Loyal)"
536577,"Points accumulator currently
(2021)"
580068,"Lost custumers
(Traveled more before)"
661088,"Stable average travelers
(Loyal)"
114553,"Stable average travelers
(Loyal)"
736829,"Consistent low travelers
(Use points)"
737940,"Formers Points accumulator
(2020)"
189294,"Gained customers
(Now traveling average)"
349638,"Consistent low travelers
(Use points)"
577386,"Points accumulator currently
(2021)"
504663,"Lost custumers
(Traveled more before)"
756929,"Stable average travelers
(Loyal)"
782485,"Stable average travelers
(Loyal)"
196016,"Points accumulator currently
(2021)"
604077,Low-travel individuals
520137,"Consistent low travelers
(Use points)"
692151,"Points accumulator currently
(2021)"
188033,"Formers Points accumulator
(2020)"
634185,"Points accumulator currently
(2021)"
374881,"Stable average travelers
(Loyal)"
800800,"Gained customers
(Now traveling average)"
676622,"Consistent low travelers
(Use points)"
894175,"Points accumulator currently
(2021)"
492789,"Formers Points accumulator
(2020)"
586164,"Formers Points accumulator
(2020)"
243557,"Consistent low travelers
(Use points)"
422436,"Gained customers
(Now traveling average)"
295884,"Stable average travelers
(Loyal)"
845319,"Points accumulator currently
(2021)"
440618,"Stable average travelers
(Loyal)"
299585,"Points accumulator currently
(2021)"
540796,"Lost custumers
(Traveled more before)"
771872,"Gained customers
(Now traveling average)"
883489,"Consistent low travelers
(Use points)"
945761,Low-travel individuals
958709,"Points accumulator currently
(2021)"
465692,"Growing travelers
(Now average)"
586711,"Formers Points accumulator
(2020)"
555001,"Formers Points accumulator
(2020)"
196442,"Stable average travelers
(Loyal)"
650486,"Formers Points accumulator
(2020)"
830385,"Formers Points accumulator
(2020)"
627485,"Stable average travelers
(Loyal)"
467510,"Lost custumers
(Traveled more before)"
766530,"Stable average travelers
(Loyal)"
131997,"Formers Points accumulator
(2020)"
174669,Low-travel individuals
999891,"Lost custumers
(Traveled more before)"
645566,"Consistent low travelers
(Use points)"
675457,"Points accumulator currently
(2021)"
122858,Low-travel individuals
127946,"Points accumulator currently
(2021)"
474945,"Points accumulator currently
(2021)"
509965,"Points accumulator currently
(2021)"
669812,"Formers Points accumulator
(2020)"
695965,"Gained customers
(Now traveling average)"
925819,"Stable average travelers
(Loyal)"
941865,"Points accumulator currently
(2021)"
793645,"Formers Points accumulator
(2020)"
445839,"Consistent low travelers
(Use points)"
708555,Low-travel individuals
159960,"Formers Points accumulator
(2020)"
963541,"Gained customers
(Now traveling average)"
218383,"Formers Points accumulator
(2020)"
696577,"Consistent low travelers
(Use points)"
602783,"Points accumulator currently
(2021)"
575612,"Points accumulator currently
(2021)"
196467,"Points accumulator currently
(2021)"
838885,"Formers Points accumulator
(2020)"
444022,"Points accumulator currently
(2021)"
838784,"Lost custumers
(Traveled more before)"
701803,"Points accumulator currently
(2021)"
802797,"Stable average travelers
(Loyal)"
832431,"Points accumulator currently
(2021)"
157712,"Formers Points accumulator
(2020)"
381307,"Consistent low travelers
(Use points)"
562661,"Gained customers
(Now traveling average)"
209134,Low-travel individuals
121410,"Stable average travelers
(Loyal)"
668599,"Stable average travelers
(Loyal)"
195419,"Formers Points accumulator
(2020)"
198625,"Points accumulator currently
(2021)"
261426,"Lost custumers
(Traveled more before)"
435049,"Consistent low travelers
(Use points)"
789797,"Stable average travelers
(Loyal)"
898587,"Lost custumers
(Traveled more before)"
122577,"Consistent low travelers
(Use points)"
197320,"Consistent low travelers
(Use points)"
776613,"Stable average travelers
(Loyal)"
249408,"Gained customers
(Now traveling average)"
582929,"Formers Points accumulator
(2020)"
122049,"Points accumulator currently
(2021)"
559362,"Stable average travelers
(Loyal)"
785223,"Points accumulator currently
(2021)"
197514,"Points accumulator currently
(2021)"
539144,"Formers Points accumulator
(2020)"
803586,"Consistent low travelers
(Use points)"
561933,Low-travel individuals
475690,"Consistent low travelers
(Use points)"
744778,"Consistent low travelers
(Use points)"
612060,"Consistent low travelers
(Use points)"
859508,"Gained customers
(Now traveling average)"
261780,"Consistent low travelers
(Use points)"
482938,Low-travel individuals
944093,"Stable average travelers
(Loyal)"
796099,"Stable average travelers
(Loyal)"
807074,Low-travel individuals
530206,"Points accumulator currently
(2021)"
915287,Low-travel individuals
471188,"Consistent low travelers
(Use points)"
454041,"Consistent low travelers
(Use points)"
220806,"Stable average travelers
(Loyal)"
789190,"Consistent low travelers
(Use points)"
925198,Low-travel individuals
984798,"Points accumulator currently
(2021)"
311619,"Growing travelers
(Now average)"
545744,"Consistent low travelers
(Use points)"
438875,"Growing travelers
(Now average)"
898149,"Growing travelers
(Now average)"
537829,Low-travel individuals
747315,"Formers Points accumulator
(2020)"
496759,"Consistent low travelers
(Use points)"
686223,Low-travel individuals
904974,Low-travel individuals
215089,"Stable average travelers
(Loyal)"
437545,"Points accumulator currently
(2021)"
987171,"Consistent low travelers
(Use points)"
152148,"Consistent low travelers
(Use points)"
932363,"Gained customers
(Now traveling average)"
808721,"Consistent low travelers
(Use points)"
155488,"Points accumulator currently
(2021)"
969483,"Growing travelers
(Now average)"
948591,"Gained customers
(Now traveling average)"
548752,"Stable average travelers
(Loyal)"
818567,"Stable average travelers
(Loyal)"
190149,"Formers Points accumulator
(2020)"
563587,"Consistent low travelers
(Use points)"
264107,"Consistent low travelers
(Use points)"
211217,"Points accumulator currently
(2021)"
169857,"Consistent low travelers
(Use points)"
482351,"Gained customers
(Now traveling average)"
793094,"Points accumulator currently
(2021)"
848562,"Stable average travelers
(Loyal)"
330779,"Formers Points accumulator
(2020)"
687962,"Stable average travelers
(Loyal)"
450205,"Growing travelers
(Now average)"
100727,"Stable average travelers
(Loyal)"
363866,"Lost custumers
(Traveled more before)"
743241,"Formers Points accumulator
(2020)"
701645,"Gained customers
(Now traveling average)"
435358,Low-travel individuals
686371,"Gained customers
(Now traveling average)"
464105,"Points accumulator currently
(2021)"
152681,"Points accumulator currently
(2021)"
367492,"Gained customers
(Now traveling average)"
568734,"Consistent low travelers
(Use points)"
883056,Low-travel individuals
352617,"Points accumulator currently
(2021)"
131956,Low-travel individuals
395912,"Formers Points accumulator
(2020)"
572045,"Gained customers
(Now traveling average)"
575030,"Growing travelers
(Now average)"
211715,"Lost custumers
(Traveled more before)"
554761,"Points accumulator currently
(2021)"
566165,"Points accumulator currently
(2021)"
124195,"Gained customers
(Now traveling average)"
400079,"Growing travelers
(Now average)"
946172,"Consistent low travelers
(Use points)"
957901,"Gained customers
(Now traveling average)"
995142,"Formers Points accumulator
(2020)"
157879,"Growing travelers
(Now average)"
441741,"Consistent low travelers
(Use points)"
461354,"Gained customers
(Now traveling average)"
582690,"Formers Points accumulator
(2020)"
751990,"Points accumulator currently
(2021)"
743121,"Formers Points accumulator
(2020)"
773805,"Points accumulator currently
(2021)"
166953,"Consistent low travelers
(Use points)"
235428,"Formers Points accumulator
(2020)"
238556,"Stable average travelers
(Loyal)"
657946,"Gained customers
(Now traveling average)"
839362,"Stable average travelers
(Loyal)"
938719,Low-travel individuals
978130,"Consistent low travelers
(Use points)"
707470,"Consistent low travelers
(Use points)"
950445,"Formers Points accumulator
(2020)"
140768,"Growing travelers
(Now average)"
857845,"Stable average travelers
(Loyal)"
193928,"Points accumulator currently
(2021)"
755070,"Points accumulator currently
(2021)"
801338,"Formers Points accumulator
(2020)"
274354,"Consistent low travelers
(Use points)"
834571,"Consistent low travelers
(Use points)"
206871,"Stable average travelers
(Loyal)"
242789,"Consistent low travelers
(Use points)"
958791,"Formers Points accumulator
(2020)"
134760,"Formers Points accumulator
(2020)"
874612,"Lost custumers
(Traveled more before)"
283290,"Consistent low travelers
(Use points)"
616447,Low-travel individuals
653851,"Growing travelers
(Now average)"
929980,"Stable average travelers
(Loyal)"
810448,"Points accumulator currently
(2021)"
959728,"Gained customers
(Now traveling average)"
515444,Low-travel individuals
953784,"Gained customers
(Now traveling average)"
536186,"Stable average travelers
(Loyal)"
390874,"Points accumulator currently
(2021)"
509909,"Lost custumers
(Traveled more before)"
923560,"Points accumulator currently
(2021)"
421001,"Formers Points accumulator
(2020)"
917610,"Points accumulator currently
(2021)"
285579,"Points accumulator currently
(2021)"
769976,"Lost custumers
(Traveled more before)"
837705,"Points accumulator currently
(2021)"
614164,"Stable average travelers
(Loyal)"
944261,"Formers Points accumulator
(2020)"
432564,"Growing travelers
(Now average)"
653354,"Gained customers
(Now traveling average)"
750162,"Gained customers
(Now traveling average)"
757047,"Stable average travelers
(Loyal)"
808005,"Points accumulator currently
(2021)"
614246,"Points accumulator currently
(2021)"
103731,"Consistent low travelers
(Use points)"
453578,Low-travel individuals
771035,"Stable average travelers
(Loyal)"
893427,"Gained customers
(Now traveling average)"
232609,"Consistent low travelers
(Use points)"
191057,"Lost custumers
(Traveled more before)"
844152,"Consistent low travelers
(Use points)"
460929,"Stable average travelers
(Loyal)"
630209,"Growing travelers
(Now average)"
219043,"Consistent low travelers
(Use points)"
537711,"Stable average travelers
(Loyal)"
122009,"Lost custumers
(Traveled more before)"
453136,"Stable average travelers
(Loyal)"
922188,"Points accumulator currently
(2021)"
780529,Low-travel individuals
721438,"Stable average travelers
(Loyal)"
761015,"Consistent low travelers
(Use points)"
671528,"Points accumulator currently
(2021)"
240500,Low-travel individuals
800220,"Gained customers
(Now traveling average)"
749801,"Points accumulator currently
(2021)"
625434,"Stable average travelers
(Loyal)"
505070,Low-travel individuals
120554,"Consistent low travelers
(Use points)"
962661,"Points accumulator currently
(2021)"
622697,"Growing travelers
(Now average)"
501856,"Stable average travelers
(Loyal)"
893057,"Consistent low travelers
(Use points)"
541163,"Growing travelers
(Now average)"
736615,"Consistent low travelers
(Use points)"
967883,"Formers Points accumulator
(2020)"
248011,"Formers Points accumulator
(2020)"
959137,"Points accumulator currently
(2021)"
591854,"Growing travelers
(Now average)"
346225,"Consistent low travelers
(Use points)"
625318,Low-travel individuals
450150,"Lost custumers
(Traveled more before)"
569315,"Stable average travelers
(Loyal)"
622036,Low-travel individuals
287343,Low-travel individuals
226842,"Formers Points accumulator
(2020)"
802084,Low-travel individuals
540268,"Growing travelers
(Now average)"
504190,Low-travel individuals
566630,"Points accumulator currently
(2021)"
374639,"Stable average travelers
(Loyal)"
447470,"Points accumulator currently
(2021)"
442306,"Points accumulator currently
(2021)"
901978,"Gained customers
(Now traveling average)"
330040,"Points accumulator currently
(2021)"
899009,"Stable average travelers
(Loyal)"
988510,"Stable average travelers
(Loyal)"
124355,"Consistent low travelers
(Use points)"
429557,"Formers Points accumulator
(2020)"
176599,"Formers Points accumulator
(2020)"
550058,"Consistent low travelers
(Use points)"
577872,"Lost custumers
(Traveled more before)"
731696,"Points accumulator currently
(2021)"
773086,"Growing travelers
(Now average)"
713423,"Stable average travelers
(Loyal)"
965154,Low-travel individuals
432938,"Points accumulator currently
(2021)"
757446,"Stable average travelers
(Loyal)"
531293,"Growing travelers
(Now average)"
763132,"Stable average travelers
(Loyal)"
271680,"Points accumulator currently
(2021)"
547575,"Points accumulator currently
(2021)"
845041,"Points accumulator currently
(2021)"
856705,"Formers Points accumulator
(2020)"
532945,"Gained customers
(Now traveling average)"
111584,"Consistent low travelers
(Use points)"
612339,"Formers Points accumulator
(2020)"
720514,"Stable average travelers
(Loyal)"
413426,"Stable average travelers
(Loyal)"
702746,"Points accumulator currently
(2021)"
442458,"Points accumulator currently
(2021)"
513553,"Consistent low travelers
(Use points)"
665645,Low-travel individuals
724378,"Consistent low travelers
(Use points)"
701308,"Points accumulator currently
(2021)"
275762,"Formers Points accumulator
(2020)"
649321,"Growing travelers
(Now average)"
286262,"Consistent low travelers
(Use points)"
391509,"Consistent low travelers
(Use points)"
420490,"Growing travelers
(Now average)"
162167,"Consistent low travelers
(Use points)"
809299,"Growing travelers
(Now average)"
327474,"Gained customers
(Now traveling average)"
274428,"Formers Points accumulator
(2020)"
791342,"Formers Points accumulator
(2020)"
352005,"Points accumulator currently
(2021)"
526164,"Points accumulator currently
(2021)"
898495,"Stable average travelers
(Loyal)"
499423,Low-travel individuals
291509,"Formers Points accumulator
(2020)"
472325,"Formers Points accumulator
(2020)"
165484,"Points accumulator currently
(2021)"
730088,"Formers Points accumulator
(2020)"
759311,"Formers Points accumulator
(2020)"
682813,"Stable average travelers
(Loyal)"
206119,"Consistent low travelers
(Use points)"
933552,"Gained customers
(Now traveling average)"
522788,Low-travel individuals
547699,"Stable average travelers
(Loyal)"
286182,Low-travel individuals
980837,"Gained customers
(Now traveling average)"
858341,"Formers Points accumulator
(2020)"
266284,"Points accumulator currently
(2021)"
454630,"Points accumulator currently
(2021)"
580169,"Growing travelers
(Now average)"
818616,"Stable average travelers
(Loyal)"
439092,"Gained customers
(Now traveling average)"
808392,"Formers Points accumulator
(2020)"
834726,"Points accumulator currently
(2021)"
465842,"Growing travelers
(Now average)"
837031,"Formers Points accumulator
(2020)"
367751,"Consistent low travelers
(Use points)"
136020,"Formers Points accumulator
(2020)"
191150,Low-travel individuals
256188,"Gained customers
(Now traveling average)"
495286,"Growing travelers
(Now average)"
939521,Low-travel individuals
783604,"Points accumulator currently
(2021)"
453654,"Consistent low travelers
(Use points)"
271297,Low-travel individuals
600914,"Stable average travelers
(Loyal)"
847771,"Consistent low travelers
(Use points)"
663521,"Points accumulator currently
(2021)"
900795,"Points accumulator currently
(2021)"
559007,"Formers Points accumulator
(2020)"
515656,"Points accumulator currently
(2021)"
612019,"Gained customers
(Now traveling average)"
727648,"Consistent low travelers
(Use points)"
817070,"Formers Points accumulator
(2020)"
107466,"Consistent low travelers
(Use points)"
352916,"Consistent low travelers
(Use points)"
692535,"Formers Points accumulator
(2020)"
128572,Low-travel individuals
986551,"Stable average travelers
(Loyal)"
330947,"Gained customers
(Now traveling average)"
568678,"Consistent low travelers
(Use points)"
389146,"Consistent low travelers
(Use points)"
787086,"Gained customers
(Now traveling average)"
676406,"Consistent low travelers
(Use points)"
401859,"Consistent low travelers
(Use points)"
371422,"Gained customers
(Now traveling average)"
492226,"Gained customers
(Now traveling average)"
842527,"Formers Points accumulator
(2020)"
789465,"Gained customers
(Now traveling average)"
653259,"Points accumulator currently
(2021)"
161414,"Growing travelers
(Now average)"
391557,"Gained customers
(Now traveling average)"
787416,"Stable average travelers
(Loyal)"
845435,"Points accumulator currently
(2021)"
992854,"Formers Points accumulator
(2020)"
293676,"Points accumulator currently
(2021)"
431586,"Points accumulator currently
(2021)"
202831,"Stable average travelers
(Loyal)"
811022,"Gained customers
(Now traveling average)"
465570,"Points accumulator currently
(2021)"
970152,Low-travel individuals
325268,"Formers Points accumulator
(2020)"
560597,"Gained customers
(Now traveling average)"
976413,"Formers Points accumulator
(2020)"
274117,"Stable average travelers
(Loyal)"
321436,"Stable average travelers
(Loyal)"
116948,"Gained customers
(Now traveling average)"
190716,"Consistent low travelers
(Use points)"
621814,"Formers Points accumulator
(2020)"
779679,"Formers Points accumulator
(2020)"
992886,"Consistent low travelers
(Use points)"
194813,"Growing travelers
(Now average)"
204693,"Consistent low travelers
(Use points)"
877352,"Lost custumers
(Traveled more before)"
957413,"Stable average travelers
(Loyal)"
221254,"Consistent low travelers
(Use points)"
319850,"Points accumulator currently
(2021)"
407305,"Stable average travelers
(Loyal)"
428345,"Gained customers
(Now traveling average)"
466953,"Points accumulator currently
(2021)"
808399,"Stable average travelers
(Loyal)"
107902,"Points accumulator currently
(2021)"
136637,"Stable average travelers
(Loyal)"
847579,"Formers Points accumulator
(2020)"
882025,"Stable average travelers
(Loyal)"
465746,"Stable average travelers
(Loyal)"
615617,"Consistent low travelers
(Use points)"
908580,"Formers Points accumulator
(2020)"
156879,Low-travel individuals
800481,"Formers Points accumulator
(2020)"
914799,"Gained customers
(Now traveling average)"
109399,"Points accumulator currently
(2021)"
577726,"Stable average travelers
(Loyal)"
768078,"Stable average travelers
(Loyal)"
941984,"Growing travelers
(Now average)"
894436,"Points accumulator currently
(2021)"
643605,"Points accumulator currently
(2021)"
237651,"Formers Points accumulator
(2020)"
420488,"Points accumulator currently
(2021)"
568712,"Formers Points accumulator
(2020)"
935876,"Stable average travelers
(Loyal)"
616416,"Formers Points accumulator
(2020)"
888404,Low-travel individuals
101018,"Formers Points accumulator
(2020)"
387971,"Points accumulator currently
(2021)"
395525,"Formers Points accumulator
(2020)"
792873,"Stable average travelers
(Loyal)"
501877,"Consistent low travelers
(Use points)"
436990,"Points accumulator currently
(2021)"
965758,"Growing travelers
(Now average)"
660178,"Stable average travelers
(Loyal)"
904741,"Points accumulator currently
(2021)"
406367,Low-travel individuals
787277,Low-travel individuals
576936,"Points accumulator currently
(2021)"
626767,"Gained customers
(Now traveling average)"
161780,"Gained customers
(Now traveling average)"
974848,Low-travel individuals
363199,"Growing travelers
(Now average)"
516337,"Consistent low travelers
(Use points)"
666301,"Stable average travelers
(Loyal)"
676376,"Stable average travelers
(Loyal)"
202696,"Formers Points accumulator
(2020)"
409174,"Gained customers
(Now traveling average)"
150253,"Points accumulator currently
(2021)"
160927,"Points accumulator currently
(2021)"
793608,Low-travel individuals
515805,"Consistent low travelers
(Use points)"
390974,"Stable average travelers
(Loyal)"
289151,"Formers Points accumulator
(2020)"
445177,"Growing travelers
(Now average)"
542014,"Formers Points accumulator
(2020)"
958767,"Growing travelers
(Now average)"
859957,"Formers Points accumulator
(2020)"
220244,"Stable average travelers
(Loyal)"
387506,"Formers Points accumulator
(2020)"
387121,"Points accumulator currently
(2021)"
173235,"Gained customers
(Now traveling average)"
801882,"Consistent low travelers
(Use points)"
612013,"Lost custumers
(Traveled more before)"
733046,"Growing travelers
(Now average)"
356460,"Points accumulator currently
(2021)"
428604,"Gained customers
(Now traveling average)"
484811,"Gained customers
(Now traveling average)"
947234,"Gained customers
(Now traveling average)"
275049,"Points accumulator currently
(2021)"
770362,"Lost custumers
(Traveled more before)"
129343,"Formers Points accumulator
(2020)"
288369,"Consistent low travelers
(Use points)"
382464,"Formers Points accumulator
(2020)"
890395,"Stable average travelers
(Loyal)"
909677,"Points accumulator currently
(2021)"
650657,"Stable average travelers
(Loyal)"
352026,"Lost custumers
(Traveled more before)"
493283,"Stable average travelers
(Loyal)"
610573,"Points accumulator currently
(2021)"
181728,"Consistent low travelers
(Use points)"
253098,"Stable average travelers
(Loyal)"
930848,"Formers Points accumulator
(2020)"
681921,"Points accumulator currently
(2021)"
751824,"Points accumulator currently
(2021)"
505779,"Points accumulator currently
(2021)"
129434,"Stable average travelers
(Loyal)"
501875,"Formers Points accumulator
(2020)"
131228,"Gained customers
(Now traveling average)"
144593,"Formers Points accumulator
(2020)"
958472,"Growing travelers
(Now average)"
226387,"Lost custumers
(Traveled more before)"
423153,"Gained customers
(Now traveling average)"
314742,"Points accumulator currently
(2021)"
345802,"Stable average travelers
(Loyal)"
608326,"Gained customers
(Now traveling average)"
401424,"Lost custumers
(Traveled more before)"
383808,"Points accumulator currently
(2021)"
880505,"Consistent low travelers
(Use points)"
318561,"Stable average travelers
(Loyal)"
174729,"Stable average travelers
(Loyal)"
371675,"Consistent low travelers
(Use points)"
774249,"Lost custumers
(Traveled more before)"
782329,"Formers Points accumulator
(2020)"
640920,"Lost custumers
(Traveled more before)"
947408,"Formers Points accumulator
(2020)"
586199,"Gained customers
(Now traveling average)"
384543,"Formers Points accumulator
(2020)"
182320,"Lost custumers
(Traveled more before)"
279430,"Stable average travelers
(Loyal)"
832367,"Points accumulator currently
(2021)"
465962,"Stable average travelers
(Loyal)"
762272,"Consistent low travelers
(Use points)"
926874,Low-travel individuals
857247,"Formers Points accumulator
(2020)"
719673,"Formers Points accumulator
(2020)"
643117,"Points accumulator currently
(2021)"
440785,"Formers Points accumulator
(2020)"
588980,"Consistent low travelers
(Use points)"
731593,"Stable average travelers
(Loyal)"
700343,"Stable average travelers
(Loyal)"
608508,"Formers Points accumulator
(2020)"
662594,"Points accumulator currently
(2021)"
583539,"Formers Points accumulator
(2020)"
168727,Low-travel individuals
741483,"Formers Points accumulator
(2020)"
526867,Low-travel individuals
432031,"Stable average travelers
(Loyal)"
490806,"Stable average travelers
(Loyal)"
587136,"Lost custumers
(Traveled more before)"
424451,Low-travel individuals
306596,Low-travel individuals
246737,"Stable average travelers
(Loyal)"
256544,"Points accumulator currently
(2021)"
344580,"Gained customers
(Now traveling average)"
534904,"Growing travelers
(Now average)"
713998,"Points accumulator currently
(2021)"
602222,"Points accumulator currently
(2021)"
656027,"Stable average travelers
(Loyal)"
575123,"Points accumulator currently
(2021)"
707869,"Growing travelers
(Now average)"
752688,"Formers Points accumulator
(2020)"
327015,"Points accumulator currently
(2021)"
442868,"Points accumulator currently
(2021)"
681649,"Stable average travelers
(Loyal)"
507189,"Consistent low travelers
(Use points)"
111176,"Formers Points accumulator
(2020)"
893789,"Points accumulator currently
(2021)"
764844,Low-travel individuals
397820,"Formers Points accumulator
(2020)"
898437,"Points accumulator currently
(2021)"
788407,"Formers Points accumulator
(2020)"
310252,"Formers Points accumulator
(2020)"
147700,"Consistent low travelers
(Use points)"
547190,"Stable average travelers
(Loyal)"
654086,"Points accumulator currently
(2021)"
919818,"Formers Points accumulator
(2020)"
763084,"Formers Points accumulator
(2020)"
204237,"Consistent low travelers
(Use points)"
611086,"Points accumulator currently
(2021)"
205367,"Growing travelers
(Now average)"
422245,Low-travel individuals
152139,"Points accumulator currently
(2021)"
278865,"Points accumulator currently
(2021)"
320685,"Formers Points accumulator
(2020)"
459099,"Stable average travelers
(Loyal)"
811619,"Stable average travelers
(Loyal)"
883376,"Gained customers
(Now traveling average)"
733658,"Stable average travelers
(Loyal)"
298829,"Stable average travelers
(Loyal)"
226422,"Stable average travelers
(Loyal)"
314189,Low-travel individuals
436969,"Points accumulator currently
(2021)"
544837,"Points accumulator currently
(2021)"
560936,"Consistent low travelers
(Use points)"
636965,"Points accumulator currently
(2021)"
266516,"Formers Points accumulator
(2020)"
346103,"Stable average travelers
(Loyal)"
778393,"Consistent low travelers
(Use points)"
259700,Low-travel individuals
234588,"Stable average travelers
(Loyal)"
580834,"Consistent low travelers
(Use points)"
733601,Low-travel individuals
402177,Low-travel individuals
959192,"Stable average travelers
(Loyal)"
718031,"Points accumulator currently
(2021)"
187390,"Gained customers
(Now traveling average)"
603587,"Growing travelers
(Now average)"
425717,"Formers Points accumulator
(2020)"
184755,"Gained customers
(Now traveling average)"
222050,Low-travel individuals
472964,"Stable average travelers
(Loyal)"
499027,"Formers Points accumulator
(2020)"
761240,"Stable average travelers
(Loyal)"
885933,"Consistent low travelers
(Use points)"
945199,"Gained customers
(Now traveling average)"
501655,"Stable average travelers
(Loyal)"
530425,"Formers Points accumulator
(2020)"
173252,"Formers Points accumulator
(2020)"
148258,"Formers Points accumulator
(2020)"
140079,"Consistent low travelers
(Use points)"
345615,"Points accumulator currently
(2021)"
996238,"Stable average travelers
(Loyal)"
540751,"Points accumulator currently
(2021)"
798672,"Growing travelers
(Now average)"
929451,"Formers Points accumulator
(2020)"
526316,"Points accumulator currently
(2021)"
913571,"Stable average travelers
(Loyal)"
381065,"Lost custumers
(Traveled more before)"
492883,"Points accumulator currently
(2021)"
656288,"Stable average travelers
(Loyal)"
731373,Low-travel individuals
840262,"Growing travelers
(Now average)"
844641,"Stable average travelers
(Loyal)"
366161,"Gained customers
(Now traveling average)"
611481,"Points accumulator currently
(2021)"
526586,"Stable average travelers
(Loyal)"
202035,Low-travel individuals
112226,"Consistent low travelers
(Use points)"
712362,"Consistent low travelers
(Use points)"
614574,"Gained customers
(Now traveling average)"
198570,Low-travel individuals
415402,"Growing travelers
(Now average)"
749705,"Points accumulator currently
(2021)"
854249,"Formers Points accumulator
(2020)"
981117,"Gained customers
(Now traveling average)"
148570,"Stable average travelers
(Loyal)"
138475,"Points accumulator currently
(2021)"
888417,"Points accumulator currently
(2021)"
307622,"Points accumulator currently
(2021)"
486600,"Points accumulator currently
(2021)"
761403,"Consistent low travelers
(Use points)"
356712,"Consistent low travelers
(Use points)"
432716,"Formers Points accumulator
(2020)"
805008,"Formers Points accumulator
(2020)"
902679,"Stable average travelers
(Loyal)"
924469,"Points accumulator currently
(2021)"
505776,Low-travel individuals
154868,"Gained customers
(Now traveling average)"
722566,"Stable average travelers
(Loyal)"
216573,"Stable average travelers
(Loyal)"
727952,"Gained customers
(Now traveling average)"
323099,"Consistent low travelers
(Use points)"
538042,"Points accumulator currently
(2021)"
601143,"Consistent low travelers
(Use points)"
798871,"Consistent low travelers
(Use points)"
200326,"Consistent low travelers
(Use points)"
992065,Low-travel individuals
718887,"Stable average travelers
(Loyal)"
238647,"Points accumulator currently
(2021)"
757270,"Lost custumers
(Traveled more before)"
924489,"Stable average travelers
(Loyal)"
453165,"Lost custumers
(Traveled more before)"
998972,"Lost custumers
(Traveled more before)"
947635,"Points accumulator currently
(2021)"
249466,"Points accumulator currently
(2021)"
862659,"Lost custumers
(Traveled more before)"
987153,"Consistent low travelers
(Use points)"
985374,"Formers Points accumulator
(2020)"
485282,"Stable average travelers
(Loyal)"
851830,"Growing travelers
(Now average)"
253852,"Consistent low travelers
(Use points)"
958923,"Points accumulator currently
(2021)"
777871,"Points accumulator currently
(2021)"
976623,"Stable average travelers
(Loyal)"
338212,"Points accumulator currently
(2021)"
897387,"Formers Points accumulator
(2020)"
460058,"Growing travelers
(Now average)"
158400,"Consistent low travelers
(Use points)"
662880,"Stable average travelers
(Loyal)"
179489,Low-travel individuals
508501,"Stable average travelers
(Loyal)"
382953,"Stable average travelers
(Loyal)"
845180,"Gained customers
(Now traveling average)"
209357,"Stable average travelers
(Loyal)"
705243,"Points accumulator currently
(2021)"
371580,"Points accumulator currently
(2021)"
173343,"Points accumulator currently
(2021)"
771259,"Consistent low travelers
(Use points)"
404434,"Stable average travelers
(Loyal)"
164226,"Formers Points accumulator
(2020)"
794620,Low-travel individuals
101148,"Consistent low travelers
(Use points)"
442018,"Points accumulator currently
(2021)"
804137,"Formers Points accumulator
(2020)"
743879,"Points accumulator currently
(2021)"
403282,"Gained customers
(Now traveling average)"
203947,"Lost custumers
(Traveled more before)"
360472,"Stable average travelers
(Loyal)"
568798,"Gained customers
(Now traveling average)"
569369,"Points accumulator currently
(2021)"
858961,"Consistent low travelers
(Use points)"
318902,"Points accumulator currently
(2021)"
591367,"Points accumulator currently
(2021)"
747993,"Points accumulator currently
(2021)"
251324,"Points accumulator currently
(2021)"
394946,"Lost custumers
(Traveled more before)"
190529,"Stable average travelers
(Loyal)"
497576,"Gained customers
(Now traveling average)"
331669,"Lost custumers
(Traveled more before)"
488853,"Formers Points accumulator
(2020)"
232755,"Growing travelers
(Now average)"
350001,"Formers Points accumulator
(2020)"
408561,"Stable average travelers
(Loyal)"
426124,"Consistent low travelers
(Use points)"
829476,"Consistent low travelers
(Use points)"
626762,"Growing travelers
(Now average)"
461974,"Growing travelers
(Now average)"
819718,"Points accumulator currently
(2021)"
165260,"Consistent low travelers
(Use points)"
551828,"Stable average travelers
(Loyal)"
853641,"Points accumulator currently
(2021)"
617171,"Stable average travelers
(Loyal)"
487930,"Formers Points accumulator
(2020)"
855050,Low-travel individuals
664112,"Growing travelers
(Now average)"
257301,"Growing travelers
(Now average)"
103823,"Stable average travelers
(Loyal)"
305910,Low-travel individuals
800094,"Formers Points accumulator
(2020)"
498998,"Gained customers
(Now traveling average)"
869283,"Gained customers
(Now traveling average)"
611415,"Stable average travelers
(Loyal)"
763177,"Formers Points accumulator
(2020)"
475634,"Consistent low travelers
(Use points)"
726139,"Stable average travelers
(Loyal)"
782393,"Formers Points accumulator
(2020)"
596153,"Consistent low travelers
(Use points)"
215051,"Gained customers
(Now traveling average)"
579377,"Points accumulator currently
(2021)"
126665,"Points accumulator currently
(2021)"
711490,"Growing travelers
(Now average)"
166955,"Consistent low travelers
(Use points)"
405602,"Points accumulator currently
(2021)"
112709,"Points accumulator currently
(2021)"
163645,"Points accumulator currently
(2021)"
853232,"Lost custumers
(Traveled more before)"
262177,"Formers Points accumulator
(2020)"
273391,"Stable average travelers
(Loyal)"
306869,"Stable average travelers
(Loyal)"
904370,Low-travel individuals
511981,"Lost custumers
(Traveled more before)"
762044,"Consistent low travelers
(Use points)"
255032,"Lost custumers
(Traveled more before)"
419661,Low-travel individuals
319193,"Lost custumers
(Traveled more before)"
713580,"Growing travelers
(Now average)"
542182,"Formers Points accumulator
(2020)"
108346,Low-travel individuals
666608,"Points accumulator currently
(2021)"
324013,"Lost custumers
(Traveled more before)"
374736,"Lost custumers
(Traveled more before)"
883660,"Formers Points accumulator
(2020)"
257369,"Lost custumers
(Traveled more before)"
401060,"Consistent low travelers
(Use points)"
967347,"Gained customers
(Now traveling average)"
979010,"Consistent low travelers
(Use points)"
407238,"Points accumulator currently
(2021)"
705490,"Gained customers
(Now traveling average)"
119519,"Consistent low travelers
(Use points)"
587196,"Lost custumers
(Traveled more before)"
539674,"Stable average travelers
(Loyal)"
602649,"Lost custumers
(Traveled more before)"
570637,"Consistent low travelers
(Use points)"
269154,"Stable average travelers
(Loyal)"
539742,"Formers Points accumulator
(2020)"
585976,Low-travel individuals
666417,"Consistent low travelers
(Use points)"
212604,"Stable average travelers
(Loyal)"
715645,"Consistent low travelers
(Use points)"
133956,"Points accumulator currently
(2021)"
458984,"Stable average travelers
(Loyal)"
803150,"Stable average travelers
(Loyal)"
669978,"Formers Points accumulator
(2020)"
741428,"Gained customers
(Now traveling average)"
942926,"Consistent low travelers
(Use points)"
132320,"Gained customers
(Now traveling average)"
545541,"Formers Points accumulator
(2020)"
397104,"Consistent low travelers
(Use points)"
913949,"Stable average travelers
(Loyal)"
144879,"Points accumulator currently
(2021)"
113694,"Points accumulator currently
(2021)"
895725,"Stable average travelers
(Loyal)"
443970,Low-travel individuals
100642,"Formers Points accumulator
(2020)"
342007,"Consistent low travelers
(Use points)"
643362,"Lost custumers
(Traveled more before)"
936547,"Formers Points accumulator
(2020)"
980414,"Points accumulator currently
(2021)"
335371,"Formers Points accumulator
(2020)"
606455,"Consistent low travelers
(Use points)"
937638,"Consistent low travelers
(Use points)"
307740,"Consistent low travelers
(Use points)"
238753,"Stable average travelers
(Loyal)"
302467,"Consistent low travelers
(Use points)"
573954,"Consistent low travelers
(Use points)"
825490,"Formers Points accumulator
(2020)"
993986,"Consistent low travelers
(Use points)"
342836,"Gained customers
(Now traveling average)"
554487,"Stable average travelers
(Loyal)"
374984,"Points accumulator currently
(2021)"
607993,"Lost custumers
(Traveled more before)"
918478,"Stable average travelers
(Loyal)"
541751,"Growing travelers
(Now average)"
638804,"Growing travelers
(Now average)"
266968,"Formers Points accumulator
(2020)"
210630,"Formers Points accumulator
(2020)"
439696,"Consistent low travelers
(Use points)"
449654,"Stable average travelers
(Loyal)"
615251,"Stable average travelers
(Loyal)"
947099,"Growing travelers
(Now average)"
373771,"Gained customers
(Now traveling average)"
832625,"Consistent low travelers
(Use points)"
153146,"Stable average travelers
(Loyal)"
239027,"Points accumulator currently
(2021)"
792795,"Consistent low travelers
(Use points)"
821043,"Stable average travelers
(Loyal)"
360732,Low-travel individuals
183716,"Points accumulator currently
(2021)"
456716,"Stable average travelers
(Loyal)"
111788,"Stable average travelers
(Loyal)"
452725,"Consistent low travelers
(Use points)"
428853,"Stable average travelers
(Loyal)"
894111,"Formers Points accumulator
(2020)"
410347,"Stable average travelers
(Loyal)"
485674,"Stable average travelers
(Loyal)"
833801,"Points accumulator currently
(2021)"
968671,"Points accumulator currently
(2021)"
240143,"Gained customers
(Now traveling average)"
926250,"Growing travelers
(Now average)"
958059,"Formers Points accumulator
(2020)"
348143,Low-travel individuals
831644,Low-travel individuals
547355,"Growing travelers
(Now average)"
603674,"Points accumulator currently
(2021)"
738204,"Consistent low travelers
(Use points)"
884844,"Points accumulator currently
(2021)"
871739,"Lost custumers
(Traveled more before)"
800571,"Formers Points accumulator
(2020)"
315848,"Formers Points accumulator
(2020)"
847357,"Formers Points accumulator
(2020)"
395511,"Points accumulator currently
(2021)"
387523,"Points accumulator currently
(2021)"
631200,"Consistent low travelers
(Use points)"
324364,"Formers Points accumulator
(2020)"
879601,"Consistent low travelers
(Use points)"
995128,"Stable average travelers
(Loyal)"
617516,"Gained customers
(Now traveling average)"
496675,"Gained customers
(Now traveling average)"
871188,Low-travel individuals
206328,"Consistent low travelers
(Use points)"
303207,"Consistent low travelers
(Use points)"
615854,"Formers Points accumulator
(2020)"
833547,Low-travel individuals
428376,"Consistent low travelers
(Use points)"
383954,"Consistent low travelers
(Use points)"
298681,"Points accumulator currently
(2021)"
597300,"Consistent low travelers
(Use points)"
571603,"Gained customers
(Now traveling average)"
980915,"Points accumulator currently
(2021)"
331995,"Lost custumers
(Traveled more before)"
779977,"Formers Points accumulator
(2020)"
877488,"Points accumulator currently
(2021)"
326703,Low-travel individuals
363864,"Gained customers
(Now traveling average)"
973921,"Growing travelers
(Now average)"
661193,"Formers Points accumulator
(2020)"
824360,"Consistent low travelers
(Use points)"
462279,"Gained customers
(Now traveling average)"
843836,"Growing travelers
(Now average)"
412284,"Growing travelers
(Now average)"
564449,"Consistent low travelers
(Use points)"
999589,"Gained customers
(Now traveling average)"
700356,Low-travel individuals
394078,"Consistent low travelers
(Use points)"
245307,Low-travel individuals
452985,"Lost custumers
(Traveled more before)"
285411,"Formers Points accumulator
(2020)"
322733,"Formers Points accumulator
(2020)"
479278,"Stable average travelers
(Loyal)"
123060,"Formers Points accumulator
(2020)"
980935,"Points accumulator currently
(2021)"
364908,"Formers Points accumulator
(2020)"
610482,"Consistent low travelers
(Use points)"
166475,"Consistent low travelers
(Use points)"
352101,"Formers Points accumulator
(2020)"
387570,"Formers Points accumulator
(2020)"
434621,"Gained customers
(Now traveling average)"
815834,"Formers Points accumulator
(2020)"
294634,"Points accumulator currently
(2021)"
538949,"Gained customers
(Now traveling average)"
674394,"Stable average travelers
(Loyal)"
664737,"Consistent low travelers
(Use points)"
225656,Low-travel individuals
725580,Low-travel individuals
736389,"Consistent low travelers
(Use points)"
719383,"Points accumulator currently
(2021)"
252419,"Consistent low travelers
(Use points)"
471662,"Consistent low travelers
(Use points)"
345841,"Points accumulator currently
(2021)"
421930,"Points accumulator currently
(2021)"
760176,"Points accumulator currently
(2021)"
612510,"Stable average travelers
(Loyal)"
189707,"Growing travelers
(Now average)"
142511,"Growing travelers
(Now average)"
248593,"Stable average travelers
(Loyal)"
419570,"Stable average travelers
(Loyal)"
279221,"Points accumulator currently
(2021)"
650621,"Consistent low travelers
(Use points)"
967032,"Growing travelers
(Now average)"
209675,"Formers Points accumulator
(2020)"
888649,"Formers Points accumulator
(2020)"
466754,"Gained customers
(Now traveling average)"
994763,"Growing travelers
(Now average)"
789444,"Consistent low travelers
(Use points)"
615054,"Consistent low travelers
(Use points)"
324066,Low-travel individuals
834550,"Growing travelers
(Now average)"
335671,"Formers Points accumulator
(2020)"
997741,"Gained customers
(Now traveling average)"
322451,"Formers Points accumulator
(2020)"
967150,"Consistent low travelers
(Use points)"
486956,"Formers Points accumulator
(2020)"
288451,Low-travel individuals
598799,"Points accumulator currently
(2021)"
420508,"Formers Points accumulator
(2020)"
355775,"Growing travelers
(Now average)"
394196,"Gained customers
(Now traveling average)"
718029,"Stable average travelers
(Loyal)"
518061,"Formers Points accumulator
(2020)"
899871,"Stable average travelers
(Loyal)"
995333,"Stable average travelers
(Loyal)"
455866,"Stable average travelers
(Loyal)"
663719,"Growing travelers
(Now average)"
704967,"Points accumulator currently
(2021)"
546796,"Stable average travelers
(Loyal)"
169253,Low-travel individuals
459737,"Points accumulator currently
(2021)"
831424,Low-travel individuals
598364,"Points accumulator currently
(2021)"
351367,"Points accumulator currently
(2021)"
526822,"Stable average travelers
(Loyal)"
504403,"Consistent low travelers
(Use points)"
945485,"Points accumulator currently
(2021)"
373374,"Consistent low travelers
(Use points)"
655039,Low-travel individuals
842641,"Formers Points accumulator
(2020)"
205698,"Consistent low travelers
(Use points)"
348202,"Points accumulator currently
(2021)"
709869,Low-travel individuals
339151,"Formers Points accumulator
(2020)"
438822,"Stable average travelers
(Loyal)"
844125,"Growing travelers
(Now average)"
298817,"Points accumulator currently
(2021)"
273052,"Gained customers
(Now traveling average)"
975298,"Stable average travelers
(Loyal)"
618226,Low-travel individuals
875796,Low-travel individuals
870574,"Points accumulator currently
(2021)"
644251,"Stable average travelers
(Loyal)"
369569,"Formers Points accumulator
(2020)"
300867,Low-travel individuals
244865,"Gained customers
(Now traveling average)"
379629,"Points accumulator currently
(2021)"
332387,"Consistent low travelers
(Use points)"
428452,Low-travel individuals
167795,"Stable average travelers
(Loyal)"
182272,"Formers Points accumulator
(2020)"
262613,"Points accumulator currently
(2021)"
293212,"Formers Points accumulator
(2020)"
567227,"Formers Points accumulator
(2020)"
665890,"Formers Points accumulator
(2020)"
204763,"Points accumulator currently
(2021)"
691259,"Formers Points accumulator
(2020)"
205170,"Formers Points accumulator
(2020)"
462337,"Lost custumers
(Traveled more before)"
677435,"Consistent low travelers
(Use points)"
499132,"Consistent low travelers
(Use points)"
482777,Low-travel individuals
818597,"Points accumulator currently
(2021)"
498632,"Consistent low travelers
(Use points)"
422152,"Stable average travelers
(Loyal)"
644652,"Stable average travelers
(Loyal)"
182749,"Points accumulator currently
(2021)"
602086,"Lost custumers
(Traveled more before)"
209021,"Points accumulator currently
(2021)"
906848,"Stable average travelers
(Loyal)"
593277,"Gained customers
(Now traveling average)"
100364,"Consistent low travelers
(Use points)"
392402,"Points accumulator currently
(2021)"
504545,Low-travel individuals
909020,"Gained customers
(Now traveling average)"
171264,"Formers Points accumulator
(2020)"
273213,"Stable average travelers
(Loyal)"
714825,"Points accumulator currently
(2021)"
363314,"Consistent low travelers
(Use points)"
377288,"Points accumulator currently
(2021)"
439572,"Gained customers
(Now traveling average)"
128007,"Formers Points accumulator
(2020)"
751628,"Growing travelers
(Now average)"
359466,"Points accumulator currently
(2021)"
278822,"Points accumulator currently
(2021)"
260452,"Consistent low travelers
(Use points)"
694828,"Formers Points accumulator
(2020)"
921130,"Formers Points accumulator
(2020)"
926609,"Formers Points accumulator
(2020)"
397787,"Gained customers
(Now traveling average)"
856483,"Gained customers
(Now traveling average)"
653015,"Consistent low travelers
(Use points)"
909238,"Gained customers
(Now traveling average)"
437737,"Points accumulator currently
(2021)"
797398,"Lost custumers
(Traveled more before)"
525129,"Stable average travelers
(Loyal)"
418910,"Points accumulator currently
(2021)"
430413,"Formers Points accumulator
(2020)"
893555,"Lost custumers
(Traveled more before)"
193665,"Points accumulator currently
(2021)"
732009,"Points accumulator currently
(2021)"
792695,"Growing travelers
(Now average)"
851986,"Consistent low travelers
(Use points)"
298869,"Formers Points accumulator
(2020)"
770702,Low-travel individuals
641642,Low-travel individuals
724979,"Lost custumers
(Traveled more before)"
272672,"Points accumulator currently
(2021)"
728818,"Lost custumers
(Traveled more before)"
256821,"Growing travelers
(Now average)"
930489,"Formers Points accumulator
(2020)"
302186,"Formers Points accumulator
(2020)"
313437,"Consistent low travelers
(Use points)"
476371,Low-travel individuals
378827,"Stable average travelers
(Loyal)"
996349,"Consistent low travelers
(Use points)"
176166,"Points accumulator currently
(2021)"
982059,"Formers Points accumulator
(2020)"
300870,"Stable average travelers
(Loyal)"
127241,Low-travel individuals
514652,Low-travel individuals
166938,"Points accumulator currently
(2021)"
840667,"Points accumulator currently
(2021)"
515667,"Stable average travelers
(Loyal)"
534805,Low-travel individuals
581260,"Formers Points accumulator
(2020)"
428843,"Consistent low travelers
(Use points)"
562588,"Growing travelers
(Now average)"
148216,"Gained customers
(Now traveling average)"
741031,"Stable average travelers
(Loyal)"
486933,"Growing travelers
(Now average)"
495942,"Consistent low travelers
(Use points)"
877346,Low-travel individuals
989134,"Formers Points accumulator
(2020)"
533157,"Points accumulator currently
(2021)"
745729,"Stable average travelers
(Loyal)"
366894,"Points accumulator currently
(2021)"
747759,"Consistent low travelers
(Use points)"
492700,"Lost custumers
(Traveled more before)"
701485,"Formers Points accumulator
(2020)"
937127,"Formers Points accumulator
(2020)"
582843,Low-travel individuals
561520,"Growing travelers
(Now average)"
998061,Low-travel individuals
687199,"Formers Points accumulator
(2020)"
598706,"Lost custumers
(Traveled more before)"
892068,"Points accumulator currently
(2021)"
409603,"Growing travelers
(Now average)"
407411,"Points accumulator currently
(2021)"
943425,Low-travel individuals
214995,"Points accumulator currently
(2021)"
545179,"Points accumulator currently
(2021)"
304131,"Consistent low travelers
(Use points)"
346925,"Formers Points accumulator
(2020)"
159500,"Points accumulator currently
(2021)"
516519,"Gained customers
(Now traveling average)"
451391,"Points accumulator currently
(2021)"
412480,Low-travel individuals
482402,"Stable average travelers
(Loyal)"
715817,"Formers Points accumulator
(2020)"
238796,"Growing travelers
(Now average)"
430880,"Formers Points accumulator
(2020)"
766886,"Consistent low travelers
(Use points)"
724414,"Points accumulator currently
(2021)"
341867,"Formers Points accumulator
(2020)"
746807,"Points accumulator currently
(2021)"
807570,"Stable average travelers
(Loyal)"
617008,"Formers Points accumulator
(2020)"
394213,"Lost custumers
(Traveled more before)"
863019,"Stable average travelers
(Loyal)"
961650,"Lost custumers
(Traveled more before)"
701792,"Lost custumers
(Traveled more before)"
389583,"Points accumulator currently
(2021)"
771880,Low-travel individuals
906262,"Growing travelers
(Now average)"
916713,"Formers Points accumulator
(2020)"
290395,"Stable average travelers
(Loyal)"
800433,"Consistent low travelers
(Use points)"
637687,"Growing travelers
(Now average)"
168302,Low-travel individuals
230840,"Consistent low travelers
(Use points)"
375451,"Gained customers
(Now traveling average)"
665773,Low-travel individuals
197113,"Stable average travelers
(Loyal)"
715555,Low-travel individuals
249833,"Gained customers
(Now traveling average)"
667341,"Stable average travelers
(Loyal)"
487359,"Points accumulator currently
(2021)"
460934,"Points accumulator currently
(2021)"
491773,"Points accumulator currently
(2021)"
841369,"Formers Points accumulator
(2020)"
533213,"Lost custumers
(Traveled more before)"
381651,"Points accumulator currently
(2021)"
400600,"Gained customers
(Now traveling average)"
607453,"Stable average travelers
(Loyal)"
943997,"Gained customers
(Now traveling average)"
351029,"Consistent low travelers
(Use points)"
386986,"Stable average travelers
(Loyal)"
817135,Low-travel individuals
314705,"Gained customers
(Now traveling average)"
346598,"Gained customers
(Now traveling average)"
285485,"Gained customers
(Now traveling average)"
203306,"Gained customers
(Now traveling average)"
428020,"Stable average travelers
(Loyal)"
432298,"Stable average travelers
(Loyal)"
375105,"Formers Points accumulator
(2020)"
658861,"Formers Points accumulator
(2020)"
556649,"Formers Points accumulator
(2020)"
583003,"Gained customers
(Now traveling average)"
928942,"Points accumulator currently
(2021)"
327688,"Points accumulator currently
(2021)"
519796,"Formers Points accumulator
(2020)"
560714,"Growing travelers
(Now average)"
215260,"Growing travelers
(Now average)"
720146,"Points accumulator currently
(2021)"
757691,"Points accumulator currently
(2021)"
854709,"Formers Points accumulator
(2020)"
935235,"Points accumulator currently
(2021)"
339819,"Consistent low travelers
(Use points)"
257463,"Growing travelers
(Now average)"
468220,"Stable average travelers
(Loyal)"
498897,"Gained customers
(Now traveling average)"
425567,"Consistent low travelers
(Use points)"
921278,"Formers Points accumulator
(2020)"
372175,"Lost custumers
(Traveled more before)"
284866,"Stable average travelers
(Loyal)"
764889,"Points accumulator currently
(2021)"
172757,"Stable average travelers
(Loyal)"
901550,"Gained customers
(Now traveling average)"
944124,"Stable average travelers
(Loyal)"
535539,"Stable average travelers
(Loyal)"
151010,"Gained customers
(Now traveling average)"
261109,"Stable average travelers
(Loyal)"
332276,"Formers Points accumulator
(2020)"
481076,"Gained customers
(Now traveling average)"
404011,"Consistent low travelers
(Use points)"
438199,"Growing travelers
(Now average)"
159533,Low-travel individuals
777544,"Gained customers
(Now traveling average)"
912539,"Growing travelers
(Now average)"
240365,"Lost custumers
(Traveled more before)"
541040,"Growing travelers
(Now average)"
142925,Low-travel individuals
510224,"Formers Points accumulator
(2020)"
677606,"Stable average travelers
(Loyal)"
678933,"Points accumulator currently
(2021)"
684386,"Points accumulator currently
(2021)"
349767,"Consistent low travelers
(Use points)"
148486,"Growing travelers
(Now average)"
180380,"Stable average travelers
(Loyal)"
151399,"Points accumulator currently
(2021)"
208634,"Points accumulator currently
(2021)"
661487,"Points accumulator currently
(2021)"
892723,"Formers Points accumulator
(2020)"
201292,"Formers Points accumulator
(2020)"
216652,"Gained customers
(Now traveling average)"
114131,"Gained customers
(Now traveling average)"
257880,"Growing travelers
(Now average)"
478127,"Consistent low travelers
(Use points)"
826697,"Lost custumers
(Traveled more before)"
844222,"Lost custumers
(Traveled more before)"
338803,"Gained customers
(Now traveling average)"
136089,"Formers Points accumulator
(2020)"
246117,Low-travel individuals
179585,"Points accumulator currently
(2021)"
789932,"Formers Points accumulator
(2020)"
387307,"Gained customers
(Now traveling average)"
674637,"Consistent low travelers
(Use points)"
777418,"Gained customers
(Now traveling average)"
876083,"Formers Points accumulator
(2020)"
175902,Low-travel individuals
457947,Low-travel individuals
969653,"Lost custumers
(Traveled more before)"
407478,"Lost custumers
(Traveled more before)"
702677,"Consistent low travelers
(Use points)"
432215,"Stable average travelers
(Loyal)"
330515,"Formers Points accumulator
(2020)"
664759,"Gained customers
(Now traveling average)"
693238,"Points accumulator currently
(2021)"
233991,"Consistent low travelers
(Use points)"
142950,"Consistent low travelers
(Use points)"
579283,"Gained customers
(Now traveling average)"
981201,"Consistent low travelers
(Use points)"
874937,Low-travel individuals
448147,"Consistent low travelers
(Use points)"
194200,"Consistent low travelers
(Use points)"
817069,"Gained customers
(Now traveling average)"
776736,"Points accumulator currently
(2021)"
741700,"Consistent low travelers
(Use points)"
380526,"Consistent low travelers
(Use points)"
893909,"Points accumulator currently
(2021)"
394167,"Consistent low travelers
(Use points)"
340467,"Formers Points accumulator
(2020)"
374440,"Stable average travelers
(Loyal)"
828959,"Points accumulator currently
(2021)"
526765,"Stable average travelers
(Loyal)"
478108,"Formers Points accumulator
(2020)"
293222,"Gained customers
(Now traveling average)"
545567,"Stable average travelers
(Loyal)"
289516,"Points accumulator currently
(2021)"
450735,"Gained customers
(Now traveling average)"
686555,"Stable average travelers
(Loyal)"
491948,"Gained customers
(Now traveling average)"
914316,"Stable average travelers
(Loyal)"
453135,"Stable average travelers
(Loyal)"
639626,Low-travel individuals
800357,"Stable average travelers
(Loyal)"
901758,"Consistent low travelers
(Use points)"
362855,"Points accumulator currently
(2021)"
517729,"Points accumulator currently
(2021)"
588657,"Points accumulator currently
(2021)"
275849,"Points accumulator currently
(2021)"
760975,"Growing travelers
(Now average)"
908728,"Points accumulator currently
(2021)"
332082,"Points accumulator currently
(2021)"
738332,"Formers Points accumulator
(2020)"
886764,"Gained customers
(Now traveling average)"
915439,"Consistent low travelers
(Use points)"
993058,"Consistent low travelers
(Use points)"
200960,"Stable average travelers
(Loyal)"
744860,"Lost custumers
(Traveled more before)"
656487,"Stable average travelers
(Loyal)"
441155,"Growing travelers
(Now average)"
680581,"Points accumulator currently
(2021)"
114219,"Points accumulator currently
(2021)"
606712,"Consistent low travelers
(Use points)"
793125,"Gained customers
(Now traveling average)"
132337,"Points accumulator currently
(2021)"
280796,"Formers Points accumulator
(2020)"
564909,"Points accumulator currently
(2021)"
210770,"Points accumulator currently
(2021)"
741842,"Points accumulator currently
(2021)"
674923,"Points accumulator currently
(2021)"
336143,"Stable average travelers
(Loyal)"
801176,"Stable average travelers
(Loyal)"
379281,"Gained customers
(Now traveling average)"
682707,"Growing travelers
(Now average)"
924634,"Formers Points accumulator
(2020)"
750955,"Consistent low travelers
(Use points)"
811140,Low-travel individuals
984824,"Gained customers
(Now traveling average)"
353308,Low-travel individuals
870203,"Formers Points accumulator
(2020)"
967035,"Stable average travelers
(Loyal)"
359446,"Stable average travelers
(Loyal)"
576871,"Consistent low travelers
(Use points)"
821010,"Formers Points accumulator
(2020)"
720465,"Consistent low travelers
(Use points)"
122946,"Consistent low travelers
(Use points)"
474752,"Points accumulator currently
(2021)"
888297,"Consistent low travelers
(Use points)"
286989,"Stable average travelers
(Loyal)"
480675,"Gained customers
(Now traveling average)"
689440,"Gained customers
(Now traveling average)"
154782,Low-travel individuals
830223,"Formers Points accumulator
(2020)"
525188,"Formers Points accumulator
(2020)"
137944,"Consistent low travelers
(Use points)"
197578,"Points accumulator currently
(2021)"
820454,"Consistent low travelers
(Use points)"
472695,"Points accumulator currently
(2021)"
644390,"Formers Points accumulator
(2020)"
878388,"Stable average travelers
(Loyal)"
837526,Low-travel individuals
138908,"Formers Points accumulator
(2020)"
597023,"Formers Points accumulator
(2020)"
618379,"Formers Points accumulator
(2020)"
125059,Low-travel individuals
254860,"Points accumulator currently
(2021)"
405418,"Points accumulator currently
(2021)"
936440,"Points accumulator currently
(2021)"
404233,"Consistent low travelers
(Use points)"
256198,"Gained customers
(Now traveling average)"
110170,"Gained customers
(Now traveling average)"
159942,"Lost custumers
(Traveled more before)"
671639,"Points accumulator currently
(2021)"
873498,"Consistent low travelers
(Use points)"
263612,"Lost custumers
(Traveled more before)"
230240,"Points accumulator currently
(2021)"
319012,"Points accumulator currently
(2021)"
205371,"Points accumulator currently
(2021)"
618886,"Growing travelers
(Now average)"
140674,"Consistent low travelers
(Use points)"
731238,"Points accumulator currently
(2021)"
233768,"Points accumulator currently
(2021)"
461540,Low-travel individuals
918964,Low-travel individuals
950393,"Points accumulator currently
(2021)"
773973,"Points accumulator currently
(2021)"
301784,"Formers Points accumulator
(2020)"
792898,"Points accumulator currently
(2021)"
441442,"Consistent low travelers
(Use points)"
427444,"Gained customers
(Now traveling average)"
223643,Low-travel individuals
229621,"Points accumulator currently
(2021)"
159751,"Stable average travelers
(Loyal)"
618731,"Points accumulator currently
(2021)"
635162,"Lost custumers
(Traveled more before)"
321795,"Consistent low travelers
(Use points)"
423409,"Gained customers
(Now traveling average)"
336809,"Formers Points accumulator
(2020)"
835009,"Points accumulator currently
(2021)"
663062,"Consistent low travelers
(Use points)"
739820,"Consistent low travelers
(Use points)"
254371,"Stable average travelers
(Loyal)"
218545,"Consistent low travelers
(Use points)"
572015,"Formers Points accumulator
(2020)"
367782,Low-travel individuals
699962,"Formers Points accumulator
(2020)"
363967,"Gained customers
(Now traveling average)"
603050,"Lost custumers
(Traveled more before)"
947711,"Stable average travelers
(Loyal)"
170321,"Consistent low travelers
(Use points)"
135257,"Gained customers
(Now traveling average)"
895921,"Points accumulator currently
(2021)"
386607,"Formers Points accumulator
(2020)"
618089,"Gained customers
(Now traveling average)"
218122,"Stable average travelers
(Loyal)"
498932,"Points accumulator currently
(2021)"
533302,"Stable average travelers
(Loyal)"
255740,"Growing travelers
(Now average)"
855383,"Growing travelers
(Now average)"
103699,"Gained customers
(Now traveling average)"
297172,"Growing travelers
(Now average)"
798817,"Consistent low travelers
(Use points)"
810833,"Stable average travelers
(Loyal)"
615945,"Gained customers
(Now traveling average)"
483154,"Consistent low travelers
(Use points)"
305412,"Consistent low travelers
(Use points)"
716785,"Consistent low travelers
(Use points)"
235459,"Points accumulator currently
(2021)"
915147,"Stable average travelers
(Loyal)"
707699,"Stable average travelers
(Loyal)"
978484,"Formers Points accumulator
(2020)"
301744,"Points accumulator currently
(2021)"
955533,Low-travel individuals
730737,"Stable average travelers
(Loyal)"
783791,"Lost custumers
(Traveled more before)"
592064,Low-travel individuals
376863,"Formers Points accumulator
(2020)"
423821,"Points accumulator currently
(2021)"
964789,"Consistent low travelers
(Use points)"
639705,"Stable average travelers
(Loyal)"
781062,"Growing travelers
(Now average)"
580500,"Gained customers
(Now traveling average)"
738652,"Stable average travelers
(Loyal)"
123164,"Points accumulator currently
(2021)"
389804,"Formers Points accumulator
(2020)"
532203,"Stable average travelers
(Loyal)"
581427,"Points accumulator currently
(2021)"
645895,"Points accumulator currently
(2021)"
409951,"Stable average travelers
(Loyal)"
507838,"Formers Points accumulator
(2020)"
614871,Low-travel individuals
509686,"Points accumulator currently
(2021)"
601834,"Formers Points accumulator
(2020)"
381316,"Points accumulator currently
(2021)"
794523,"Points accumulator currently
(2021)"
296887,"Points accumulator currently
(2021)"
935110,"Gained customers
(Now traveling average)"
541358,"Consistent low travelers
(Use points)"
861669,"Gained customers
(Now traveling average)"
558686,"Stable average travelers
(Loyal)"
659011,"Consistent low travelers
(Use points)"
201256,"Growing travelers
(Now average)"
537132,"Points accumulator currently
(2021)"
470989,"Points accumulator currently
(2021)"
858266,"Points accumulator currently
(2021)"
479724,"Points accumulator currently
(2021)"
315527,"Formers Points accumulator
(2020)"
759518,"Growing travelers
(Now average)"
121710,"Stable average travelers
(Loyal)"
489534,"Stable average travelers
(Loyal)"
492973,"Gained customers
(Now traveling average)"
597156,"Gained customers
(Now traveling average)"
678460,"Points accumulator currently
(2021)"
745811,"Points accumulator currently
(2021)"
870045,"Consistent low travelers
(Use points)"
166829,"Growing travelers
(Now average)"
508795,"Gained customers
(Now traveling average)"
327638,Low-travel individuals
899592,"Consistent low travelers
(Use points)"
179075,"Stable average travelers
(Loyal)"
216661,"Stable average travelers
(Loyal)"
345908,"Growing travelers
(Now average)"
312867,"Formers Points accumulator
(2020)"
834453,"Consistent low travelers
(Use points)"
766262,Low-travel individuals
270304,"Growing travelers
(Now average)"
682521,"Lost custumers
(Traveled more before)"
136470,"Consistent low travelers
(Use points)"
309110,"Points accumulator currently
(2021)"
783515,"Lost custumers
(Traveled more before)"
446886,"Lost custumers
(Traveled more before)"
571760,"Points accumulator currently
(2021)"
148865,"Gained customers
(Now traveling average)"
952322,"Formers Points accumulator
(2020)"
954718,"Consistent low travelers
(Use points)"
428305,"Formers Points accumulator
(2020)"
172444,"Points accumulator currently
(2021)"
308176,"Stable average travelers
(Loyal)"
782124,"Stable average travelers
(Loyal)"
194254,"Consistent low travelers
(Use points)"
161769,"Stable average travelers
(Loyal)"
793995,"Stable average travelers
(Loyal)"
747926,"Stable average travelers
(Loyal)"
930562,"Consistent low travelers
(Use points)"
326280,"Stable average travelers
(Loyal)"
834799,"Stable average travelers
(Loyal)"
169697,"Points accumulator currently
(2021)"
263260,"Points accumulator currently
(2021)"
976153,"Formers Points accumulator
(2020)"
724071,"Gained customers
(Now traveling average)"
329281,Low-travel individuals
573505,"Stable average travelers
(Loyal)"
197062,Low-travel individuals
565710,"Stable average travelers
(Loyal)"
257820,Low-travel individuals
179773,"Lost custumers
(Traveled more before)"
771976,Low-travel individuals
698932,"Consistent low travelers
(Use points)"
170311,"Points accumulator currently
(2021)"
897904,"Consistent low travelers
(Use points)"
108857,"Lost custumers
(Traveled more before)"
568205,"Points accumulator currently
(2021)"
410558,"Growing travelers
(Now average)"
848574,"Lost custumers
(Traveled more before)"
590752,"Stable average travelers
(Loyal)"
389551,"Points accumulator currently
(2021)"
430265,"Gained customers
(Now traveling average)"
403507,"Points accumulator currently
(2021)"
974441,"Lost custumers
(Traveled more before)"
415088,"Gained customers
(Now traveling average)"
466813,"Lost custumers
(Traveled more before)"
824906,"Stable average travelers
(Loyal)"
183755,"Formers Points accumulator
(2020)"
695878,"Formers Points accumulator
(2020)"
770968,"Formers Points accumulator
(2020)"
279654,"Stable average travelers
(Loyal)"
631557,"Points accumulator currently
(2021)"
595169,"Stable average travelers
(Loyal)"
750384,"Points accumulator currently
(2021)"
510502,"Points accumulator currently
(2021)"
241436,"Points accumulator currently
(2021)"
523272,"Formers Points accumulator
(2020)"
767907,"Formers Points accumulator
(2020)"
889697,"Formers Points accumulator
(2020)"
408134,"Gained customers
(Now traveling average)"
133324,"Stable average travelers
(Loyal)"
883468,"Lost custumers
(Traveled more before)"
678217,Low-travel individuals
186668,"Consistent low travelers
(Use points)"
491005,"Growing travelers
(Now average)"
266474,"Points accumulator currently
(2021)"
922347,"Gained customers
(Now traveling average)"
368330,"Stable average travelers
(Loyal)"
629753,"Formers Points accumulator
(2020)"
409798,"Consistent low travelers
(Use points)"
949952,"Formers Points accumulator
(2020)"
210339,"Formers Points accumulator
(2020)"
557872,"Points accumulator currently
(2021)"
343706,"Formers Points accumulator
(2020)"
357059,"Stable average travelers
(Loyal)"
901887,"Gained customers
(Now traveling average)"
937250,"Points accumulator currently
(2021)"
871445,"Stable average travelers
(Loyal)"
681250,"Points accumulator currently
(2021)"
418930,"Consistent low travelers
(Use points)"
412024,"Formers Points accumulator
(2020)"
905634,"Consistent low travelers
(Use points)"
299760,"Consistent low travelers
(Use points)"
182534,"Formers Points accumulator
(2020)"
996333,"Formers Points accumulator
(2020)"
953448,"Gained customers
(Now traveling average)"
617099,"Formers Points accumulator
(2020)"
274211,"Consistent low travelers
(Use points)"
318753,"Gained customers
(Now traveling average)"
618830,"Stable average travelers
(Loyal)"
429894,"Consistent low travelers
(Use points)"
253619,"Growing travelers
(Now average)"
147408,Low-travel individuals
633631,"Consistent low travelers
(Use points)"
196892,"Growing travelers
(Now average)"
215869,"Consistent low travelers
(Use points)"
241600,"Stable average travelers
(Loyal)"
665467,"Consistent low travelers
(Use points)"
494263,"Stable average travelers
(Loyal)"
860017,"Formers Points accumulator
(2020)"
275531,"Gained customers
(Now traveling average)"
753141,"Growing travelers
(Now average)"
366467,"Points accumulator currently
(2021)"
995868,Low-travel individuals
278045,Low-travel individuals
359816,"Points accumulator currently
(2021)"
432255,"Stable average travelers
(Loyal)"
235716,"Consistent low travelers
(Use points)"
208368,"Gained customers
(Now traveling average)"
533638,"Formers Points accumulator
(2020)"
750152,"Points accumulator currently
(2021)"
972636,"Points accumulator currently
(2021)"
938516,"Stable average travelers
(Loyal)"
997710,"Lost custumers
(Traveled more before)"
625945,"Points accumulator currently
(2021)"
538760,"Gained customers
(Now traveling average)"
897835,"Points accumulator currently
(2021)"
115505,Low-travel individuals
464970,Low-travel individuals
529140,"Formers Points accumulator
(2020)"
638469,"Stable average travelers
(Loyal)"
698242,"Formers Points accumulator
(2020)"
250540,Low-travel individuals
442014,"Stable average travelers
(Loyal)"
746385,Low-travel individuals
381395,"Stable average travelers
(Loyal)"
740603,"Gained customers
(Now traveling average)"
464720,"Formers Points accumulator
(2020)"
230337,"Gained customers
(Now traveling average)"
441356,"Gained customers
(Now traveling average)"
971609,"Gained customers
(Now traveling average)"
770727,"Lost custumers
(Traveled more before)"
651622,"Formers Points accumulator
(2020)"
858294,"Points accumulator currently
(2021)"
465197,"Consistent low travelers
(Use points)"
105992,"Formers Points accumulator
(2020)"
469404,"Consistent low travelers
(Use points)"
660457,"Consistent low travelers
(Use points)"
333451,"Stable average travelers
(Loyal)"
823789,"Points accumulator currently
(2021)"
722324,"Points accumulator currently
(2021)"
227234,"Growing travelers
(Now average)"
266479,"Gained customers
(Now traveling average)"
301323,"Gained customers
(Now traveling average)"
775573,"Formers Points accumulator
(2020)"
948747,"Points accumulator currently
(2021)"
814490,"Growing travelers
(Now average)"
130497,"Gained customers
(Now traveling average)"
381459,"Formers Points accumulator
(2020)"
871972,"Stable average travelers
(Loyal)"
176480,"Points accumulator currently
(2021)"
838589,"Lost custumers
(Traveled more before)"
433752,"Growing travelers
(Now average)"
709566,"Consistent low travelers
(Use points)"
216109,"Formers Points accumulator
(2020)"
113529,Low-travel individuals
445146,Low-travel individuals
528160,"Consistent low travelers
(Use points)"
497201,"Stable average travelers
(Loyal)"
518582,"Consistent low travelers
(Use points)"
708566,"Points accumulator currently
(2021)"
834063,"Lost custumers
(Traveled more before)"
168349,"Points accumulator currently
(2021)"
128749,Low-travel individuals
121068,"Formers Points accumulator
(2020)"
399101,"Lost custumers
(Traveled more before)"
735266,"Stable average travelers
(Loyal)"
943460,"Stable average travelers
(Loyal)"
932973,"Formers Points accumulator
(2020)"
185509,"Stable average travelers
(Loyal)"
255108,"Points accumulator currently
(2021)"
395384,"Formers Points accumulator
(2020)"
650721,"Growing travelers
(Now average)"
686728,"Gained customers
(Now traveling average)"
859343,"Lost custumers
(Traveled more before)"
948117,"Points accumulator currently
(2021)"
595028,"Stable average travelers
(Loyal)"
963016,"Stable average travelers
(Loyal)"
129914,"Growing travelers
(Now average)"
400486,"Stable average travelers
(Loyal)"
878653,"Points accumulator currently
(2021)"
323154,"Stable average travelers
(Loyal)"
466795,"Growing travelers
(Now average)"
657730,"Lost custumers
(Traveled more before)"
683288,"Lost custumers
(Traveled more before)"
686220,"Stable average travelers
(Loyal)"
831442,"Points accumulator currently
(2021)"
424585,"Lost custumers
(Traveled more before)"
469075,"Consistent low travelers
(Use points)"
723715,Low-travel individuals
249352,"Formers Points accumulator
(2020)"
372824,"Stable average travelers
(Loyal)"
276806,"Gained customers
(Now traveling average)"
128950,"Formers Points accumulator
(2020)"
178461,"Lost custumers
(Traveled more before)"
678967,"Points accumulator currently
(2021)"
854831,"Gained customers
(Now traveling average)"
407798,"Stable average travelers
(Loyal)"
457552,Low-travel individuals
942191,"Gained customers
(Now traveling average)"
552823,"Points accumulator currently
(2021)"
906826,"Formers Points accumulator
(2020)"
817744,"Formers Points accumulator
(2020)"
163615,"Growing travelers
(Now average)"
399065,"Stable average travelers
(Loyal)"
612488,"Stable average travelers
(Loyal)"
644893,"Consistent low travelers
(Use points)"
627670,"Stable average travelers
(Loyal)"
712220,Low-travel individuals
723061,"Stable average travelers
(Loyal)"
621218,"Points accumulator currently
(2021)"
265072,"Stable average travelers
(Loyal)"
402638,"Gained customers
(Now traveling average)"
960913,"Formers Points accumulator
(2020)"
796347,"Formers Points accumulator
(2020)"
688178,"Points accumulator currently
(2021)"
761600,Low-travel individuals
237293,"Formers Points accumulator
(2020)"
880406,"Points accumulator currently
(2021)"
245356,"Points accumulator currently
(2021)"
362736,"Formers Points accumulator
(2020)"
459971,"Points accumulator currently
(2021)"
994541,"Stable average travelers
(Loyal)"
517533,"Stable average travelers
(Loyal)"
667041,"Formers Points accumulator
(2020)"
968090,"Formers Points accumulator
(2020)"
897545,"Gained customers
(Now traveling average)"
866362,"Consistent low travelers
(Use points)"
387584,"Formers Points accumulator
(2020)"
266429,"Lost custumers
(Traveled more before)"
384328,"Points accumulator currently
(2021)"
590393,Low-travel individuals
615989,"Points accumulator currently
(2021)"
351238,"Points accumulator currently
(2021)"
396726,"Consistent low travelers
(Use points)"
795174,"Points accumulator currently
(2021)"
553973,"Stable average travelers
(Loyal)"
512179,"Stable average travelers
(Loyal)"
407032,"Formers Points accumulator
(2020)"
851499,"Gained customers
(Now traveling average)"
434888,"Consistent low travelers
(Use points)"
154606,"Points accumulator currently
(2021)"
172348,"Gained customers
(Now traveling average)"
112842,"Growing travelers
(Now average)"
505204,"Points accumulator currently
(2021)"
491404,"Growing travelers
(Now average)"
493894,"Stable average travelers
(Loyal)"
527244,"Gained customers
(Now traveling average)"
349730,"Stable average travelers
(Loyal)"
397533,"Stable average travelers
(Loyal)"
767058,"Points accumulator currently
(2021)"
458939,"Stable average travelers
(Loyal)"
244538,"Points accumulator currently
(2021)"
681270,"Stable average travelers
(Loyal)"
576736,Low-travel individuals
206680,"Stable average travelers
(Loyal)"
475550,"Points accumulator currently
(2021)"
702257,"Points accumulator currently
(2021)"
921357,"Stable average travelers
(Loyal)"
941621,"Lost custumers
(Traveled more before)"
180321,"Gained customers
(Now traveling average)"
773095,Low-travel individuals
445632,"Formers Points accumulator
(2020)"
658175,"Growing travelers
(Now average)"
568814,"Consistent low travelers
(Use points)"
692275,"Gained customers
(Now traveling average)"
380255,"Consistent low travelers
(Use points)"
463490,"Consistent low travelers
(Use points)"
827334,"Points accumulator currently
(2021)"
506170,"Points accumulator currently
(2021)"
874842,"Gained customers
(Now traveling average)"
519276,"Points accumulator currently
(2021)"
560713,"Points accumulator currently
(2021)"
723672,"Stable average travelers
(Loyal)"
438299,"Growing travelers
(Now average)"
657842,"Gained customers
(Now traveling average)"
231090,"Formers Points accumulator
(2020)"
236874,"Formers Points accumulator
(2020)"
504311,"Stable average travelers
(Loyal)"
289693,"Lost custumers
(Traveled more before)"
775185,"Formers Points accumulator
(2020)"
206366,"Stable average travelers
(Loyal)"
197973,Low-travel individuals
576354,"Stable average travelers
(Loyal)"
590025,"Gained customers
(Now traveling average)"
827819,"Formers Points accumulator
(2020)"
447943,"Points accumulator currently
(2021)"
595334,Low-travel individuals
358039,"Gained customers
(Now traveling average)"
508923,"Consistent low travelers
(Use points)"
239955,"Stable average travelers
(Loyal)"
565351,"Stable average travelers
(Loyal)"
969219,Low-travel individuals
146099,"Gained customers
(Now traveling average)"
312226,"Gained customers
(Now traveling average)"
624980,"Points accumulator currently
(2021)"
785738,"Formers Points accumulator
(2020)"
898438,"Growing travelers
(Now average)"
605874,"Gained customers
(Now traveling average)"
929282,"Points accumulator currently
(2021)"
424688,"Growing travelers
(Now average)"
965688,"Points accumulator currently
(2021)"
140823,"Points accumulator currently
(2021)"
795486,"Consistent low travelers
(Use points)"
920145,"Lost custumers
(Traveled more before)"
119638,"Gained customers
(Now traveling average)"
839579,"Growing travelers
(Now average)"
589074,Low-travel individuals
280879,"Gained customers
(Now traveling average)"
304117,"Consistent low travelers
(Use points)"
520202,"Gained customers
(Now traveling average)"
522285,Low-travel individuals
972121,"Formers Points accumulator
(2020)"
907636,"Points accumulator currently
(2021)"
323249,Low-travel individuals
347013,"Points accumulator currently
(2021)"
378920,"Points accumulator currently
(2021)"
635616,"Stable average travelers
(Loyal)"
559879,"Consistent low travelers
(Use points)"
555831,"Lost custumers
(Traveled more before)"
923201,"Formers Points accumulator
(2020)"
661708,"Gained customers
(Now traveling average)"
134397,"Consistent low travelers
(Use points)"
326988,"Points accumulator currently
(2021)"
788354,"Points accumulator currently
(2021)"
324125,"Consistent low travelers
(Use points)"
489221,"Formers Points accumulator
(2020)"
891696,"Stable average travelers
(Loyal)"
475123,"Stable average travelers
(Loyal)"
781052,"Formers Points accumulator
(2020)"
273478,"Formers Points accumulator
(2020)"
666702,"Lost custumers
(Traveled more before)"
834523,"Points accumulator currently
(2021)"
951624,"Stable average travelers
(Loyal)"
709479,"Lost custumers
(Traveled more before)"
943553,"Stable average travelers
(Loyal)"
106839,"Stable average travelers
(Loyal)"
326418,"Points accumulator currently
(2021)"
723820,"Gained customers
(Now traveling average)"
446302,"Consistent low travelers
(Use points)"
275209,"Consistent low travelers
(Use points)"
129976,"Formers Points accumulator
(2020)"
197096,"Points accumulator currently
(2021)"
160707,"Points accumulator currently
(2021)"
502784,Low-travel individuals
974209,"Consistent low travelers
(Use points)"
244611,"Stable average travelers
(Loyal)"
931244,"Points accumulator currently
(2021)"
778590,"Points accumulator currently
(2021)"
669810,"Stable average travelers
(Loyal)"
400265,"Points accumulator currently
(2021)"
575070,"Formers Points accumulator
(2020)"
734838,"Lost custumers
(Traveled more before)"
371159,"Stable average travelers
(Loyal)"
876254,"Points accumulator currently
(2021)"
252563,"Lost custumers
(Traveled more before)"
233738,"Points accumulator currently
(2021)"
420008,"Stable average travelers
(Loyal)"
132935,"Stable average travelers
(Loyal)"
501602,"Points accumulator currently
(2021)"
438869,"Formers Points accumulator
(2020)"
493350,"Growing travelers
(Now average)"
800878,"Stable average travelers
(Loyal)"
749112,"Stable average travelers
(Loyal)"
966372,"Points accumulator currently
(2021)"
270969,Low-travel individuals
885723,"Formers Points accumulator
(2020)"
372237,"Formers Points accumulator
(2020)"
116207,"Lost custumers
(Traveled more before)"
152014,"Formers Points accumulator
(2020)"
452994,Low-travel individuals
874184,"Formers Points accumulator
(2020)"
562361,Low-travel individuals
497281,"Gained customers
(Now traveling average)"
269297,"Formers Points accumulator
(2020)"
414757,"Points accumulator currently
(2021)"
300945,"Points accumulator currently
(2021)"
115749,"Gained customers
(Now traveling average)"
325382,"Formers Points accumulator
(2020)"
901690,"Points accumulator currently
(2021)"
207220,"Stable average travelers
(Loyal)"
490932,"Stable average travelers
(Loyal)"
159351,"Formers Points accumulator
(2020)"
714757,"Consistent low travelers
(Use points)"
643476,"Gained customers
(Now traveling average)"
755406,"Consistent low travelers
(Use points)"
245440,"Lost custumers
(Traveled more before)"
853266,"Lost custumers
(Traveled more before)"
125919,"Consistent low travelers
(Use points)"
360256,"Growing travelers
(Now average)"
468192,"Points accumulator currently
(2021)"
480502,"Gained customers
(Now traveling average)"
700430,"Stable average travelers
(Loyal)"
828988,"Formers Points accumulator
(2020)"
783928,"Formers Points accumulator
(2020)"
288491,"Stable average travelers
(Loyal)"
985211,"Points accumulator currently
(2021)"
628924,"Points accumulator currently
(2021)"
157672,"Gained customers
(Now traveling average)"
120140,"Formers Points accumulator
(2020)"
713299,"Growing travelers
(Now average)"
888430,Low-travel individuals
892632,"Stable average travelers
(Loyal)"
424917,"Consistent low travelers
(Use points)"
570796,"Points accumulator currently
(2021)"
402706,"Points accumulator currently
(2021)"
557458,"Points accumulator currently
(2021)"
410218,"Points accumulator currently
(2021)"
567261,"Formers Points accumulator
(2020)"
241455,Low-travel individuals
580472,"Consistent low travelers
(Use points)"
522111,"Consistent low travelers
(Use points)"
569720,"Points accumulator currently
(2021)"
277188,"Consistent low travelers
(Use points)"
356812,"Stable average travelers
(Loyal)"
888115,"Points accumulator currently
(2021)"
873468,"Points accumulator currently
(2021)"
117358,Low-travel individuals
118379,"Stable average travelers
(Loyal)"
229210,"Points accumulator currently
(2021)"
963642,"Points accumulator currently
(2021)"
681822,"Formers Points accumulator
(2020)"
193953,"Consistent low travelers
(Use points)"
206284,"Points accumulator currently
(2021)"
299501,"Consistent low travelers
(Use points)"
627778,"Growing travelers
(Now average)"
590727,"Lost custumers
(Traveled more before)"
669501,"Consistent low travelers
(Use points)"
939766,"Consistent low travelers
(Use points)"
971164,"Points accumulator currently
(2021)"
983416,"Points accumulator currently
(2021)"
441113,"Growing travelers
(Now average)"
170656,"Formers Points accumulator
(2020)"
676371,Low-travel individuals
286611,"Gained customers
(Now traveling average)"
713085,"Stable average travelers
(Loyal)"
197509,"Points accumulator currently
(2021)"
264904,Low-travel individuals
469238,Low-travel individuals
891810,"Consistent low travelers
(Use points)"
361707,"Stable average travelers
(Loyal)"
292617,"Stable average travelers
(Loyal)"
853608,"Stable average travelers
(Loyal)"
871287,"Consistent low travelers
(Use points)"
300051,"Points accumulator currently
(2021)"
703505,"Formers Points accumulator
(2020)"
201683,"Formers Points accumulator
(2020)"
324143,"Growing travelers
(Now average)"
126219,"Points accumulator currently
(2021)"
668325,"Consistent low travelers
(Use points)"
712026,"Formers Points accumulator
(2020)"
828918,"Consistent low travelers
(Use points)"
928804,"Points accumulator currently
(2021)"
327910,"Points accumulator currently
(2021)"
553530,"Stable average travelers
(Loyal)"
971627,"Consistent low travelers
(Use points)"
120868,"Formers Points accumulator
(2020)"
163388,"Stable average travelers
(Loyal)"
280659,"Gained customers
(Now traveling average)"
615578,"Points accumulator currently
(2021)"
726735,"Points accumulator currently
(2021)"
473648,Low-travel individuals
183096,"Stable average travelers
(Loyal)"
673492,"Gained customers
(Now traveling average)"
239184,"Stable average travelers
(Loyal)"
674933,"Stable average travelers
(Loyal)"
772381,"Points accumulator currently
(2021)"
319433,"Stable average travelers
(Loyal)"
582429,"Consistent low travelers
(Use points)"
755362,"Consistent low travelers
(Use points)"
553089,"Stable average travelers
(Loyal)"
983968,"Formers Points accumulator
(2020)"
411204,"Stable average travelers
(Loyal)"
347629,"Points accumulator currently
(2021)"
207860,"Growing travelers
(Now average)"
485933,"Stable average travelers
(Loyal)"
548126,"Stable average travelers
(Loyal)"
907934,"Consistent low travelers
(Use points)"
761694,"Consistent low travelers
(Use points)"
601625,"Points accumulator currently
(2021)"
740407,Low-travel individuals
185561,"Points accumulator currently
(2021)"
495912,"Consistent low travelers
(Use points)"
527838,"Points accumulator currently
(2021)"
235709,"Growing travelers
(Now average)"
777351,"Consistent low travelers
(Use points)"
585793,"Points accumulator currently
(2021)"
383147,"Formers Points accumulator
(2020)"
475395,Low-travel individuals
442251,"Gained customers
(Now traveling average)"
690776,"Points accumulator currently
(2021)"
193147,"Points accumulator currently
(2021)"
477787,"Gained customers
(Now traveling average)"
699739,"Formers Points accumulator
(2020)"
102207,"Consistent low travelers
(Use points)"
764578,"Points accumulator currently
(2021)"
570469,"Growing travelers
(Now average)"
466645,Low-travel individuals
890617,"Stable average travelers
(Loyal)"
983199,Low-travel individuals
663513,"Formers Points accumulator
(2020)"
487726,"Points accumulator currently
(2021)"
982501,"Gained customers
(Now traveling average)"
190561,"Growing travelers
(Now average)"
997653,"Lost custumers
(Traveled more before)"
305150,"Points accumulator currently
(2021)"
918053,"Stable average travelers
(Loyal)"
948831,"Formers Points accumulator
(2020)"
726684,"Points accumulator currently
(2021)"
590936,"Points accumulator currently
(2021)"
806348,"Consistent low travelers
(Use points)"
480021,"Lost custumers
(Traveled more before)"
953341,"Stable average travelers
(Loyal)"
682840,"Consistent low travelers
(Use points)"
863809,"Gained customers
(Now traveling average)"
190256,"Points accumulator currently
(2021)"
411272,Low-travel individuals
480389,Low-travel individuals
388624,"Points accumulator currently
(2021)"
367511,"Stable average travelers
(Loyal)"
771667,"Formers Points accumulator
(2020)"
333595,"Stable average travelers
(Loyal)"
891647,"Formers Points accumulator
(2020)"
483623,"Stable average travelers
(Loyal)"
313477,"Consistent low travelers
(Use points)"
399666,"Growing travelers
(Now average)"
813439,"Stable average travelers
(Loyal)"
295533,"Points accumulator currently
(2021)"
829162,"Stable average travelers
(Loyal)"
477598,"Formers Points accumulator
(2020)"
123773,"Stable average travelers
(Loyal)"
352809,"Lost custumers
(Traveled more before)"
513778,"Consistent low travelers
(Use points)"
324662,"Points accumulator currently
(2021)"
394248,"Points accumulator currently
(2021)"
640555,"Consistent low travelers
(Use points)"
286370,"Points accumulator currently
(2021)"
902298,"Points accumulator currently
(2021)"
655480,"Points accumulator currently
(2021)"
975944,"Formers Points accumulator
(2020)"
500115,"Gained customers
(Now traveling average)"
724139,"Stable average travelers
(Loyal)"
983713,"Points accumulator currently
(2021)"
918984,"Points accumulator currently
(2021)"
989478,"Stable average travelers
(Loyal)"
548390,"Gained customers
(Now traveling average)"
861558,"Points accumulator currently
(2021)"
487901,"Points accumulator currently
(2021)"
579684,"Formers Points accumulator
(2020)"
142545,"Formers Points accumulator
(2020)"
141181,"Consistent low travelers
(Use points)"
336127,"Formers Points accumulator
(2020)"
796990,"Gained customers
(Now traveling average)"
513125,"Consistent low travelers
(Use points)"
907015,Low-travel individuals
923336,"Points accumulator currently
(2021)"
915243,"Lost custumers
(Traveled more before)"
434657,"Lost custumers
(Traveled more before)"
142749,"Formers Points accumulator
(2020)"
102168,"Gained customers
(Now traveling average)"
920326,"Formers Points accumulator
(2020)"
775678,Low-travel individuals
356561,"Points accumulator currently
(2021)"
245929,"Consistent low travelers
(Use points)"
932249,"Points accumulator currently
(2021)"
264308,"Formers Points accumulator
(2020)"
320414,"Gained customers
(Now traveling average)"
395639,"Stable average travelers
(Loyal)"
589745,"Stable average travelers
(Loyal)"
986018,"Formers Points accumulator
(2020)"
369658,"Stable average travelers
(Loyal)"
262374,"Stable average travelers
(Loyal)"
252782,"Points accumulator currently
(2021)"
482711,"Stable average travelers
(Loyal)"
486112,"Gained customers
(Now traveling average)"
685608,"Stable average travelers
(Loyal)"
743335,Low-travel individuals
187710,"Stable average travelers
(Loyal)"
847724,"Formers Points accumulator
(2020)"
326724,"Points accumulator currently
(2021)"
466862,"Stable average travelers
(Loyal)"
194694,"Points accumulator currently
(2021)"
456436,"Points accumulator currently
(2021)"
698647,"Consistent low travelers
(Use points)"
566640,"Consistent low travelers
(Use points)"
453034,"Formers Points accumulator
(2020)"
590647,"Formers Points accumulator
(2020)"
684776,"Consistent low travelers
(Use points)"
346090,"Stable average travelers
(Loyal)"
508934,"Consistent low travelers
(Use points)"
885888,"Stable average travelers
(Loyal)"
332716,"Consistent low travelers
(Use points)"
412995,"Growing travelers
(Now average)"
478373,"Points accumulator currently
(2021)"
649487,"Lost custumers
(Traveled more before)"
250422,"Points accumulator currently
(2021)"
872069,Low-travel individuals
501217,Low-travel individuals
875473,"Gained customers
(Now traveling average)"
275933,"Gained customers
(Now traveling average)"
312248,"Formers Points accumulator
(2020)"
923041,"Consistent low travelers
(Use points)"
592485,"Formers Points accumulator
(2020)"
940256,"Formers Points accumulator
(2020)"
185013,"Points accumulator currently
(2021)"
127827,"Consistent low travelers
(Use points)"
566957,"Points accumulator currently
(2021)"
570920,"Points accumulator currently
(2021)"
693528,Low-travel individuals
382739,"Gained customers
(Now traveling average)"
345931,"Points accumulator currently
(2021)"
637927,Low-travel individuals
861191,"Points accumulator currently
(2021)"
769891,"Formers Points accumulator
(2020)"
926175,"Consistent low travelers
(Use points)"
868830,"Lost custumers
(Traveled more before)"
939320,Low-travel individuals
431020,"Stable average travelers
(Loyal)"
693913,"Consistent low travelers
(Use points)"
244721,Low-travel individuals
208329,"Formers Points accumulator
(2020)"
490562,"Growing travelers
(Now average)"
859871,"Gained customers
(Now traveling average)"
888131,Low-travel individuals
452282,"Stable average travelers
(Loyal)"
868926,"Gained customers
(Now traveling average)"
484853,"Points accumulator currently
(2021)"
620674,Low-travel individuals
501165,Low-travel individuals
611464,"Consistent low travelers
(Use points)"
599925,"Consistent low travelers
(Use points)"
992524,"Consistent low travelers
(Use points)"
212977,Low-travel individuals
228673,"Stable average travelers
(Loyal)"
413345,"Points accumulator currently
(2021)"
678603,"Gained customers
(Now traveling average)"
659481,"Growing travelers
(Now average)"
909800,"Growing travelers
(Now average)"
173884,Low-travel individuals
893661,"Growing travelers
(Now average)"
539854,"Lost custumers
(Traveled more before)"
457695,Low-travel individuals
583788,Low-travel individuals
449858,"Stable average travelers
(Loyal)"
595024,"Points accumulator currently
(2021)"
780266,Low-travel individuals
530839,"Consistent low travelers
(Use points)"
527582,"Stable average travelers
(Loyal)"
645927,"Growing travelers
(Now average)"
185808,"Points accumulator currently
(2021)"
428526,"Points accumulator currently
(2021)"
284290,"Stable average travelers
(Loyal)"
649104,"Stable average travelers
(Loyal)"
400030,"Consistent low travelers
(Use points)"
259219,"Gained customers
(Now traveling average)"
148322,"Growing travelers
(Now average)"
164313,"Stable average travelers
(Loyal)"
620084,"Consistent low travelers
(Use points)"
773012,"Stable average travelers
(Loyal)"
312455,"Stable average travelers
(Loyal)"
575573,"Points accumulator currently
(2021)"
855372,"Points accumulator currently
(2021)"
729161,"Growing travelers
(Now average)"
839132,"Gained customers
(Now traveling average)"
177146,"Stable average travelers
(Loyal)"
596297,"Gained customers
(Now traveling average)"
750280,"Stable average travelers
(Loyal)"
967093,"Formers Points accumulator
(2020)"
156750,"Points accumulator currently
(2021)"
425620,Low-travel individuals
979548,"Stable average travelers
(Loyal)"
424983,"Formers Points accumulator
(2020)"
370517,"Stable average travelers
(Loyal)"
779573,"Stable average travelers
(Loyal)"
632399,"Points accumulator currently
(2021)"
141043,Low-travel individuals
323345,"Formers Points accumulator
(2020)"
804534,"Formers Points accumulator
(2020)"
866501,"Gained customers
(Now traveling average)"
284889,"Points accumulator currently
(2021)"
144328,"Growing travelers
(Now average)"
270183,"Lost custumers
(Traveled more before)"
653324,Low-travel individuals
594636,"Gained customers
(Now traveling average)"
621731,"Consistent low travelers
(Use points)"
901780,"Formers Points accumulator
(2020)"
660395,"Stable average travelers
(Loyal)"
319658,"Gained customers
(Now traveling average)"
305572,Low-travel individuals
454145,"Gained customers
(Now traveling average)"
138896,"Stable average travelers
(Loyal)"
163598,"Formers Points accumulator
(2020)"
390435,"Consistent low travelers
(Use points)"
836622,"Growing travelers
(Now average)"
463230,"Stable average travelers
(Loyal)"
967693,"Lost custumers
(Traveled more before)"
820370,"Consistent low travelers
(Use points)"
419953,"Stable average travelers
(Loyal)"
790734,"Points accumulator currently
(2021)"
509474,"Gained customers
(Now traveling average)"
748586,Low-travel individuals
694757,"Stable average travelers
(Loyal)"
741422,"Points accumulator currently
(2021)"
149782,"Stable average travelers
(Loyal)"
525579,"Points accumulator currently
(2021)"
855400,"Stable average travelers
(Loyal)"
584537,"Formers Points accumulator
(2020)"
447401,"Consistent low travelers
(Use points)"
366727,"Lost custumers
(Traveled more before)"
325901,"Gained customers
(Now traveling average)"
621832,"Points accumulator currently
(2021)"
774226,"Consistent low travelers
(Use points)"
831797,"Gained customers
(Now traveling average)"
155763,"Points accumulator currently
(2021)"
274083,"Points accumulator currently
(2021)"
384412,"Gained customers
(Now traveling average)"
414727,"Formers Points accumulator
(2020)"
973860,"Formers Points accumulator
(2020)"
545378,"Stable average travelers
(Loyal)"
180207,"Gained customers
(Now traveling average)"
911089,"Formers Points accumulator
(2020)"
814698,"Gained customers
(Now traveling average)"
369603,"Growing travelers
(Now average)"
747509,"Gained customers
(Now traveling average)"
268842,"Stable average travelers
(Loyal)"
310534,"Formers Points accumulator
(2020)"
743734,"Stable average travelers
(Loyal)"
877730,"Stable average travelers
(Loyal)"
519933,"Stable average travelers
(Loyal)"
557932,"Consistent low travelers
(Use points)"
329730,"Gained customers
(Now traveling average)"
147986,"Lost custumers
(Traveled more before)"
944491,"Lost custumers
(Traveled more before)"
410209,"Consistent low travelers
(Use points)"
622334,"Formers Points accumulator
(2020)"
422276,"Stable average travelers
(Loyal)"
548244,"Formers Points accumulator
(2020)"
283122,"Stable average travelers
(Loyal)"
714536,"Points accumulator currently
(2021)"
720197,"Growing travelers
(Now average)"
662665,"Consistent low travelers
(Use points)"
889796,"Formers Points accumulator
(2020)"
965590,"Points accumulator currently
(2021)"
975466,Low-travel individuals
498989,"Consistent low travelers
(Use points)"
177457,"Stable average travelers
(Loyal)"
645688,"Consistent low travelers
(Use points)"
583175,"Lost custumers
(Traveled more before)"
960082,"Stable average travelers
(Loyal)"
417118,"Stable average travelers
(Loyal)"
314147,"Stable average travelers
(Loyal)"
279967,"Consistent low travelers
(Use points)"
319671,"Points accumulator currently
(2021)"
379038,Low-travel individuals
840481,"Points accumulator currently
(2021)"
412743,Low-travel individuals
806815,"Stable average travelers
(Loyal)"
894724,Low-travel individuals
764703,Low-travel individuals
794602,"Stable average travelers
(Loyal)"
275298,"Growing travelers
(Now average)"
337260,"Points accumulator currently
(2021)"
938873,"Growing travelers
(Now average)"
989406,Low-travel individuals
770591,"Consistent low travelers
(Use points)"
201891,"Formers Points accumulator
(2020)"
301155,"Consistent low travelers
(Use points)"
287591,"Formers Points accumulator
(2020)"
668136,"Gained customers
(Now traveling average)"
881001,"Growing travelers
(Now average)"
803844,"Points accumulator currently
(2021)"
606344,"Lost custumers
(Traveled more before)"
714944,"Formers Points accumulator
(2020)"
936603,Low-travel individuals
663343,"Formers Points accumulator
(2020)"
315225,"Consistent low travelers
(Use points)"
166535,"Points accumulator currently
(2021)"
757885,"Formers Points accumulator
(2020)"
536517,"Points accumulator currently
(2021)"
942403,"Consistent low travelers
(Use points)"
538507,"Formers Points accumulator
(2020)"
405201,"Formers Points accumulator
(2020)"
312312,"Consistent low travelers
(Use points)"
867624,"Formers Points accumulator
(2020)"
603539,"Formers Points accumulator
(2020)"
856942,"Formers Points accumulator
(2020)"
408838,"Consistent low travelers
(Use points)"
901520,"Stable average travelers
(Loyal)"
264491,"Formers Points accumulator
(2020)"
609296,"Stable average travelers
(Loyal)"
362925,"Stable average travelers
(Loyal)"
167933,"Stable average travelers
(Loyal)"
439251,"Points accumulator currently
(2021)"
552669,"Stable average travelers
(Loyal)"
252679,"Gained customers
(Now traveling average)"
542893,"Points accumulator currently
(2021)"
823436,"Lost custumers
(Traveled more before)"
754517,"Formers Points accumulator
(2020)"
553943,"Stable average travelers
(Loyal)"
462616,"Gained customers
(Now traveling average)"
157566,Low-travel individuals
656360,"Points accumulator currently
(2021)"
566550,Low-travel individuals
996488,"Stable average travelers
(Loyal)"
558543,"Points accumulator currently
(2021)"
221075,"Points accumulator currently
(2021)"
646178,"Points accumulator currently
(2021)"
171419,"Points accumulator currently
(2021)"
513661,"Points accumulator currently
(2021)"
535852,"Consistent low travelers
(Use points)"
365138,"Points accumulator currently
(2021)"
975181,"Gained customers
(Now traveling average)"
585386,"Consistent low travelers
(Use points)"
956144,"Consistent low travelers
(Use points)"
480074,"Formers Points accumulator
(2020)"
818077,"Points accumulator currently
(2021)"
700497,"Gained customers
(Now traveling average)"
913721,"Points accumulator currently
(2021)"
534009,"Points accumulator currently
(2021)"
967628,"Points accumulator currently
(2021)"
541000,"Points accumulator currently
(2021)"
847601,"Gained customers
(Now traveling average)"
101515,"Consistent low travelers
(Use points)"
200309,"Formers Points accumulator
(2020)"
555024,Low-travel individuals
905360,"Gained customers
(Now traveling average)"
504860,"Formers Points accumulator
(2020)"
253689,"Consistent low travelers
(Use points)"
345244,"Growing travelers
(Now average)"
763621,"Lost custumers
(Traveled more before)"
804368,"Growing travelers
(Now average)"
708982,"Consistent low travelers
(Use points)"
729205,"Consistent low travelers
(Use points)"
121919,"Gained customers
(Now traveling average)"
884708,"Consistent low travelers
(Use points)"
666572,"Growing travelers
(Now average)"
430500,"Stable average travelers
(Loyal)"
463263,"Points accumulator currently
(2021)"
443199,"Stable average travelers
(Loyal)"
604943,"Points accumulator currently
(2021)"
327866,"Points accumulator currently
(2021)"
617447,"Consistent low travelers
(Use points)"
427163,"Formers Points accumulator
(2020)"
920171,Low-travel individuals
909543,"Stable average travelers
(Loyal)"
122890,"Formers Points accumulator
(2020)"
697029,"Consistent low travelers
(Use points)"
884062,"Stable average travelers
(Loyal)"
400392,"Stable average travelers
(Loyal)"
912588,"Formers Points accumulator
(2020)"
593039,"Gained customers
(Now traveling average)"
911852,"Lost custumers
(Traveled more before)"
107487,"Growing travelers
(Now average)"
192009,"Formers Points accumulator
(2020)"
717407,"Stable average travelers
(Loyal)"
640116,"Consistent low travelers
(Use points)"
282723,"Points accumulator currently
(2021)"
122020,"Consistent low travelers
(Use points)"
143266,Low-travel individuals
163776,"Points accumulator currently
(2021)"
924878,"Gained customers
(Now traveling average)"
854884,"Formers Points accumulator
(2020)"
844479,"Points accumulator currently
(2021)"
148612,"Points accumulator currently
(2021)"
235506,"Gained customers
(Now traveling average)"
517472,Low-travel individuals
780236,"Stable average travelers
(Loyal)"
874876,"Gained customers
(Now traveling average)"
990955,"Stable average travelers
(Loyal)"
743256,"Growing travelers
(Now average)"
408493,"Gained customers
(Now traveling average)"
415148,"Points accumulator currently
(2021)"
154855,"Gained customers
(Now traveling average)"
890437,"Stable average travelers
(Loyal)"
365413,"Gained customers
(Now traveling average)"
423978,"Formers Points accumulator
(2020)"
628081,"Formers Points accumulator
(2020)"
362167,"Stable average travelers
(Loyal)"
418753,"Growing travelers
(Now average)"
264486,"Formers Points accumulator
(2020)"
100550,"Formers Points accumulator
(2020)"
600482,"Formers Points accumulator
(2020)"
911920,"Formers Points accumulator
(2020)"
816937,"Gained customers
(Now traveling average)"
118612,"Growing travelers
(Now average)"
209405,"Points accumulator currently
(2021)"
262810,"Consistent low travelers
(Use points)"
258228,"Growing travelers
(Now average)"
730748,"Lost custumers
(Traveled more before)"
846515,"Consistent low travelers
(Use points)"
223632,"Stable average travelers
(Loyal)"
156666,Low-travel individuals
834066,"Consistent low travelers
(Use points)"
967904,"Points accumulator currently
(2021)"
534151,"Growing travelers
(Now average)"
403473,"Consistent low travelers
(Use points)"
131761,"Consistent low travelers
(Use points)"
189197,"Formers Points accumulator
(2020)"
643225,"Formers Points accumulator
(2020)"
572811,"Formers Points accumulator
(2020)"
979901,"Consistent low travelers
(Use points)"
726848,"Consistent low travelers
(Use points)"
318264,"Growing travelers
(Now average)"
240886,"Consistent low travelers
(Use points)"
489115,"Growing travelers
(Now average)"
961595,"Consistent low travelers
(Use points)"
281926,"Formers Points accumulator
(2020)"
736518,"Formers Points accumulator
(2020)"
612122,"Points accumulator currently
(2021)"
859144,"Lost custumers
(Traveled more before)"
493775,"Stable average travelers
(Loyal)"
509714,"Points accumulator currently
(2021)"
875483,"Stable average travelers
(Loyal)"
142609,Low-travel individuals
210910,"Points accumulator currently
(2021)"
848185,"Formers Points accumulator
(2020)"
550896,"Points accumulator currently
(2021)"
847136,"Stable average travelers
(Loyal)"
876057,"Points accumulator currently
(2021)"
573986,Low-travel individuals
817609,"Gained customers
(Now traveling average)"
152305,"Points accumulator currently
(2021)"
537397,"Formers Points accumulator
(2020)"
739684,Low-travel individuals
513246,"Stable average travelers
(Loyal)"
156730,Low-travel individuals
515185,"Formers Points accumulator
(2020)"
259067,"Growing travelers
(Now average)"
505179,"Growing travelers
(Now average)"
465170,"Gained customers
(Now traveling average)"
118320,"Stable average travelers
(Loyal)"
612834,"Consistent low travelers
(Use points)"
100890,"Consistent low travelers
(Use points)"
177483,"Stable average travelers
(Loyal)"
327555,"Stable average travelers
(Loyal)"
845176,"Points accumulator currently
(2021)"
313688,"Stable average travelers
(Loyal)"
348751,"Consistent low travelers
(Use points)"
902555,"Gained customers
(Now traveling average)"
599560,"Lost custumers
(Traveled more before)"
830743,"Formers Points accumulator
(2020)"
388292,"Points accumulator currently
(2021)"
811289,"Points accumulator currently
(2021)"
880205,"Points accumulator currently
(2021)"
369841,"Formers Points accumulator
(2020)"
225087,"Stable average travelers
(Loyal)"
879787,"Points accumulator currently
(2021)"
603653,Low-travel individuals
654540,"Gained customers
(Now traveling average)"
711500,"Gained customers
(Now traveling average)"
365515,"Points accumulator currently
(2021)"
456259,"Points accumulator currently
(2021)"
314202,"Formers Points accumulator
(2020)"
793761,"Stable average travelers
(Loyal)"
102726,"Growing travelers
(Now average)"
232022,"Growing travelers
(Now average)"
901747,"Gained customers
(Now traveling average)"
617326,"Formers Points accumulator
(2020)"
401101,"Consistent low travelers
(Use points)"
861867,Low-travel individuals
383912,"Formers Points accumulator
(2020)"
769495,"Gained customers
(Now traveling average)"
959044,"Formers Points accumulator
(2020)"
853565,"Lost custumers
(Traveled more before)"
752609,"Formers Points accumulator
(2020)"
551652,"Stable average travelers
(Loyal)"
819149,"Formers Points accumulator
(2020)"
991983,Low-travel individuals
222065,"Points accumulator currently
(2021)"
331353,"Stable average travelers
(Loyal)"
767908,"Consistent low travelers
(Use points)"
793285,"Growing travelers
(Now average)"
785826,"Stable average travelers
(Loyal)"
355039,"Growing travelers
(Now average)"
683485,"Stable average travelers
(Loyal)"
856364,"Formers Points accumulator
(2020)"
871206,"Formers Points accumulator
(2020)"
916843,"Stable average travelers
(Loyal)"
556050,"Growing travelers
(Now average)"
937742,"Stable average travelers
(Loyal)"
688891,"Gained customers
(Now traveling average)"
315054,"Lost custumers
(Traveled more before)"
964744,"Gained customers
(Now traveling average)"
979598,"Points accumulator currently
(2021)"
572345,"Points accumulator currently
(2021)"
513480,"Points accumulator currently
(2021)"
936570,"Formers Points accumulator
(2020)"
141844,"Formers Points accumulator
(2020)"
627428,"Stable average travelers
(Loyal)"
463361,"Stable average travelers
(Loyal)"
559388,"Stable average travelers
(Loyal)"
535251,"Points accumulator currently
(2021)"
390117,"Formers Points accumulator
(2020)"
144355,"Formers Points accumulator
(2020)"
792418,"Formers Points accumulator
(2020)"
182782,"Formers Points accumulator
(2020)"
393853,"Formers Points accumulator
(2020)"
148201,"Formers Points accumulator
(2020)"
306872,"Consistent low travelers
(Use points)"
573344,"Formers Points accumulator
(2020)"
277341,Low-travel individuals
246323,"Points accumulator currently
(2021)"
490553,"Stable average travelers
(Loyal)"
815584,"Gained customers
(Now traveling average)"
983393,"Consistent low travelers
(Use points)"
383787,"Stable average travelers
(Loyal)"
714121,"Formers Points accumulator
(2020)"
110001,"Formers Points accumulator
(2020)"
124377,Low-travel individuals
344797,"Points accumulator currently
(2021)"
822665,"Consistent low travelers
(Use points)"
700748,"Formers Points accumulator
(2020)"
478315,"Stable average travelers
(Loyal)"
278815,"Points accumulator currently
(2021)"
370842,"Formers Points accumulator
(2020)"
703249,"Gained customers
(Now traveling average)"
590989,"Growing travelers
(Now average)"
836112,"Points accumulator currently
(2021)"
776782,"Gained customers
(Now traveling average)"
477362,"Formers Points accumulator
(2020)"
117460,"Consistent low travelers
(Use points)"
969500,"Formers Points accumulator
(2020)"
128467,"Stable average travelers
(Loyal)"
825165,"Consistent low travelers
(Use points)"
226866,"Growing travelers
(Now average)"
844959,"Consistent low travelers
(Use points)"
628431,"Points accumulator currently
(2021)"
746580,"Lost custumers
(Traveled more before)"
969092,"Stable average travelers
(Loyal)"
510329,"Consistent low travelers
(Use points)"
192685,"Formers Points accumulator
(2020)"
616162,"Stable average travelers
(Loyal)"
105552,"Formers Points accumulator
(2020)"
263068,"Gained customers
(Now traveling average)"
638466,Low-travel individuals
712590,"Formers Points accumulator
(2020)"
969350,"Points accumulator currently
(2021)"
999986,"Consistent low travelers
(Use points)"
164034,"Consistent low travelers
(Use points)"
883174,"Stable average travelers
(Loyal)"
621190,"Formers Points accumulator
(2020)"
402964,"Consistent low travelers
(Use points)"
104103,"Consistent low travelers
(Use points)"
170791,"Formers Points accumulator
(2020)"
179053,"Gained customers
(Now traveling average)"
849105,"Formers Points accumulator
(2020)"
672570,"Points accumulator currently
(2021)"
661150,"Formers Points accumulator
(2020)"
237319,Low-travel individuals
936305,"Consistent low travelers
(Use points)"
831404,"Consistent low travelers
(Use points)"
684934,"Consistent low travelers
(Use points)"
833754,Low-travel individuals
336357,"Stable average travelers
(Loyal)"
763071,"Formers Points accumulator
(2020)"
989986,"Formers Points accumulator
(2020)"
399251,"Formers Points accumulator
(2020)"
718764,"Stable average travelers
(Loyal)"
944980,"Points accumulator currently
(2021)"
644374,"Consistent low travelers
(Use points)"
738279,"Formers Points accumulator
(2020)"
889786,"Points accumulator currently
(2021)"
991627,Low-travel individuals
432392,"Points accumulator currently
(2021)"
809404,"Formers Points accumulator
(2020)"
452459,"Consistent low travelers
(Use points)"
452208,"Gained customers
(Now traveling average)"
248620,"Formers Points accumulator
(2020)"
320031,"Points accumulator currently
(2021)"
682980,"Lost custumers
(Traveled more before)"
527565,"Formers Points accumulator
(2020)"
750171,"Stable average travelers
(Loyal)"
961837,"Points accumulator currently
(2021)"
105712,"Consistent low travelers
(Use points)"
750862,"Growing travelers
(Now average)"
374401,"Consistent low travelers
(Use points)"
721713,"Consistent low travelers
(Use points)"
757041,"Lost custumers
(Traveled more before)"
489371,"Stable average travelers
(Loyal)"
698988,"Stable average travelers
(Loyal)"
454720,"Formers Points accumulator
(2020)"
885274,"Stable average travelers
(Loyal)"
413798,"Stable average travelers
(Loyal)"
767857,Low-travel individuals
335324,"Points accumulator currently
(2021)"
595747,"Consistent low travelers
(Use points)"
146527,"Stable average travelers
(Loyal)"
112732,"Stable average travelers
(Loyal)"
340638,"Gained customers
(Now traveling average)"
819809,"Points accumulator currently
(2021)"
214030,"Consistent low travelers
(Use points)"
646198,"Growing travelers
(Now average)"
428162,"Points accumulator currently
(2021)"
535183,"Lost custumers
(Traveled more before)"
698505,"Points accumulator currently
(2021)"
867327,"Stable average travelers
(Loyal)"
268789,"Formers Points accumulator
(2020)"
104732,"Consistent low travelers
(Use points)"
759322,"Consistent low travelers
(Use points)"
329214,"Points accumulator currently
(2021)"
496357,"Stable average travelers
(Loyal)"
851982,"Consistent low travelers
(Use points)"
668510,"Points accumulator currently
(2021)"
210870,"Growing travelers
(Now average)"
840021,"Consistent low travelers
(Use points)"
906715,"Formers Points accumulator
(2020)"
984055,"Gained customers
(Now traveling average)"
923799,"Consistent low travelers
(Use points)"
898417,"Formers Points accumulator
(2020)"
164512,"Points accumulator currently
(2021)"
297167,"Formers Points accumulator
(2020)"
662848,"Stable average travelers
(Loyal)"
929707,Low-travel individuals
148234,"Formers Points accumulator
(2020)"
999788,"Lost custumers
(Traveled more before)"
623327,"Consistent low travelers
(Use points)"
494885,"Points accumulator currently
(2021)"
718454,Low-travel individuals
553396,"Points accumulator currently
(2021)"
863384,"Stable average travelers
(Loyal)"
444085,"Points accumulator currently
(2021)"
743835,"Stable average travelers
(Loyal)"
113040,"Formers Points accumulator
(2020)"
540756,"Points accumulator currently
(2021)"
773739,"Consistent low travelers
(Use points)"
912352,Low-travel individuals
775440,"Points accumulator currently
(2021)"
636673,"Consistent low travelers
(Use points)"
937849,"Lost custumers
(Traveled more before)"
262717,"Consistent low travelers
(Use points)"
532759,"Gained customers
(Now traveling average)"
453466,"Gained customers
(Now traveling average)"
213297,"Stable average travelers
(Loyal)"
758328,"Lost custumers
(Traveled more before)"
254667,"Stable average travelers
(Loyal)"
137020,Low-travel individuals
767767,"Stable average travelers
(Loyal)"
788555,Low-travel individuals
867472,"Stable average travelers
(Loyal)"
600021,Low-travel individuals
624935,"Formers Points accumulator
(2020)"
760614,"Gained customers
(Now traveling average)"
559483,"Consistent low travelers
(Use points)"
689839,"Gained customers
(Now traveling average)"
244419,"Formers Points accumulator
(2020)"
332409,"Points accumulator currently
(2021)"
211625,"Points accumulator currently
(2021)"
611582,"Consistent low travelers
(Use points)"
876850,"Points accumulator currently
(2021)"
514523,Low-travel individuals
954570,"Gained customers
(Now traveling average)"
718516,"Gained customers
(Now traveling average)"
823257,Low-travel individuals
368062,"Lost custumers
(Traveled more before)"
472488,"Lost custumers
(Traveled more before)"
549540,"Points accumulator currently
(2021)"
421580,"Consistent low travelers
(Use points)"
998112,"Points accumulator currently
(2021)"
985516,"Stable average travelers
(Loyal)"
484504,"Points accumulator currently
(2021)"
763591,"Stable average travelers
(Loyal)"
601626,"Formers Points accumulator
(2020)"
618302,"Formers Points accumulator
(2020)"
149225,"Consistent low travelers
(Use points)"
399417,"Formers Points accumulator
(2020)"
482528,"Growing travelers
(Now average)"
919951,"Stable average travelers
(Loyal)"
979467,"Points accumulator currently
(2021)"
822696,"Formers Points accumulator
(2020)"
810517,"Lost custumers
(Traveled more before)"
883963,"Points accumulator currently
(2021)"
493369,"Gained customers
(Now traveling average)"
843642,"Points accumulator currently
(2021)"
222874,"Formers Points accumulator
(2020)"
255653,"Growing travelers
(Now average)"
606989,"Stable average travelers
(Loyal)"
740326,Low-travel individuals
763241,"Stable average travelers
(Loyal)"
883065,"Growing travelers
(Now average)"
183023,Low-travel individuals
948785,"Consistent low travelers
(Use points)"
683664,Low-travel individuals
294617,"Consistent low travelers
(Use points)"
157816,"Points accumulator currently
(2021)"
556688,"Points accumulator currently
(2021)"
477295,"Consistent low travelers
(Use points)"
586870,"Points accumulator currently
(2021)"
748914,Low-travel individuals
170211,"Points accumulator currently
(2021)"
616226,"Stable average travelers
(Loyal)"
533198,"Points accumulator currently
(2021)"
979389,"Formers Points accumulator
(2020)"
420856,Low-travel individuals
174044,"Formers Points accumulator
(2020)"
576878,"Consistent low travelers
(Use points)"
386979,"Gained customers
(Now traveling average)"
591641,"Points accumulator currently
(2021)"
930089,"Gained customers
(Now traveling average)"
132884,"Consistent low travelers
(Use points)"
200802,"Growing travelers
(Now average)"
206466,"Growing travelers
(Now average)"
320180,"Points accumulator currently
(2021)"
732377,Low-travel individuals
966920,Low-travel individuals
769669,"Growing travelers
(Now average)"
767534,"Points accumulator currently
(2021)"
860724,"Formers Points accumulator
(2020)"
267930,"Lost custumers
(Traveled more before)"
758927,"Growing travelers
(Now average)"
426990,"Points accumulator currently
(2021)"
519677,"Points accumulator currently
(2021)"
302414,"Points accumulator currently
(2021)"
967462,"Points accumulator currently
(2021)"
967966,"Points accumulator currently
(2021)"
698072,"Points accumulator currently
(2021)"
832864,"Formers Points accumulator
(2020)"
846796,"Stable average travelers
(Loyal)"
248138,"Points accumulator currently
(2021)"
104541,"Points accumulator currently
(2021)"
263866,"Formers Points accumulator
(2020)"
514530,"Formers Points accumulator
(2020)"
940156,"Stable average travelers
(Loyal)"
312530,"Stable average travelers
(Loyal)"
347423,"Growing travelers
(Now average)"
990077,"Formers Points accumulator
(2020)"
571169,Low-travel individuals
569313,"Points accumulator currently
(2021)"
516271,"Formers Points accumulator
(2020)"
920118,"Growing travelers
(Now average)"
186020,"Formers Points accumulator
(2020)"
247692,Low-travel individuals
559342,"Points accumulator currently
(2021)"
639116,"Lost custumers
(Traveled more before)"
316982,"Formers Points accumulator
(2020)"
321748,"Formers Points accumulator
(2020)"
357589,"Stable average travelers
(Loyal)"
483198,"Formers Points accumulator
(2020)"
652501,"Stable average travelers
(Loyal)"
401062,Low-travel individuals
451226,"Formers Points accumulator
(2020)"
379117,"Lost custumers
(Traveled more before)"
883852,"Points accumulator currently
(2021)"
735676,"Growing travelers
(Now average)"
228273,"Stable average travelers
(Loyal)"
863744,"Points accumulator currently
(2021)"
585271,"Gained customers
(Now traveling average)"
833197,"Points accumulator currently
(2021)"
148690,"Consistent low travelers
(Use points)"
221469,"Consistent low travelers
(Use points)"
295138,"Consistent low travelers
(Use points)"
115427,"Formers Points accumulator
(2020)"
729293,"Points accumulator currently
(2021)"
309602,"Stable average travelers
(Loyal)"
575434,"Formers Points accumulator
(2020)"
823816,"Consistent low travelers
(Use points)"
957571,"Stable average travelers
(Loyal)"
303573,"Stable average travelers
(Loyal)"
541741,"Growing travelers
(Now average)"
351889,"Formers Points accumulator
(2020)"
368435,Low-travel individuals
118675,"Formers Points accumulator
(2020)"
489628,Low-travel individuals
705911,"Points accumulator currently
(2021)"
425826,Low-travel individuals
698627,Low-travel individuals
325599,"Growing travelers
(Now average)"
358792,"Formers Points accumulator
(2020)"
885682,"Consistent low travelers
(Use points)"
333644,Low-travel individuals
565690,"Formers Points accumulator
(2020)"
662750,"Stable average travelers
(Loyal)"
733608,"Consistent low travelers
(Use points)"
618461,"Formers Points accumulator
(2020)"
437440,"Formers Points accumulator
(2020)"
885357,"Formers Points accumulator
(2020)"
323068,"Formers Points accumulator
(2020)"
464828,Low-travel individuals
965482,"Points accumulator currently
(2021)"
519873,"Gained customers
(Now traveling average)"
846243,"Stable average travelers
(Loyal)"
343051,"Gained customers
(Now traveling average)"
882044,"Stable average travelers
(Loyal)"
721300,"Points accumulator currently
(2021)"
904378,"Points accumulator currently
(2021)"
311762,"Formers Points accumulator
(2020)"
209886,"Stable average travelers
(Loyal)"
347987,"Gained customers
(Now traveling average)"
749972,"Points accumulator currently
(2021)"
667798,Low-travel individuals
965012,"Formers Points accumulator
(2020)"
247050,"Points accumulator currently
(2021)"
463854,"Gained customers
(Now traveling average)"
763224,Low-travel individuals
628017,"Formers Points accumulator
(2020)"
858445,"Formers Points accumulator
(2020)"
348774,"Stable average travelers
(Loyal)"
992930,"Formers Points accumulator
(2020)"
340924,"Consistent low travelers
(Use points)"
312774,"Formers Points accumulator
(2020)"
633992,"Consistent low travelers
(Use points)"
838160,"Consistent low travelers
(Use points)"
160135,"Consistent low travelers
(Use points)"
467685,Low-travel individuals
100504,"Lost custumers
(Traveled more before)"
284892,"Consistent low travelers
(Use points)"
530299,"Points accumulator currently
(2021)"
387695,"Points accumulator currently
(2021)"
234922,"Growing travelers
(Now average)"
268307,"Points accumulator currently
(2021)"
407008,Low-travel individuals
440699,Low-travel individuals
592034,"Gained customers
(Now traveling average)"
416127,"Growing travelers
(Now average)"
672819,Low-travel individuals
221595,Low-travel individuals
187758,"Formers Points accumulator
(2020)"
136169,"Stable average travelers
(Loyal)"
105193,Low-travel individuals
759017,"Stable average travelers
(Loyal)"
860657,"Consistent low travelers
(Use points)"
862212,"Gained customers
(Now traveling average)"
162496,"Formers Points accumulator
(2020)"
994443,"Formers Points accumulator
(2020)"
185531,"Lost custumers
(Traveled more before)"
280574,"Stable average travelers
(Loyal)"
537887,"Gained customers
(Now traveling average)"
543862,"Consistent low travelers
(Use points)"
734752,"Points accumulator currently
(2021)"
428520,"Gained customers
(Now traveling average)"
189329,"Points accumulator currently
(2021)"
567070,"Stable average travelers
(Loyal)"
542574,Low-travel individuals
134000,Low-travel individuals
396863,"Growing travelers
(Now average)"
134738,"Formers Points accumulator
(2020)"
150291,"Points accumulator currently
(2021)"
235092,"Stable average travelers
(Loyal)"
283358,"Consistent low travelers
(Use points)"
749212,"Growing travelers
(Now average)"
846125,"Stable average travelers
(Loyal)"
781797,"Lost custumers
(Traveled more before)"
373737,"Lost custumers
(Traveled more before)"
504802,"Formers Points accumulator
(2020)"
845684,"Stable average travelers
(Loyal)"
460938,"Stable average travelers
(Loyal)"
239525,"Gained customers
(Now traveling average)"
152338,"Formers Points accumulator
(2020)"
374344,"Gained customers
(Now traveling average)"
744528,"Points accumulator currently
(2021)"
140191,"Growing travelers
(Now average)"
755082,"Points accumulator currently
(2021)"
207492,"Points accumulator currently
(2021)"
827353,"Lost custumers
(Traveled more before)"
974777,"Formers Points accumulator
(2020)"
672039,"Growing travelers
(Now average)"
208553,"Points accumulator currently
(2021)"
561961,"Stable average travelers
(Loyal)"
809587,"Stable average travelers
(Loyal)"
121737,"Gained customers
(Now traveling average)"
489592,"Lost custumers
(Traveled more before)"
198961,"Consistent low travelers
(Use points)"
319123,"Formers Points accumulator
(2020)"
122561,"Gained customers
(Now traveling average)"
584405,"Points accumulator currently
(2021)"
544306,"Lost custumers
(Traveled more before)"
806008,"Points accumulator currently
(2021)"
112632,"Points accumulator currently
(2021)"
434098,"Points accumulator currently
(2021)"
511835,Low-travel individuals
338125,Low-travel individuals
288112,"Lost custumers
(Traveled more before)"
161241,"Formers Points accumulator
(2020)"
517781,"Growing travelers
(Now average)"
648077,"Stable average travelers
(Loyal)"
671077,"Growing travelers
(Now average)"
535892,"Formers Points accumulator
(2020)"
973357,"Stable average travelers
(Loyal)"
542287,"Formers Points accumulator
(2020)"
966698,"Growing travelers
(Now average)"
262586,"Growing travelers
(Now average)"
355512,Low-travel individuals
739513,"Gained customers
(Now traveling average)"
983551,"Consistent low travelers
(Use points)"
771353,"Lost custumers
(Traveled more before)"
738651,"Growing travelers
(Now average)"
753994,"Stable average travelers
(Loyal)"
300964,"Points accumulator currently
(2021)"
423119,"Consistent low travelers
(Use points)"
591414,Low-travel individuals
666667,"Consistent low travelers
(Use points)"
523037,Low-travel individuals
184924,"Points accumulator currently
(2021)"
231755,"Formers Points accumulator
(2020)"
268500,"Gained customers
(Now traveling average)"
311692,"Gained customers
(Now traveling average)"
168160,"Points accumulator currently
(2021)"
145988,"Points accumulator currently
(2021)"
760835,"Formers Points accumulator
(2020)"
170965,"Points accumulator currently
(2021)"
883755,"Consistent low travelers
(Use points)"
589795,"Points accumulator currently
(2021)"
734224,"Stable average travelers
(Loyal)"
913522,"Consistent low travelers
(Use points)"
716019,Low-travel individuals
765293,"Points accumulator currently
(2021)"
313602,"Stable average travelers
(Loyal)"
482567,Low-travel individuals
794863,"Points accumulator currently
(2021)"
971987,"Stable average travelers
(Loyal)"
361109,"Points accumulator currently
(2021)"
855506,"Consistent low travelers
(Use points)"
725413,"Growing travelers
(Now average)"
817375,"Consistent low travelers
(Use points)"
811567,"Formers Points accumulator
(2020)"
856074,"Stable average travelers
(Loyal)"
114018,"Stable average travelers
(Loyal)"
715300,"Points accumulator currently
(2021)"
335162,"Stable average travelers
(Loyal)"
219276,"Formers Points accumulator
(2020)"
502012,"Stable average travelers
(Loyal)"
414741,"Stable average travelers
(Loyal)"
615529,"Points accumulator currently
(2021)"
631379,"Stable average travelers
(Loyal)"
210236,"Formers Points accumulator
(2020)"
170566,"Points accumulator currently
(2021)"
261187,"Gained customers
(Now traveling average)"
861058,"Points accumulator currently
(2021)"
871074,"Formers Points accumulator
(2020)"
704270,"Points accumulator currently
(2021)"
535587,"Formers Points accumulator
(2020)"
348471,"Points accumulator currently
(2021)"
969342,"Points accumulator currently
(2021)"
264741,"Consistent low travelers
(Use points)"
925353,"Stable average travelers
(Loyal)"
698390,"Consistent low travelers
(Use points)"
693372,"Formers Points accumulator
(2020)"
955448,"Growing travelers
(Now average)"
103536,"Stable average travelers
(Loyal)"
444237,"Formers Points accumulator
(2020)"
315361,"Formers Points accumulator
(2020)"
459636,"Stable average travelers
(Loyal)"
299419,"Formers Points accumulator
(2020)"
819497,"Points accumulator currently
(2021)"
625320,"Gained customers
(Now traveling average)"
944243,"Gained customers
(Now traveling average)"
770524,Low-travel individuals
375987,"Points accumulator currently
(2021)"
514616,"Gained customers
(Now traveling average)"
550686,"Growing travelers
(Now average)"
622324,"Consistent low travelers
(Use points)"
232137,"Stable average travelers
(Loyal)"
867046,Low-travel individuals
585853,"Points accumulator currently
(2021)"
706106,"Growing travelers
(Now average)"
372353,"Consistent low travelers
(Use points)"
772608,Low-travel individuals
144523,"Stable average travelers
(Loyal)"
438746,"Formers Points accumulator
(2020)"
628837,Low-travel individuals
530666,"Consistent low travelers
(Use points)"
959821,"Formers Points accumulator
(2020)"
837932,"Formers Points accumulator
(2020)"
570683,"Points accumulator currently
(2021)"
783610,Low-travel individuals
268076,"Points accumulator currently
(2021)"
966389,"Points accumulator currently
(2021)"
413266,"Stable average travelers
(Loyal)"
516674,"Points accumulator currently
(2021)"
933779,"Lost custumers
(Traveled more before)"
996997,"Formers Points accumulator
(2020)"
530098,"Consistent low travelers
(Use points)"
904693,"Gained customers
(Now traveling average)"
287799,"Points accumulator currently
(2021)"
945780,"Points accumulator currently
(2021)"
187435,"Growing travelers
(Now average)"
789057,Low-travel individuals
208787,"Formers Points accumulator
(2020)"
282545,Low-travel individuals
517945,"Stable average travelers
(Loyal)"
445549,"Points accumulator currently
(2021)"
441345,Low-travel individuals
967274,"Gained customers
(Now traveling average)"
421748,"Formers Points accumulator
(2020)"
852253,"Gained customers
(Now traveling average)"
666504,"Stable average travelers
(Loyal)"
775639,"Formers Points accumulator
(2020)"
383826,"Consistent low travelers
(Use points)"
437598,"Stable average travelers
(Loyal)"
610432,"Stable average travelers
(Loyal)"
472921,Low-travel individuals
270935,"Points accumulator currently
(2021)"
817613,"Formers Points accumulator
(2020)"
842279,"Gained customers
(Now traveling average)"
221446,"Points accumulator currently
(2021)"
341549,"Formers Points accumulator
(2020)"
366116,"Points accumulator currently
(2021)"
437288,"Consistent low travelers
(Use points)"
672781,"Consistent low travelers
(Use points)"
235857,"Formers Points accumulator
(2020)"
521545,"Stable average travelers
(Loyal)"
797187,"Lost custumers
(Traveled more before)"
827190,"Points accumulator currently
(2021)"
381284,"Consistent low travelers
(Use points)"
397377,"Consistent low travelers
(Use points)"
309108,"Consistent low travelers
(Use points)"
122545,"Growing travelers
(Now average)"
159227,"Consistent low travelers
(Use points)"
698122,"Stable average travelers
(Loyal)"
319378,"Formers Points accumulator
(2020)"
366263,"Consistent low travelers
(Use points)"
202329,"Gained customers
(Now traveling average)"
537990,"Points accumulator currently
(2021)"
863751,"Points accumulator currently
(2021)"
735000,"Gained customers
(Now traveling average)"
582674,"Gained customers
(Now traveling average)"
758695,"Consistent low travelers
(Use points)"
215639,"Gained customers
(Now traveling average)"
953431,"Consistent low travelers
(Use points)"
998820,"Points accumulator currently
(2021)"
400979,"Consistent low travelers
(Use points)"
384010,"Gained customers
(Now traveling average)"
943211,"Consistent low travelers
(Use points)"
512219,"Points accumulator currently
(2021)"
953673,"Points accumulator currently
(2021)"
348238,Low-travel individuals
347001,"Consistent low travelers
(Use points)"
175387,"Consistent low travelers
(Use points)"
180137,"Gained customers
(Now traveling average)"
559124,"Points accumulator currently
(2021)"
369392,"Formers Points accumulator
(2020)"
794248,"Gained customers
(Now traveling average)"
421458,"Stable average travelers
(Loyal)"
886361,Low-travel individuals
376572,"Consistent low travelers
(Use points)"
917798,"Stable average travelers
(Loyal)"
647214,"Formers Points accumulator
(2020)"
264690,"Stable average travelers
(Loyal)"
150909,"Stable average travelers
(Loyal)"
686196,"Points accumulator currently
(2021)"
181607,Low-travel individuals
526165,"Stable average travelers
(Loyal)"
570406,"Formers Points accumulator
(2020)"
828895,"Formers Points accumulator
(2020)"
281571,"Formers Points accumulator
(2020)"
182531,"Consistent low travelers
(Use points)"
115633,"Formers Points accumulator
(2020)"
284419,"Gained customers
(Now traveling average)"
793154,"Stable average travelers
(Loyal)"
779427,"Consistent low travelers
(Use points)"
475700,"Formers Points accumulator
(2020)"
437251,"Lost custumers
(Traveled more before)"
981198,Low-travel individuals
840135,"Gained customers
(Now traveling average)"
158113,"Stable average travelers
(Loyal)"
294396,"Consistent low travelers
(Use points)"
114903,"Stable average travelers
(Loyal)"
639613,"Stable average travelers
(Loyal)"
817102,"Points accumulator currently
(2021)"
999304,"Lost custumers
(Traveled more before)"
531868,"Stable average travelers
(Loyal)"
139023,"Gained customers
(Now traveling average)"
765202,"Points accumulator currently
(2021)"
136516,"Formers Points accumulator
(2020)"
938628,"Stable average travelers
(Loyal)"
965948,"Formers Points accumulator
(2020)"
249982,"Stable average travelers
(Loyal)"
456095,"Formers Points accumulator
(2020)"
805140,"Points accumulator currently
(2021)"
845061,"Formers Points accumulator
(2020)"
346499,Low-travel individuals
397817,"Stable average travelers
(Loyal)"
716589,"Gained customers
(Now traveling average)"
757547,"Stable average travelers
(Loyal)"
934604,"Formers Points accumulator
(2020)"
325190,"Growing travelers
(Now average)"
114307,"Formers Points accumulator
(2020)"
444786,"Points accumulator currently
(2021)"
842770,"Points accumulator currently
(2021)"
633910,Low-travel individuals
660958,"Formers Points accumulator
(2020)"
233437,"Lost custumers
(Traveled more before)"
874158,"Gained customers
(Now traveling average)"
150074,"Points accumulator currently
(2021)"
903379,"Stable average travelers
(Loyal)"
782596,"Points accumulator currently
(2021)"
210498,"Stable average travelers
(Loyal)"
494206,"Stable average travelers
(Loyal)"
200681,"Stable average travelers
(Loyal)"
585420,"Growing travelers
(Now average)"
219747,"Consistent low travelers
(Use points)"
353396,"Points accumulator currently
(2021)"
853272,"Stable average travelers
(Loyal)"
467926,"Stable average travelers
(Loyal)"
285631,"Growing travelers
(Now average)"
651740,"Points accumulator currently
(2021)"
616500,"Formers Points accumulator
(2020)"
628533,"Consistent low travelers
(Use points)"
783438,Low-travel individuals
622822,"Growing travelers
(Now average)"
227796,"Stable average travelers
(Loyal)"
328181,"Formers Points accumulator
(2020)"
384686,"Formers Points accumulator
(2020)"
536941,"Gained customers
(Now traveling average)"
414584,"Stable average travelers
(Loyal)"
627191,"Lost custumers
(Traveled more before)"
855381,"Lost custumers
(Traveled more before)"
495369,Low-travel individuals
263237,"Stable average travelers
(Loyal)"
526784,"Stable average travelers
(Loyal)"
714962,"Formers Points accumulator
(2020)"
783300,"Formers Points accumulator
(2020)"
830818,"Growing travelers
(Now average)"
821117,"Stable average travelers
(Loyal)"
837360,"Points accumulator currently
(2021)"
119731,"Formers Points accumulator
(2020)"
720557,"Stable average travelers
(Loyal)"
319387,"Formers Points accumulator
(2020)"
290756,"Points accumulator currently
(2021)"
826556,Low-travel individuals
479766,"Consistent low travelers
(Use points)"
163058,"Stable average travelers
(Loyal)"
788217,"Gained customers
(Now traveling average)"
961978,"Stable average travelers
(Loyal)"
299034,"Growing travelers
(Now average)"
150004,"Points accumulator currently
(2021)"
549562,"Gained customers
(Now traveling average)"
684371,"Formers Points accumulator
(2020)"
317624,"Points accumulator currently
(2021)"
835764,"Consistent low travelers
(Use points)"
577844,"Points accumulator currently
(2021)"
166677,"Lost custumers
(Traveled more before)"
457797,"Stable average travelers
(Loyal)"
579322,"Consistent low travelers
(Use points)"
682194,"Stable average travelers
(Loyal)"
719706,"Consistent low travelers
(Use points)"
472807,"Lost custumers
(Traveled more before)"
348056,"Points accumulator currently
(2021)"
836295,"Lost custumers
(Traveled more before)"
608087,"Points accumulator currently
(2021)"
264733,"Stable average travelers
(Loyal)"
618112,"Consistent low travelers
(Use points)"
256502,"Formers Points accumulator
(2020)"
564813,Low-travel individuals
793328,"Growing travelers
(Now average)"
861156,"Points accumulator currently
(2021)"
749883,"Stable average travelers
(Loyal)"
797897,"Consistent low travelers
(Use points)"
823665,"Consistent low travelers
(Use points)"
903209,"Consistent low travelers
(Use points)"
949406,"Points accumulator currently
(2021)"
169529,Low-travel individuals
908404,"Consistent low travelers
(Use points)"
592302,"Gained customers
(Now traveling average)"
111286,"Formers Points accumulator
(2020)"
432145,"Formers Points accumulator
(2020)"
554155,"Points accumulator currently
(2021)"
166175,"Formers Points accumulator
(2020)"
909106,Low-travel individuals
708360,"Consistent low travelers
(Use points)"
512522,"Points accumulator currently
(2021)"
838584,"Points accumulator currently
(2021)"
785992,"Formers Points accumulator
(2020)"
889023,Low-travel individuals
326803,"Formers Points accumulator
(2020)"
182785,"Points accumulator currently
(2021)"
183456,"Gained customers
(Now traveling average)"
799148,"Growing travelers
(Now average)"
192141,"Formers Points accumulator
(2020)"
821462,"Growing travelers
(Now average)"
358054,"Lost custumers
(Traveled more before)"
864084,"Stable average travelers
(Loyal)"
146090,Low-travel individuals
471706,"Points accumulator currently
(2021)"
584737,Low-travel individuals
792915,"Stable average travelers
(Loyal)"
959402,"Points accumulator currently
(2021)"
482169,"Consistent low travelers
(Use points)"
491986,"Stable average travelers
(Loyal)"
788325,"Consistent low travelers
(Use points)"
442192,"Consistent low travelers
(Use points)"
812248,"Points accumulator currently
(2021)"
833233,"Stable average travelers
(Loyal)"
744204,"Stable average travelers
(Loyal)"
311346,"Stable average travelers
(Loyal)"
525740,"Formers Points accumulator
(2020)"
492011,"Points accumulator currently
(2021)"
690191,"Formers Points accumulator
(2020)"
442418,"Gained customers
(Now traveling average)"
127350,"Formers Points accumulator
(2020)"
262770,Low-travel individuals
470245,"Formers Points accumulator
(2020)"
172971,"Gained customers
(Now traveling average)"
302874,"Stable average travelers
(Loyal)"
121930,Low-travel individuals
199652,"Formers Points accumulator
(2020)"
661469,"Formers Points accumulator
(2020)"
787276,"Stable average travelers
(Loyal)"
295064,"Formers Points accumulator
(2020)"
172532,Low-travel individuals
254097,"Gained customers
(Now traveling average)"
324248,"Consistent low travelers
(Use points)"
649918,Low-travel individuals
773364,"Formers Points accumulator
(2020)"
817932,"Growing travelers
(Now average)"
472933,"Formers Points accumulator
(2020)"
415201,"Gained customers
(Now traveling average)"
311841,"Gained customers
(Now traveling average)"
592431,"Points accumulator currently
(2021)"
580212,"Consistent low travelers
(Use points)"
975918,"Stable average travelers
(Loyal)"
892199,"Growing travelers
(Now average)"
588292,"Lost custumers
(Traveled more before)"
309639,Low-travel individuals
512284,"Gained customers
(Now traveling average)"
232395,"Stable average travelers
(Loyal)"
237274,"Points accumulator currently
(2021)"
208940,"Stable average travelers
(Loyal)"
106623,Low-travel individuals
819055,"Points accumulator currently
(2021)"
913060,"Consistent low travelers
(Use points)"
970576,"Gained customers
(Now traveling average)"
210226,"Points accumulator currently
(2021)"
987122,"Points accumulator currently
(2021)"
285982,"Growing travelers
(Now average)"
341302,"Growing travelers
(Now average)"
414033,"Points accumulator currently
(2021)"
951546,"Consistent low travelers
(Use points)"
144402,"Points accumulator currently
(2021)"
588864,Low-travel individuals
454985,"Growing travelers
(Now average)"
370539,"Consistent low travelers
(Use points)"
966797,"Points accumulator currently
(2021)"
595658,"Formers Points accumulator
(2020)"
144977,"Stable average travelers
(Loyal)"
300836,"Points accumulator currently
(2021)"
408378,Low-travel individuals
945974,"Stable average travelers
(Loyal)"
947906,"Stable average travelers
(Loyal)"
350587,"Points accumulator currently
(2021)"
829263,"Formers Points accumulator
(2020)"
296566,Low-travel individuals
320980,Low-travel individuals
409156,"Points accumulator currently
(2021)"
549444,"Formers Points accumulator
(2020)"
633749,"Stable average travelers
(Loyal)"
649961,"Stable average travelers
(Loyal)"
401857,"Formers Points accumulator
(2020)"
605803,"Stable average travelers
(Loyal)"
359275,"Stable average travelers
(Loyal)"
457456,"Points accumulator currently
(2021)"
532464,"Consistent low travelers
(Use points)"
818881,"Gained customers
(Now traveling average)"
161045,"Lost custumers
(Traveled more before)"
443865,"Formers Points accumulator
(2020)"
489394,Low-travel individuals
675936,"Points accumulator currently
(2021)"
205156,"Points accumulator currently
(2021)"
653572,"Points accumulator currently
(2021)"
137858,"Gained customers
(Now traveling average)"
597532,"Formers Points accumulator
(2020)"
725004,"Gained customers
(Now traveling average)"
907209,"Stable average travelers
(Loyal)"
102788,"Stable average travelers
(Loyal)"
149846,"Points accumulator currently
(2021)"
547016,"Formers Points accumulator
(2020)"
147064,"Consistent low travelers
(Use points)"
227547,"Formers Points accumulator
(2020)"
382271,"Stable average travelers
(Loyal)"
109495,"Stable average travelers
(Loyal)"
127039,"Stable average travelers
(Loyal)"
722120,"Formers Points accumulator
(2020)"
784847,"Stable average travelers
(Loyal)"
734647,"Formers Points accumulator
(2020)"
106037,"Formers Points accumulator
(2020)"
873169,"Formers Points accumulator
(2020)"
209249,"Consistent low travelers
(Use points)"
428903,"Formers Points accumulator
(2020)"
542296,"Formers Points accumulator
(2020)"
961639,"Formers Points accumulator
(2020)"
868552,Low-travel individuals
529922,"Stable average travelers
(Loyal)"
919437,"Stable average travelers
(Loyal)"
142855,"Consistent low travelers
(Use points)"
282472,Low-travel individuals
612995,"Consistent low travelers
(Use points)"
883025,Low-travel individuals
165550,"Stable average travelers
(Loyal)"
190052,"Stable average travelers
(Loyal)"
475974,"Stable average travelers
(Loyal)"
355906,"Consistent low travelers
(Use points)"
563076,"Formers Points accumulator
(2020)"
894478,"Stable average travelers
(Loyal)"
787875,"Stable average travelers
(Loyal)"
828643,"Points accumulator currently
(2021)"
423686,"Points accumulator currently
(2021)"
265975,"Formers Points accumulator
(2020)"
952077,"Consistent low travelers
(Use points)"
587867,"Formers Points accumulator
(2020)"
862097,"Stable average travelers
(Loyal)"
683487,"Consistent low travelers
(Use points)"
524586,"Gained customers
(Now traveling average)"
632097,"Points accumulator currently
(2021)"
105335,"Consistent low travelers
(Use points)"
306676,"Stable average travelers
(Loyal)"
130217,"Lost custumers
(Traveled more before)"
255425,"Formers Points accumulator
(2020)"
286942,"Growing travelers
(Now average)"
249693,"Stable average travelers
(Loyal)"
849298,"Formers Points accumulator
(2020)"
978712,Low-travel individuals
177583,"Gained customers
(Now traveling average)"
335964,"Consistent low travelers
(Use points)"
755759,"Points accumulator currently
(2021)"
681887,"Formers Points accumulator
(2020)"
409741,"Stable average travelers
(Loyal)"
505167,Low-travel individuals
217772,"Growing travelers
(Now average)"
261715,"Consistent low travelers
(Use points)"
600563,"Consistent low travelers
(Use points)"
487605,"Points accumulator currently
(2021)"
106592,"Formers Points accumulator
(2020)"
525548,"Points accumulator currently
(2021)"
138653,Low-travel individuals
642401,"Lost custumers
(Traveled more before)"
111034,"Points accumulator currently
(2021)"
629394,"Gained customers
(Now traveling average)"
937922,"Consistent low travelers
(Use points)"
674805,"Formers Points accumulator
(2020)"
740577,"Lost custumers
(Traveled more before)"
481191,"Gained customers
(Now traveling average)"
191537,"Points accumulator currently
(2021)"
609174,"Points accumulator currently
(2021)"
261077,"Stable average travelers
(Loyal)"
671309,Low-travel individuals
579883,Low-travel individuals
171192,"Consistent low travelers
(Use points)"
627568,"Lost custumers
(Traveled more before)"
463146,"Lost custumers
(Traveled more before)"
792361,"Growing travelers
(Now average)"
823208,"Formers Points accumulator
(2020)"
467175,"Points accumulator currently
(2021)"
835377,"Gained customers
(Now traveling average)"
110211,"Lost custumers
(Traveled more before)"
124056,"Points accumulator currently
(2021)"
129409,"Formers Points accumulator
(2020)"
369035,"Formers Points accumulator
(2020)"
619826,"Consistent low travelers
(Use points)"
683470,"Formers Points accumulator
(2020)"
825217,"Consistent low travelers
(Use points)"
534481,"Consistent low travelers
(Use points)"
691909,"Formers Points accumulator
(2020)"
756891,"Stable average travelers
(Loyal)"
445879,"Stable average travelers
(Loyal)"
827790,Low-travel individuals
959778,Low-travel individuals
148382,"Gained customers
(Now traveling average)"
544337,"Points accumulator currently
(2021)"
194482,"Consistent low travelers
(Use points)"
364264,"Points accumulator currently
(2021)"
523897,"Stable average travelers
(Loyal)"
907025,"Consistent low travelers
(Use points)"
503242,Low-travel individuals
694942,"Stable average travelers
(Loyal)"
476539,"Consistent low travelers
(Use points)"
272787,"Stable average travelers
(Loyal)"
603077,"Consistent low travelers
(Use points)"
227239,"Consistent low travelers
(Use points)"
290250,Low-travel individuals
628578,"Formers Points accumulator
(2020)"
726268,"Consistent low travelers
(Use points)"
483863,"Stable average travelers
(Loyal)"
213841,"Consistent low travelers
(Use points)"
179603,"Stable average travelers
(Loyal)"
221721,"Points accumulator currently
(2021)"
336238,"Lost custumers
(Traveled more before)"
956946,"Stable average travelers
(Loyal)"
317100,"Formers Points accumulator
(2020)"
707114,"Stable average travelers
(Loyal)"
722368,"Stable average travelers
(Loyal)"
214661,"Consistent low travelers
(Use points)"
855384,"Consistent low travelers
(Use points)"
192136,"Consistent low travelers
(Use points)"
365619,"Consistent low travelers
(Use points)"
598711,"Gained customers
(Now traveling average)"
670985,"Points accumulator currently
(2021)"
753887,"Consistent low travelers
(Use points)"
124038,"Formers Points accumulator
(2020)"
516242,"Formers Points accumulator
(2020)"
211966,"Growing travelers
(Now average)"
677045,"Consistent low travelers
(Use points)"
238193,"Formers Points accumulator
(2020)"
482370,Low-travel individuals
816420,"Consistent low travelers
(Use points)"
472532,"Points accumulator currently
(2021)"
344483,"Formers Points accumulator
(2020)"
488188,"Points accumulator currently
(2021)"
667974,"Formers Points accumulator
(2020)"
972673,"Points accumulator currently
(2021)"
659781,"Consistent low travelers
(Use points)"
760196,"Points accumulator currently
(2021)"
187175,"Formers Points accumulator
(2020)"
561981,"Lost custumers
(Traveled more before)"
812599,"Formers Points accumulator
(2020)"
702161,"Gained customers
(Now traveling average)"
352702,"Formers Points accumulator
(2020)"
186469,Low-travel individuals
380709,"Gained customers
(Now traveling average)"
313473,"Formers Points accumulator
(2020)"
562376,"Formers Points accumulator
(2020)"
212209,"Formers Points accumulator
(2020)"
469616,"Growing travelers
(Now average)"
740025,"Stable average travelers
(Loyal)"
308202,"Gained customers
(Now traveling average)"
973112,"Points accumulator currently
(2021)"
525508,"Stable average travelers
(Loyal)"
228995,"Consistent low travelers
(Use points)"
666222,"Stable average travelers
(Loyal)"
560283,"Lost custumers
(Traveled more before)"
330870,Low-travel individuals
394941,"Points accumulator currently
(2021)"
394715,"Stable average travelers
(Loyal)"
828816,"Formers Points accumulator
(2020)"
762971,Low-travel individuals
400224,"Stable average travelers
(Loyal)"
130208,"Stable average travelers
(Loyal)"
950213,"Points accumulator currently
(2021)"
690969,"Consistent low travelers
(Use points)"
775170,"Growing travelers
(Now average)"
790178,"Stable average travelers
(Loyal)"
517222,"Gained customers
(Now traveling average)"
305604,"Lost custumers
(Traveled more before)"
910645,Low-travel individuals
790475,"Consistent low travelers
(Use points)"
901578,"Growing travelers
(Now average)"
376630,"Lost custumers
(Traveled more before)"
527656,"Lost custumers
(Traveled more before)"
828109,"Gained customers
(Now traveling average)"
692992,"Points accumulator currently
(2021)"
111899,"Lost custumers
(Traveled more before)"
120164,"Formers Points accumulator
(2020)"
768113,"Formers Points accumulator
(2020)"
427358,"Consistent low travelers
(Use points)"
364153,"Stable average travelers
(Loyal)"
424526,"Consistent low travelers
(Use points)"
838032,"Formers Points accumulator
(2020)"
615327,"Gained customers
(Now traveling average)"
263921,"Stable average travelers
(Loyal)"
994679,"Gained customers
(Now traveling average)"
549598,"Lost custumers
(Traveled more before)"
834760,"Stable average travelers
(Loyal)"
607123,"Formers Points accumulator
(2020)"
789001,"Points accumulator currently
(2021)"
134470,"Points accumulator currently
(2021)"
164374,"Consistent low travelers
(Use points)"
498573,"Growing travelers
(Now average)"
822749,"Stable average travelers
(Loyal)"
537421,"Points accumulator currently
(2021)"
240760,"Formers Points accumulator
(2020)"
882725,"Formers Points accumulator
(2020)"
196240,"Points accumulator currently
(2021)"
798029,"Gained customers
(Now traveling average)"
867284,Low-travel individuals
551296,"Points accumulator currently
(2021)"
272848,"Formers Points accumulator
(2020)"
278307,"Points accumulator currently
(2021)"
410938,"Formers Points accumulator
(2020)"
880709,Low-travel individuals
116562,Low-travel individuals
272001,"Formers Points accumulator
(2020)"
492036,"Lost custumers
(Traveled more before)"
568329,"Formers Points accumulator
(2020)"
182148,"Consistent low travelers
(Use points)"
176142,"Gained customers
(Now traveling average)"
860206,"Gained customers
(Now traveling average)"
595980,"Points accumulator currently
(2021)"
586446,"Points accumulator currently
(2021)"
407999,"Points accumulator currently
(2021)"
514451,"Formers Points accumulator
(2020)"
494438,"Lost custumers
(Traveled more before)"
226710,"Formers Points accumulator
(2020)"
900505,"Consistent low travelers
(Use points)"
226360,"Points accumulator currently
(2021)"
585039,"Stable average travelers
(Loyal)"
114857,"Stable average travelers
(Loyal)"
304870,Low-travel individuals
160154,"Points accumulator currently
(2021)"
322501,"Stable average travelers
(Loyal)"
364049,"Formers Points accumulator
(2020)"
251211,"Gained customers
(Now traveling average)"
155654,"Stable average travelers
(Loyal)"
395324,"Consistent low travelers
(Use points)"
538795,"Growing travelers
(Now average)"
363780,Low-travel individuals
344039,Low-travel individuals
906267,"Points accumulator currently
(2021)"
297621,"Formers Points accumulator
(2020)"
428402,"Points accumulator currently
(2021)"
216359,Low-travel individuals
424270,"Gained customers
(Now traveling average)"
549200,"Formers Points accumulator
(2020)"
288530,"Points accumulator currently
(2021)"
350901,"Growing travelers
(Now average)"
388140,"Formers Points accumulator
(2020)"
646137,"Consistent low travelers
(Use points)"
331699,"Consistent low travelers
(Use points)"
521949,"Lost custumers
(Traveled more before)"
835566,"Lost custumers
(Traveled more before)"
356955,"Points accumulator currently
(2021)"
718972,"Points accumulator currently
(2021)"
826136,"Formers Points accumulator
(2020)"
278983,"Formers Points accumulator
(2020)"
584880,"Consistent low travelers
(Use points)"
212553,Low-travel individuals
398846,"Gained customers
(Now traveling average)"
541961,"Points accumulator currently
(2021)"
549715,"Formers Points accumulator
(2020)"
710515,"Gained customers
(Now traveling average)"
375540,"Points accumulator currently
(2021)"
477676,"Formers Points accumulator
(2020)"
628618,"Stable average travelers
(Loyal)"
918163,"Formers Points accumulator
(2020)"
489301,"Formers Points accumulator
(2020)"
162420,"Points accumulator currently
(2021)"
259252,"Consistent low travelers
(Use points)"
203625,"Consistent low travelers
(Use points)"
124088,"Formers Points accumulator
(2020)"
945064,"Stable average travelers
(Loyal)"
875819,"Gained customers
(Now traveling average)"
352653,"Stable average travelers
(Loyal)"
405699,"Formers Points accumulator
(2020)"
815328,"Points accumulator currently
(2021)"
880740,"Gained customers
(Now traveling average)"
623071,"Growing travelers
(Now average)"
708892,"Consistent low travelers
(Use points)"
237586,"Lost custumers
(Traveled more before)"
364895,"Formers Points accumulator
(2020)"
771960,"Stable average travelers
(Loyal)"
409684,"Consistent low travelers
(Use points)"
909328,"Growing travelers
(Now average)"
177962,"Stable average travelers
(Loyal)"
101768,Low-travel individuals
793423,"Stable average travelers
(Loyal)"
642738,"Gained customers
(Now traveling average)"
251195,"Stable average travelers
(Loyal)"
935313,Low-travel individuals
257236,"Stable average travelers
(Loyal)"
626068,Low-travel individuals
217401,"Consistent low travelers
(Use points)"
563633,"Points accumulator currently
(2021)"
757879,"Points accumulator currently
(2021)"
591234,Low-travel individuals
936761,"Gained customers
(Now traveling average)"
126466,"Consistent low travelers
(Use points)"
320576,"Formers Points accumulator
(2020)"
497226,"Lost custumers
(Traveled more before)"
794480,"Gained customers
(Now traveling average)"
830225,"Consistent low travelers
(Use points)"
423336,"Points accumulator currently
(2021)"
377724,"Formers Points accumulator
(2020)"
800137,"Consistent low travelers
(Use points)"
232685,"Stable average travelers
(Loyal)"
784782,"Points accumulator currently
(2021)"
991924,"Stable average travelers
(Loyal)"
257862,"Gained customers
(Now traveling average)"
479960,"Consistent low travelers
(Use points)"
109552,"Points accumulator currently
(2021)"
915198,"Consistent low travelers
(Use points)"
152276,"Stable average travelers
(Loyal)"
475175,"Consistent low travelers
(Use points)"
593421,"Formers Points accumulator
(2020)"
872676,"Formers Points accumulator
(2020)"
175488,"Formers Points accumulator
(2020)"
561654,"Stable average travelers
(Loyal)"
721372,"Stable average travelers
(Loyal)"
988728,"Gained customers
(Now traveling average)"
289133,"Stable average travelers
(Loyal)"
733907,Low-travel individuals
939428,"Points accumulator currently
(2021)"
754416,"Growing travelers
(Now average)"
658546,"Consistent low travelers
(Use points)"
802860,"Formers Points accumulator
(2020)"
895878,"Formers Points accumulator
(2020)"
484446,"Stable average travelers
(Loyal)"
116932,"Consistent low travelers
(Use points)"
281608,"Points accumulator currently
(2021)"
506572,"Formers Points accumulator
(2020)"
618877,Low-travel individuals
155964,"Formers Points accumulator
(2020)"
196992,"Points accumulator currently
(2021)"
255267,"Formers Points accumulator
(2020)"
789120,"Stable average travelers
(Loyal)"
429692,Low-travel individuals
997654,"Formers Points accumulator
(2020)"
832921,"Stable average travelers
(Loyal)"
324900,Low-travel individuals
572668,"Formers Points accumulator
(2020)"
185774,"Points accumulator currently
(2021)"
111022,"Points accumulator currently
(2021)"
419377,"Points accumulator currently
(2021)"
797078,"Points accumulator currently
(2021)"
428757,"Consistent low travelers
(Use points)"
131560,"Points accumulator currently
(2021)"
963690,"Gained customers
(Now traveling average)"
277094,"Stable average travelers
(Loyal)"
696096,"Consistent low travelers
(Use points)"
717359,Low-travel individuals
518834,"Formers Points accumulator
(2020)"
539125,"Formers Points accumulator
(2020)"
399372,"Formers Points accumulator
(2020)"
845807,"Consistent low travelers
(Use points)"
969586,"Stable average travelers
(Loyal)"
556164,"Gained customers
(Now traveling average)"
345572,"Formers Points accumulator
(2020)"
467607,"Gained customers
(Now traveling average)"
888049,"Points accumulator currently
(2021)"
184456,"Formers Points accumulator
(2020)"
334324,"Formers Points accumulator
(2020)"
396867,Low-travel individuals
183692,Low-travel individuals
265566,"Formers Points accumulator
(2020)"
301301,"Formers Points accumulator
(2020)"
931914,"Formers Points accumulator
(2020)"
556865,"Gained customers
(Now traveling average)"
230693,"Points accumulator currently
(2021)"
810693,"Gained customers
(Now traveling average)"
185857,"Stable average travelers
(Loyal)"
947001,"Stable average travelers
(Loyal)"
156980,"Gained customers
(Now traveling average)"
336724,"Points accumulator currently
(2021)"
859730,"Points accumulator currently
(2021)"
344464,"Formers Points accumulator
(2020)"
304779,"Points accumulator currently
(2021)"
302158,"Formers Points accumulator
(2020)"
474333,"Points accumulator currently
(2021)"
620122,"Points accumulator currently
(2021)"
692328,"Stable average travelers
(Loyal)"
920100,"Consistent low travelers
(Use points)"
799781,"Stable average travelers
(Loyal)"
385912,"Consistent low travelers
(Use points)"
929410,"Stable average travelers
(Loyal)"
912939,"Growing travelers
(Now average)"
418327,"Points accumulator currently
(2021)"
804536,"Formers Points accumulator
(2020)"
141945,"Points accumulator currently
(2021)"
796484,"Points accumulator currently
(2021)"
763341,"Formers Points accumulator
(2020)"
659419,"Stable average travelers
(Loyal)"
798433,"Stable average travelers
(Loyal)"
385358,"Consistent low travelers
(Use points)"
312048,"Formers Points accumulator
(2020)"
480259,"Growing travelers
(Now average)"
501976,"Consistent low travelers
(Use points)"
502376,"Points accumulator currently
(2021)"
585082,"Consistent low travelers
(Use points)"
604461,"Consistent low travelers
(Use points)"
834304,"Formers Points accumulator
(2020)"
773418,"Consistent low travelers
(Use points)"
841770,Low-travel individuals
754042,"Formers Points accumulator
(2020)"
642002,"Points accumulator currently
(2021)"
369229,"Stable average travelers
(Loyal)"
551946,"Points accumulator currently
(2021)"
542043,"Points accumulator currently
(2021)"
840866,"Points accumulator currently
(2021)"
108625,"Stable average travelers
(Loyal)"
624407,"Stable average travelers
(Loyal)"
950446,"Stable average travelers
(Loyal)"
822956,"Growing travelers
(Now average)"
631543,"Stable average travelers
(Loyal)"
440642,"Consistent low travelers
(Use points)"
966953,"Points accumulator currently
(2021)"
933259,"Consistent low travelers
(Use points)"
244367,"Stable average travelers
(Loyal)"
298181,"Consistent low travelers
(Use points)"
793904,"Points accumulator currently
(2021)"
921059,"Gained customers
(Now traveling average)"
334997,"Formers Points accumulator
(2020)"
328446,"Points accumulator currently
(2021)"
925504,"Consistent low travelers
(Use points)"
693133,"Formers Points accumulator
(2020)"
499890,"Consistent low travelers
(Use points)"
406810,"Consistent low travelers
(Use points)"
545947,"Stable average travelers
(Loyal)"
800610,"Consistent low travelers
(Use points)"
209787,"Stable average travelers
(Loyal)"
947497,"Points accumulator currently
(2021)"
943195,"Lost custumers
(Traveled more before)"
386342,"Formers Points accumulator
(2020)"
557519,"Formers Points accumulator
(2020)"
260408,"Points accumulator currently
(2021)"
672236,"Points accumulator currently
(2021)"
585316,"Consistent low travelers
(Use points)"
268129,"Points accumulator currently
(2021)"
506252,"Gained customers
(Now traveling average)"
613860,"Gained customers
(Now traveling average)"
694241,"Formers Points accumulator
(2020)"
297306,"Points accumulator currently
(2021)"
814894,Low-travel individuals
220892,"Formers Points accumulator
(2020)"
973846,"Growing travelers
(Now average)"
725835,"Formers Points accumulator
(2020)"
894322,"Lost custumers
(Traveled more before)"
137646,"Formers Points accumulator
(2020)"
828967,"Points accumulator currently
(2021)"
344413,"Stable average travelers
(Loyal)"
968253,"Points accumulator currently
(2021)"
167578,"Points accumulator currently
(2021)"
648380,"Consistent low travelers
(Use points)"
379836,"Consistent low travelers
(Use points)"
159397,"Consistent low travelers
(Use points)"
585975,"Points accumulator currently
(2021)"
126424,"Consistent low travelers
(Use points)"
149174,Low-travel individuals
975407,"Growing travelers
(Now average)"
296097,"Consistent low travelers
(Use points)"
129827,"Consistent low travelers
(Use points)"
491643,Low-travel individuals
106218,"Stable average travelers
(Loyal)"
283437,"Points accumulator currently
(2021)"
631100,Low-travel individuals
903534,"Points accumulator currently
(2021)"
955087,"Gained customers
(Now traveling average)"
142434,Low-travel individuals
846458,"Gained customers
(Now traveling average)"
473775,"Formers Points accumulator
(2020)"
627354,"Formers Points accumulator
(2020)"
131098,"Points accumulator currently
(2021)"
621823,"Gained customers
(Now traveling average)"
750130,"Stable average travelers
(Loyal)"
941545,"Gained customers
(Now traveling average)"
949821,"Gained customers
(Now traveling average)"
662936,"Points accumulator currently
(2021)"
985707,Low-travel individuals
895080,Low-travel individuals
424793,"Growing travelers
(Now average)"
967443,"Formers Points accumulator
(2020)"
152355,"Growing travelers
(Now average)"
511875,"Consistent low travelers
(Use points)"
913156,"Consistent low travelers
(Use points)"
838634,"Formers Points accumulator
(2020)"
404106,"Formers Points accumulator
(2020)"
164192,"Consistent low travelers
(Use points)"
777197,"Stable average travelers
(Loyal)"
878240,"Formers Points accumulator
(2020)"
950107,"Gained customers
(Now traveling average)"
292061,"Points accumulator currently
(2021)"
967500,Low-travel individuals
646399,"Formers Points accumulator
(2020)"
331560,"Stable average travelers
(Loyal)"
241854,"Lost custumers
(Traveled more before)"
465864,Low-travel individuals
981427,"Formers Points accumulator
(2020)"
896283,"Gained customers
(Now traveling average)"
715792,"Formers Points accumulator
(2020)"
175017,"Points accumulator currently
(2021)"
564114,"Stable average travelers
(Loyal)"
228896,"Consistent low travelers
(Use points)"
271235,"Growing travelers
(Now average)"
382252,"Stable average travelers
(Loyal)"
626030,"Formers Points accumulator
(2020)"
152307,"Consistent low travelers
(Use points)"
290465,"Points accumulator currently
(2021)"
329910,Low-travel individuals
503257,"Gained customers
(Now traveling average)"
960417,"Gained customers
(Now traveling average)"
507005,"Stable average travelers
(Loyal)"
103490,"Points accumulator currently
(2021)"
922047,"Gained customers
(Now traveling average)"
805902,Low-travel individuals
107119,"Stable average travelers
(Loyal)"
584727,"Points accumulator currently
(2021)"
677901,Low-travel individuals
742666,Low-travel individuals
270499,"Points accumulator currently
(2021)"
665454,Low-travel individuals
568525,"Formers Points accumulator
(2020)"
947763,"Gained customers
(Now traveling average)"
667781,"Formers Points accumulator
(2020)"
537013,"Formers Points accumulator
(2020)"
978040,Low-travel individuals
685518,"Lost custumers
(Traveled more before)"
300623,"Lost custumers
(Traveled more before)"
834943,"Formers Points accumulator
(2020)"
239605,"Points accumulator currently
(2021)"
365208,Low-travel individuals
914044,"Points accumulator currently
(2021)"
411586,"Points accumulator currently
(2021)"
472824,"Points accumulator currently
(2021)"
900083,"Consistent low travelers
(Use points)"
911503,"Formers Points accumulator
(2020)"
712426,"Formers Points accumulator
(2020)"
512097,"Stable average travelers
(Loyal)"
643059,"Points accumulator currently
(2021)"
246187,"Points accumulator currently
(2021)"
333295,"Points accumulator currently
(2021)"
815643,"Formers Points accumulator
(2020)"
688533,"Stable average travelers
(Loyal)"
677329,"Gained customers
(Now traveling average)"
166273,"Gained customers
(Now traveling average)"
732808,"Formers Points accumulator
(2020)"
764595,"Formers Points accumulator
(2020)"
738431,"Formers Points accumulator
(2020)"
334437,"Formers Points accumulator
(2020)"
989746,"Consistent low travelers
(Use points)"
476068,"Stable average travelers
(Loyal)"
735263,"Points accumulator currently
(2021)"
739352,"Points accumulator currently
(2021)"
201436,"Lost custumers
(Traveled more before)"
380788,"Consistent low travelers
(Use points)"
380954,Low-travel individuals
509810,"Formers Points accumulator
(2020)"
735038,"Stable average travelers
(Loyal)"
459404,"Points accumulator currently
(2021)"
620969,"Gained customers
(Now traveling average)"
762072,"Consistent low travelers
(Use points)"
672600,"Formers Points accumulator
(2020)"
194493,"Stable average travelers
(Loyal)"
693922,"Formers Points accumulator
(2020)"
454514,"Growing travelers
(Now average)"
366977,"Gained customers
(Now traveling average)"
116895,Low-travel individuals
795084,"Growing travelers
(Now average)"
828924,"Gained customers
(Now traveling average)"
139699,Low-travel individuals
758789,"Gained customers
(Now traveling average)"
390480,"Gained customers
(Now traveling average)"
413994,"Points accumulator currently
(2021)"
683838,"Gained customers
(Now traveling average)"
480957,"Consistent low travelers
(Use points)"
695162,"Lost custumers
(Traveled more before)"
950707,"Points accumulator currently
(2021)"
569677,Low-travel individuals
315014,Low-travel individuals
128587,"Growing travelers
(Now average)"
576110,"Consistent low travelers
(Use points)"
843378,"Points accumulator currently
(2021)"
477157,"Gained customers
(Now traveling average)"
237402,"Stable average travelers
(Loyal)"
353076,"Gained customers
(Now traveling average)"
878575,"Stable average travelers
(Loyal)"
340802,"Formers Points accumulator
(2020)"
486831,"Formers Points accumulator
(2020)"
952696,Low-travel individuals
173398,"Consistent low travelers
(Use points)"
832301,"Formers Points accumulator
(2020)"
721366,"Formers Points accumulator
(2020)"
535151,"Formers Points accumulator
(2020)"
881362,"Consistent low travelers
(Use points)"
312744,Low-travel individuals
910416,Low-travel individuals
999940,"Consistent low travelers
(Use points)"
222490,"Consistent low travelers
(Use points)"
550539,"Gained customers
(Now traveling average)"
882911,"Consistent low travelers
(Use points)"
751718,"Consistent low travelers
(Use points)"
976007,"Points accumulator currently
(2021)"
647956,"Gained customers
(Now traveling average)"
981691,"Consistent low travelers
(Use points)"
145017,Low-travel individuals
193827,"Consistent low travelers
(Use points)"
594672,"Points accumulator currently
(2021)"
667314,"Consistent low travelers
(Use points)"
452342,"Points accumulator currently
(2021)"
699751,"Consistent low travelers
(Use points)"
330278,"Consistent low travelers
(Use points)"
160640,"Consistent low travelers
(Use points)"
969165,"Gained customers
(Now traveling average)"
601341,"Consistent low travelers
(Use points)"
641039,"Consistent low travelers
(Use points)"
737542,"Points accumulator currently
(2021)"
190429,"Gained customers
(Now traveling average)"
687401,"Points accumulator currently
(2021)"
462036,"Gained customers
(Now traveling average)"
412880,"Formers Points accumulator
(2020)"
558040,"Points accumulator currently
(2021)"
994940,"Stable average travelers
(Loyal)"
732231,"Formers Points accumulator
(2020)"
395622,"Stable average travelers
(Loyal)"
812894,"Formers Points accumulator
(2020)"
888357,"Points accumulator currently
(2021)"
404805,"Gained customers
(Now traveling average)"
866455,"Consistent low travelers
(Use points)"
164947,"Stable average travelers
(Loyal)"
109517,"Consistent low travelers
(Use points)"
801788,"Formers Points accumulator
(2020)"
865198,"Formers Points accumulator
(2020)"
718752,"Consistent low travelers
(Use points)"
750199,"Consistent low travelers
(Use points)"
191044,Low-travel individuals
220822,"Formers Points accumulator
(2020)"
477654,"Points accumulator currently
(2021)"
755290,"Points accumulator currently
(2021)"
790165,"Stable average travelers
(Loyal)"
131772,"Points accumulator currently
(2021)"
736220,Low-travel individuals
184959,"Growing travelers
(Now average)"
904704,"Consistent low travelers
(Use points)"
501490,"Points accumulator currently
(2021)"
727348,"Points accumulator currently
(2021)"
481590,"Gained customers
(Now traveling average)"
483125,"Points accumulator currently
(2021)"
688319,"Consistent low travelers
(Use points)"
800196,Low-travel individuals
517739,"Formers Points accumulator
(2020)"
640009,"Gained customers
(Now traveling average)"
398351,"Stable average travelers
(Loyal)"
770759,"Lost custumers
(Traveled more before)"
669894,"Formers Points accumulator
(2020)"
887609,"Points accumulator currently
(2021)"
993266,"Points accumulator currently
(2021)"
808096,"Stable average travelers
(Loyal)"
833322,"Formers Points accumulator
(2020)"
853438,"Formers Points accumulator
(2020)"
887209,"Points accumulator currently
(2021)"
912712,"Growing travelers
(Now average)"
479445,"Points accumulator currently
(2021)"
757696,"Formers Points accumulator
(2020)"
254361,"Points accumulator currently
(2021)"
380262,"Points accumulator currently
(2021)"
274765,Low-travel individuals
665024,"Consistent low travelers
(Use points)"
958544,"Points accumulator currently
(2021)"
350631,"Stable average travelers
(Loyal)"
742321,"Lost custumers
(Traveled more before)"
746061,"Points accumulator currently
(2021)"
933208,"Stable average travelers
(Loyal)"
921624,Low-travel individuals
312979,"Stable average travelers
(Loyal)"
485745,"Consistent low travelers
(Use points)"
476652,"Formers Points accumulator
(2020)"
595083,"Formers Points accumulator
(2020)"
121856,"Gained customers
(Now traveling average)"
371969,"Points accumulator currently
(2021)"
428114,"Stable average travelers
(Loyal)"
773571,"Lost custumers
(Traveled more before)"
510865,"Stable average travelers
(Loyal)"
123727,"Gained customers
(Now traveling average)"
456958,"Stable average travelers
(Loyal)"
508022,"Formers Points accumulator
(2020)"
787660,"Points accumulator currently
(2021)"
329839,"Formers Points accumulator
(2020)"
917685,"Points accumulator currently
(2021)"
352053,"Stable average travelers
(Loyal)"
630338,"Points accumulator currently
(2021)"
784490,"Points accumulator currently
(2021)"
175954,"Stable average travelers
(Loyal)"
988043,"Points accumulator currently
(2021)"
536371,Low-travel individuals
966350,"Lost custumers
(Traveled more before)"
702522,"Formers Points accumulator
(2020)"
529085,"Points accumulator currently
(2021)"
604332,"Points accumulator currently
(2021)"
442695,Low-travel individuals
971107,"Points accumulator currently
(2021)"
838270,"Formers Points accumulator
(2020)"
919329,"Stable average travelers
(Loyal)"
930325,"Formers Points accumulator
(2020)"
375909,"Formers Points accumulator
(2020)"
477739,"Consistent low travelers
(Use points)"
643507,"Gained customers
(Now traveling average)"
464962,"Points accumulator currently
(2021)"
829886,"Points accumulator currently
(2021)"
183948,"Formers Points accumulator
(2020)"
231462,"Consistent low travelers
(Use points)"
605500,"Stable average travelers
(Loyal)"
602685,"Formers Points accumulator
(2020)"
183388,"Gained customers
(Now traveling average)"
628840,Low-travel individuals
314589,"Stable average travelers
(Loyal)"
892258,"Points accumulator currently
(2021)"
158969,"Points accumulator currently
(2021)"
101544,"Consistent low travelers
(Use points)"
638495,"Consistent low travelers
(Use points)"
815207,"Stable average travelers
(Loyal)"
890936,"Stable average travelers
(Loyal)"
666337,"Consistent low travelers
(Use points)"
832566,"Formers Points accumulator
(2020)"
101895,"Consistent low travelers
(Use points)"
968064,"Gained customers
(Now traveling average)"
741138,"Growing travelers
(Now average)"
851421,"Points accumulator currently
(2021)"
396998,"Consistent low travelers
(Use points)"
925573,"Points accumulator currently
(2021)"
977178,"Consistent low travelers
(Use points)"
776547,"Consistent low travelers
(Use points)"
210725,"Points accumulator currently
(2021)"
434679,"Stable average travelers
(Loyal)"
531290,"Gained customers
(Now traveling average)"
987347,"Formers Points accumulator
(2020)"
116238,Low-travel individuals
713067,"Lost custumers
(Traveled more before)"
777300,"Stable average travelers
(Loyal)"
518677,"Formers Points accumulator
(2020)"
130032,"Consistent low travelers
(Use points)"
336665,Low-travel individuals
949290,"Stable average travelers
(Loyal)"
840267,"Points accumulator currently
(2021)"
128459,"Formers Points accumulator
(2020)"
150233,"Lost custumers
(Traveled more before)"
203772,"Stable average travelers
(Loyal)"
225327,"Consistent low travelers
(Use points)"
572547,"Points accumulator currently
(2021)"
487070,"Points accumulator currently
(2021)"
645712,"Stable average travelers
(Loyal)"
308704,"Consistent low travelers
(Use points)"
404742,"Stable average travelers
(Loyal)"
464959,"Points accumulator currently
(2021)"
555576,"Formers Points accumulator
(2020)"
704709,"Points accumulator currently
(2021)"
732213,"Stable average travelers
(Loyal)"
112856,"Formers Points accumulator
(2020)"
819924,"Consistent low travelers
(Use points)"
340874,"Gained customers
(Now traveling average)"
728568,"Stable average travelers
(Loyal)"
309861,"Formers Points accumulator
(2020)"
113904,"Points accumulator currently
(2021)"
776464,"Stable average travelers
(Loyal)"
911723,Low-travel individuals
249813,"Stable average travelers
(Loyal)"
913895,"Points accumulator currently
(2021)"
226194,"Points accumulator currently
(2021)"
264823,"Formers Points accumulator
(2020)"
398586,"Points accumulator currently
(2021)"
939238,"Gained customers
(Now traveling average)"
686059,"Formers Points accumulator
(2020)"
266234,"Formers Points accumulator
(2020)"
642099,"Consistent low travelers
(Use points)"
680168,"Gained customers
(Now traveling average)"
346766,Low-travel individuals
480275,"Stable average travelers
(Loyal)"
218127,"Lost custumers
(Traveled more before)"
435249,"Points accumulator currently
(2021)"
480858,Low-travel individuals
870120,"Formers Points accumulator
(2020)"
925978,"Consistent low travelers
(Use points)"
726873,"Formers Points accumulator
(2020)"
539760,"Consistent low travelers
(Use points)"
871219,"Points accumulator currently
(2021)"
545582,"Formers Points accumulator
(2020)"
868568,"Consistent low travelers
(Use points)"
803976,"Consistent low travelers
(Use points)"
622019,"Formers Points accumulator
(2020)"
902083,"Formers Points accumulator
(2020)"
389706,"Formers Points accumulator
(2020)"
404339,"Gained customers
(Now traveling average)"
480435,"Lost custumers
(Traveled more before)"
592251,"Points accumulator currently
(2021)"
690916,"Formers Points accumulator
(2020)"
397480,"Stable average travelers
(Loyal)"
827275,"Growing travelers
(Now average)"
514403,"Stable average travelers
(Loyal)"
191814,"Points accumulator currently
(2021)"
781293,"Lost custumers
(Traveled more before)"
554983,"Points accumulator currently
(2021)"
857219,"Lost custumers
(Traveled more before)"
840659,Low-travel individuals
156868,"Formers Points accumulator
(2020)"
729805,"Lost custumers
(Traveled more before)"
808524,"Stable average travelers
(Loyal)"
415332,"Consistent low travelers
(Use points)"
689275,"Stable average travelers
(Loyal)"
169247,"Points accumulator currently
(2021)"
928734,"Gained customers
(Now traveling average)"
320004,"Formers Points accumulator
(2020)"
955652,"Stable average travelers
(Loyal)"
717632,"Points accumulator currently
(2021)"
108896,"Lost custumers
(Traveled more before)"
372647,"Stable average travelers
(Loyal)"
943647,"Formers Points accumulator
(2020)"
501885,Low-travel individuals
259734,Low-travel individuals
561307,Low-travel individuals
533539,"Points accumulator currently
(2021)"
325490,"Points accumulator currently
(2021)"
558969,"Stable average travelers
(Loyal)"
863070,"Formers Points accumulator
(2020)"
617296,"Consistent low travelers
(Use points)"
724781,"Formers Points accumulator
(2020)"
965751,"Gained customers
(Now traveling average)"
368981,"Points accumulator currently
(2021)"
562234,"Points accumulator currently
(2021)"
998776,"Gained customers
(Now traveling average)"
139087,"Formers Points accumulator
(2020)"
187876,Low-travel individuals
218538,"Consistent low travelers
(Use points)"
822122,"Consistent low travelers
(Use points)"
639419,"Consistent low travelers
(Use points)"
196096,Low-travel individuals
218278,"Stable average travelers
(Loyal)"
300023,"Stable average travelers
(Loyal)"
795446,"Formers Points accumulator
(2020)"
703804,"Stable average travelers
(Loyal)"
671764,"Gained customers
(Now traveling average)"
937512,"Points accumulator currently
(2021)"
348681,"Formers Points accumulator
(2020)"
882590,"Points accumulator currently
(2021)"
232533,Low-travel individuals
433857,"Formers Points accumulator
(2020)"
231080,"Lost custumers
(Traveled more before)"
288384,"Points accumulator currently
(2021)"
850821,"Growing travelers
(Now average)"
644017,"Points accumulator currently
(2021)"
440595,"Stable average travelers
(Loyal)"
955463,"Points accumulator currently
(2021)"
865855,"Consistent low travelers
(Use points)"
476273,Low-travel individuals
136121,"Formers Points accumulator
(2020)"
424812,"Consistent low travelers
(Use points)"
539505,Low-travel individuals
210291,"Gained customers
(Now traveling average)"
941852,"Stable average travelers
(Loyal)"
188071,"Formers Points accumulator
(2020)"
115852,"Points accumulator currently
(2021)"
467848,"Consistent low travelers
(Use points)"
711605,Low-travel individuals
866983,"Points accumulator currently
(2021)"
989837,Low-travel individuals
700474,"Gained customers
(Now traveling average)"
295355,"Points accumulator currently
(2021)"
462174,"Formers Points accumulator
(2020)"
671803,"Stable average travelers
(Loyal)"
271675,"Points accumulator currently
(2021)"
767006,"Points accumulator currently
(2021)"
353455,"Consistent low travelers
(Use points)"
366687,"Points accumulator currently
(2021)"
191065,"Stable average travelers
(Loyal)"
540548,"Consistent low travelers
(Use points)"
526094,"Stable average travelers
(Loyal)"
100301,"Formers Points accumulator
(2020)"
430398,"Gained customers
(Now traveling average)"
877603,"Points accumulator currently
(2021)"
642031,Low-travel individuals
106936,"Points accumulator currently
(2021)"
173446,"Consistent low travelers
(Use points)"
865429,"Formers Points accumulator
(2020)"
618524,"Consistent low travelers
(Use points)"
163405,Low-travel individuals
912633,"Gained customers
(Now traveling average)"
424337,"Points accumulator currently
(2021)"
612144,"Points accumulator currently
(2021)"
495253,"Consistent low travelers
(Use points)"
365346,"Consistent low travelers
(Use points)"
975531,Low-travel individuals
345518,"Formers Points accumulator
(2020)"
717100,"Formers Points accumulator
(2020)"
174666,Low-travel individuals
678284,"Consistent low travelers
(Use points)"
526508,"Points accumulator currently
(2021)"
932748,"Growing travelers
(Now average)"
748019,"Stable average travelers
(Loyal)"
142290,"Points accumulator currently
(2021)"
153884,"Points accumulator currently
(2021)"
260714,"Formers Points accumulator
(2020)"
273243,"Gained customers
(Now traveling average)"
399379,"Consistent low travelers
(Use points)"
401956,"Consistent low travelers
(Use points)"
424837,"Consistent low travelers
(Use points)"
573897,"Stable average travelers
(Loyal)"
574302,"Growing travelers
(Now average)"
637721,"Stable average travelers
(Loyal)"
880033,"Points accumulator currently
(2021)"
924787,"Consistent low travelers
(Use points)"
370443,"Formers Points accumulator
(2020)"
470022,"Consistent low travelers
(Use points)"
352170,"Points accumulator currently
(2021)"
694915,"Gained customers
(Now traveling average)"
127663,"Formers Points accumulator
(2020)"
987921,"Stable average travelers
(Loyal)"
228748,"Stable average travelers
(Loyal)"
954453,"Points accumulator currently
(2021)"
255546,"Stable average travelers
(Loyal)"
988307,"Stable average travelers
(Loyal)"
727873,"Gained customers
(Now traveling average)"
841249,"Points accumulator currently
(2021)"
300465,"Formers Points accumulator
(2020)"
660768,"Points accumulator currently
(2021)"
647041,"Stable average travelers
(Loyal)"
673301,"Consistent low travelers
(Use points)"
102299,"Points accumulator currently
(2021)"
483875,"Points accumulator currently
(2021)"
520207,"Points accumulator currently
(2021)"
547561,"Consistent low travelers
(Use points)"
590981,"Growing travelers
(Now average)"
769023,"Consistent low travelers
(Use points)"
300676,"Points accumulator currently
(2021)"
425779,"Lost custumers
(Traveled more before)"
879260,Low-travel individuals
366487,"Consistent low travelers
(Use points)"
659147,"Consistent low travelers
(Use points)"
796104,"Gained customers
(Now traveling average)"
928438,"Gained customers
(Now traveling average)"
778952,"Formers Points accumulator
(2020)"
295423,"Formers Points accumulator
(2020)"
488872,"Stable average travelers
(Loyal)"
444997,"Stable average travelers
(Loyal)"
890447,"Consistent low travelers
(Use points)"
130179,Low-travel individuals
167587,"Formers Points accumulator
(2020)"
495707,"Growing travelers
(Now average)"
431021,"Consistent low travelers
(Use points)"
928868,"Consistent low travelers
(Use points)"
140005,"Consistent low travelers
(Use points)"
187902,"Growing travelers
(Now average)"
539436,"Formers Points accumulator
(2020)"
298160,Low-travel individuals
304620,"Lost custumers
(Traveled more before)"
798351,"Formers Points accumulator
(2020)"
196812,"Points accumulator currently
(2021)"
749827,"Growing travelers
(Now average)"
423035,"Stable average travelers
(Loyal)"
726932,"Points accumulator currently
(2021)"
290356,"Gained customers
(Now traveling average)"
777514,"Gained customers
(Now traveling average)"
114638,"Stable average travelers
(Loyal)"
612795,"Points accumulator currently
(2021)"
410544,"Points accumulator currently
(2021)"
667356,"Lost custumers
(Traveled more before)"
842049,"Points accumulator currently
(2021)"
430048,"Stable average travelers
(Loyal)"
608384,"Points accumulator currently
(2021)"
397141,"Formers Points accumulator
(2020)"
758165,"Consistent low travelers
(Use points)"
200012,"Growing travelers
(Now average)"
689909,"Consistent low travelers
(Use points)"
677141,"Stable average travelers
(Loyal)"
772952,"Growing travelers
(Now average)"
237729,"Points accumulator currently
(2021)"
994285,"Consistent low travelers
(Use points)"
165443,"Consistent low travelers
(Use points)"
858669,"Points accumulator currently
(2021)"
261787,"Points accumulator currently
(2021)"
962011,"Points accumulator currently
(2021)"
514493,Low-travel individuals
731510,"Formers Points accumulator
(2020)"
128210,"Points accumulator currently
(2021)"
322193,"Stable average travelers
(Loyal)"
316308,"Consistent low travelers
(Use points)"
755367,"Consistent low travelers
(Use points)"
970639,"Points accumulator currently
(2021)"
238342,"Gained customers
(Now traveling average)"
492575,"Lost custumers
(Traveled more before)"
204111,"Lost custumers
(Traveled more before)"
270909,"Points accumulator currently
(2021)"
403893,"Points accumulator currently
(2021)"
530833,"Points accumulator currently
(2021)"
329692,"Points accumulator currently
(2021)"
571964,"Stable average travelers
(Loyal)"
127645,"Formers Points accumulator
(2020)"
342554,"Formers Points accumulator
(2020)"
459683,"Growing travelers
(Now average)"
634727,"Points accumulator currently
(2021)"
805377,"Consistent low travelers
(Use points)"
211549,"Formers Points accumulator
(2020)"
948783,"Consistent low travelers
(Use points)"
630588,"Stable average travelers
(Loyal)"
912420,"Formers Points accumulator
(2020)"
439900,"Points accumulator currently
(2021)"
295205,"Consistent low travelers
(Use points)"
748055,"Points accumulator currently
(2021)"
163639,"Points accumulator currently
(2021)"
800998,Low-travel individuals
867532,"Growing travelers
(Now average)"
169948,"Stable average travelers
(Loyal)"
432592,"Formers Points accumulator
(2020)"
697272,"Formers Points accumulator
(2020)"
127966,"Points accumulator currently
(2021)"
623008,"Gained customers
(Now traveling average)"
267428,"Consistent low travelers
(Use points)"
498030,"Consistent low travelers
(Use points)"
194640,"Points accumulator currently
(2021)"
678514,"Formers Points accumulator
(2020)"
803830,"Consistent low travelers
(Use points)"
986086,"Formers Points accumulator
(2020)"
462803,"Points accumulator currently
(2021)"
614379,"Points accumulator currently
(2021)"
721377,"Formers Points accumulator
(2020)"
434215,"Consistent low travelers
(Use points)"
536671,"Stable average travelers
(Loyal)"
970746,"Stable average travelers
(Loyal)"
185919,"Stable average travelers
(Loyal)"
128789,"Points accumulator currently
(2021)"
181423,"Stable average travelers
(Loyal)"
203577,"Points accumulator currently
(2021)"
247680,"Consistent low travelers
(Use points)"
270862,"Stable average travelers
(Loyal)"
313185,"Consistent low travelers
(Use points)"
360942,"Stable average travelers
(Loyal)"
567412,"Points accumulator currently
(2021)"
868912,"Points accumulator currently
(2021)"
930209,"Formers Points accumulator
(2020)"
133732,"Points accumulator currently
(2021)"
830673,"Consistent low travelers
(Use points)"
323043,"Points accumulator currently
(2021)"
400985,"Stable average travelers
(Loyal)"
455941,"Stable average travelers
(Loyal)"
393403,"Consistent low travelers
(Use points)"
790943,Low-travel individuals
137106,"Growing travelers
(Now average)"
646277,"Points accumulator currently
(2021)"
796281,"Formers Points accumulator
(2020)"
807297,"Consistent low travelers
(Use points)"
150767,"Points accumulator currently
(2021)"
451080,Low-travel individuals
290184,"Lost custumers
(Traveled more before)"
569236,"Formers Points accumulator
(2020)"
684835,Low-travel individuals
874336,"Formers Points accumulator
(2020)"
611618,"Stable average travelers
(Loyal)"
688139,"Formers Points accumulator
(2020)"
755015,Low-travel individuals
897673,"Growing travelers
(Now average)"
127725,"Consistent low travelers
(Use points)"
705453,"Consistent low travelers
(Use points)"
199809,"Points accumulator currently
(2021)"
491391,"Formers Points accumulator
(2020)"
533470,"Points accumulator currently
(2021)"
209729,"Formers Points accumulator
(2020)"
311946,"Growing travelers
(Now average)"
415916,"Points accumulator currently
(2021)"
523110,"Stable average travelers
(Loyal)"
536848,"Lost custumers
(Traveled more before)"
604436,Low-travel individuals
608974,"Consistent low travelers
(Use points)"
638253,"Stable average travelers
(Loyal)"
686471,"Consistent low travelers
(Use points)"
959514,"Gained customers
(Now traveling average)"
504455,Low-travel individuals
522251,"Growing travelers
(Now average)"
590098,"Growing travelers
(Now average)"
341904,Low-travel individuals
621180,"Consistent low travelers
(Use points)"
700245,"Stable average travelers
(Loyal)"
960195,"Consistent low travelers
(Use points)"
492165,"Consistent low travelers
(Use points)"
894041,"Points accumulator currently
(2021)"
384286,"Consistent low travelers
(Use points)"
693045,"Gained customers
(Now traveling average)"
240829,"Stable average travelers
(Loyal)"
904300,"Consistent low travelers
(Use points)"
404720,"Stable average travelers
(Loyal)"
508080,"Growing travelers
(Now average)"
313544,"Lost custumers
(Traveled more before)"
557723,"Points accumulator currently
(2021)"
133066,"Formers Points accumulator
(2020)"
469532,Low-travel individuals
295578,"Points accumulator currently
(2021)"
581682,"Consistent low travelers
(Use points)"
193781,"Stable average travelers
(Loyal)"
595323,"Stable average travelers
(Loyal)"
516491,"Points accumulator currently
(2021)"
287198,"Points accumulator currently
(2021)"
825336,"Formers Points accumulator
(2020)"
685683,"Growing travelers
(Now average)"
937030,"Formers Points accumulator
(2020)"
449530,"Gained customers
(Now traveling average)"
597191,"Consistent low travelers
(Use points)"
153760,"Lost custumers
(Traveled more before)"
429054,"Formers Points accumulator
(2020)"
284621,"Formers Points accumulator
(2020)"
434760,"Consistent low travelers
(Use points)"
663897,Low-travel individuals
934235,"Formers Points accumulator
(2020)"
355102,"Gained customers
(Now traveling average)"
979135,"Consistent low travelers
(Use points)"
309933,"Consistent low travelers
(Use points)"
510537,"Growing travelers
(Now average)"
153656,"Lost custumers
(Traveled more before)"
274141,"Formers Points accumulator
(2020)"
192543,"Points accumulator currently
(2021)"
321427,Low-travel individuals
628844,"Consistent low travelers
(Use points)"
702800,"Points accumulator currently
(2021)"
159608,"Formers Points accumulator
(2020)"
765518,"Stable average travelers
(Loyal)"
506293,"Lost custumers
(Traveled more before)"
824315,"Points accumulator currently
(2021)"
196777,"Points accumulator currently
(2021)"
257705,"Formers Points accumulator
(2020)"
262562,"Points accumulator currently
(2021)"
338786,"Consistent low travelers
(Use points)"
225067,"Points accumulator currently
(2021)"
794784,"Points accumulator currently
(2021)"
270022,"Lost custumers
(Traveled more before)"
982017,"Formers Points accumulator
(2020)"
119634,"Stable average travelers
(Loyal)"
212544,"Growing travelers
(Now average)"
304445,"Growing travelers
(Now average)"
315869,"Stable average travelers
(Loyal)"
492401,"Consistent low travelers
(Use points)"
637760,"Consistent low travelers
(Use points)"
793180,Low-travel individuals
843212,"Formers Points accumulator
(2020)"
854969,Low-travel individuals
966210,"Gained customers
(Now traveling average)"
993271,"Stable average travelers
(Loyal)"
401454,"Stable average travelers
(Loyal)"
709659,"Consistent low travelers
(Use points)"
589466,"Consistent low travelers
(Use points)"
804770,Low-travel individuals
164657,"Stable average travelers
(Loyal)"
253825,"Formers Points accumulator
(2020)"
299919,"Gained customers
(Now traveling average)"
593781,"Consistent low travelers
(Use points)"
731958,"Consistent low travelers
(Use points)"
296690,"Points accumulator currently
(2021)"
863349,"Stable average travelers
(Loyal)"
695107,"Consistent low travelers
(Use points)"
989067,Low-travel individuals
325379,"Points accumulator currently
(2021)"
493972,"Consistent low travelers
(Use points)"
624216,"Stable average travelers
(Loyal)"
738320,"Points accumulator currently
(2021)"
970706,"Points accumulator currently
(2021)"
313424,"Stable average travelers
(Loyal)"
907324,Low-travel individuals
735966,"Gained customers
(Now traveling average)"
953612,Low-travel individuals
788283,"Lost custumers
(Traveled more before)"
500026,"Points accumulator currently
(2021)"
771307,"Points accumulator currently
(2021)"
194571,"Formers Points accumulator
(2020)"
381234,"Formers Points accumulator
(2020)"
416091,"Gained customers
(Now traveling average)"
677218,"Lost custumers
(Traveled more before)"
873551,Low-travel individuals
914368,"Stable average travelers
(Loyal)"
306667,"Points accumulator currently
(2021)"
332466,"Formers Points accumulator
(2020)"
923164,"Stable average travelers
(Loyal)"
527434,"Consistent low travelers
(Use points)"
905478,"Consistent low travelers
(Use points)"
402034,"Points accumulator currently
(2021)"
215626,"Stable average travelers
(Loyal)"
148982,Low-travel individuals
368549,"Stable average travelers
(Loyal)"
925918,Low-travel individuals
243642,"Stable average travelers
(Loyal)"
821202,"Formers Points accumulator
(2020)"
487777,"Points accumulator currently
(2021)"
896372,"Gained customers
(Now traveling average)"
711874,"Points accumulator currently
(2021)"
904114,"Consistent low travelers
(Use points)"
246734,"Stable average travelers
(Loyal)"
888316,"Lost custumers
(Traveled more before)"
646187,"Gained customers
(Now traveling average)"
799967,"Formers Points accumulator
(2020)"
407119,"Points accumulator currently
(2021)"
972732,"Formers Points accumulator
(2020)"
108907,"Formers Points accumulator
(2020)"
202716,"Consistent low travelers
(Use points)"
207821,"Growing travelers
(Now average)"
464385,"Gained customers
(Now traveling average)"
659637,"Formers Points accumulator
(2020)"
107719,"Formers Points accumulator
(2020)"
787625,"Formers Points accumulator
(2020)"
707588,"Consistent low travelers
(Use points)"
241714,"Points accumulator currently
(2021)"
927975,"Formers Points accumulator
(2020)"
933707,"Points accumulator currently
(2021)"
981220,"Lost custumers
(Traveled more before)"
180977,"Consistent low travelers
(Use points)"
217364,"Points accumulator currently
(2021)"
852572,Low-travel individuals
700335,"Formers Points accumulator
(2020)"
521875,"Consistent low travelers
(Use points)"
778168,"Stable average travelers
(Loyal)"
879036,"Formers Points accumulator
(2020)"
736414,"Points accumulator currently
(2021)"
441304,"Formers Points accumulator
(2020)"
842982,"Points accumulator currently
(2021)"
165019,"Points accumulator currently
(2021)"
453494,"Consistent low travelers
(Use points)"
274896,"Growing travelers
(Now average)"
371532,"Points accumulator currently
(2021)"
198485,"Points accumulator currently
(2021)"
392682,Low-travel individuals
641189,"Points accumulator currently
(2021)"
868250,"Consistent low travelers
(Use points)"
360031,Low-travel individuals
810581,"Growing travelers
(Now average)"
261044,"Consistent low travelers
(Use points)"
667117,"Points accumulator currently
(2021)"
132774,"Formers Points accumulator
(2020)"
209058,"Consistent low travelers
(Use points)"
431187,Low-travel individuals
475930,"Lost custumers
(Traveled more before)"
509669,"Gained customers
(Now traveling average)"
571409,Low-travel individuals
658996,"Gained customers
(Now traveling average)"
679609,"Gained customers
(Now traveling average)"
686612,"Lost custumers
(Traveled more before)"
986217,"Formers Points accumulator
(2020)"
987221,"Points accumulator currently
(2021)"
378014,"Consistent low travelers
(Use points)"
676873,"Consistent low travelers
(Use points)"
911971,"Consistent low travelers
(Use points)"
704600,"Points accumulator currently
(2021)"
895267,"Formers Points accumulator
(2020)"
625497,"Stable average travelers
(Loyal)"
943775,"Formers Points accumulator
(2020)"
541178,"Stable average travelers
(Loyal)"
932513,"Growing travelers
(Now average)"
563142,Low-travel individuals
979575,"Stable average travelers
(Loyal)"
655892,"Points accumulator currently
(2021)"
552328,"Formers Points accumulator
(2020)"
661050,"Formers Points accumulator
(2020)"
664034,"Lost custumers
(Traveled more before)"
746520,"Consistent low travelers
(Use points)"
434489,"Points accumulator currently
(2021)"
933865,"Lost custumers
(Traveled more before)"
139479,"Lost custumers
(Traveled more before)"
153462,"Growing travelers
(Now average)"
918397,Low-travel individuals
138737,"Stable average travelers
(Loyal)"
285942,"Stable average travelers
(Loyal)"
522763,Low-travel individuals
713257,"Points accumulator currently
(2021)"
724168,"Consistent low travelers
(Use points)"
275446,"Stable average travelers
(Loyal)"
654225,"Gained customers
(Now traveling average)"
282872,"Formers Points accumulator
(2020)"
583005,"Stable average travelers
(Loyal)"
418636,"Gained customers
(Now traveling average)"
834544,"Formers Points accumulator
(2020)"
690510,Low-travel individuals
915846,"Points accumulator currently
(2021)"
549091,"Growing travelers
(Now average)"
563774,"Points accumulator currently
(2021)"
692841,Low-travel individuals
996254,"Points accumulator currently
(2021)"
134717,"Consistent low travelers
(Use points)"
779412,"Gained customers
(Now traveling average)"
566714,"Consistent low travelers
(Use points)"
325661,"Points accumulator currently
(2021)"
894788,"Stable average travelers
(Loyal)"
248752,Low-travel individuals
306880,"Consistent low travelers
(Use points)"
793892,Low-travel individuals
809207,"Gained customers
(Now traveling average)"
453587,Low-travel individuals
736970,"Consistent low travelers
(Use points)"
347227,"Gained customers
(Now traveling average)"
556778,"Points accumulator currently
(2021)"
845819,"Points accumulator currently
(2021)"
881846,"Formers Points accumulator
(2020)"
308255,"Gained customers
(Now traveling average)"
420243,Low-travel individuals
195977,"Points accumulator currently
(2021)"
693665,"Consistent low travelers
(Use points)"
141877,"Stable average travelers
(Loyal)"
928292,"Stable average travelers
(Loyal)"
435129,"Points accumulator currently
(2021)"
898552,"Points accumulator currently
(2021)"
787833,"Consistent low travelers
(Use points)"
690029,"Points accumulator currently
(2021)"
215840,"Consistent low travelers
(Use points)"
630071,"Points accumulator currently
(2021)"
298344,"Stable average travelers
(Loyal)"
243965,Low-travel individuals
123667,"Points accumulator currently
(2021)"
340723,Low-travel individuals
117975,Low-travel individuals
300818,"Points accumulator currently
(2021)"
353032,"Stable average travelers
(Loyal)"
371065,"Formers Points accumulator
(2020)"
455892,"Formers Points accumulator
(2020)"
645078,Low-travel individuals
727415,"Formers Points accumulator
(2020)"
777540,"Formers Points accumulator
(2020)"
944855,"Formers Points accumulator
(2020)"
957686,"Points accumulator currently
(2021)"
118355,"Growing travelers
(Now average)"
268145,"Stable average travelers
(Loyal)"
281064,"Formers Points accumulator
(2020)"
294849,"Growing travelers
(Now average)"
534649,"Consistent low travelers
(Use points)"
560024,"Stable average travelers
(Loyal)"
681785,"Stable average travelers
(Loyal)"
781227,Low-travel individuals
944035,"Points accumulator currently
(2021)"
988419,"Gained customers
(Now traveling average)"
835683,"Stable average travelers
(Loyal)"
629177,"Formers Points accumulator
(2020)"
765747,"Consistent low travelers
(Use points)"
110296,"Consistent low travelers
(Use points)"
280641,"Stable average travelers
(Loyal)"
310911,"Gained customers
(Now traveling average)"
567571,"Formers Points accumulator
(2020)"
601681,"Points accumulator currently
(2021)"
710115,"Formers Points accumulator
(2020)"
721437,"Gained customers
(Now traveling average)"
755533,"Consistent low travelers
(Use points)"
769709,"Points accumulator currently
(2021)"
784380,"Gained customers
(Now traveling average)"
860602,"Stable average travelers
(Loyal)"
974758,"Gained customers
(Now traveling average)"
874614,"Consistent low travelers
(Use points)"
264701,"Consistent low travelers
(Use points)"
367617,Low-travel individuals
405804,"Stable average travelers
(Loyal)"
440213,"Consistent low travelers
(Use points)"
543693,"Points accumulator currently
(2021)"
553389,"Points accumulator currently
(2021)"
627373,Low-travel individuals
663659,Low-travel individuals
816323,"Formers Points accumulator
(2020)"
992769,"Gained customers
(Now traveling average)"
996686,"Growing travelers
(Now average)"
477468,"Formers Points accumulator
(2020)"
953927,Low-travel individuals
421310,Low-travel individuals
585850,"Formers Points accumulator
(2020)"
224298,"Consistent low travelers
(Use points)"
395871,"Gained customers
(Now traveling average)"
605320,"Stable average travelers
(Loyal)"
993650,"Formers Points accumulator
(2020)"
568786,"Stable average travelers
(Loyal)"
968325,"Points accumulator currently
(2021)"
516276,"Gained customers
(Now traveling average)"
786827,"Gained customers
(Now traveling average)"
525245,Low-travel individuals
847183,"Formers Points accumulator
(2020)"
441389,"Formers Points accumulator
(2020)"
621583,"Formers Points accumulator
(2020)"
394812,"Stable average travelers
(Loyal)"
689981,"Formers Points accumulator
(2020)"
326234,"Formers Points accumulator
(2020)"
742749,"Stable average travelers
(Loyal)"
839115,"Consistent low travelers
(Use points)"
161415,"Growing travelers
(Now average)"
835133,Low-travel individuals
585642,"Points accumulator currently
(2021)"
968632,"Formers Points accumulator
(2020)"
548638,Low-travel individuals
743849,"Points accumulator currently
(2021)"
113861,"Growing travelers
(Now average)"
336138,"Growing travelers
(Now average)"
970351,"Points accumulator currently
(2021)"
289476,"Gained customers
(Now traveling average)"
592218,Low-travel individuals
201355,"Consistent low travelers
(Use points)"
865352,Low-travel individuals
191508,"Gained customers
(Now traveling average)"
432961,Low-travel individuals
103975,Low-travel individuals
391861,"Formers Points accumulator
(2020)"
434113,"Points accumulator currently
(2021)"
706510,"Stable average travelers
(Loyal)"
939485,"Points accumulator currently
(2021)"
577467,"Formers Points accumulator
(2020)"
618656,"Consistent low travelers
(Use points)"
594028,"Formers Points accumulator
(2020)"
815344,Low-travel individuals
605761,"Growing travelers
(Now average)"
946963,"Lost custumers
(Traveled more before)"
110422,Low-travel individuals
917346,"Formers Points accumulator
(2020)"
506746,"Points accumulator currently
(2021)"
182159,"Gained customers
(Now traveling average)"
436705,"Consistent low travelers
(Use points)"
688557,"Formers Points accumulator
(2020)"
889061,"Points accumulator currently
(2021)"
876319,"Points accumulator currently
(2021)"
334454,"Points accumulator currently
(2021)"
348245,"Gained customers
(Now traveling average)"
137744,"Gained customers
(Now traveling average)"
734077,"Points accumulator currently
(2021)"
350238,"Growing travelers
(Now average)"
587633,"Consistent low travelers
(Use points)"
763761,"Formers Points accumulator
(2020)"
635302,"Gained customers
(Now traveling average)"
969360,"Formers Points accumulator
(2020)"
699875,"Consistent low travelers
(Use points)"
967253,"Lost custumers
(Traveled more before)"
477599,Low-travel individuals
298539,"Gained customers
(Now traveling average)"
950467,"Formers Points accumulator
(2020)"
936319,"Points accumulator currently
(2021)"
254940,"Stable average travelers
(Loyal)"
299113,"Formers Points accumulator
(2020)"
941122,"Formers Points accumulator
(2020)"
427354,"Gained customers
(Now traveling average)"
711263,Low-travel individuals
989148,"Growing travelers
(Now average)"
594649,"Stable average travelers
(Loyal)"
339005,"Formers Points accumulator
(2020)"
558138,Low-travel individuals
712236,"Growing travelers
(Now average)"
804402,"Consistent low travelers
(Use points)"
167001,"Lost custumers
(Traveled more before)"
643364,"Points accumulator currently
(2021)"
896651,"Gained customers
(Now traveling average)"
522493,"Formers Points accumulator
(2020)"
572890,"Gained customers
(Now traveling average)"
551710,"Gained customers
(Now traveling average)"
600785,"Points accumulator currently
(2021)"
332175,"Consistent low travelers
(Use points)"
700566,"Points accumulator currently
(2021)"
212477,"Growing travelers
(Now average)"
984878,"Points accumulator currently
(2021)"
497106,"Growing travelers
(Now average)"
795129,"Growing travelers
(Now average)"
433353,"Formers Points accumulator
(2020)"
497613,"Formers Points accumulator
(2020)"
314014,"Points accumulator currently
(2021)"
916000,"Formers Points accumulator
(2020)"
596327,"Points accumulator currently
(2021)"
749817,"Stable average travelers
(Loyal)"
308798,"Points accumulator currently
(2021)"
831693,"Gained customers
(Now traveling average)"
466865,"Consistent low travelers
(Use points)"
901954,"Stable average travelers
(Loyal)"
719242,"Formers Points accumulator
(2020)"
838938,"Points accumulator currently
(2021)"
537914,"Growing travelers
(Now average)"
462232,Low-travel individuals
136608,"Growing travelers
(Now average)"
750324,"Formers Points accumulator
(2020)"
358020,"Formers Points accumulator
(2020)"
607885,"Points accumulator currently
(2021)"
318786,"Consistent low travelers
(Use points)"
752274,"Stable average travelers
(Loyal)"
227429,"Stable average travelers
(Loyal)"
531841,"Points accumulator currently
(2021)"
536132,"Consistent low travelers
(Use points)"
609667,"Growing travelers
(Now average)"
734490,"Stable average travelers
(Loyal)"
969485,"Consistent low travelers
(Use points)"
740703,"Points accumulator currently
(2021)"
463833,"Lost custumers
(Traveled more before)"
600664,"Stable average travelers
(Loyal)"
604772,"Formers Points accumulator
(2020)"
633162,Low-travel individuals
905569,"Consistent low travelers
(Use points)"
337842,"Consistent low travelers
(Use points)"
413050,"Stable average travelers
(Loyal)"
216658,"Formers Points accumulator
(2020)"
465540,"Stable average travelers
(Loyal)"
825239,"Consistent low travelers
(Use points)"
254546,"Points accumulator currently
(2021)"
614219,"Stable average travelers
(Loyal)"
453972,"Formers Points accumulator
(2020)"
855559,"Formers Points accumulator
(2020)"
225972,"Gained customers
(Now traveling average)"
384986,"Points accumulator currently
(2021)"
786709,"Stable average travelers
(Loyal)"
861095,"Formers Points accumulator
(2020)"
378793,"Consistent low travelers
(Use points)"
555081,"Stable average travelers
(Loyal)"
202156,"Points accumulator currently
(2021)"
452530,"Points accumulator currently
(2021)"
629299,"Consistent low travelers
(Use points)"
704607,Low-travel individuals
222929,"Stable average travelers
(Loyal)"
242028,"Points accumulator currently
(2021)"
188828,"Stable average travelers
(Loyal)"
241421,"Consistent low travelers
(Use points)"
258088,"Formers Points accumulator
(2020)"
677527,"Consistent low travelers
(Use points)"
561072,"Stable average travelers
(Loyal)"
210835,"Formers Points accumulator
(2020)"
972222,"Points accumulator currently
(2021)"
262937,Low-travel individuals
281075,"Stable average travelers
(Loyal)"
596544,"Gained customers
(Now traveling average)"
613076,"Consistent low travelers
(Use points)"
428778,"Gained customers
(Now traveling average)"
634392,"Consistent low travelers
(Use points)"
438707,"Formers Points accumulator
(2020)"
790089,"Consistent low travelers
(Use points)"
684103,"Lost custumers
(Traveled more before)"
891237,"Consistent low travelers
(Use points)"
453408,"Formers Points accumulator
(2020)"
257579,"Consistent low travelers
(Use points)"
828735,"Stable average travelers
(Loyal)"
238814,"Points accumulator currently
(2021)"
123702,"Points accumulator currently
(2021)"
453971,"Gained customers
(Now traveling average)"
274803,"Gained customers
(Now traveling average)"
426530,"Formers Points accumulator
(2020)"
785398,"Stable average travelers
(Loyal)"
639807,"Points accumulator currently
(2021)"
817851,"Formers Points accumulator
(2020)"
435378,"Consistent low travelers
(Use points)"
454471,"Consistent low travelers
(Use points)"
374117,"Formers Points accumulator
(2020)"
790094,"Points accumulator currently
(2021)"
337341,"Lost custumers
(Traveled more before)"
614122,"Consistent low travelers
(Use points)"
464639,"Formers Points accumulator
(2020)"
498149,"Gained customers
(Now traveling average)"
672395,"Growing travelers
(Now average)"
410552,"Consistent low travelers
(Use points)"
718655,"Gained customers
(Now traveling average)"
175342,"Formers Points accumulator
(2020)"
384356,"Gained customers
(Now traveling average)"
738732,"Growing travelers
(Now average)"
975767,"Formers Points accumulator
(2020)"
945834,"Gained customers
(Now traveling average)"
102730,"Gained customers
(Now traveling average)"
120393,"Consistent low travelers
(Use points)"
160266,Low-travel individuals
195137,"Points accumulator currently
(2021)"
413620,"Consistent low travelers
(Use points)"
624463,"Consistent low travelers
(Use points)"
675848,"Formers Points accumulator
(2020)"
725100,"Consistent low travelers
(Use points)"
798752,"Gained customers
(Now traveling average)"
895560,"Formers Points accumulator
(2020)"
208586,"Gained customers
(Now traveling average)"
791132,"Consistent low travelers
(Use points)"
247220,"Points accumulator currently
(2021)"
329056,"Points accumulator currently
(2021)"
367547,"Consistent low travelers
(Use points)"
240774,Low-travel individuals
327320,"Growing travelers
(Now average)"
856782,"Consistent low travelers
(Use points)"
951954,"Points accumulator currently
(2021)"
349132,"Points accumulator currently
(2021)"
672089,"Consistent low travelers
(Use points)"
659967,"Points accumulator currently
(2021)"
923268,Low-travel individuals
300166,"Formers Points accumulator
(2020)"
380110,"Stable average travelers
(Loyal)"
154680,"Points accumulator currently
(2021)"
957325,Low-travel individuals
943804,"Stable average travelers
(Loyal)"
513170,"Stable average travelers
(Loyal)"
950390,"Lost custumers
(Traveled more before)"
462815,"Gained customers
(Now traveling average)"
511568,"Stable average travelers
(Loyal)"
813320,"Stable average travelers
(Loyal)"
431829,"Points accumulator currently
(2021)"
732113,"Growing travelers
(Now average)"
595320,"Formers Points accumulator
(2020)"
877630,"Growing travelers
(Now average)"
277610,"Consistent low travelers
(Use points)"
802870,"Consistent low travelers
(Use points)"
231614,"Stable average travelers
(Loyal)"
419818,"Consistent low travelers
(Use points)"
440112,"Formers Points accumulator
(2020)"
200991,"Stable average travelers
(Loyal)"
203084,"Consistent low travelers
(Use points)"
467046,"Points accumulator currently
(2021)"
575849,"Points accumulator currently
(2021)"
100380,"Consistent low travelers
(Use points)"
959059,"Growing travelers
(Now average)"
457716,"Formers Points accumulator
(2020)"
528122,"Points accumulator currently
(2021)"
857971,"Points accumulator currently
(2021)"
172162,Low-travel individuals
815498,"Formers Points accumulator
(2020)"
271148,"Points accumulator currently
(2021)"
614377,Low-travel individuals
176379,"Gained customers
(Now traveling average)"
851231,"Stable average travelers
(Loyal)"
312607,"Points accumulator currently
(2021)"
928916,"Formers Points accumulator
(2020)"
420394,"Growing travelers
(Now average)"
628917,"Consistent low travelers
(Use points)"
802535,"Gained customers
(Now traveling average)"
492265,"Lost custumers
(Traveled more before)"
687895,"Formers Points accumulator
(2020)"
137040,"Points accumulator currently
(2021)"
270575,"Formers Points accumulator
(2020)"
661321,"Points accumulator currently
(2021)"
908643,"Gained customers
(Now traveling average)"
197642,"Formers Points accumulator
(2020)"
345597,"Points accumulator currently
(2021)"
188147,"Stable average travelers
(Loyal)"
761510,"Consistent low travelers
(Use points)"
909845,"Points accumulator currently
(2021)"
417274,"Points accumulator currently
(2021)"
100646,"Points accumulator currently
(2021)"
236767,"Consistent low travelers
(Use points)"
327653,"Consistent low travelers
(Use points)"
342725,"Points accumulator currently
(2021)"
509136,"Formers Points accumulator
(2020)"
583754,Low-travel individuals
613747,"Points accumulator currently
(2021)"
764869,"Formers Points accumulator
(2020)"
905320,"Stable average travelers
(Loyal)"
329162,"Consistent low travelers
(Use points)"
342527,"Stable average travelers
(Loyal)"
807681,"Stable average travelers
(Loyal)"
192600,"Growing travelers
(Now average)"
575342,"Lost custumers
(Traveled more before)"
671911,"Consistent low travelers
(Use points)"
690199,"Points accumulator currently
(2021)"
721664,"Points accumulator currently
(2021)"
773844,"Gained customers
(Now traveling average)"
789288,"Lost custumers
(Traveled more before)"
849425,"Formers Points accumulator
(2020)"
687639,"Points accumulator currently
(2021)"
858196,"Stable average travelers
(Loyal)"
194394,"Formers Points accumulator
(2020)"
942681,"Points accumulator currently
(2021)"
188006,"Formers Points accumulator
(2020)"
838881,"Formers Points accumulator
(2020)"
308171,"Growing travelers
(Now average)"
450417,Low-travel individuals
749033,"Formers Points accumulator
(2020)"
851130,"Points accumulator currently
(2021)"
989802,"Stable average travelers
(Loyal)"
204343,"Points accumulator currently
(2021)"
516995,"Formers Points accumulator
(2020)"
354206,Low-travel individuals
944810,"Points accumulator currently
(2021)"
175285,"Stable average travelers
(Loyal)"
638685,"Formers Points accumulator
(2020)"
497421,"Formers Points accumulator
(2020)"
730561,Low-travel individuals
458864,Low-travel individuals
928957,"Growing travelers
(Now average)"
186901,"Lost custumers
(Traveled more before)"
511573,"Consistent low travelers
(Use points)"
614106,"Consistent low travelers
(Use points)"
909503,"Consistent low travelers
(Use points)"
320772,"Formers Points accumulator
(2020)"
740918,"Formers Points accumulator
(2020)"
478142,"Formers Points accumulator
(2020)"
612719,"Points accumulator currently
(2021)"
887117,"Gained customers
(Now traveling average)"
587420,"Consistent low travelers
(Use points)"
563981,"Points accumulator currently
(2021)"
852323,"Points accumulator currently
(2021)"
206914,"Formers Points accumulator
(2020)"
583272,"Gained customers
(Now traveling average)"
702542,"Formers Points accumulator
(2020)"
757010,"Points accumulator currently
(2021)"
463926,"Growing travelers
(Now average)"
716362,"Formers Points accumulator
(2020)"
257440,"Consistent low travelers
(Use points)"
610916,Low-travel individuals
671383,"Stable average travelers
(Loyal)"
722399,"Points accumulator currently
(2021)"
369795,"Gained customers
(Now traveling average)"
527090,Low-travel individuals
106477,"Points accumulator currently
(2021)"
690890,"Stable average travelers
(Loyal)"
767894,"Points accumulator currently
(2021)"
259789,"Gained customers
(Now traveling average)"
391397,"Points accumulator currently
(2021)"
973168,"Points accumulator currently
(2021)"
324739,"Points accumulator currently
(2021)"
530517,"Consistent low travelers
(Use points)"
242779,"Stable average travelers
(Loyal)"
781570,"Formers Points accumulator
(2020)"
426698,"Points accumulator currently
(2021)"
985115,Low-travel individuals
153626,"Formers Points accumulator
(2020)"
189158,"Consistent low travelers
(Use points)"
163970,"Consistent low travelers
(Use points)"
635719,"Points accumulator currently
(2021)"
500280,"Stable average travelers
(Loyal)"
139532,"Growing travelers
(Now average)"
169393,"Points accumulator currently
(2021)"
172259,"Lost custumers
(Traveled more before)"
177598,"Formers Points accumulator
(2020)"
246405,"Formers Points accumulator
(2020)"
280864,"Stable average travelers
(Loyal)"
404314,"Formers Points accumulator
(2020)"
434477,"Formers Points accumulator
(2020)"
459345,"Growing travelers
(Now average)"
551837,"Stable average travelers
(Loyal)"
632435,"Growing travelers
(Now average)"
132296,"Growing travelers
(Now average)"
240132,"Formers Points accumulator
(2020)"
367811,Low-travel individuals
418779,"Formers Points accumulator
(2020)"
432718,"Points accumulator currently
(2021)"
671119,"Points accumulator currently
(2021)"
762485,"Formers Points accumulator
(2020)"
774272,"Stable average travelers
(Loyal)"
822051,"Formers Points accumulator
(2020)"
952545,"Consistent low travelers
(Use points)"
848632,"Stable average travelers
(Loyal)"
989568,"Gained customers
(Now traveling average)"
164743,"Formers Points accumulator
(2020)"
172724,Low-travel individuals
419749,"Stable average travelers
(Loyal)"
284203,"Stable average travelers
(Loyal)"
914152,"Points accumulator currently
(2021)"
119135,"Formers Points accumulator
(2020)"
691220,"Formers Points accumulator
(2020)"
213246,"Gained customers
(Now traveling average)"
246571,"Consistent low travelers
(Use points)"
930502,"Formers Points accumulator
(2020)"
116288,"Gained customers
(Now traveling average)"
857497,"Formers Points accumulator
(2020)"
369682,"Consistent low travelers
(Use points)"
430107,"Growing travelers
(Now average)"
435657,"Consistent low travelers
(Use points)"
515822,"Growing travelers
(Now average)"
275358,"Stable average travelers
(Loyal)"
456785,"Points accumulator currently
(2021)"
188318,"Points accumulator currently
(2021)"
966729,"Points accumulator currently
(2021)"
922484,"Stable average travelers
(Loyal)"
926300,"Consistent low travelers
(Use points)"
211891,"Points accumulator currently
(2021)"
660294,"Points accumulator currently
(2021)"
267291,"Stable average travelers
(Loyal)"
409989,Low-travel individuals
758738,"Growing travelers
(Now average)"
708634,"Stable average travelers
(Loyal)"
370660,"Gained customers
(Now traveling average)"
849587,"Points accumulator currently
(2021)"
599442,"Points accumulator currently
(2021)"
752580,"Consistent low travelers
(Use points)"
462663,"Formers Points accumulator
(2020)"
978048,"Gained customers
(Now traveling average)"
826975,"Gained customers
(Now traveling average)"
420457,"Stable average travelers
(Loyal)"
497108,"Points accumulator currently
(2021)"
238156,"Consistent low travelers
(Use points)"
776317,"Gained customers
(Now traveling average)"
250619,"Points accumulator currently
(2021)"
680376,Low-travel individuals
691855,Low-travel individuals
833728,"Points accumulator currently
(2021)"
258951,"Stable average travelers
(Loyal)"
354477,"Points accumulator currently
(2021)"
417001,Low-travel individuals
626211,"Growing travelers
(Now average)"
597197,"Growing travelers
(Now average)"
986421,"Growing travelers
(Now average)"
779085,"Formers Points accumulator
(2020)"
921705,"Points accumulator currently
(2021)"
317888,"Formers Points accumulator
(2020)"
777171,"Stable average travelers
(Loyal)"
932745,"Points accumulator currently
(2021)"
947620,"Consistent low travelers
(Use points)"
742509,"Points accumulator currently
(2021)"
924268,"Points accumulator currently
(2021)"
202218,"Gained customers
(Now traveling average)"
612963,Low-travel individuals
666473,"Stable average travelers
(Loyal)"
136715,"Growing travelers
(Now average)"
365166,Low-travel individuals
628952,"Consistent low travelers
(Use points)"
690866,"Stable average travelers
(Loyal)"
947158,"Growing travelers
(Now average)"
157200,"Points accumulator currently
(2021)"
392953,"Gained customers
(Now traveling average)"
395962,Low-travel individuals
737509,"Growing travelers
(Now average)"
335852,"Stable average travelers
(Loyal)"
865727,"Gained customers
(Now traveling average)"
659607,"Stable average travelers
(Loyal)"
706884,"Lost custumers
(Traveled more before)"
197067,"Points accumulator currently
(2021)"
376424,"Points accumulator currently
(2021)"
490250,"Points accumulator currently
(2021)"
317827,"Formers Points accumulator
(2020)"
119997,"Stable average travelers
(Loyal)"
356507,"Formers Points accumulator
(2020)"
422496,"Formers Points accumulator
(2020)"
929728,"Stable average travelers
(Loyal)"
343879,"Gained customers
(Now traveling average)"
406176,"Consistent low travelers
(Use points)"
494384,"Formers Points accumulator
(2020)"
581661,"Stable average travelers
(Loyal)"
618823,"Consistent low travelers
(Use points)"
641050,"Points accumulator currently
(2021)"
695596,"Gained customers
(Now traveling average)"
739084,"Points accumulator currently
(2021)"
743610,"Growing travelers
(Now average)"
829588,"Stable average travelers
(Loyal)"
878816,Low-travel individuals
969810,"Formers Points accumulator
(2020)"
565960,"Formers Points accumulator
(2020)"
641704,"Growing travelers
(Now average)"
108264,"Stable average travelers
(Loyal)"
298601,"Formers Points accumulator
(2020)"
581481,"Stable average travelers
(Loyal)"
693608,"Points accumulator currently
(2021)"
772370,"Points accumulator currently
(2021)"
843037,"Stable average travelers
(Loyal)"
212189,"Formers Points accumulator
(2020)"
216487,"Stable average travelers
(Loyal)"
674118,"Points accumulator currently
(2021)"
880436,"Formers Points accumulator
(2020)"
387455,"Growing travelers
(Now average)"
877124,"Points accumulator currently
(2021)"
107461,"Consistent low travelers
(Use points)"
785076,"Points accumulator currently
(2021)"
510353,Low-travel individuals
764896,"Consistent low travelers
(Use points)"
838845,"Growing travelers
(Now average)"
929712,"Lost custumers
(Traveled more before)"
229391,Low-travel individuals
383367,"Gained customers
(Now traveling average)"
393101,Low-travel individuals
276035,"Points accumulator currently
(2021)"
474458,"Points accumulator currently
(2021)"
968764,Low-travel individuals
200744,"Consistent low travelers
(Use points)"
448354,"Stable average travelers
(Loyal)"
421744,"Consistent low travelers
(Use points)"
953892,"Gained customers
(Now traveling average)"
745901,"Points accumulator currently
(2021)"
794323,"Stable average travelers
(Loyal)"
711571,"Lost custumers
(Traveled more before)"
206772,"Points accumulator currently
(2021)"
860099,"Growing travelers
(Now average)"
348215,"Formers Points accumulator
(2020)"
966089,Low-travel individuals
208323,"Consistent low travelers
(Use points)"
244296,"Formers Points accumulator
(2020)"
577501,"Points accumulator currently
(2021)"
961218,"Consistent low travelers
(Use points)"
343103,"Formers Points accumulator
(2020)"
454880,"Formers Points accumulator
(2020)"
328188,"Consistent low travelers
(Use points)"
401350,Low-travel individuals
486197,"Gained customers
(Now traveling average)"
625451,"Consistent low travelers
(Use points)"
908882,"Gained customers
(Now traveling average)"
979644,"Stable average travelers
(Loyal)"
851390,"Points accumulator currently
(2021)"
887266,"Formers Points accumulator
(2020)"
128032,"Growing travelers
(Now average)"
337066,"Formers Points accumulator
(2020)"
581651,Low-travel individuals
582066,"Stable average travelers
(Loyal)"
643705,"Consistent low travelers
(Use points)"
752107,"Formers Points accumulator
(2020)"
798881,"Points accumulator currently
(2021)"
868025,"Formers Points accumulator
(2020)"
918112,"Stable average travelers
(Loyal)"
977305,"Stable average travelers
(Loyal)"
447796,"Consistent low travelers
(Use points)"
584845,"Formers Points accumulator
(2020)"
498643,"Points accumulator currently
(2021)"
489985,"Gained customers
(Now traveling average)"
909727,"Gained customers
(Now traveling average)"
190227,"Formers Points accumulator
(2020)"
212849,"Consistent low travelers
(Use points)"
100753,"Formers Points accumulator
(2020)"
794723,"Growing travelers
(Now average)"
250363,"Gained customers
(Now traveling average)"
460349,"Stable average travelers
(Loyal)"
317776,"Points accumulator currently
(2021)"
543901,"Formers Points accumulator
(2020)"
837641,"Formers Points accumulator
(2020)"
292546,"Stable average travelers
(Loyal)"
718962,"Consistent low travelers
(Use points)"
309304,"Formers Points accumulator
(2020)"
834537,Low-travel individuals
515775,"Consistent low travelers
(Use points)"
576363,"Formers Points accumulator
(2020)"
696732,Low-travel individuals
190827,"Gained customers
(Now traveling average)"
599372,"Points accumulator currently
(2021)"
446988,"Consistent low travelers
(Use points)"
863280,"Consistent low travelers
(Use points)"
148749,Low-travel individuals
618719,"Stable average travelers
(Loyal)"
381189,"Stable average travelers
(Loyal)"
575821,"Gained customers
(Now traveling average)"
172284,Low-travel individuals
243191,"Formers Points accumulator
(2020)"
269694,"Stable average travelers
(Loyal)"
312545,"Growing travelers
(Now average)"
353096,"Points accumulator currently
(2021)"
401766,"Formers Points accumulator
(2020)"
446352,"Consistent low travelers
(Use points)"
481457,"Gained customers
(Now traveling average)"
549686,"Consistent low travelers
(Use points)"
911668,"Consistent low travelers
(Use points)"
453032,"Formers Points accumulator
(2020)"
696562,Low-travel individuals
559576,"Points accumulator currently
(2021)"
822205,"Gained customers
(Now traveling average)"
513099,"Points accumulator currently
(2021)"
765655,Low-travel individuals
316933,"Growing travelers
(Now average)"
890650,Low-travel individuals
162489,"Consistent low travelers
(Use points)"
950933,"Stable average travelers
(Loyal)"
139135,"Points accumulator currently
(2021)"
374931,"Formers Points accumulator
(2020)"
713520,"Lost custumers
(Traveled more before)"
779106,"Stable average travelers
(Loyal)"
778066,"Gained customers
(Now traveling average)"
820204,"Formers Points accumulator
(2020)"
550598,Low-travel individuals
592350,"Stable average travelers
(Loyal)"
113578,"Lost custumers
(Traveled more before)"
900853,"Stable average travelers
(Loyal)"
318755,"Consistent low travelers
(Use points)"
469660,"Consistent low travelers
(Use points)"
133821,"Points accumulator currently
(2021)"
915156,"Points accumulator currently
(2021)"
214095,"Consistent low travelers
(Use points)"
948714,"Formers Points accumulator
(2020)"
783255,"Consistent low travelers
(Use points)"
796544,Low-travel individuals
134012,Low-travel individuals
841948,"Growing travelers
(Now average)"
536018,"Points accumulator currently
(2021)"
603545,"Points accumulator currently
(2021)"
982535,"Points accumulator currently
(2021)"
138121,"Stable average travelers
(Loyal)"
516594,"Stable average travelers
(Loyal)"
844677,"Consistent low travelers
(Use points)"
942355,"Formers Points accumulator
(2020)"
140391,"Consistent low travelers
(Use points)"
220538,"Gained customers
(Now traveling average)"
178565,Low-travel individuals
729173,"Stable average travelers
(Loyal)"
781924,"Consistent low travelers
(Use points)"
453133,"Formers Points accumulator
(2020)"
465421,"Consistent low travelers
(Use points)"
439252,"Lost custumers
(Traveled more before)"
985839,"Points accumulator currently
(2021)"
321012,"Consistent low travelers
(Use points)"
528331,"Growing travelers
(Now average)"
383391,Low-travel individuals
186810,"Growing travelers
(Now average)"
771901,"Consistent low travelers
(Use points)"
104960,"Growing travelers
(Now average)"
172200,"Gained customers
(Now traveling average)"
293689,Low-travel individuals
348400,"Formers Points accumulator
(2020)"
354461,"Stable average travelers
(Loyal)"
478986,"Formers Points accumulator
(2020)"
729444,"Gained customers
(Now traveling average)"
750649,"Stable average travelers
(Loyal)"
805170,"Stable average travelers
(Loyal)"
834790,Low-travel individuals
997434,"Stable average travelers
(Loyal)"
218757,"Gained customers
(Now traveling average)"
830171,"Points accumulator currently
(2021)"
571239,"Points accumulator currently
(2021)"
976529,"Consistent low travelers
(Use points)"
127785,"Stable average travelers
(Loyal)"
503357,"Formers Points accumulator
(2020)"
166865,"Consistent low travelers
(Use points)"
313732,"Consistent low travelers
(Use points)"
254579,"Points accumulator currently
(2021)"
631583,"Formers Points accumulator
(2020)"
799657,Low-travel individuals
957881,"Formers Points accumulator
(2020)"
649422,"Growing travelers
(Now average)"
733627,"Points accumulator currently
(2021)"
515929,"Points accumulator currently
(2021)"
570600,"Consistent low travelers
(Use points)"
640614,"Stable average travelers
(Loyal)"
864845,"Points accumulator currently
(2021)"
431640,"Stable average travelers
(Loyal)"
850414,"Growing travelers
(Now average)"
352490,"Stable average travelers
(Loyal)"
593327,"Consistent low travelers
(Use points)"
114214,"Growing travelers
(Now average)"
562644,"Consistent low travelers
(Use points)"
618494,"Growing travelers
(Now average)"
662934,"Gained customers
(Now traveling average)"
734458,"Consistent low travelers
(Use points)"
784946,"Points accumulator currently
(2021)"
433477,Low-travel individuals
489244,"Stable average travelers
(Loyal)"
352216,Low-travel individuals
770568,Low-travel individuals
492496,"Stable average travelers
(Loyal)"
747571,"Points accumulator currently
(2021)"
843737,Low-travel individuals
547500,"Formers Points accumulator
(2020)"
354084,"Points accumulator currently
(2021)"
634386,"Formers Points accumulator
(2020)"
482551,"Growing travelers
(Now average)"
788947,"Stable average travelers
(Loyal)"
753089,"Consistent low travelers
(Use points)"
877419,"Consistent low travelers
(Use points)"
106616,Low-travel individuals
618022,"Points accumulator currently
(2021)"
586365,"Gained customers
(Now traveling average)"
193946,Low-travel individuals
891128,"Consistent low travelers
(Use points)"
358151,"Gained customers
(Now traveling average)"
236129,"Formers Points accumulator
(2020)"
879904,"Stable average travelers
(Loyal)"
726309,Low-travel individuals
498610,"Gained customers
(Now traveling average)"
728486,"Consistent low travelers
(Use points)"
110394,"Stable average travelers
(Loyal)"
450865,"Stable average travelers
(Loyal)"
711510,"Formers Points accumulator
(2020)"
372652,"Consistent low travelers
(Use points)"
294865,"Formers Points accumulator
(2020)"
462595,"Formers Points accumulator
(2020)"
328180,"Gained customers
(Now traveling average)"
444365,"Points accumulator currently
(2021)"
164298,"Lost custumers
(Traveled more before)"
167465,"Growing travelers
(Now average)"
722089,"Formers Points accumulator
(2020)"
802452,"Consistent low travelers
(Use points)"
214605,"Points accumulator currently
(2021)"
299107,"Stable average travelers
(Loyal)"
613303,"Formers Points accumulator
(2020)"
602587,"Consistent low travelers
(Use points)"
674643,"Gained customers
(Now traveling average)"
138810,"Gained customers
(Now traveling average)"
314081,Low-travel individuals
545278,"Points accumulator currently
(2021)"
625859,"Consistent low travelers
(Use points)"
844556,"Points accumulator currently
(2021)"
925385,"Stable average travelers
(Loyal)"
351500,"Consistent low travelers
(Use points)"
459164,"Gained customers
(Now traveling average)"
730246,"Gained customers
(Now traveling average)"
999631,"Formers Points accumulator
(2020)"
574771,"Stable average travelers
(Loyal)"
975949,"Points accumulator currently
(2021)"
165224,"Lost custumers
(Traveled more before)"
237858,"Gained customers
(Now traveling average)"
260855,"Stable average travelers
(Loyal)"
296567,"Points accumulator currently
(2021)"
427140,"Formers Points accumulator
(2020)"
616083,"Points accumulator currently
(2021)"
675651,"Formers Points accumulator
(2020)"
717762,"Gained customers
(Now traveling average)"
720079,"Points accumulator currently
(2021)"
740090,"Formers Points accumulator
(2020)"
839527,"Stable average travelers
(Loyal)"
198900,"Consistent low travelers
(Use points)"
216762,"Consistent low travelers
(Use points)"
824351,"Stable average travelers
(Loyal)"
510440,"Consistent low travelers
(Use points)"
803234,"Formers Points accumulator
(2020)"
493598,"Formers Points accumulator
(2020)"
848694,"Lost custumers
(Traveled more before)"
688731,Low-travel individuals
839356,"Stable average travelers
(Loyal)"
141655,"Consistent low travelers
(Use points)"
549751,"Consistent low travelers
(Use points)"
443232,"Stable average travelers
(Loyal)"
588993,Low-travel individuals
451425,"Consistent low travelers
(Use points)"
928354,"Consistent low travelers
(Use points)"
534813,"Formers Points accumulator
(2020)"
614810,"Consistent low travelers
(Use points)"
103502,"Growing travelers
(Now average)"
334575,"Consistent low travelers
(Use points)"
455896,"Consistent low travelers
(Use points)"
469781,"Points accumulator currently
(2021)"
533488,Low-travel individuals
630694,"Lost custumers
(Traveled more before)"
707557,"Points accumulator currently
(2021)"
738459,"Consistent low travelers
(Use points)"
947863,"Consistent low travelers
(Use points)"
793134,"Points accumulator currently
(2021)"
891903,"Points accumulator currently
(2021)"
129817,"Consistent low travelers
(Use points)"
618300,"Points accumulator currently
(2021)"
167062,"Consistent low travelers
(Use points)"
212735,"Consistent low travelers
(Use points)"
246591,"Points accumulator currently
(2021)"
275413,"Formers Points accumulator
(2020)"
285636,"Growing travelers
(Now average)"
327972,"Points accumulator currently
(2021)"
351292,Low-travel individuals
375430,"Formers Points accumulator
(2020)"
663213,"Gained customers
(Now traveling average)"
198785,Low-travel individuals
695069,Low-travel individuals
281952,Low-travel individuals
515905,"Formers Points accumulator
(2020)"
228772,"Lost custumers
(Traveled more before)"
839748,"Formers Points accumulator
(2020)"
561801,"Gained customers
(Now traveling average)"
540905,"Stable average travelers
(Loyal)"
625599,"Points accumulator currently
(2021)"
707017,"Growing travelers
(Now average)"
807256,"Formers Points accumulator
(2020)"
653191,"Growing travelers
(Now average)"
955292,"Gained customers
(Now traveling average)"
164500,Low-travel individuals
587480,"Formers Points accumulator
(2020)"
294283,"Points accumulator currently
(2021)"
478247,"Stable average travelers
(Loyal)"
637249,"Consistent low travelers
(Use points)"
888291,"Formers Points accumulator
(2020)"
456613,"Gained customers
(Now traveling average)"
473563,"Consistent low travelers
(Use points)"
432059,"Growing travelers
(Now average)"
772827,"Gained customers
(Now traveling average)"
119845,"Formers Points accumulator
(2020)"
133128,"Points accumulator currently
(2021)"
293137,Low-travel individuals
608070,"Stable average travelers
(Loyal)"
887995,"Formers Points accumulator
(2020)"
936211,"Formers Points accumulator
(2020)"
659767,"Growing travelers
(Now average)"
723208,Low-travel individuals
168843,"Formers Points accumulator
(2020)"
278059,Low-travel individuals
455606,"Stable average travelers
(Loyal)"
826166,"Gained customers
(Now traveling average)"
167515,"Formers Points accumulator
(2020)"
581007,"Formers Points accumulator
(2020)"
364356,"Stable average travelers
(Loyal)"
375203,Low-travel individuals
551938,"Points accumulator currently
(2021)"
556808,"Formers Points accumulator
(2020)"
571970,"Points accumulator currently
(2021)"
603658,"Stable average travelers
(Loyal)"
616650,"Formers Points accumulator
(2020)"
688820,"Stable average travelers
(Loyal)"
709472,"Formers Points accumulator
(2020)"
654751,"Formers Points accumulator
(2020)"
680945,"Gained customers
(Now traveling average)"
224130,"Stable average travelers
(Loyal)"
448912,"Stable average travelers
(Loyal)"
813520,"Formers Points accumulator
(2020)"
273177,"Growing travelers
(Now average)"
565900,"Points accumulator currently
(2021)"
662392,"Lost custumers
(Traveled more before)"
605421,"Points accumulator currently
(2021)"
642808,"Consistent low travelers
(Use points)"
992268,"Formers Points accumulator
(2020)"
415372,"Formers Points accumulator
(2020)"
691761,"Points accumulator currently
(2021)"
287927,"Points accumulator currently
(2021)"
858667,"Formers Points accumulator
(2020)"
137751,"Points accumulator currently
(2021)"
556958,"Stable average travelers
(Loyal)"
689459,"Gained customers
(Now traveling average)"
874415,"Gained customers
(Now traveling average)"
897716,"Consistent low travelers
(Use points)"
853957,"Points accumulator currently
(2021)"
294071,"Points accumulator currently
(2021)"
158508,"Stable average travelers
(Loyal)"
728679,"Stable average travelers
(Loyal)"
205430,"Formers Points accumulator
(2020)"
371079,"Formers Points accumulator
(2020)"
574330,"Points accumulator currently
(2021)"
617471,"Consistent low travelers
(Use points)"
203133,"Formers Points accumulator
(2020)"
742064,"Gained customers
(Now traveling average)"
265665,Low-travel individuals
605322,"Consistent low travelers
(Use points)"
262683,"Points accumulator currently
(2021)"
264095,"Gained customers
(Now traveling average)"
184895,"Points accumulator currently
(2021)"
268932,"Consistent low travelers
(Use points)"
989473,"Consistent low travelers
(Use points)"
282854,"Formers Points accumulator
(2020)"
944355,"Stable average travelers
(Loyal)"
171906,"Consistent low travelers
(Use points)"
357574,"Stable average travelers
(Loyal)"
768748,"Formers Points accumulator
(2020)"
784185,"Stable average travelers
(Loyal)"
117915,"Gained customers
(Now traveling average)"
945091,"Stable average travelers
(Loyal)"
341907,"Lost custumers
(Traveled more before)"
377674,"Stable average travelers
(Loyal)"
478278,"Points accumulator currently
(2021)"
975309,"Formers Points accumulator
(2020)"
588220,"Consistent low travelers
(Use points)"
832745,"Stable average travelers
(Loyal)"
580979,Low-travel individuals
865977,"Points accumulator currently
(2021)"
593710,"Growing travelers
(Now average)"
141023,"Stable average travelers
(Loyal)"
576071,"Consistent low travelers
(Use points)"
127137,"Stable average travelers
(Loyal)"
432370,"Points accumulator currently
(2021)"
739704,"Lost custumers
(Traveled more before)"
971142,"Stable average travelers
(Loyal)"
318564,"Points accumulator currently
(2021)"
495926,Low-travel individuals
381496,"Consistent low travelers
(Use points)"
878281,"Stable average travelers
(Loyal)"
454718,"Consistent low travelers
(Use points)"
946061,"Consistent low travelers
(Use points)"
471523,"Growing travelers
(Now average)"
644434,"Stable average travelers
(Loyal)"
904283,"Points accumulator currently
(2021)"
516301,"Consistent low travelers
(Use points)"
298865,"Points accumulator currently
(2021)"
471583,"Formers Points accumulator
(2020)"
363774,"Points accumulator currently
(2021)"
450896,"Stable average travelers
(Loyal)"
816510,Low-travel individuals
971157,"Consistent low travelers
(Use points)"
951712,"Formers Points accumulator
(2020)"
724987,"Consistent low travelers
(Use points)"
975497,"Formers Points accumulator
(2020)"
562734,"Consistent low travelers
(Use points)"
919889,"Points accumulator currently
(2021)"
805226,"Growing travelers
(Now average)"
956402,"Formers Points accumulator
(2020)"
564882,"Stable average travelers
(Loyal)"
952730,"Stable average travelers
(Loyal)"
382889,"Gained customers
(Now traveling average)"
422398,"Stable average travelers
(Loyal)"
435613,"Points accumulator currently
(2021)"
449046,"Stable average travelers
(Loyal)"
456822,"Consistent low travelers
(Use points)"
474894,"Stable average travelers
(Loyal)"
629410,"Points accumulator currently
(2021)"
952582,"Gained customers
(Now traveling average)"
583223,"Consistent low travelers
(Use points)"
524968,Low-travel individuals
873886,"Formers Points accumulator
(2020)"
583271,Low-travel individuals
906274,"Lost custumers
(Traveled more before)"
903006,"Gained customers
(Now traveling average)"
969053,"Formers Points accumulator
(2020)"
609072,"Points accumulator currently
(2021)"
996796,"Formers Points accumulator
(2020)"
214322,"Gained customers
(Now traveling average)"
224854,"Points accumulator currently
(2021)"
443243,"Points accumulator currently
(2021)"
472445,"Lost custumers
(Traveled more before)"
520091,"Gained customers
(Now traveling average)"
531430,"Formers Points accumulator
(2020)"
616722,"Consistent low travelers
(Use points)"
752047,"Points accumulator currently
(2021)"
911525,"Points accumulator currently
(2021)"
971528,"Points accumulator currently
(2021)"
988249,"Formers Points accumulator
(2020)"
154736,"Consistent low travelers
(Use points)"
903496,"Points accumulator currently
(2021)"
873022,"Lost custumers
(Traveled more before)"
913340,"Stable average travelers
(Loyal)"
184496,"Stable average travelers
(Loyal)"
753533,"Stable average travelers
(Loyal)"
572265,"Stable average travelers
(Loyal)"
938636,"Formers Points accumulator
(2020)"
193824,"Consistent low travelers
(Use points)"
722169,"Formers Points accumulator
(2020)"
129555,"Formers Points accumulator
(2020)"
637986,"Stable average travelers
(Loyal)"
185496,"Points accumulator currently
(2021)"
858802,"Stable average travelers
(Loyal)"
548722,"Stable average travelers
(Loyal)"
421691,"Stable average travelers
(Loyal)"
698395,"Consistent low travelers
(Use points)"
828076,"Formers Points accumulator
(2020)"
498319,Low-travel individuals
618824,"Consistent low travelers
(Use points)"
503832,"Growing travelers
(Now average)"
737764,"Formers Points accumulator
(2020)"
419732,Low-travel individuals
389812,"Gained customers
(Now traveling average)"
975387,"Stable average travelers
(Loyal)"
842959,"Formers Points accumulator
(2020)"
419540,"Formers Points accumulator
(2020)"
749684,"Points accumulator currently
(2021)"
239182,"Points accumulator currently
(2021)"
872297,Low-travel individuals
201055,Low-travel individuals
913449,"Gained customers
(Now traveling average)"
166011,"Gained customers
(Now traveling average)"
739138,"Stable average travelers
(Loyal)"
970014,Low-travel individuals
275306,"Formers Points accumulator
(2020)"
621093,"Stable average travelers
(Loyal)"
300806,"Formers Points accumulator
(2020)"
999982,Low-travel individuals
344260,"Consistent low travelers
(Use points)"
423272,"Points accumulator currently
(2021)"
241374,"Consistent low travelers
(Use points)"
522234,"Consistent low travelers
(Use points)"
773943,"Stable average travelers
(Loyal)"
957452,"Points accumulator currently
(2021)"
622006,"Stable average travelers
(Loyal)"
963036,"Points accumulator currently
(2021)"
373554,Low-travel individuals
814236,"Growing travelers
(Now average)"
186199,"Stable average travelers
(Loyal)"
857682,"Consistent low travelers
(Use points)"
346346,"Gained customers
(Now traveling average)"
470373,"Consistent low travelers
(Use points)"
940822,"Points accumulator currently
(2021)"
947679,"Gained customers
(Now traveling average)"
895684,"Formers Points accumulator
(2020)"
365642,"Lost custumers
(Traveled more before)"
927202,"Stable average travelers
(Loyal)"
344052,"Gained customers
(Now traveling average)"
787548,"Stable average travelers
(Loyal)"
258248,"Formers Points accumulator
(2020)"
242288,"Points accumulator currently
(2021)"
652212,"Formers Points accumulator
(2020)"
551510,"Stable average travelers
(Loyal)"
818329,Low-travel individuals
336878,Low-travel individuals
969616,"Points accumulator currently
(2021)"
849589,"Points accumulator currently
(2021)"
474905,"Formers Points accumulator
(2020)"
716294,"Consistent low travelers
(Use points)"
131257,"Consistent low travelers
(Use points)"
628409,"Consistent low travelers
(Use points)"
554136,"Consistent low travelers
(Use points)"
557867,"Stable average travelers
(Loyal)"
726077,Low-travel individuals
234878,"Stable average travelers
(Loyal)"
250311,"Stable average travelers
(Loyal)"
759991,"Formers Points accumulator
(2020)"
446712,"Formers Points accumulator
(2020)"
131047,"Stable average travelers
(Loyal)"
367562,"Formers Points accumulator
(2020)"
386298,"Gained customers
(Now traveling average)"
398655,Low-travel individuals
441419,"Lost custumers
(Traveled more before)"
459017,"Formers Points accumulator
(2020)"
542118,"Formers Points accumulator
(2020)"
697905,"Formers Points accumulator
(2020)"
877654,"Points accumulator currently
(2021)"
532978,"Consistent low travelers
(Use points)"
608419,"Points accumulator currently
(2021)"
375399,"Points accumulator currently
(2021)"
417507,"Points accumulator currently
(2021)"
565805,"Points accumulator currently
(2021)"
342156,"Points accumulator currently
(2021)"
584536,"Formers Points accumulator
(2020)"
614100,"Formers Points accumulator
(2020)"
756663,Low-travel individuals
361266,"Formers Points accumulator
(2020)"
762562,Low-travel individuals
852520,"Formers Points accumulator
(2020)"
902742,Low-travel individuals
366537,"Consistent low travelers
(Use points)"
915933,"Points accumulator currently
(2021)"
882084,Low-travel individuals
155791,"Consistent low travelers
(Use points)"
668020,"Consistent low travelers
(Use points)"
386037,"Formers Points accumulator
(2020)"
465927,Low-travel individuals
130823,"Points accumulator currently
(2021)"
952003,"Consistent low travelers
(Use points)"
353786,"Gained customers
(Now traveling average)"
762255,"Gained customers
(Now traveling average)"
290200,"Gained customers
(Now traveling average)"
609730,"Consistent low travelers
(Use points)"
181140,"Consistent low travelers
(Use points)"
539746,"Gained customers
(Now traveling average)"
484543,"Lost custumers
(Traveled more before)"
492090,"Points accumulator currently
(2021)"
106046,"Formers Points accumulator
(2020)"
545586,"Gained customers
(Now traveling average)"
176115,"Stable average travelers
(Loyal)"
528697,Low-travel individuals
473564,"Lost custumers
(Traveled more before)"
516362,"Points accumulator currently
(2021)"
119198,"Stable average travelers
(Loyal)"
356237,"Formers Points accumulator
(2020)"
503638,Low-travel individuals
706007,"Growing travelers
(Now average)"
731254,Low-travel individuals
889501,Low-travel individuals
895994,Low-travel individuals
918341,"Consistent low travelers
(Use points)"
923761,"Points accumulator currently
(2021)"
925609,"Stable average travelers
(Loyal)"
283654,"Consistent low travelers
(Use points)"
319304,"Growing travelers
(Now average)"
846194,"Stable average travelers
(Loyal)"
265226,"Formers Points accumulator
(2020)"
540551,"Points accumulator currently
(2021)"
235882,"Consistent low travelers
(Use points)"
263762,"Stable average travelers
(Loyal)"
255994,"Gained customers
(Now traveling average)"
607856,"Consistent low travelers
(Use points)"
295302,"Growing travelers
(Now average)"
837012,"Points accumulator currently
(2021)"
309584,"Stable average travelers
(Loyal)"
512191,"Consistent low travelers
(Use points)"
720765,"Points accumulator currently
(2021)"
436569,"Formers Points accumulator
(2020)"
599145,"Points accumulator currently
(2021)"
340574,"Gained customers
(Now traveling average)"
877101,"Points accumulator currently
(2021)"
865759,"Gained customers
(Now traveling average)"
551975,"Stable average travelers
(Loyal)"
821216,"Stable average travelers
(Loyal)"
259342,"Growing travelers
(Now average)"
490774,"Consistent low travelers
(Use points)"
906852,"Stable average travelers
(Loyal)"
913233,"Growing travelers
(Now average)"
573995,Low-travel individuals
845580,"Stable average travelers
(Loyal)"
262305,"Growing travelers
(Now average)"
453876,Low-travel individuals
956908,"Points accumulator currently
(2021)"
262099,"Points accumulator currently
(2021)"
500759,"Points accumulator currently
(2021)"
644163,"Formers Points accumulator
(2020)"
649089,"Gained customers
(Now traveling average)"
636017,"Gained customers
(Now traveling average)"
780423,"Stable average travelers
(Loyal)"
222748,"Formers Points accumulator
(2020)"
839328,"Consistent low travelers
(Use points)"
172987,"Formers Points accumulator
(2020)"
188470,"Lost custumers
(Traveled more before)"
237492,"Growing travelers
(Now average)"
346390,Low-travel individuals
375792,"Growing travelers
(Now average)"
616350,"Gained customers
(Now traveling average)"
652374,"Gained customers
(Now traveling average)"
724435,"Formers Points accumulator
(2020)"
770327,"Formers Points accumulator
(2020)"
851562,"Stable average travelers
(Loyal)"
917779,"Stable average travelers
(Loyal)"
694723,"Consistent low travelers
(Use points)"
157731,"Formers Points accumulator
(2020)"
780140,"Formers Points accumulator
(2020)"
356558,"Points accumulator currently
(2021)"
890673,"Growing travelers
(Now average)"
322955,Low-travel individuals
873761,"Consistent low travelers
(Use points)"
591841,"Points accumulator currently
(2021)"
827172,"Stable average travelers
(Loyal)"
504219,"Formers Points accumulator
(2020)"
130439,"Lost custumers
(Traveled more before)"
429308,"Stable average travelers
(Loyal)"
578013,"Points accumulator currently
(2021)"
772960,"Points accumulator currently
(2021)"
283326,"Formers Points accumulator
(2020)"
391564,"Stable average travelers
(Loyal)"
715640,"Formers Points accumulator
(2020)"
442282,"Consistent low travelers
(Use points)"
902852,"Gained customers
(Now traveling average)"
306051,"Consistent low travelers
(Use points)"
586191,"Consistent low travelers
(Use points)"
752729,"Points accumulator currently
(2021)"
103304,"Points accumulator currently
(2021)"
446171,"Stable average travelers
(Loyal)"
763183,"Consistent low travelers
(Use points)"
952672,"Gained customers
(Now traveling average)"
643099,Low-travel individuals
711541,"Formers Points accumulator
(2020)"
829003,"Formers Points accumulator
(2020)"
901049,"Lost custumers
(Traveled more before)"
444524,"Consistent low travelers
(Use points)"
974829,"Gained customers
(Now traveling average)"
499089,"Points accumulator currently
(2021)"
130086,"Points accumulator currently
(2021)"
153193,"Formers Points accumulator
(2020)"
571643,"Stable average travelers
(Loyal)"
595215,"Consistent low travelers
(Use points)"
707999,Low-travel individuals
101540,"Consistent low travelers
(Use points)"
268630,"Consistent low travelers
(Use points)"
272114,Low-travel individuals
634850,"Formers Points accumulator
(2020)"
214504,"Formers Points accumulator
(2020)"
411296,"Gained customers
(Now traveling average)"
225279,"Points accumulator currently
(2021)"
370093,"Growing travelers
(Now average)"
968943,"Points accumulator currently
(2021)"
184090,"Gained customers
(Now traveling average)"
867056,"Stable average travelers
(Loyal)"
316666,Low-travel individuals
346678,"Stable average travelers
(Loyal)"
118729,"Growing travelers
(Now average)"
316633,"Growing travelers
(Now average)"
605926,"Points accumulator currently
(2021)"
934212,"Points accumulator currently
(2021)"
234454,Low-travel individuals
624621,"Lost custumers
(Traveled more before)"
298327,"Consistent low travelers
(Use points)"
405442,"Points accumulator currently
(2021)"
622906,"Points accumulator currently
(2021)"
137852,"Points accumulator currently
(2021)"
723591,"Stable average travelers
(Loyal)"
693295,"Stable average travelers
(Loyal)"
125969,"Formers Points accumulator
(2020)"
776139,"Formers Points accumulator
(2020)"
827546,"Stable average travelers
(Loyal)"
834120,"Points accumulator currently
(2021)"
300845,"Points accumulator currently
(2021)"
308891,"Gained customers
(Now traveling average)"
373888,Low-travel individuals
545087,"Points accumulator currently
(2021)"
203773,Low-travel individuals
983524,"Formers Points accumulator
(2020)"
478107,"Growing travelers
(Now average)"
684081,Low-travel individuals
298343,"Formers Points accumulator
(2020)"
480239,"Stable average travelers
(Loyal)"
234895,"Gained customers
(Now traveling average)"
262176,"Consistent low travelers
(Use points)"
266148,"Consistent low travelers
(Use points)"
678454,"Stable average travelers
(Loyal)"
920840,"Formers Points accumulator
(2020)"
565242,"Gained customers
(Now traveling average)"
838482,"Points accumulator currently
(2021)"
104267,"Gained customers
(Now traveling average)"
127410,"Stable average travelers
(Loyal)"
116703,"Consistent low travelers
(Use points)"
388777,"Stable average travelers
(Loyal)"
536485,"Stable average travelers
(Loyal)"
282532,Low-travel individuals
601775,"Stable average travelers
(Loyal)"
344627,"Stable average travelers
(Loyal)"
557525,"Formers Points accumulator
(2020)"
650377,"Formers Points accumulator
(2020)"
832046,Low-travel individuals
310965,"Points accumulator currently
(2021)"
571215,"Consistent low travelers
(Use points)"
131558,"Consistent low travelers
(Use points)"
680304,Low-travel individuals
454356,Low-travel individuals
487823,"Lost custumers
(Traveled more before)"
790813,"Points accumulator currently
(2021)"
416216,"Consistent low travelers
(Use points)"
667901,"Consistent low travelers
(Use points)"
813681,"Consistent low travelers
(Use points)"
599078,"Gained customers
(Now traveling average)"
733350,"Stable average travelers
(Loyal)"
931622,"Growing travelers
(Now average)"
822811,"Lost custumers
(Traveled more before)"
991056,"Growing travelers
(Now average)"
604681,"Formers Points accumulator
(2020)"
777118,"Stable average travelers
(Loyal)"
433020,Low-travel individuals
595236,"Gained customers
(Now traveling average)"
275244,"Stable average travelers
(Loyal)"
697917,Low-travel individuals
615201,"Consistent low travelers
(Use points)"
721639,"Lost custumers
(Traveled more before)"
628130,"Stable average travelers
(Loyal)"
854998,"Points accumulator currently
(2021)"
118628,"Points accumulator currently
(2021)"
712584,"Points accumulator currently
(2021)"
136334,"Stable average travelers
(Loyal)"
169137,"Consistent low travelers
(Use points)"
184306,"Consistent low travelers
(Use points)"
708343,"Consistent low travelers
(Use points)"
746377,Low-travel individuals
588445,"Stable average travelers
(Loyal)"
975412,"Stable average travelers
(Loyal)"
129171,"Gained customers
(Now traveling average)"
274410,"Gained customers
(Now traveling average)"
277587,"Growing travelers
(Now average)"
389429,"Points accumulator currently
(2021)"
600302,"Points accumulator currently
(2021)"
786966,"Lost custumers
(Traveled more before)"
836713,"Consistent low travelers
(Use points)"
919117,"Points accumulator currently
(2021)"
940796,"Points accumulator currently
(2021)"
236003,"Formers Points accumulator
(2020)"
584458,"Formers Points accumulator
(2020)"
227804,"Gained customers
(Now traveling average)"
458072,"Growing travelers
(Now average)"
832810,Low-travel individuals
949974,"Gained customers
(Now traveling average)"
661054,"Points accumulator currently
(2021)"
901987,"Formers Points accumulator
(2020)"
158680,"Points accumulator currently
(2021)"
287088,"Formers Points accumulator
(2020)"
331078,"Formers Points accumulator
(2020)"
383627,"Points accumulator currently
(2021)"
411690,"Formers Points accumulator
(2020)"
503025,"Consistent low travelers
(Use points)"
517940,Low-travel individuals
679607,"Consistent low travelers
(Use points)"
854902,"Formers Points accumulator
(2020)"
981664,"Stable average travelers
(Loyal)"
255509,"Formers Points accumulator
(2020)"
641103,"Points accumulator currently
(2021)"
670210,"Formers Points accumulator
(2020)"
938324,"Stable average travelers
(Loyal)"
653973,"Growing travelers
(Now average)"
589427,"Gained customers
(Now traveling average)"
194758,"Consistent low travelers
(Use points)"
973111,"Points accumulator currently
(2021)"
124085,"Growing travelers
(Now average)"
933968,"Consistent low travelers
(Use points)"
175814,"Stable average travelers
(Loyal)"
180832,"Lost custumers
(Traveled more before)"
334329,"Points accumulator currently
(2021)"
414305,"Formers Points accumulator
(2020)"
650870,"Stable average travelers
(Loyal)"
677695,"Stable average travelers
(Loyal)"
733324,"Points accumulator currently
(2021)"
764305,"Points accumulator currently
(2021)"
774326,"Points accumulator currently
(2021)"
853003,Low-travel individuals
857942,"Growing travelers
(Now average)"
911744,Low-travel individuals
102464,"Growing travelers
(Now average)"
122094,"Points accumulator currently
(2021)"
947750,"Points accumulator currently
(2021)"
673054,"Growing travelers
(Now average)"
876765,Low-travel individuals
827731,"Stable average travelers
(Loyal)"
852573,"Consistent low travelers
(Use points)"
235885,"Points accumulator currently
(2021)"
326272,"Stable average travelers
(Loyal)"
307619,"Gained customers
(Now traveling average)"
844749,"Stable average travelers
(Loyal)"
292096,"Stable average travelers
(Loyal)"
518064,"Points accumulator currently
(2021)"
746314,"Lost custumers
(Traveled more before)"
886227,Low-travel individuals
565991,"Gained customers
(Now traveling average)"
854610,"Formers Points accumulator
(2020)"
419758,"Consistent low travelers
(Use points)"
302129,"Formers Points accumulator
(2020)"
824216,"Stable average travelers
(Loyal)"
168316,"Stable average travelers
(Loyal)"
368713,Low-travel individuals
652852,"Stable average travelers
(Loyal)"
866701,"Consistent low travelers
(Use points)"
517559,"Consistent low travelers
(Use points)"
648924,"Growing travelers
(Now average)"
633861,"Stable average travelers
(Loyal)"
677174,"Formers Points accumulator
(2020)"
680379,"Formers Points accumulator
(2020)"
750974,"Formers Points accumulator
(2020)"
663422,"Points accumulator currently
(2021)"
141703,"Stable average travelers
(Loyal)"
221862,"Stable average travelers
(Loyal)"
412133,"Formers Points accumulator
(2020)"
551154,"Consistent low travelers
(Use points)"
611990,"Points accumulator currently
(2021)"
571123,"Consistent low travelers
(Use points)"
409914,"Points accumulator currently
(2021)"
873945,"Stable average travelers
(Loyal)"
733582,"Points accumulator currently
(2021)"
813931,"Points accumulator currently
(2021)"
956081,"Lost custumers
(Traveled more before)"
154480,"Points accumulator currently
(2021)"
930921,"Consistent low travelers
(Use points)"
349115,"Consistent low travelers
(Use points)"
355491,"Points accumulator currently
(2021)"
984290,"Growing travelers
(Now average)"
765877,"Formers Points accumulator
(2020)"
937065,"Formers Points accumulator
(2020)"
497070,Low-travel individuals
379120,"Formers Points accumulator
(2020)"
881628,"Growing travelers
(Now average)"
388478,"Growing travelers
(Now average)"
756892,"Consistent low travelers
(Use points)"
727179,Low-travel individuals
515718,Low-travel individuals
577322,"Consistent low travelers
(Use points)"
373144,"Consistent low travelers
(Use points)"
790740,Low-travel individuals
319768,"Gained customers
(Now traveling average)"
976636,"Growing travelers
(Now average)"
117219,"Stable average travelers
(Loyal)"
388156,"Points accumulator currently
(2021)"
866168,"Points accumulator currently
(2021)"
348723,"Points accumulator currently
(2021)"
724028,"Growing travelers
(Now average)"
468310,"Stable average travelers
(Loyal)"
615678,"Gained customers
(Now traveling average)"
745454,Low-travel individuals
612294,"Growing travelers
(Now average)"
163757,"Points accumulator currently
(2021)"
962730,"Growing travelers
(Now average)"
348047,"Points accumulator currently
(2021)"
474779,"Consistent low travelers
(Use points)"
200067,"Stable average travelers
(Loyal)"
356578,"Formers Points accumulator
(2020)"
402918,"Consistent low travelers
(Use points)"
739005,"Formers Points accumulator
(2020)"
805431,"Points accumulator currently
(2021)"
442304,"Points accumulator currently
(2021)"
406369,"Gained customers
(Now traveling average)"
445746,"Consistent low travelers
(Use points)"
860809,"Stable average travelers
(Loyal)"
211475,"Gained customers
(Now traveling average)"
422989,"Lost custumers
(Traveled more before)"
333773,"Formers Points accumulator
(2020)"
443198,"Growing travelers
(Now average)"
490563,"Points accumulator currently
(2021)"
501569,"Lost custumers
(Traveled more before)"
927305,"Formers Points accumulator
(2020)"
473410,"Consistent low travelers
(Use points)"
833221,"Gained customers
(Now traveling average)"
568594,"Growing travelers
(Now average)"
216946,"Points accumulator currently
(2021)"
368669,Low-travel individuals
892701,"Points accumulator currently
(2021)"
980761,"Stable average travelers
(Loyal)"
861330,"Gained customers
(Now traveling average)"
743018,"Points accumulator currently
(2021)"
945430,"Formers Points accumulator
(2020)"
996984,Low-travel individuals
745830,"Formers Points accumulator
(2020)"
187618,Low-travel individuals
294334,"Stable average travelers
(Loyal)"
631070,"Gained customers
(Now traveling average)"
143981,"Stable average travelers
(Loyal)"
607489,"Points accumulator currently
(2021)"
827339,"Points accumulator currently
(2021)"
343383,"Stable average travelers
(Loyal)"
597294,"Gained customers
(Now traveling average)"
562093,"Formers Points accumulator
(2020)"
616857,"Points accumulator currently
(2021)"
259878,"Consistent low travelers
(Use points)"
557996,"Points accumulator currently
(2021)"
387648,"Stable average travelers
(Loyal)"
908801,Low-travel individuals
781621,"Consistent low travelers
(Use points)"
669222,"Formers Points accumulator
(2020)"
481105,"Stable average travelers
(Loyal)"
421923,"Points accumulator currently
(2021)"
305287,Low-travel individuals
891335,"Points accumulator currently
(2021)"
517087,"Formers Points accumulator
(2020)"
166693,"Points accumulator currently
(2021)"
782549,"Consistent low travelers
(Use points)"
418166,"Stable average travelers
(Loyal)"
961463,"Consistent low travelers
(Use points)"
162456,"Points accumulator currently
(2021)"
851836,"Formers Points accumulator
(2020)"
981091,"Points accumulator currently
(2021)"
299830,"Stable average travelers
(Loyal)"
399670,"Formers Points accumulator
(2020)"
860172,"Points accumulator currently
(2021)"
864456,"Points accumulator currently
(2021)"
123586,"Consistent low travelers
(Use points)"
516255,"Growing travelers
(Now average)"
666381,"Stable average travelers
(Loyal)"
648432,"Growing travelers
(Now average)"
714939,"Stable average travelers
(Loyal)"
502952,"Gained customers
(Now traveling average)"
414318,"Points accumulator currently
(2021)"
184478,"Gained customers
(Now traveling average)"
403856,"Gained customers
(Now traveling average)"
460025,"Formers Points accumulator
(2020)"
984115,"Formers Points accumulator
(2020)"
200877,"Formers Points accumulator
(2020)"
561251,"Points accumulator currently
(2021)"
419182,"Stable average travelers
(Loyal)"
709726,"Consistent low travelers
(Use points)"
794024,"Formers Points accumulator
(2020)"
975199,"Stable average travelers
(Loyal)"
150656,"Growing travelers
(Now average)"
201816,"Stable average travelers
(Loyal)"
351138,"Points accumulator currently
(2021)"
860848,"Formers Points accumulator
(2020)"
355750,"Points accumulator currently
(2021)"
432493,"Stable average travelers
(Loyal)"
494600,"Stable average travelers
(Loyal)"
996989,"Gained customers
(Now traveling average)"
874374,"Formers Points accumulator
(2020)"
892616,"Points accumulator currently
(2021)"
532376,Low-travel individuals
274622,Low-travel individuals
207453,"Stable average travelers
(Loyal)"
819077,"Consistent low travelers
(Use points)"
460037,Low-travel individuals
933848,"Stable average travelers
(Loyal)"
434802,"Consistent low travelers
(Use points)"
640110,"Formers Points accumulator
(2020)"
333694,"Stable average travelers
(Loyal)"
576176,Low-travel individuals
654073,"Consistent low travelers
(Use points)"
392802,"Stable average travelers
(Loyal)"
782241,"Stable average travelers
(Loyal)"
377114,"Stable average travelers
(Loyal)"
129533,"Lost custumers
(Traveled more before)"
245289,"Formers Points accumulator
(2020)"
311795,"Lost custumers
(Traveled more before)"
819969,"Formers Points accumulator
(2020)"
177993,"Formers Points accumulator
(2020)"
113184,"Gained customers
(Now traveling average)"
802206,"Consistent low travelers
(Use points)"
377247,"Points accumulator currently
(2021)"
589430,"Lost custumers
(Traveled more before)"
500038,"Formers Points accumulator
(2020)"
744138,"Formers Points accumulator
(2020)"
500767,"Stable average travelers
(Loyal)"
374679,"Consistent low travelers
(Use points)"
283110,"Formers Points accumulator
(2020)"
301112,"Formers Points accumulator
(2020)"
358979,"Growing travelers
(Now average)"
429829,"Stable average travelers
(Loyal)"
773676,Low-travel individuals
981737,"Points accumulator currently
(2021)"
538854,"Points accumulator currently
(2021)"
973485,"Stable average travelers
(Loyal)"
544690,"Gained customers
(Now traveling average)"
810755,"Stable average travelers
(Loyal)"
633202,"Formers Points accumulator
(2020)"
672431,"Points accumulator currently
(2021)"
680181,"Points accumulator currently
(2021)"
853603,"Formers Points accumulator
(2020)"
226643,"Consistent low travelers
(Use points)"
251081,Low-travel individuals
332711,"Formers Points accumulator
(2020)"
305857,"Gained customers
(Now traveling average)"
562084,"Points accumulator currently
(2021)"
730901,Low-travel individuals
859176,"Points accumulator currently
(2021)"
354176,"Lost custumers
(Traveled more before)"
547360,"Consistent low travelers
(Use points)"
773290,"Consistent low travelers
(Use points)"
569846,"Gained customers
(Now traveling average)"
763000,"Lost custumers
(Traveled more before)"
603070,"Points accumulator currently
(2021)"
744789,"Stable average travelers
(Loyal)"
190720,"Formers Points accumulator
(2020)"
292516,Low-travel individuals
355724,Low-travel individuals
729418,Low-travel individuals
467249,"Growing travelers
(Now average)"
689112,"Formers Points accumulator
(2020)"
415862,"Points accumulator currently
(2021)"
316082,"Gained customers
(Now traveling average)"
671628,"Growing travelers
(Now average)"
632826,"Points accumulator currently
(2021)"
682571,"Consistent low travelers
(Use points)"
170368,"Consistent low travelers
(Use points)"
301152,"Gained customers
(Now traveling average)"
993241,"Gained customers
(Now traveling average)"
891790,"Stable average travelers
(Loyal)"
295510,"Gained customers
(Now traveling average)"
375694,"Points accumulator currently
(2021)"
182519,"Points accumulator currently
(2021)"
850170,"Formers Points accumulator
(2020)"
142906,"Formers Points accumulator
(2020)"
871980,"Points accumulator currently
(2021)"
856667,"Stable average travelers
(Loyal)"
556626,"Stable average travelers
(Loyal)"
968447,"Points accumulator currently
(2021)"
400181,"Stable average travelers
(Loyal)"
409102,"Points accumulator currently
(2021)"
291510,"Consistent low travelers
(Use points)"
615385,"Lost custumers
(Traveled more before)"
232555,"Points accumulator currently
(2021)"
152740,"Gained customers
(Now traveling average)"
652498,"Points accumulator currently
(2021)"
922926,"Growing travelers
(Now average)"
565533,"Points accumulator currently
(2021)"
615022,"Consistent low travelers
(Use points)"
778031,"Consistent low travelers
(Use points)"
977363,Low-travel individuals
618124,"Stable average travelers
(Loyal)"
494179,"Stable average travelers
(Loyal)"
963985,"Formers Points accumulator
(2020)"
676631,"Points accumulator currently
(2021)"
677213,"Growing travelers
(Now average)"
876755,"Points accumulator currently
(2021)"
186807,"Lost custumers
(Traveled more before)"
454690,"Formers Points accumulator
(2020)"
959478,"Consistent low travelers
(Use points)"
722988,"Consistent low travelers
(Use points)"
970092,"Consistent low travelers
(Use points)"
383190,"Formers Points accumulator
(2020)"
313254,"Formers Points accumulator
(2020)"
673401,"Formers Points accumulator
(2020)"
144830,"Points accumulator currently
(2021)"
727428,"Gained customers
(Now traveling average)"
174343,"Stable average travelers
(Loyal)"
339800,"Lost custumers
(Traveled more before)"
362586,"Points accumulator currently
(2021)"
999731,"Lost custumers
(Traveled more before)"
722518,"Consistent low travelers
(Use points)"
750457,"Gained customers
(Now traveling average)"
905909,"Consistent low travelers
(Use points)"
156313,"Stable average travelers
(Loyal)"
501854,"Consistent low travelers
(Use points)"
821314,"Points accumulator currently
(2021)"
160471,Low-travel individuals
113442,Low-travel individuals
164794,"Gained customers
(Now traveling average)"
231508,"Points accumulator currently
(2021)"
869164,"Points accumulator currently
(2021)"
820265,Low-travel individuals
177029,"Gained customers
(Now traveling average)"
842855,"Consistent low travelers
(Use points)"
578114,"Formers Points accumulator
(2020)"
941127,"Points accumulator currently
(2021)"
111485,"Stable average travelers
(Loyal)"
280087,"Formers Points accumulator
(2020)"
931183,"Formers Points accumulator
(2020)"
506400,"Gained customers
(Now traveling average)"
683660,"Points accumulator currently
(2021)"
793473,"Gained customers
(Now traveling average)"
379351,"Points accumulator currently
(2021)"
169054,"Formers Points accumulator
(2020)"
456433,"Growing travelers
(Now average)"
862258,"Formers Points accumulator
(2020)"
114927,"Points accumulator currently
(2021)"
426302,"Growing travelers
(Now average)"
323448,"Formers Points accumulator
(2020)"
515605,"Lost custumers
(Traveled more before)"
821820,"Consistent low travelers
(Use points)"
237751,Low-travel individuals
523296,"Gained customers
(Now traveling average)"
566851,"Points accumulator currently
(2021)"
420204,"Growing travelers
(Now average)"
107203,"Formers Points accumulator
(2020)"
309480,"Stable average travelers
(Loyal)"
501551,"Points accumulator currently
(2021)"
774386,"Gained customers
(Now traveling average)"
383701,"Gained customers
(Now traveling average)"
678341,"Points accumulator currently
(2021)"
279821,"Growing travelers
(Now average)"
202784,"Stable average travelers
(Loyal)"
765542,Low-travel individuals
646023,Low-travel individuals
470952,Low-travel individuals
790240,"Consistent low travelers
(Use points)"
881871,"Points accumulator currently
(2021)"
229612,"Consistent low travelers
(Use points)"
852571,"Stable average travelers
(Loyal)"
582874,Low-travel individuals
608493,"Formers Points accumulator
(2020)"
360240,"Gained customers
(Now traveling average)"
199509,"Growing travelers
(Now average)"
279883,Low-travel individuals
292497,"Formers Points accumulator
(2020)"
816330,Low-travel individuals
876426,"Stable average travelers
(Loyal)"
278213,"Growing travelers
(Now average)"
653400,"Formers Points accumulator
(2020)"
285776,"Points accumulator currently
(2021)"
400470,"Formers Points accumulator
(2020)"
690641,"Points accumulator currently
(2021)"
655325,"Points accumulator currently
(2021)"
760155,"Stable average travelers
(Loyal)"
647005,"Lost custumers
(Traveled more before)"
736258,Low-travel individuals
966227,"Gained customers
(Now traveling average)"
177713,"Growing travelers
(Now average)"
346163,"Consistent low travelers
(Use points)"
966059,"Formers Points accumulator
(2020)"
369853,"Gained customers
(Now traveling average)"
267944,"Points accumulator currently
(2021)"
207110,"Points accumulator currently
(2021)"
348463,"Stable average travelers
(Loyal)"
764634,"Stable average travelers
(Loyal)"
453349,"Stable average travelers
(Loyal)"
457489,"Consistent low travelers
(Use points)"
864806,"Formers Points accumulator
(2020)"
340307,"Consistent low travelers
(Use points)"
922634,"Consistent low travelers
(Use points)"
458963,"Points accumulator currently
(2021)"
599746,"Points accumulator currently
(2021)"
631704,"Formers Points accumulator
(2020)"
948051,"Stable average travelers
(Loyal)"
113804,"Consistent low travelers
(Use points)"
336076,Low-travel individuals
607275,"Stable average travelers
(Loyal)"
836374,"Points accumulator currently
(2021)"
408259,"Points accumulator currently
(2021)"
812617,Low-travel individuals
617079,"Points accumulator currently
(2021)"
675204,"Stable average travelers
(Loyal)"
375768,"Points accumulator currently
(2021)"
794496,"Stable average travelers
(Loyal)"
282041,"Formers Points accumulator
(2020)"
585947,"Formers Points accumulator
(2020)"
775562,"Lost custumers
(Traveled more before)"
210385,"Formers Points accumulator
(2020)"
758262,"Points accumulator currently
(2021)"
287097,"Points accumulator currently
(2021)"
751594,"Consistent low travelers
(Use points)"
198645,"Growing travelers
(Now average)"
948662,"Points accumulator currently
(2021)"
564138,"Stable average travelers
(Loyal)"
668253,"Points accumulator currently
(2021)"
746837,"Formers Points accumulator
(2020)"
983855,"Gained customers
(Now traveling average)"
422121,"Formers Points accumulator
(2020)"
135076,"Consistent low travelers
(Use points)"
602014,"Stable average travelers
(Loyal)"
520821,"Points accumulator currently
(2021)"
559519,"Gained customers
(Now traveling average)"
562737,"Stable average travelers
(Loyal)"
900151,"Stable average travelers
(Loyal)"
693494,"Gained customers
(Now traveling average)"
176278,"Lost custumers
(Traveled more before)"
632103,"Growing travelers
(Now average)"
606877,"Consistent low travelers
(Use points)"
174743,"Consistent low travelers
(Use points)"
581396,"Growing travelers
(Now average)"
183052,"Consistent low travelers
(Use points)"
725326,"Formers Points accumulator
(2020)"
147754,"Stable average travelers
(Loyal)"
564111,"Consistent low travelers
(Use points)"
682826,"Consistent low travelers
(Use points)"
461012,"Consistent low travelers
(Use points)"
638506,"Points accumulator currently
(2021)"
605907,"Points accumulator currently
(2021)"
609009,"Points accumulator currently
(2021)"
747681,"Formers Points accumulator
(2020)"
199073,"Stable average travelers
(Loyal)"
998465,"Growing travelers
(Now average)"
240442,"Stable average travelers
(Loyal)"
631869,"Points accumulator currently
(2021)"
816763,"Points accumulator currently
(2021)"
376862,"Points accumulator currently
(2021)"
845699,"Stable average travelers
(Loyal)"
604019,"Formers Points accumulator
(2020)"
688615,Low-travel individuals
912957,"Consistent low travelers
(Use points)"
342044,"Stable average travelers
(Loyal)"
253282,"Lost custumers
(Traveled more before)"
858674,"Stable average travelers
(Loyal)"
850721,"Growing travelers
(Now average)"
793662,"Consistent low travelers
(Use points)"
436719,"Consistent low travelers
(Use points)"
629966,Low-travel individuals
194657,"Gained customers
(Now traveling average)"
470323,"Growing travelers
(Now average)"
896331,"Formers Points accumulator
(2020)"
709747,"Formers Points accumulator
(2020)"
690970,"Consistent low travelers
(Use points)"
710145,Low-travel individuals
358794,"Consistent low travelers
(Use points)"
504638,"Formers Points accumulator
(2020)"
937312,"Points accumulator currently
(2021)"
957557,"Consistent low travelers
(Use points)"
393565,"Points accumulator currently
(2021)"
420481,"Points accumulator currently
(2021)"
103043,"Formers Points accumulator
(2020)"
155374,"Points accumulator currently
(2021)"
235930,"Formers Points accumulator
(2020)"
486048,"Consistent low travelers
(Use points)"
288776,"Consistent low travelers
(Use points)"
488679,"Consistent low travelers
(Use points)"
872946,"Consistent low travelers
(Use points)"
256013,"Growing travelers
(Now average)"
485196,"Points accumulator currently
(2021)"
318654,"Formers Points accumulator
(2020)"
270248,"Growing travelers
(Now average)"
422320,"Consistent low travelers
(Use points)"
289116,"Gained customers
(Now traveling average)"
920637,"Growing travelers
(Now average)"
840184,"Gained customers
(Now traveling average)"
620990,"Gained customers
(Now traveling average)"
196469,"Formers Points accumulator
(2020)"
996639,"Points accumulator currently
(2021)"
532422,"Points accumulator currently
(2021)"
604822,"Stable average travelers
(Loyal)"
136906,"Stable average travelers
(Loyal)"
518578,"Lost custumers
(Traveled more before)"
142686,"Formers Points accumulator
(2020)"
717565,"Stable average travelers
(Loyal)"
982508,"Stable average travelers
(Loyal)"
290445,"Consistent low travelers
(Use points)"
344998,"Consistent low travelers
(Use points)"
599483,"Stable average travelers
(Loyal)"
716948,"Stable average travelers
(Loyal)"
778920,"Formers Points accumulator
(2020)"
137227,"Consistent low travelers
(Use points)"
223958,"Points accumulator currently
(2021)"
267245,"Stable average travelers
(Loyal)"
269565,"Gained customers
(Now traveling average)"
383891,"Stable average travelers
(Loyal)"
707716,"Formers Points accumulator
(2020)"
696609,"Points accumulator currently
(2021)"
194859,Low-travel individuals
803529,"Stable average travelers
(Loyal)"
290964,"Gained customers
(Now traveling average)"
325367,"Formers Points accumulator
(2020)"
263055,"Stable average travelers
(Loyal)"
856654,"Formers Points accumulator
(2020)"
721423,"Points accumulator currently
(2021)"
807902,"Formers Points accumulator
(2020)"
587619,"Points accumulator currently
(2021)"
439675,"Consistent low travelers
(Use points)"
960309,Low-travel individuals
215651,"Points accumulator currently
(2021)"
700145,"Stable average travelers
(Loyal)"
478785,"Consistent low travelers
(Use points)"
148453,Low-travel individuals
790123,"Formers Points accumulator
(2020)"
895778,Low-travel individuals
283994,"Consistent low travelers
(Use points)"
415067,"Stable average travelers
(Loyal)"
278676,"Formers Points accumulator
(2020)"
694168,"Lost custumers
(Traveled more before)"
475713,"Growing travelers
(Now average)"
677068,"Points accumulator currently
(2021)"
702284,"Formers Points accumulator
(2020)"
790303,"Formers Points accumulator
(2020)"
107835,Low-travel individuals
203950,"Growing travelers
(Now average)"
146354,"Gained customers
(Now traveling average)"
512262,"Points accumulator currently
(2021)"
652394,"Formers Points accumulator
(2020)"
762355,"Stable average travelers
(Loyal)"
788759,"Formers Points accumulator
(2020)"
834081,"Points accumulator currently
(2021)"
420126,"Gained customers
(Now traveling average)"
842066,"Stable average travelers
(Loyal)"
714316,"Consistent low travelers
(Use points)"
108367,"Lost custumers
(Traveled more before)"
258102,"Points accumulator currently
(2021)"
750688,"Consistent low travelers
(Use points)"
833704,"Points accumulator currently
(2021)"
906468,"Consistent low travelers
(Use points)"
944821,"Consistent low travelers
(Use points)"
484317,"Points accumulator currently
(2021)"
430813,"Points accumulator currently
(2021)"
982416,"Points accumulator currently
(2021)"
607662,"Formers Points accumulator
(2020)"
748701,"Consistent low travelers
(Use points)"
664705,"Points accumulator currently
(2021)"
520163,"Formers Points accumulator
(2020)"
604470,"Stable average travelers
(Loyal)"
587543,Low-travel individuals
855451,"Consistent low travelers
(Use points)"
993328,"Stable average travelers
(Loyal)"
776153,Low-travel individuals
100883,"Consistent low travelers
(Use points)"
577124,"Growing travelers
(Now average)"
613546,"Stable average travelers
(Loyal)"
826271,Low-travel individuals
505790,"Formers Points accumulator
(2020)"
269120,"Stable average travelers
(Loyal)"
302198,"Stable average travelers
(Loyal)"
221328,"Formers Points accumulator
(2020)"
195069,Low-travel individuals
492966,"Formers Points accumulator
(2020)"
875212,"Consistent low travelers
(Use points)"
824133,"Points accumulator currently
(2021)"
909066,"Lost custumers
(Traveled more before)"
650358,"Points accumulator currently
(2021)"
787606,"Formers Points accumulator
(2020)"
338872,"Formers Points accumulator
(2020)"
302657,Low-travel individuals
686031,"Formers Points accumulator
(2020)"
875086,"Gained customers
(Now traveling average)"
970783,"Gained customers
(Now traveling average)"
734880,"Formers Points accumulator
(2020)"
898000,"Stable average travelers
(Loyal)"
578203,"Points accumulator currently
(2021)"
145688,"Gained customers
(Now traveling average)"
207865,"Formers Points accumulator
(2020)"
727686,"Lost custumers
(Traveled more before)"
903797,"Points accumulator currently
(2021)"
954231,"Formers Points accumulator
(2020)"
619920,"Stable average travelers
(Loyal)"
725575,"Formers Points accumulator
(2020)"
518622,"Growing travelers
(Now average)"
658407,"Lost custumers
(Traveled more before)"
982528,"Growing travelers
(Now average)"
623569,"Consistent low travelers
(Use points)"
193722,"Points accumulator currently
(2021)"
462366,"Lost custumers
(Traveled more before)"
113755,"Growing travelers
(Now average)"
567210,"Growing travelers
(Now average)"
960629,"Formers Points accumulator
(2020)"
606074,"Growing travelers
(Now average)"
303934,"Consistent low travelers
(Use points)"
329355,"Stable average travelers
(Loyal)"
594606,"Lost custumers
(Traveled more before)"
656993,Low-travel individuals
765989,"Stable average travelers
(Loyal)"
810100,"Points accumulator currently
(2021)"
239490,"Points accumulator currently
(2021)"
555050,"Formers Points accumulator
(2020)"
357466,"Stable average travelers
(Loyal)"
384090,"Points accumulator currently
(2021)"
641612,"Gained customers
(Now traveling average)"
720626,"Stable average travelers
(Loyal)"
105932,"Consistent low travelers
(Use points)"
636000,"Points accumulator currently
(2021)"
623654,"Lost custumers
(Traveled more before)"
724424,"Stable average travelers
(Loyal)"
979330,"Lost custumers
(Traveled more before)"
484592,"Stable average travelers
(Loyal)"
832665,"Consistent low travelers
(Use points)"
246517,"Points accumulator currently
(2021)"
449417,"Points accumulator currently
(2021)"
844834,"Gained customers
(Now traveling average)"
880948,"Formers Points accumulator
(2020)"
324773,"Points accumulator currently
(2021)"
949890,"Points accumulator currently
(2021)"
136772,"Lost custumers
(Traveled more before)"
942685,"Lost custumers
(Traveled more before)"
581712,"Points accumulator currently
(2021)"
154726,"Lost custumers
(Traveled more before)"
789859,"Formers Points accumulator
(2020)"
213112,"Growing travelers
(Now average)"
647491,"Points accumulator currently
(2021)"
440511,"Gained customers
(Now traveling average)"
779184,"Stable average travelers
(Loyal)"
140598,"Points accumulator currently
(2021)"
266365,"Consistent low travelers
(Use points)"
436226,"Formers Points accumulator
(2020)"
469230,"Formers Points accumulator
(2020)"
754936,Low-travel individuals
965674,"Stable average travelers
(Loyal)"
964791,"Gained customers
(Now traveling average)"
542934,Low-travel individuals
155354,"Stable average travelers
(Loyal)"
828136,"Points accumulator currently
(2021)"
255767,Low-travel individuals
216725,"Formers Points accumulator
(2020)"
537387,"Stable average travelers
(Loyal)"
955716,"Consistent low travelers
(Use points)"
217802,"Growing travelers
(Now average)"
511472,"Consistent low travelers
(Use points)"
720300,"Formers Points accumulator
(2020)"
963464,"Consistent low travelers
(Use points)"
899509,"Stable average travelers
(Loyal)"
731494,"Consistent low travelers
(Use points)"
738435,"Points accumulator currently
(2021)"
578688,"Points accumulator currently
(2021)"
184009,"Consistent low travelers
(Use points)"
284461,"Points accumulator currently
(2021)"
371875,"Stable average travelers
(Loyal)"
633627,"Growing travelers
(Now average)"
414382,Low-travel individuals
677704,"Consistent low travelers
(Use points)"
575487,Low-travel individuals
317205,"Points accumulator currently
(2021)"
479509,Low-travel individuals
934529,"Lost custumers
(Traveled more before)"
103916,"Consistent low travelers
(Use points)"
332869,"Formers Points accumulator
(2020)"
394454,"Stable average travelers
(Loyal)"
510264,"Gained customers
(Now traveling average)"
535944,"Stable average travelers
(Loyal)"
572282,"Consistent low travelers
(Use points)"
808341,Low-travel individuals
818271,"Gained customers
(Now traveling average)"
898787,"Stable average travelers
(Loyal)"
402082,"Formers Points accumulator
(2020)"
518236,"Points accumulator currently
(2021)"
405768,"Lost custumers
(Traveled more before)"
423609,"Consistent low travelers
(Use points)"
160993,"Formers Points accumulator
(2020)"
192691,"Consistent low travelers
(Use points)"
661035,"Growing travelers
(Now average)"
243061,"Points accumulator currently
(2021)"
153072,"Points accumulator currently
(2021)"
576692,"Consistent low travelers
(Use points)"
951879,"Gained customers
(Now traveling average)"
943068,"Consistent low travelers
(Use points)"
179956,"Gained customers
(Now traveling average)"
113839,"Consistent low travelers
(Use points)"
977523,"Stable average travelers
(Loyal)"
954952,"Consistent low travelers
(Use points)"
151030,"Points accumulator currently
(2021)"
781495,"Stable average travelers
(Loyal)"
411876,"Stable average travelers
(Loyal)"
865654,"Lost custumers
(Traveled more before)"
385864,"Stable average travelers
(Loyal)"
194855,"Points accumulator currently
(2021)"
174702,"Gained customers
(Now traveling average)"
747604,"Gained customers
(Now traveling average)"
476288,"Formers Points accumulator
(2020)"
549858,"Formers Points accumulator
(2020)"
647658,Low-travel individuals
983822,"Points accumulator currently
(2021)"
292957,"Formers Points accumulator
(2020)"
398611,"Formers Points accumulator
(2020)"
206947,"Consistent low travelers
(Use points)"
233819,"Consistent low travelers
(Use points)"
603009,"Gained customers
(Now traveling average)"
402390,Low-travel individuals
625123,"Points accumulator currently
(2021)"
679132,Low-travel individuals
683751,"Points accumulator currently
(2021)"
867780,"Formers Points accumulator
(2020)"
958274,"Formers Points accumulator
(2020)"
478666,"Stable average travelers
(Loyal)"
682419,"Stable average travelers
(Loyal)"
109896,"Points accumulator currently
(2021)"
878284,"Gained customers
(Now traveling average)"
674738,"Lost custumers
(Traveled more before)"
887748,"Points accumulator currently
(2021)"
672336,"Consistent low travelers
(Use points)"
394806,"Points accumulator currently
(2021)"
297327,"Points accumulator currently
(2021)"
658330,"Consistent low travelers
(Use points)"
419626,"Gained customers
(Now traveling average)"
707152,Low-travel individuals
548251,"Consistent low travelers
(Use points)"
375597,"Points accumulator currently
(2021)"
579015,"Consistent low travelers
(Use points)"
954558,"Points accumulator currently
(2021)"
874104,"Points accumulator currently
(2021)"
110678,"Points accumulator currently
(2021)"
175104,"Formers Points accumulator
(2020)"
249559,"Formers Points accumulator
(2020)"
422803,"Stable average travelers
(Loyal)"
799510,"Growing travelers
(Now average)"
953210,"Gained customers
(Now traveling average)"
134202,"Consistent low travelers
(Use points)"
549541,"Points accumulator currently
(2021)"
933233,"Formers Points accumulator
(2020)"
797326,Low-travel individuals
927721,"Gained customers
(Now traveling average)"
954750,"Points accumulator currently
(2021)"
488535,"Formers Points accumulator
(2020)"
925340,"Consistent low travelers
(Use points)"
857814,"Consistent low travelers
(Use points)"
671534,"Consistent low travelers
(Use points)"
900460,"Consistent low travelers
(Use points)"
652370,"Points accumulator currently
(2021)"
328349,Low-travel individuals
738597,"Consistent low travelers
(Use points)"
607347,"Growing travelers
(Now average)"
922161,"Stable average travelers
(Loyal)"
832155,Low-travel individuals
868767,"Points accumulator currently
(2021)"
875485,"Lost custumers
(Traveled more before)"
537613,"Stable average travelers
(Loyal)"
964159,"Stable average travelers
(Loyal)"
128280,"Consistent low travelers
(Use points)"
250711,"Consistent low travelers
(Use points)"
806859,"Growing travelers
(Now average)"
184151,"Points accumulator currently
(2021)"
668692,"Stable average travelers
(Loyal)"
233017,"Growing travelers
(Now average)"
219431,"Formers Points accumulator
(2020)"
195594,"Stable average travelers
(Loyal)"
309408,"Consistent low travelers
(Use points)"
966204,"Growing travelers
(Now average)"
366133,"Formers Points accumulator
(2020)"
260513,"Formers Points accumulator
(2020)"
397706,"Formers Points accumulator
(2020)"
555102,"Stable average travelers
(Loyal)"
258238,"Formers Points accumulator
(2020)"
427733,"Points accumulator currently
(2021)"
326174,Low-travel individuals
571340,"Gained customers
(Now traveling average)"
775193,"Points accumulator currently
(2021)"
859218,"Gained customers
(Now traveling average)"
251023,"Points accumulator currently
(2021)"
348085,"Formers Points accumulator
(2020)"
285122,"Consistent low travelers
(Use points)"
597189,"Consistent low travelers
(Use points)"
932405,"Formers Points accumulator
(2020)"
351551,"Gained customers
(Now traveling average)"
551391,"Points accumulator currently
(2021)"
274879,"Gained customers
(Now traveling average)"
460091,"Points accumulator currently
(2021)"
516224,"Formers Points accumulator
(2020)"
805349,"Stable average travelers
(Loyal)"
674689,"Points accumulator currently
(2021)"
908006,"Gained customers
(Now traveling average)"
317726,"Points accumulator currently
(2021)"
804784,"Consistent low travelers
(Use points)"
266377,"Gained customers
(Now traveling average)"
340277,"Consistent low travelers
(Use points)"
125068,"Gained customers
(Now traveling average)"
581533,"Formers Points accumulator
(2020)"
472674,"Stable average travelers
(Loyal)"
431514,"Gained customers
(Now traveling average)"
574723,"Gained customers
(Now traveling average)"
794286,"Points accumulator currently
(2021)"
117618,"Consistent low travelers
(Use points)"
606371,"Points accumulator currently
(2021)"
573217,"Stable average travelers
(Loyal)"
902015,"Points accumulator currently
(2021)"
549080,"Points accumulator currently
(2021)"
942984,"Growing travelers
(Now average)"
421191,"Stable average travelers
(Loyal)"
897728,Low-travel individuals
810990,"Consistent low travelers
(Use points)"
924056,"Formers Points accumulator
(2020)"
592088,"Stable average travelers
(Loyal)"
600756,"Formers Points accumulator
(2020)"
180411,"Points accumulator currently
(2021)"
572094,"Lost custumers
(Traveled more before)"
344009,"Growing travelers
(Now average)"
144936,"Lost custumers
(Traveled more before)"
302057,"Consistent low travelers
(Use points)"
539106,"Formers Points accumulator
(2020)"
827288,Low-travel individuals
360868,"Gained customers
(Now traveling average)"
752874,"Points accumulator currently
(2021)"
793742,"Lost custumers
(Traveled more before)"
448774,"Formers Points accumulator
(2020)"
131463,"Stable average travelers
(Loyal)"
502212,"Growing travelers
(Now average)"
712130,"Points accumulator currently
(2021)"
378267,"Stable average travelers
(Loyal)"
926961,"Formers Points accumulator
(2020)"
309921,"Stable average travelers
(Loyal)"
508215,Low-travel individuals
781347,"Consistent low travelers
(Use points)"
905180,"Formers Points accumulator
(2020)"
342929,"Consistent low travelers
(Use points)"
820223,"Points accumulator currently
(2021)"
424012,"Growing travelers
(Now average)"
314935,"Formers Points accumulator
(2020)"
904367,"Consistent low travelers
(Use points)"
616207,Low-travel individuals
218311,"Points accumulator currently
(2021)"
316323,Low-travel individuals
923406,"Gained customers
(Now traveling average)"
671928,"Consistent low travelers
(Use points)"
610585,"Stable average travelers
(Loyal)"
962566,"Gained customers
(Now traveling average)"
366250,"Gained customers
(Now traveling average)"
575015,"Lost custumers
(Traveled more before)"
980478,"Points accumulator currently
(2021)"
932572,"Stable average travelers
(Loyal)"
244387,"Formers Points accumulator
(2020)"
329215,"Consistent low travelers
(Use points)"
963619,"Gained customers
(Now traveling average)"
857353,"Points accumulator currently
(2021)"
468138,"Formers Points accumulator
(2020)"
414207,"Points accumulator currently
(2021)"
452976,"Consistent low travelers
(Use points)"
561284,"Points accumulator currently
(2021)"
149426,"Growing travelers
(Now average)"
943048,"Points accumulator currently
(2021)"
447804,"Consistent low travelers
(Use points)"
907595,Low-travel individuals
337488,"Consistent low travelers
(Use points)"
552818,"Stable average travelers
(Loyal)"
268439,"Points accumulator currently
(2021)"
936214,"Points accumulator currently
(2021)"
642485,"Gained customers
(Now traveling average)"
341594,"Points accumulator currently
(2021)"
481902,"Lost custumers
(Traveled more before)"
898630,"Formers Points accumulator
(2020)"
182058,"Stable average travelers
(Loyal)"
263127,"Consistent low travelers
(Use points)"
709385,"Consistent low travelers
(Use points)"
224952,"Points accumulator currently
(2021)"
326707,"Stable average travelers
(Loyal)"
687525,"Points accumulator currently
(2021)"
770094,"Formers Points accumulator
(2020)"
839659,"Stable average travelers
(Loyal)"
368772,"Gained customers
(Now traveling average)"
448577,"Growing travelers
(Now average)"
863259,"Stable average travelers
(Loyal)"
269632,"Consistent low travelers
(Use points)"
705641,"Growing travelers
(Now average)"
133730,"Points accumulator currently
(2021)"
960253,Low-travel individuals
602068,"Consistent low travelers
(Use points)"
690494,"Gained customers
(Now traveling average)"
571498,"Formers Points accumulator
(2020)"
390911,"Stable average travelers
(Loyal)"
939289,"Lost custumers
(Traveled more before)"
133035,"Points accumulator currently
(2021)"
435789,"Points accumulator currently
(2021)"
502573,"Gained customers
(Now traveling average)"
318751,"Consistent low travelers
(Use points)"
319822,"Points accumulator currently
(2021)"
339845,"Gained customers
(Now traveling average)"
666878,"Consistent low travelers
(Use points)"
761150,"Lost custumers
(Traveled more before)"
786703,"Points accumulator currently
(2021)"
694472,"Points accumulator currently
(2021)"
891046,"Stable average travelers
(Loyal)"
382738,"Points accumulator currently
(2021)"
831829,"Formers Points accumulator
(2020)"
385235,"Points accumulator currently
(2021)"
206591,"Stable average travelers
(Loyal)"
167363,"Formers Points accumulator
(2020)"
335755,"Consistent low travelers
(Use points)"
574391,"Growing travelers
(Now average)"
585509,"Gained customers
(Now traveling average)"
753977,"Lost custumers
(Traveled more before)"
768518,"Points accumulator currently
(2021)"
935253,"Consistent low travelers
(Use points)"
284610,"Consistent low travelers
(Use points)"
337815,"Formers Points accumulator
(2020)"
182184,"Formers Points accumulator
(2020)"
578944,"Stable average travelers
(Loyal)"
748831,"Lost custumers
(Traveled more before)"
258860,"Formers Points accumulator
(2020)"
314413,"Gained customers
(Now traveling average)"
541564,"Points accumulator currently
(2021)"
791765,"Points accumulator currently
(2021)"
824668,"Growing travelers
(Now average)"
176359,"Points accumulator currently
(2021)"
408468,"Gained customers
(Now traveling average)"
532378,"Stable average travelers
(Loyal)"
756496,"Consistent low travelers
(Use points)"
196798,"Formers Points accumulator
(2020)"
140750,"Points accumulator currently
(2021)"
584173,"Stable average travelers
(Loyal)"
855721,"Points accumulator currently
(2021)"
456554,"Points accumulator currently
(2021)"
474383,"Lost custumers
(Traveled more before)"
892994,"Stable average travelers
(Loyal)"
273552,"Gained customers
(Now traveling average)"
863626,"Growing travelers
(Now average)"
314250,"Points accumulator currently
(2021)"
135878,"Consistent low travelers
(Use points)"
476497,"Consistent low travelers
(Use points)"
909476,"Consistent low travelers
(Use points)"
512897,"Consistent low travelers
(Use points)"
537795,"Formers Points accumulator
(2020)"
700276,"Formers Points accumulator
(2020)"
708271,"Stable average travelers
(Loyal)"
843672,Low-travel individuals
419237,"Lost custumers
(Traveled more before)"
645147,"Stable average travelers
(Loyal)"
704074,Low-travel individuals
978654,"Points accumulator currently
(2021)"
227015,"Formers Points accumulator
(2020)"
165596,"Stable average travelers
(Loyal)"
819592,"Consistent low travelers
(Use points)"
847559,"Stable average travelers
(Loyal)"
523288,"Consistent low travelers
(Use points)"
370990,"Formers Points accumulator
(2020)"
433946,"Formers Points accumulator
(2020)"
263822,"Growing travelers
(Now average)"
387650,"Consistent low travelers
(Use points)"
768030,"Growing travelers
(Now average)"
220808,"Gained customers
(Now traveling average)"
304643,"Formers Points accumulator
(2020)"
320183,Low-travel individuals
387214,"Gained customers
(Now traveling average)"
600063,"Formers Points accumulator
(2020)"
846119,"Growing travelers
(Now average)"
700731,"Lost custumers
(Traveled more before)"
257391,"Points accumulator currently
(2021)"
935068,"Stable average travelers
(Loyal)"
628180,"Points accumulator currently
(2021)"
165339,"Gained customers
(Now traveling average)"
646022,"Stable average travelers
(Loyal)"
245575,"Consistent low travelers
(Use points)"
327903,Low-travel individuals
245604,"Points accumulator currently
(2021)"
649054,"Points accumulator currently
(2021)"
496387,"Consistent low travelers
(Use points)"
928294,"Stable average travelers
(Loyal)"
210148,"Lost custumers
(Traveled more before)"
265317,"Formers Points accumulator
(2020)"
765127,"Consistent low travelers
(Use points)"
825809,"Consistent low travelers
(Use points)"
130953,"Formers Points accumulator
(2020)"
241144,"Stable average travelers
(Loyal)"
753130,Low-travel individuals
962267,"Gained customers
(Now traveling average)"
401722,"Points accumulator currently
(2021)"
994993,"Points accumulator currently
(2021)"
142726,"Gained customers
(Now traveling average)"
693196,"Points accumulator currently
(2021)"
712248,"Consistent low travelers
(Use points)"
441423,"Consistent low travelers
(Use points)"
901775,"Stable average travelers
(Loyal)"
807058,Low-travel individuals
218425,"Points accumulator currently
(2021)"
938323,"Points accumulator currently
(2021)"
638732,"Stable average travelers
(Loyal)"
583601,Low-travel individuals
895185,"Formers Points accumulator
(2020)"
641869,"Formers Points accumulator
(2020)"
529733,Low-travel individuals
377029,"Growing travelers
(Now average)"
638602,"Consistent low travelers
(Use points)"
373501,"Growing travelers
(Now average)"
948658,"Gained customers
(Now traveling average)"
521176,"Points accumulator currently
(2021)"
907544,"Consistent low travelers
(Use points)"
597228,"Points accumulator currently
(2021)"
351389,"Stable average travelers
(Loyal)"
533742,"Consistent low travelers
(Use points)"
916131,"Consistent low travelers
(Use points)"
178036,"Points accumulator currently
(2021)"
601167,"Points accumulator currently
(2021)"
662521,"Points accumulator currently
(2021)"
191558,"Gained customers
(Now traveling average)"
803084,Low-travel individuals
100644,"Consistent low travelers
(Use points)"
220564,"Stable average travelers
(Loyal)"
753987,"Stable average travelers
(Loyal)"
680565,"Consistent low travelers
(Use points)"
268958,"Formers Points accumulator
(2020)"
496482,Low-travel individuals
464137,"Formers Points accumulator
(2020)"
958800,"Consistent low travelers
(Use points)"
691520,"Formers Points accumulator
(2020)"
611051,"Consistent low travelers
(Use points)"
151183,"Points accumulator currently
(2021)"
633135,"Formers Points accumulator
(2020)"
487027,Low-travel individuals
987612,"Stable average travelers
(Loyal)"
830071,Low-travel individuals
905469,Low-travel individuals
811139,"Stable average travelers
(Loyal)"
617108,"Lost custumers
(Traveled more before)"
332983,Low-travel individuals
586891,"Points accumulator currently
(2021)"
660197,"Points accumulator currently
(2021)"
898788,"Consistent low travelers
(Use points)"
411365,Low-travel individuals
184976,"Formers Points accumulator
(2020)"
952629,"Stable average travelers
(Loyal)"
951226,"Stable average travelers
(Loyal)"
478431,"Points accumulator currently
(2021)"
153261,"Stable average travelers
(Loyal)"
455234,Low-travel individuals
441724,"Points accumulator currently
(2021)"
103359,"Points accumulator currently
(2021)"
634916,"Consistent low travelers
(Use points)"
415077,"Consistent low travelers
(Use points)"
556622,"Consistent low travelers
(Use points)"
160250,"Formers Points accumulator
(2020)"
779082,"Points accumulator currently
(2021)"
356980,"Points accumulator currently
(2021)"
617916,"Points accumulator currently
(2021)"
125996,"Consistent low travelers
(Use points)"
135977,"Formers Points accumulator
(2020)"
948053,"Stable average travelers
(Loyal)"
165138,"Points accumulator currently
(2021)"
593007,"Consistent low travelers
(Use points)"
207047,Low-travel individuals
276152,"Points accumulator currently
(2021)"
780728,"Stable average travelers
(Loyal)"
389995,"Consistent low travelers
(Use points)"
112661,"Lost custumers
(Traveled more before)"
682288,"Consistent low travelers
(Use points)"
271432,"Gained customers
(Now traveling average)"
267951,"Points accumulator currently
(2021)"
742886,"Formers Points accumulator
(2020)"
259170,Low-travel individuals
379716,"Formers Points accumulator
(2020)"
955633,"Points accumulator currently
(2021)"
902690,"Points accumulator currently
(2021)"
406373,"Points accumulator currently
(2021)"
186246,"Growing travelers
(Now average)"
467580,Low-travel individuals
492757,"Stable average travelers
(Loyal)"
728655,"Formers Points accumulator
(2020)"
437407,"Points accumulator currently
(2021)"
436975,"Consistent low travelers
(Use points)"
126097,"Formers Points accumulator
(2020)"
779046,"Points accumulator currently
(2021)"
638618,"Points accumulator currently
(2021)"
627893,"Points accumulator currently
(2021)"
831780,Low-travel individuals
836226,"Gained customers
(Now traveling average)"
975614,"Points accumulator currently
(2021)"
269960,"Stable average travelers
(Loyal)"
519726,"Growing travelers
(Now average)"
327530,"Consistent low travelers
(Use points)"
511342,"Points accumulator currently
(2021)"
708458,Low-travel individuals
254575,"Points accumulator currently
(2021)"
229692,"Gained customers
(Now traveling average)"
301563,"Stable average travelers
(Loyal)"
613234,"Formers Points accumulator
(2020)"
731160,"Consistent low travelers
(Use points)"
194959,"Growing travelers
(Now average)"
973951,"Formers Points accumulator
(2020)"
770651,Low-travel individuals
910336,Low-travel individuals
304601,"Consistent low travelers
(Use points)"
553412,"Formers Points accumulator
(2020)"
568484,"Points accumulator currently
(2021)"
166911,"Points accumulator currently
(2021)"
803747,"Points accumulator currently
(2021)"
307166,"Formers Points accumulator
(2020)"
799857,"Points accumulator currently
(2021)"
648648,"Consistent low travelers
(Use points)"
301794,"Growing travelers
(Now average)"
286954,"Consistent low travelers
(Use points)"
705262,"Gained customers
(Now traveling average)"
430221,Low-travel individuals
695428,"Gained customers
(Now traveling average)"
772437,"Formers Points accumulator
(2020)"
834270,"Points accumulator currently
(2021)"
867840,"Gained customers
(Now traveling average)"
673934,"Consistent low travelers
(Use points)"
355184,"Formers Points accumulator
(2020)"
839295,"Consistent low travelers
(Use points)"
920966,"Points accumulator currently
(2021)"
992072,"Stable average travelers
(Loyal)"
159233,"Growing travelers
(Now average)"
145480,"Points accumulator currently
(2021)"
371191,"Consistent low travelers
(Use points)"
514552,"Consistent low travelers
(Use points)"
615673,"Points accumulator currently
(2021)"
692252,"Points accumulator currently
(2021)"
828481,"Points accumulator currently
(2021)"
210752,"Consistent low travelers
(Use points)"
115405,"Points accumulator currently
(2021)"
655085,Low-travel individuals
956619,"Growing travelers
(Now average)"
754774,"Consistent low travelers
(Use points)"
289354,"Formers Points accumulator
(2020)"
613908,"Formers Points accumulator
(2020)"
538979,"Growing travelers
(Now average)"
754264,"Consistent low travelers
(Use points)"
149430,Low-travel individuals
634423,"Points accumulator currently
(2021)"
342679,"Points accumulator currently
(2021)"
717806,"Points accumulator currently
(2021)"
226511,"Consistent low travelers
(Use points)"
586100,"Formers Points accumulator
(2020)"
566808,"Formers Points accumulator
(2020)"
665548,"Formers Points accumulator
(2020)"
327470,"Points accumulator currently
(2021)"
584017,"Points accumulator currently
(2021)"
287414,"Points accumulator currently
(2021)"
227008,"Points accumulator currently
(2021)"
540918,"Stable average travelers
(Loyal)"
408931,"Stable average travelers
(Loyal)"
518771,"Points accumulator currently
(2021)"
148368,"Stable average travelers
(Loyal)"
371164,"Consistent low travelers
(Use points)"
299278,"Stable average travelers
(Loyal)"
526644,"Stable average travelers
(Loyal)"
898122,"Gained customers
(Now traveling average)"
681309,"Formers Points accumulator
(2020)"
894620,"Consistent low travelers
(Use points)"
217792,"Stable average travelers
(Loyal)"
290024,"Points accumulator currently
(2021)"
429933,"Stable average travelers
(Loyal)"
920545,"Points accumulator currently
(2021)"
407173,"Points accumulator currently
(2021)"
307321,Low-travel individuals
720007,"Formers Points accumulator
(2020)"
954424,"Formers Points accumulator
(2020)"
258799,"Gained customers
(Now traveling average)"
491253,"Points accumulator currently
(2021)"
144756,"Points accumulator currently
(2021)"
670040,"Points accumulator currently
(2021)"
634807,"Formers Points accumulator
(2020)"
129429,"Points accumulator currently
(2021)"
966285,"Consistent low travelers
(Use points)"
340691,"Points accumulator currently
(2021)"
959364,"Growing travelers
(Now average)"
597630,"Lost custumers
(Traveled more before)"
630869,"Consistent low travelers
(Use points)"
974500,"Formers Points accumulator
(2020)"
296736,"Points accumulator currently
(2021)"
438263,"Consistent low travelers
(Use points)"
601583,"Consistent low travelers
(Use points)"
352581,"Lost custumers
(Traveled more before)"
664684,"Gained customers
(Now traveling average)"
526663,"Growing travelers
(Now average)"
707042,"Points accumulator currently
(2021)"
134180,"Consistent low travelers
(Use points)"
539537,"Points accumulator currently
(2021)"
260155,"Stable average travelers
(Loyal)"
697079,Low-travel individuals
420222,"Stable average travelers
(Loyal)"
580586,"Formers Points accumulator
(2020)"
833627,"Gained customers
(Now traveling average)"
110099,"Stable average travelers
(Loyal)"
332208,"Points accumulator currently
(2021)"
709123,"Consistent low travelers
(Use points)"
347861,"Formers Points accumulator
(2020)"
668000,"Formers Points accumulator
(2020)"
641123,"Stable average travelers
(Loyal)"
788332,"Consistent low travelers
(Use points)"
415327,"Points accumulator currently
(2021)"
531793,"Stable average travelers
(Loyal)"
598016,"Points accumulator currently
(2021)"
121751,Low-travel individuals
361892,"Stable average travelers
(Loyal)"
201564,"Consistent low travelers
(Use points)"
550213,"Points accumulator currently
(2021)"
173485,"Stable average travelers
(Loyal)"
571017,"Stable average travelers
(Loyal)"
455594,"Stable average travelers
(Loyal)"
330249,"Formers Points accumulator
(2020)"
794348,"Lost custumers
(Traveled more before)"
561874,"Formers Points accumulator
(2020)"
319504,"Points accumulator currently
(2021)"
105835,"Gained customers
(Now traveling average)"
372069,"Growing travelers
(Now average)"
600013,"Gained customers
(Now traveling average)"
722629,"Points accumulator currently
(2021)"
556266,"Stable average travelers
(Loyal)"
842405,"Gained customers
(Now traveling average)"
919668,"Growing travelers
(Now average)"
925433,"Consistent low travelers
(Use points)"
489781,"Consistent low travelers
(Use points)"
462459,"Growing travelers
(Now average)"
595681,"Formers Points accumulator
(2020)"
680754,Low-travel individuals
742854,"Gained customers
(Now traveling average)"
488130,"Stable average travelers
(Loyal)"
426317,"Consistent low travelers
(Use points)"
485383,"Formers Points accumulator
(2020)"
140077,"Gained customers
(Now traveling average)"
264018,"Points accumulator currently
(2021)"
348732,"Growing travelers
(Now average)"
553254,"Formers Points accumulator
(2020)"
706918,"Points accumulator currently
(2021)"
790287,Low-travel individuals
811612,Low-travel individuals
494552,Low-travel individuals
667615,"Gained customers
(Now traveling average)"
754175,"Growing travelers
(Now average)"
755276,"Consistent low travelers
(Use points)"
952493,"Formers Points accumulator
(2020)"
815626,"Formers Points accumulator
(2020)"
957008,"Points accumulator currently
(2021)"
124351,"Lost custumers
(Traveled more before)"
895601,"Consistent low travelers
(Use points)"
192651,"Points accumulator currently
(2021)"
644417,"Lost custumers
(Traveled more before)"
881943,"Gained customers
(Now traveling average)"
642409,Low-travel individuals
234047,"Points accumulator currently
(2021)"
366911,"Stable average travelers
(Loyal)"
424540,"Formers Points accumulator
(2020)"
255718,"Stable average travelers
(Loyal)"
874589,"Lost custumers
(Traveled more before)"
725705,"Consistent low travelers
(Use points)"
463890,"Points accumulator currently
(2021)"
760842,"Formers Points accumulator
(2020)"
377302,"Lost custumers
(Traveled more before)"
364931,"Consistent low travelers
(Use points)"
920954,"Formers Points accumulator
(2020)"
103362,Low-travel individuals
953097,"Formers Points accumulator
(2020)"
146067,"Formers Points accumulator
(2020)"
842390,"Points accumulator currently
(2021)"
620741,"Growing travelers
(Now average)"
848003,"Stable average travelers
(Loyal)"
833024,"Stable average travelers
(Loyal)"
457525,"Stable average travelers
(Loyal)"
220315,"Gained customers
(Now traveling average)"
324881,"Points accumulator currently
(2021)"
233646,"Points accumulator currently
(2021)"
809016,"Growing travelers
(Now average)"
350675,"Stable average travelers
(Loyal)"
773219,"Growing travelers
(Now average)"
129515,"Consistent low travelers
(Use points)"
146760,"Formers Points accumulator
(2020)"
510841,"Points accumulator currently
(2021)"
261229,"Formers Points accumulator
(2020)"
496728,"Stable average travelers
(Loyal)"
549862,"Formers Points accumulator
(2020)"
277430,Low-travel individuals
728043,"Gained customers
(Now traveling average)"
533666,"Consistent low travelers
(Use points)"
645600,"Formers Points accumulator
(2020)"
441340,"Consistent low travelers
(Use points)"
587591,"Formers Points accumulator
(2020)"
642449,"Growing travelers
(Now average)"
514917,"Stable average travelers
(Loyal)"
401422,Low-travel individuals
260712,"Growing travelers
(Now average)"
979075,"Gained customers
(Now traveling average)"
441359,"Formers Points accumulator
(2020)"
256135,"Consistent low travelers
(Use points)"
765261,"Growing travelers
(Now average)"
900359,"Gained customers
(Now traveling average)"
704112,"Consistent low travelers
(Use points)"
756543,"Formers Points accumulator
(2020)"
141497,Low-travel individuals
643026,"Consistent low travelers
(Use points)"
325498,"Consistent low travelers
(Use points)"
287385,Low-travel individuals
871145,"Formers Points accumulator
(2020)"
843158,"Stable average travelers
(Loyal)"
896947,"Stable average travelers
(Loyal)"
453719,"Formers Points accumulator
(2020)"
784537,"Consistent low travelers
(Use points)"
346809,"Points accumulator currently
(2021)"
757938,"Points accumulator currently
(2021)"
950915,"Points accumulator currently
(2021)"
764544,"Formers Points accumulator
(2020)"
745738,"Consistent low travelers
(Use points)"
401007,"Consistent low travelers
(Use points)"
981674,"Stable average travelers
(Loyal)"
723055,"Consistent low travelers
(Use points)"
357375,"Points accumulator currently
(2021)"
958143,"Points accumulator currently
(2021)"
328754,"Formers Points accumulator
(2020)"
946258,"Consistent low travelers
(Use points)"
302957,"Points accumulator currently
(2021)"
774234,"Consistent low travelers
(Use points)"
557289,"Consistent low travelers
(Use points)"
603531,"Stable average travelers
(Loyal)"
368523,"Gained customers
(Now traveling average)"
274179,Low-travel individuals
833679,"Consistent low travelers
(Use points)"
742062,"Formers Points accumulator
(2020)"
789303,"Formers Points accumulator
(2020)"
299366,"Lost custumers
(Traveled more before)"
666952,"Formers Points accumulator
(2020)"
289863,"Stable average travelers
(Loyal)"
773390,"Formers Points accumulator
(2020)"
240476,"Stable average travelers
(Loyal)"
865411,"Gained customers
(Now traveling average)"
727446,"Consistent low travelers
(Use points)"
858557,"Stable average travelers
(Loyal)"
388639,"Consistent low travelers
(Use points)"
317137,"Gained customers
(Now traveling average)"
925413,"Stable average travelers
(Loyal)"
650553,"Formers Points accumulator
(2020)"
536066,"Stable average travelers
(Loyal)"
286641,"Consistent low travelers
(Use points)"
561219,"Points accumulator currently
(2021)"
154864,"Consistent low travelers
(Use points)"
144565,"Points accumulator currently
(2021)"
536535,"Points accumulator currently
(2021)"
921563,"Points accumulator currently
(2021)"
231843,"Formers Points accumulator
(2020)"
841437,"Stable average travelers
(Loyal)"
608601,"Consistent low travelers
(Use points)"
694388,"Points accumulator currently
(2021)"
441439,"Consistent low travelers
(Use points)"
496159,"Growing travelers
(Now average)"
804239,"Points accumulator currently
(2021)"
818870,"Gained customers
(Now traveling average)"
627502,Low-travel individuals
881106,Low-travel individuals
347997,Low-travel individuals
530281,"Stable average travelers
(Loyal)"
806839,"Growing travelers
(Now average)"
415896,"Points accumulator currently
(2021)"
441782,"Formers Points accumulator
(2020)"
109840,"Points accumulator currently
(2021)"
631683,"Consistent low travelers
(Use points)"
980952,"Consistent low travelers
(Use points)"
492812,"Points accumulator currently
(2021)"
969689,"Formers Points accumulator
(2020)"
688410,"Stable average travelers
(Loyal)"
102184,"Formers Points accumulator
(2020)"
292084,"Formers Points accumulator
(2020)"
964047,"Consistent low travelers
(Use points)"
997370,"Lost custumers
(Traveled more before)"
277285,"Points accumulator currently
(2021)"
696897,"Consistent low travelers
(Use points)"
744698,"Points accumulator currently
(2021)"
374107,"Points accumulator currently
(2021)"
558854,"Points accumulator currently
(2021)"
988223,Low-travel individuals
335137,"Consistent low travelers
(Use points)"
347431,"Stable average travelers
(Loyal)"
299397,"Gained customers
(Now traveling average)"
426791,"Consistent low travelers
(Use points)"
595965,"Stable average travelers
(Loyal)"
481893,"Stable average travelers
(Loyal)"
456432,"Stable average travelers
(Loyal)"
326240,"Lost custumers
(Traveled more before)"
500060,"Formers Points accumulator
(2020)"
699750,"Formers Points accumulator
(2020)"
754338,"Formers Points accumulator
(2020)"
729518,"Consistent low travelers
(Use points)"
146037,"Formers Points accumulator
(2020)"
305687,"Formers Points accumulator
(2020)"
633140,"Stable average travelers
(Loyal)"
326267,"Points accumulator currently
(2021)"
696026,"Lost custumers
(Traveled more before)"
868161,"Stable average travelers
(Loyal)"
169932,"Formers Points accumulator
(2020)"
751829,"Consistent low travelers
(Use points)"
114743,"Consistent low travelers
(Use points)"
488884,"Growing travelers
(Now average)"
663150,"Stable average travelers
(Loyal)"
261573,"Formers Points accumulator
(2020)"
126216,"Stable average travelers
(Loyal)"
261283,"Lost custumers
(Traveled more before)"
247471,"Formers Points accumulator
(2020)"
473144,"Consistent low travelers
(Use points)"
652614,"Growing travelers
(Now average)"
682103,"Points accumulator currently
(2021)"
902693,"Consistent low travelers
(Use points)"
904805,"Consistent low travelers
(Use points)"
703852,"Lost custumers
(Traveled more before)"
497194,"Stable average travelers
(Loyal)"
907950,"Consistent low travelers
(Use points)"
154136,"Lost custumers
(Traveled more before)"
687412,"Consistent low travelers
(Use points)"
183374,"Points accumulator currently
(2021)"
509607,"Gained customers
(Now traveling average)"
997964,"Consistent low travelers
(Use points)"
562411,"Points accumulator currently
(2021)"
121236,"Lost custumers
(Traveled more before)"
490860,"Points accumulator currently
(2021)"
633458,"Points accumulator currently
(2021)"
377289,"Stable average travelers
(Loyal)"
463298,Low-travel individuals
444259,"Stable average travelers
(Loyal)"
836984,Low-travel individuals
660922,"Points accumulator currently
(2021)"
599491,"Stable average travelers
(Loyal)"
732362,"Formers Points accumulator
(2020)"
724510,Low-travel individuals
967298,"Stable average travelers
(Loyal)"
137185,"Points accumulator currently
(2021)"
528229,"Consistent low travelers
(Use points)"
607696,"Formers Points accumulator
(2020)"
358968,"Growing travelers
(Now average)"
327163,"Points accumulator currently
(2021)"
883230,"Stable average travelers
(Loyal)"
262508,"Growing travelers
(Now average)"
963100,"Points accumulator currently
(2021)"
436971,"Gained customers
(Now traveling average)"
619141,"Lost custumers
(Traveled more before)"
928082,"Stable average travelers
(Loyal)"
960934,"Growing travelers
(Now average)"
734824,"Stable average travelers
(Loyal)"
296689,"Growing travelers
(Now average)"
965698,"Stable average travelers
(Loyal)"
742319,"Points accumulator currently
(2021)"
894048,"Formers Points accumulator
(2020)"
103436,"Stable average travelers
(Loyal)"
509060,"Growing travelers
(Now average)"
768255,"Gained customers
(Now traveling average)"
934280,"Consistent low travelers
(Use points)"
310983,"Formers Points accumulator
(2020)"
357971,"Points accumulator currently
(2021)"
545144,"Gained customers
(Now traveling average)"
752548,"Consistent low travelers
(Use points)"
402332,"Formers Points accumulator
(2020)"
603082,"Gained customers
(Now traveling average)"
131815,"Points accumulator currently
(2021)"
873177,"Formers Points accumulator
(2020)"
667517,"Gained customers
(Now traveling average)"
719719,Low-travel individuals
307859,"Points accumulator currently
(2021)"
750300,"Stable average travelers
(Loyal)"
114924,"Growing travelers
(Now average)"
821944,"Lost custumers
(Traveled more before)"
202052,"Formers Points accumulator
(2020)"
976605,"Formers Points accumulator
(2020)"
462974,"Consistent low travelers
(Use points)"
105921,"Stable average travelers
(Loyal)"
192405,"Formers Points accumulator
(2020)"
819448,Low-travel individuals
273984,"Points accumulator currently
(2021)"
846033,Low-travel individuals
556313,"Formers Points accumulator
(2020)"
366932,"Lost custumers
(Traveled more before)"
621279,"Growing travelers
(Now average)"
641159,"Consistent low travelers
(Use points)"
163002,"Consistent low travelers
(Use points)"
210247,"Gained customers
(Now traveling average)"
238939,"Lost custumers
(Traveled more before)"
756636,Low-travel individuals
224666,"Gained customers
(Now traveling average)"
810482,"Formers Points accumulator
(2020)"
976489,"Gained customers
(Now traveling average)"
701216,"Growing travelers
(Now average)"
321666,"Stable average travelers
(Loyal)"
582883,"Stable average travelers
(Loyal)"
138759,Low-travel individuals
953281,"Points accumulator currently
(2021)"
690862,"Points accumulator currently
(2021)"
705980,"Stable average travelers
(Loyal)"
105251,"Lost custumers
(Traveled more before)"
474921,"Stable average travelers
(Loyal)"
464166,"Stable average travelers
(Loyal)"
811430,Low-travel individuals
711248,"Growing travelers
(Now average)"
691626,"Gained customers
(Now traveling average)"
142812,"Points accumulator currently
(2021)"
756515,"Formers Points accumulator
(2020)"
552945,Low-travel individuals
847502,"Lost custumers
(Traveled more before)"
962637,"Growing travelers
(Now average)"
811162,"Formers Points accumulator
(2020)"
247721,"Points accumulator currently
(2021)"
950832,"Formers Points accumulator
(2020)"
548238,"Consistent low travelers
(Use points)"
383962,Low-travel individuals
512580,"Lost custumers
(Traveled more before)"
430555,"Formers Points accumulator
(2020)"
583610,"Points accumulator currently
(2021)"
199792,Low-travel individuals
481987,"Lost custumers
(Traveled more before)"
664052,"Formers Points accumulator
(2020)"
212130,"Formers Points accumulator
(2020)"
109903,"Formers Points accumulator
(2020)"
173416,"Formers Points accumulator
(2020)"
586056,"Consistent low travelers
(Use points)"
524379,"Consistent low travelers
(Use points)"
627791,"Formers Points accumulator
(2020)"
393888,"Consistent low travelers
(Use points)"
791678,"Points accumulator currently
(2021)"
704267,"Gained customers
(Now traveling average)"
432920,"Points accumulator currently
(2021)"
168418,"Points accumulator currently
(2021)"
996539,"Points accumulator currently
(2021)"
420786,"Consistent low travelers
(Use points)"
762951,"Formers Points accumulator
(2020)"
638152,"Consistent low travelers
(Use points)"
447275,"Formers Points accumulator
(2020)"
773019,"Gained customers
(Now traveling average)"
654288,"Formers Points accumulator
(2020)"
573078,"Gained customers
(Now traveling average)"
623154,"Lost custumers
(Traveled more before)"
205256,"Points accumulator currently
(2021)"
266604,"Stable average travelers
(Loyal)"
601586,"Stable average travelers
(Loyal)"
450698,"Formers Points accumulator
(2020)"
879844,"Consistent low travelers
(Use points)"
745383,Low-travel individuals
625784,"Consistent low travelers
(Use points)"
107067,"Stable average travelers
(Loyal)"
812628,Low-travel individuals
109956,"Lost custumers
(Traveled more before)"
214020,"Points accumulator currently
(2021)"
463070,Low-travel individuals
686224,"Points accumulator currently
(2021)"
564973,"Stable average travelers
(Loyal)"
239970,"Stable average travelers
(Loyal)"
530113,"Gained customers
(Now traveling average)"
662209,"Points accumulator currently
(2021)"
121095,"Stable average travelers
(Loyal)"
529746,"Gained customers
(Now traveling average)"
240330,"Consistent low travelers
(Use points)"
110752,"Stable average travelers
(Loyal)"
737221,"Lost custumers
(Traveled more before)"
637641,"Stable average travelers
(Loyal)"
970976,"Points accumulator currently
(2021)"
680445,"Points accumulator currently
(2021)"
180219,"Gained customers
(Now traveling average)"
170544,"Growing travelers
(Now average)"
916634,Low-travel individuals
817456,"Formers Points accumulator
(2020)"
582646,"Gained customers
(Now traveling average)"
651006,"Consistent low travelers
(Use points)"
122517,Low-travel individuals
769560,"Stable average travelers
(Loyal)"
852094,"Stable average travelers
(Loyal)"
550262,"Gained customers
(Now traveling average)"
769763,"Consistent low travelers
(Use points)"
858957,"Formers Points accumulator
(2020)"
117456,"Formers Points accumulator
(2020)"
597267,"Formers Points accumulator
(2020)"
541009,"Stable average travelers
(Loyal)"
702686,"Gained customers
(Now traveling average)"
707698,"Growing travelers
(Now average)"
118076,"Stable average travelers
(Loyal)"
674462,"Formers Points accumulator
(2020)"
702406,"Points accumulator currently
(2021)"
611538,"Points accumulator currently
(2021)"
163083,"Consistent low travelers
(Use points)"
404417,"Formers Points accumulator
(2020)"
350863,"Stable average travelers
(Loyal)"
988921,"Stable average travelers
(Loyal)"
989527,Low-travel individuals
336141,"Stable average travelers
(Loyal)"
451528,"Gained customers
(Now traveling average)"
397053,"Points accumulator currently
(2021)"
475500,"Points accumulator currently
(2021)"
493925,"Points accumulator currently
(2021)"
271365,"Points accumulator currently
(2021)"
795607,Low-travel individuals
620792,"Lost custumers
(Traveled more before)"
464044,"Stable average travelers
(Loyal)"
921102,"Growing travelers
(Now average)"
431521,"Stable average travelers
(Loyal)"
497861,"Stable average travelers
(Loyal)"
101594,"Stable average travelers
(Loyal)"
283066,"Stable average travelers
(Loyal)"
800016,"Consistent low travelers
(Use points)"
918276,"Stable average travelers
(Loyal)"
679531,"Lost custumers
(Traveled more before)"
843972,"Formers Points accumulator
(2020)"
166333,"Points accumulator currently
(2021)"
743263,"Stable average travelers
(Loyal)"
924493,"Points accumulator currently
(2021)"
169950,Low-travel individuals
345978,Low-travel individuals
569319,"Growing travelers
(Now average)"
212304,"Gained customers
(Now traveling average)"
329300,"Stable average travelers
(Loyal)"
369715,"Gained customers
(Now traveling average)"
186146,Low-travel individuals
348740,"Formers Points accumulator
(2020)"
780504,"Stable average travelers
(Loyal)"
374585,"Consistent low travelers
(Use points)"
955773,"Gained customers
(Now traveling average)"
276289,"Gained customers
(Now traveling average)"
417082,"Formers Points accumulator
(2020)"
217967,"Lost custumers
(Traveled more before)"
473622,"Stable average travelers
(Loyal)"
473548,"Points accumulator currently
(2021)"
800268,"Gained customers
(Now traveling average)"
182124,"Stable average travelers
(Loyal)"
684022,"Formers Points accumulator
(2020)"
161650,"Lost custumers
(Traveled more before)"
329660,"Growing travelers
(Now average)"
954174,"Points accumulator currently
(2021)"
934271,Low-travel individuals
653698,"Stable average travelers
(Loyal)"
997945,"Points accumulator currently
(2021)"
709948,"Formers Points accumulator
(2020)"
451886,"Consistent low travelers
(Use points)"
460043,"Formers Points accumulator
(2020)"
150141,Low-travel individuals
215257,"Formers Points accumulator
(2020)"
240135,"Gained customers
(Now traveling average)"
822507,"Consistent low travelers
(Use points)"
641997,"Stable average travelers
(Loyal)"
759370,"Points accumulator currently
(2021)"
359693,"Formers Points accumulator
(2020)"
786613,"Formers Points accumulator
(2020)"
242348,"Formers Points accumulator
(2020)"
902148,"Stable average travelers
(Loyal)"
487807,"Points accumulator currently
(2021)"
855261,"Points accumulator currently
(2021)"
771285,"Points accumulator currently
(2021)"
499875,"Formers Points accumulator
(2020)"
361434,"Formers Points accumulator
(2020)"
522924,"Stable average travelers
(Loyal)"
807211,"Consistent low travelers
(Use points)"
330468,"Consistent low travelers
(Use points)"
655715,"Stable average travelers
(Loyal)"
693212,"Consistent low travelers
(Use points)"
970154,"Stable average travelers
(Loyal)"
737906,"Consistent low travelers
(Use points)"
542002,"Points accumulator currently
(2021)"
675541,"Points accumulator currently
(2021)"
868152,"Formers Points accumulator
(2020)"
527337,"Stable average travelers
(Loyal)"
942102,"Formers Points accumulator
(2020)"
137973,"Gained customers
(Now traveling average)"
937385,"Growing travelers
(Now average)"
810621,"Formers Points accumulator
(2020)"
396984,"Consistent low travelers
(Use points)"
567670,Low-travel individuals
440209,"Formers Points accumulator
(2020)"
796692,"Points accumulator currently
(2021)"
912797,"Points accumulator currently
(2021)"
874035,"Gained customers
(Now traveling average)"
490479,"Stable average travelers
(Loyal)"
380099,"Consistent low travelers
(Use points)"
154173,Low-travel individuals
202807,"Formers Points accumulator
(2020)"
593340,"Formers Points accumulator
(2020)"
445451,"Formers Points accumulator
(2020)"
729561,"Gained customers
(Now traveling average)"
792229,"Consistent low travelers
(Use points)"
152778,"Points accumulator currently
(2021)"
476431,"Stable average travelers
(Loyal)"
872619,"Growing travelers
(Now average)"
730771,"Formers Points accumulator
(2020)"
165265,"Points accumulator currently
(2021)"
128754,"Lost custumers
(Traveled more before)"
232290,"Formers Points accumulator
(2020)"
313292,"Gained customers
(Now traveling average)"
687593,Low-travel individuals
470469,"Stable average travelers
(Loyal)"
624569,"Gained customers
(Now traveling average)"
203143,"Lost custumers
(Traveled more before)"
500022,"Stable average travelers
(Loyal)"
385718,"Formers Points accumulator
(2020)"
519826,"Points accumulator currently
(2021)"
297101,"Consistent low travelers
(Use points)"
430503,"Stable average travelers
(Loyal)"
612074,"Points accumulator currently
(2021)"
639145,"Points accumulator currently
(2021)"
701223,"Stable average travelers
(Loyal)"
837580,"Points accumulator currently
(2021)"
792086,"Formers Points accumulator
(2020)"
114021,"Stable average travelers
(Loyal)"
740992,"Stable average travelers
(Loyal)"
824610,"Points accumulator currently
(2021)"
832062,"Stable average travelers
(Loyal)"
773112,"Stable average travelers
(Loyal)"
829291,"Formers Points accumulator
(2020)"
211575,"Points accumulator currently
(2021)"
201339,"Points accumulator currently
(2021)"
261273,Low-travel individuals
406254,"Points accumulator currently
(2021)"
517614,Low-travel individuals
547357,"Formers Points accumulator
(2020)"
934267,"Stable average travelers
(Loyal)"
849673,"Formers Points accumulator
(2020)"
244925,"Growing travelers
(Now average)"
561620,"Points accumulator currently
(2021)"
298883,Low-travel individuals
979776,"Formers Points accumulator
(2020)"
154652,"Formers Points accumulator
(2020)"
326564,"Stable average travelers
(Loyal)"
594997,"Consistent low travelers
(Use points)"
570116,"Points accumulator currently
(2021)"
632720,"Stable average travelers
(Loyal)"
154230,"Formers Points accumulator
(2020)"
647894,"Consistent low travelers
(Use points)"
167660,"Formers Points accumulator
(2020)"
950403,"Points accumulator currently
(2021)"
644014,"Formers Points accumulator
(2020)"
582257,"Stable average travelers
(Loyal)"
542180,"Points accumulator currently
(2021)"
118511,"Lost custumers
(Traveled more before)"
793618,"Points accumulator currently
(2021)"
682533,Low-travel individuals
599873,Low-travel individuals
294738,"Consistent low travelers
(Use points)"
336484,"Points accumulator currently
(2021)"
733906,"Points accumulator currently
(2021)"
661744,"Formers Points accumulator
(2020)"
721088,"Formers Points accumulator
(2020)"
846953,"Points accumulator currently
(2021)"
827164,"Points accumulator currently
(2021)"
614350,"Formers Points accumulator
(2020)"
982446,"Consistent low travelers
(Use points)"
256434,"Stable average travelers
(Loyal)"
673872,Low-travel individuals
563749,"Points accumulator currently
(2021)"
788159,"Stable average travelers
(Loyal)"
823628,"Gained customers
(Now traveling average)"
799064,Low-travel individuals
603433,Low-travel individuals
617670,"Stable average travelers
(Loyal)"
382671,"Points accumulator currently
(2021)"
517405,"Points accumulator currently
(2021)"
542696,"Points accumulator currently
(2021)"
700260,"Points accumulator currently
(2021)"
881156,Low-travel individuals
857481,"Consistent low travelers
(Use points)"
792412,"Lost custumers
(Traveled more before)"
734952,"Growing travelers
(Now average)"
428649,"Points accumulator currently
(2021)"
552576,"Formers Points accumulator
(2020)"
389565,"Stable average travelers
(Loyal)"
420148,"Points accumulator currently
(2021)"
479815,"Points accumulator currently
(2021)"
790649,"Formers Points accumulator
(2020)"
799919,"Points accumulator currently
(2021)"
903648,"Stable average travelers
(Loyal)"
657668,"Gained customers
(Now traveling average)"
859549,"Growing travelers
(Now average)"
754436,"Gained customers
(Now traveling average)"
138993,"Consistent low travelers
(Use points)"
491351,"Points accumulator currently
(2021)"
481018,"Points accumulator currently
(2021)"
495473,"Stable average travelers
(Loyal)"
789826,"Stable average travelers
(Loyal)"
289968,"Consistent low travelers
(Use points)"
319501,"Consistent low travelers
(Use points)"
940711,"Formers Points accumulator
(2020)"
263433,"Stable average travelers
(Loyal)"
189817,"Consistent low travelers
(Use points)"
850123,Low-travel individuals
852394,"Stable average travelers
(Loyal)"
414157,"Formers Points accumulator
(2020)"
684155,"Formers Points accumulator
(2020)"
777714,"Formers Points accumulator
(2020)"
147891,"Points accumulator currently
(2021)"
724660,"Consistent low travelers
(Use points)"
352078,"Points accumulator currently
(2021)"
582427,"Formers Points accumulator
(2020)"
273198,"Points accumulator currently
(2021)"
653637,"Formers Points accumulator
(2020)"
217204,"Consistent low travelers
(Use points)"
627826,"Consistent low travelers
(Use points)"
481955,"Points accumulator currently
(2021)"
716236,"Lost custumers
(Traveled more before)"
762474,"Gained customers
(Now traveling average)"
924793,"Stable average travelers
(Loyal)"
537038,"Points accumulator currently
(2021)"
171257,"Consistent low travelers
(Use points)"
969913,"Formers Points accumulator
(2020)"
935738,"Stable average travelers
(Loyal)"
185285,"Growing travelers
(Now average)"
714270,"Formers Points accumulator
(2020)"
562305,"Consistent low travelers
(Use points)"
615528,"Consistent low travelers
(Use points)"
420515,"Formers Points accumulator
(2020)"
311952,"Lost custumers
(Traveled more before)"
320191,"Formers Points accumulator
(2020)"
536603,"Gained customers
(Now traveling average)"
642000,"Stable average travelers
(Loyal)"
405698,"Gained customers
(Now traveling average)"
593506,"Stable average travelers
(Loyal)"
496371,"Points accumulator currently
(2021)"
631661,"Points accumulator currently
(2021)"
207195,"Growing travelers
(Now average)"
745290,"Growing travelers
(Now average)"
489956,"Points accumulator currently
(2021)"
498793,"Points accumulator currently
(2021)"
648365,"Stable average travelers
(Loyal)"
709059,"Gained customers
(Now traveling average)"
886677,"Stable average travelers
(Loyal)"
889671,"Stable average travelers
(Loyal)"
172135,"Consistent low travelers
(Use points)"
178403,"Consistent low travelers
(Use points)"
428536,"Stable average travelers
(Loyal)"
969933,"Points accumulator currently
(2021)"
190236,"Stable average travelers
(Loyal)"
810071,"Stable average travelers
(Loyal)"
983900,"Points accumulator currently
(2021)"
169525,"Stable average travelers
(Loyal)"
270759,"Growing travelers
(Now average)"
514272,"Stable average travelers
(Loyal)"
991210,"Lost custumers
(Traveled more before)"
371152,"Stable average travelers
(Loyal)"
488799,"Stable average travelers
(Loyal)"
766861,"Gained customers
(Now traveling average)"
744406,"Gained customers
(Now traveling average)"
171883,"Points accumulator currently
(2021)"
290902,"Formers Points accumulator
(2020)"
134273,"Formers Points accumulator
(2020)"
984545,"Formers Points accumulator
(2020)"
730641,"Stable average travelers
(Loyal)"
502615,"Consistent low travelers
(Use points)"
228151,"Consistent low travelers
(Use points)"
286065,"Points accumulator currently
(2021)"
385131,"Consistent low travelers
(Use points)"
543460,"Stable average travelers
(Loyal)"
668576,"Growing travelers
(Now average)"
861336,"Points accumulator currently
(2021)"
922351,"Stable average travelers
(Loyal)"
515663,"Stable average travelers
(Loyal)"
230763,"Formers Points accumulator
(2020)"
784356,"Gained customers
(Now traveling average)"
129510,"Consistent low travelers
(Use points)"
486812,Low-travel individuals
640082,"Formers Points accumulator
(2020)"
968608,"Stable average travelers
(Loyal)"
118332,"Stable average travelers
(Loyal)"
239892,"Stable average travelers
(Loyal)"
413347,"Consistent low travelers
(Use points)"
269775,"Gained customers
(Now traveling average)"
324506,"Points accumulator currently
(2021)"
383202,"Stable average travelers
(Loyal)"
585377,"Consistent low travelers
(Use points)"
346384,"Stable average travelers
(Loyal)"
183025,"Points accumulator currently
(2021)"
380294,"Growing travelers
(Now average)"
602361,"Points accumulator currently
(2021)"
573972,"Stable average travelers
(Loyal)"
579581,"Consistent low travelers
(Use points)"
367774,"Stable average travelers
(Loyal)"
352337,"Consistent low travelers
(Use points)"
123083,"Stable average travelers
(Loyal)"
616641,Low-travel individuals
872315,Low-travel individuals
204311,Low-travel individuals
539599,Low-travel individuals
601597,"Lost custumers
(Traveled more before)"
656639,"Points accumulator currently
(2021)"
162485,"Lost custumers
(Traveled more before)"
806283,"Formers Points accumulator
(2020)"
298506,"Consistent low travelers
(Use points)"
700924,"Growing travelers
(Now average)"
865737,"Points accumulator currently
(2021)"
141266,"Formers Points accumulator
(2020)"
502585,"Points accumulator currently
(2021)"
835785,"Formers Points accumulator
(2020)"
211984,"Gained customers
(Now traveling average)"
763248,"Gained customers
(Now traveling average)"
159531,"Points accumulator currently
(2021)"
294273,"Gained customers
(Now traveling average)"
539776,"Growing travelers
(Now average)"
451469,"Formers Points accumulator
(2020)"
278345,"Gained customers
(Now traveling average)"
106964,Low-travel individuals
272839,"Points accumulator currently
(2021)"
535320,"Consistent low travelers
(Use points)"
807134,"Consistent low travelers
(Use points)"
834733,"Points accumulator currently
(2021)"
264723,"Consistent low travelers
(Use points)"
543119,"Stable average travelers
(Loyal)"
301760,"Formers Points accumulator
(2020)"
857159,"Consistent low travelers
(Use points)"
371739,"Stable average travelers
(Loyal)"
661069,"Lost custumers
(Traveled more before)"
820501,"Formers Points accumulator
(2020)"
347982,"Gained customers
(Now traveling average)"
614782,"Growing travelers
(Now average)"
289294,"Points accumulator currently
(2021)"
230429,"Stable average travelers
(Loyal)"
391542,"Stable average travelers
(Loyal)"
125300,"Formers Points accumulator
(2020)"
509746,"Consistent low travelers
(Use points)"
495773,"Formers Points accumulator
(2020)"
545497,"Consistent low travelers
(Use points)"
411116,"Consistent low travelers
(Use points)"
830777,"Consistent low travelers
(Use points)"
319801,"Gained customers
(Now traveling average)"
540628,"Points accumulator currently
(2021)"
978676,"Stable average travelers
(Loyal)"
628096,"Stable average travelers
(Loyal)"
165554,"Gained customers
(Now traveling average)"
286225,"Stable average travelers
(Loyal)"
442525,"Consistent low travelers
(Use points)"
694743,"Growing travelers
(Now average)"
831854,"Gained customers
(Now traveling average)"
809024,"Consistent low travelers
(Use points)"
997189,"Formers Points accumulator
(2020)"
114983,"Consistent low travelers
(Use points)"
651020,"Points accumulator currently
(2021)"
117932,"Growing travelers
(Now average)"
919894,"Formers Points accumulator
(2020)"
270761,"Formers Points accumulator
(2020)"
869116,"Consistent low travelers
(Use points)"
238752,"Formers Points accumulator
(2020)"
480846,"Formers Points accumulator
(2020)"
355839,Low-travel individuals
101547,"Gained customers
(Now traveling average)"
153645,Low-travel individuals
196582,"Points accumulator currently
(2021)"
309364,"Formers Points accumulator
(2020)"
591174,"Growing travelers
(Now average)"
772237,"Stable average travelers
(Loyal)"
671359,"Gained customers
(Now traveling average)"
465603,"Stable average travelers
(Loyal)"
968828,"Gained customers
(Now traveling average)"
725294,"Formers Points accumulator
(2020)"
379572,"Formers Points accumulator
(2020)"
202293,"Formers Points accumulator
(2020)"
779211,"Lost custumers
(Traveled more before)"
192013,"Consistent low travelers
(Use points)"
766562,"Growing travelers
(Now average)"
623478,"Consistent low travelers
(Use points)"
819255,Low-travel individuals
359133,"Consistent low travelers
(Use points)"
337945,"Formers Points accumulator
(2020)"
535544,"Formers Points accumulator
(2020)"
193775,"Growing travelers
(Now average)"
326069,"Consistent low travelers
(Use points)"
874939,"Stable average travelers
(Loyal)"
432302,"Consistent low travelers
(Use points)"
951781,"Growing travelers
(Now average)"
436266,Low-travel individuals
693791,"Growing travelers
(Now average)"
611366,"Consistent low travelers
(Use points)"
816196,"Points accumulator currently
(2021)"
962801,"Consistent low travelers
(Use points)"
117033,"Formers Points accumulator
(2020)"
504078,"Formers Points accumulator
(2020)"
855998,"Gained customers
(Now traveling average)"
742669,"Points accumulator currently
(2021)"
494887,"Consistent low travelers
(Use points)"
895651,"Stable average travelers
(Loyal)"
857629,"Stable average travelers
(Loyal)"
702327,"Points accumulator currently
(2021)"
123830,"Lost custumers
(Traveled more before)"
441623,"Points accumulator currently
(2021)"
246911,Low-travel individuals
120799,"Gained customers
(Now traveling average)"
607769,"Gained customers
(Now traveling average)"
626664,"Formers Points accumulator
(2020)"
695342,"Consistent low travelers
(Use points)"
696329,"Stable average travelers
(Loyal)"
806639,"Stable average travelers
(Loyal)"
976596,"Stable average travelers
(Loyal)"
428523,"Consistent low travelers
(Use points)"
455937,"Points accumulator currently
(2021)"
908301,"Gained customers
(Now traveling average)"
931135,"Points accumulator currently
(2021)"
955130,Low-travel individuals
191638,"Formers Points accumulator
(2020)"
704968,"Points accumulator currently
(2021)"
473194,"Growing travelers
(Now average)"
923333,"Stable average travelers
(Loyal)"
371606,"Consistent low travelers
(Use points)"
907157,"Points accumulator currently
(2021)"
611689,"Stable average travelers
(Loyal)"
830446,"Growing travelers
(Now average)"
741892,"Points accumulator currently
(2021)"
143087,"Points accumulator currently
(2021)"
251436,"Formers Points accumulator
(2020)"
297568,"Formers Points accumulator
(2020)"
187025,"Growing travelers
(Now average)"
167177,"Gained customers
(Now traveling average)"
939752,"Stable average travelers
(Loyal)"
140483,"Points accumulator currently
(2021)"
445338,"Points accumulator currently
(2021)"
122166,"Formers Points accumulator
(2020)"
892066,Low-travel individuals
820406,"Points accumulator currently
(2021)"
887228,"Stable average travelers
(Loyal)"
906836,"Points accumulator currently
(2021)"
872335,"Consistent low travelers
(Use points)"
673399,"Formers Points accumulator
(2020)"
844540,"Formers Points accumulator
(2020)"
199513,"Consistent low travelers
(Use points)"
294172,"Stable average travelers
(Loyal)"
223018,Low-travel individuals
501699,"Growing travelers
(Now average)"
909547,Low-travel individuals
210442,"Gained customers
(Now traveling average)"
475991,"Stable average travelers
(Loyal)"
407340,"Stable average travelers
(Loyal)"
547559,"Growing travelers
(Now average)"
893771,"Points accumulator currently
(2021)"
929009,"Points accumulator currently
(2021)"
646359,"Stable average travelers
(Loyal)"
183523,"Formers Points accumulator
(2020)"
533509,"Stable average travelers
(Loyal)"
517702,"Gained customers
(Now traveling average)"
414164,"Growing travelers
(Now average)"
428565,"Growing travelers
(Now average)"
448142,"Consistent low travelers
(Use points)"
676289,"Consistent low travelers
(Use points)"
747339,"Points accumulator currently
(2021)"
853871,"Points accumulator currently
(2021)"
308591,"Stable average travelers
(Loyal)"
972157,"Stable average travelers
(Loyal)"
702005,"Gained customers
(Now traveling average)"
903146,"Formers Points accumulator
(2020)"
183626,"Consistent low travelers
(Use points)"
184206,"Stable average travelers
(Loyal)"
880681,"Consistent low travelers
(Use points)"
390546,"Points accumulator currently
(2021)"
256486,"Consistent low travelers
(Use points)"
349670,"Points accumulator currently
(2021)"
629995,Low-travel individuals
203409,"Formers Points accumulator
(2020)"
587623,"Consistent low travelers
(Use points)"
931097,"Consistent low travelers
(Use points)"
955649,"Consistent low travelers
(Use points)"
756668,"Gained customers
(Now traveling average)"
408863,"Formers Points accumulator
(2020)"
833305,"Points accumulator currently
(2021)"
939932,"Formers Points accumulator
(2020)"
761114,"Stable average travelers
(Loyal)"
128245,"Lost custumers
(Traveled more before)"
973407,Low-travel individuals
109029,Low-travel individuals
509514,"Stable average travelers
(Loyal)"
193212,"Consistent low travelers
(Use points)"
627970,"Points accumulator currently
(2021)"
911663,"Consistent low travelers
(Use points)"
118365,"Points accumulator currently
(2021)"
716812,"Formers Points accumulator
(2020)"
839263,"Stable average travelers
(Loyal)"
862576,"Points accumulator currently
(2021)"
479593,"Consistent low travelers
(Use points)"
521111,"Formers Points accumulator
(2020)"
861415,"Stable average travelers
(Loyal)"
256755,Low-travel individuals
727047,Low-travel individuals
926967,Low-travel individuals
784962,"Points accumulator currently
(2021)"
997599,"Stable average travelers
(Loyal)"
367697,"Consistent low travelers
(Use points)"
522935,"Consistent low travelers
(Use points)"
982578,"Formers Points accumulator
(2020)"
212695,Low-travel individuals
497648,"Gained customers
(Now traveling average)"
890595,"Points accumulator currently
(2021)"
375265,"Points accumulator currently
(2021)"
794752,"Points accumulator currently
(2021)"
950391,"Formers Points accumulator
(2020)"
325802,"Formers Points accumulator
(2020)"
900801,Low-travel individuals
881304,"Points accumulator currently
(2021)"
780428,"Points accumulator currently
(2021)"
266861,"Consistent low travelers
(Use points)"
137985,"Points accumulator currently
(2021)"
620584,"Consistent low travelers
(Use points)"
812152,"Formers Points accumulator
(2020)"
204926,"Lost custumers
(Traveled more before)"
736459,"Gained customers
(Now traveling average)"
335246,"Gained customers
(Now traveling average)"
153586,"Formers Points accumulator
(2020)"
683910,"Consistent low travelers
(Use points)"
261832,"Points accumulator currently
(2021)"
105214,"Formers Points accumulator
(2020)"
561041,"Consistent low travelers
(Use points)"
462495,"Formers Points accumulator
(2020)"
994219,Low-travel individuals
729581,"Stable average travelers
(Loyal)"
724513,Low-travel individuals
672391,Low-travel individuals
130446,"Growing travelers
(Now average)"
239457,"Formers Points accumulator
(2020)"
357199,"Gained customers
(Now traveling average)"
852855,"Consistent low travelers
(Use points)"
890646,"Gained customers
(Now traveling average)"
114242,"Points accumulator currently
(2021)"
472942,"Stable average travelers
(Loyal)"
346274,"Consistent low travelers
(Use points)"
148289,Low-travel individuals
215719,"Gained customers
(Now traveling average)"
604471,"Lost custumers
(Traveled more before)"
676409,"Consistent low travelers
(Use points)"
852995,"Points accumulator currently
(2021)"
799437,"Formers Points accumulator
(2020)"
893375,"Stable average travelers
(Loyal)"
480200,"Consistent low travelers
(Use points)"
338808,"Gained customers
(Now traveling average)"
653337,"Points accumulator currently
(2021)"
908759,"Formers Points accumulator
(2020)"
489391,"Formers Points accumulator
(2020)"
249795,"Gained customers
(Now traveling average)"
558288,Low-travel individuals
748890,"Points accumulator currently
(2021)"
517267,"Consistent low travelers
(Use points)"
454543,"Consistent low travelers
(Use points)"
262369,"Formers Points accumulator
(2020)"
314328,"Points accumulator currently
(2021)"
555218,"Gained customers
(Now traveling average)"
445145,"Consistent low travelers
(Use points)"
657116,"Stable average travelers
(Loyal)"
236165,"Consistent low travelers
(Use points)"
502163,"Growing travelers
(Now average)"
551833,"Consistent low travelers
(Use points)"
995812,Low-travel individuals
355298,"Formers Points accumulator
(2020)"
754292,"Points accumulator currently
(2021)"
447647,"Stable average travelers
(Loyal)"
261331,"Growing travelers
(Now average)"
582990,"Lost custumers
(Traveled more before)"
120594,"Stable average travelers
(Loyal)"
315113,"Formers Points accumulator
(2020)"
413330,"Lost custumers
(Traveled more before)"
958518,Low-travel individuals
688748,Low-travel individuals
450987,"Lost custumers
(Traveled more before)"
767864,Low-travel individuals
385190,"Formers Points accumulator
(2020)"
916020,"Consistent low travelers
(Use points)"
663975,"Lost custumers
(Traveled more before)"
548999,"Points accumulator currently
(2021)"
851255,"Stable average travelers
(Loyal)"
468516,"Points accumulator currently
(2021)"
427980,"Points accumulator currently
(2021)"
804557,"Points accumulator currently
(2021)"
900325,Low-travel individuals
156870,Low-travel individuals
222278,"Growing travelers
(Now average)"
463751,"Formers Points accumulator
(2020)"
614221,"Gained customers
(Now traveling average)"
766777,"Consistent low travelers
(Use points)"
567151,"Gained customers
(Now traveling average)"
981395,"Stable average travelers
(Loyal)"
572768,Low-travel individuals
612664,"Points accumulator currently
(2021)"
244844,Low-travel individuals
277783,"Stable average travelers
(Loyal)"
917192,"Formers Points accumulator
(2020)"
602346,"Consistent low travelers
(Use points)"
816110,"Stable average travelers
(Loyal)"
928291,"Stable average travelers
(Loyal)"
656942,"Points accumulator currently
(2021)"
924037,"Points accumulator currently
(2021)"
856609,"Gained customers
(Now traveling average)"
142717,"Points accumulator currently
(2021)"
156457,"Points accumulator currently
(2021)"
968450,"Points accumulator currently
(2021)"
700770,"Points accumulator currently
(2021)"
712605,"Points accumulator currently
(2021)"
110476,"Stable average travelers
(Loyal)"
315337,Low-travel individuals
988149,"Growing travelers
(Now average)"
906178,"Growing travelers
(Now average)"
633332,Low-travel individuals
861162,"Stable average travelers
(Loyal)"
781110,"Points accumulator currently
(2021)"
150883,"Points accumulator currently
(2021)"
652741,"Gained customers
(Now traveling average)"
275386,"Consistent low travelers
(Use points)"
302066,"Gained customers
(Now traveling average)"
775304,"Gained customers
(Now traveling average)"
380627,"Points accumulator currently
(2021)"
922741,Low-travel individuals
652862,"Formers Points accumulator
(2020)"
378153,"Gained customers
(Now traveling average)"
852786,Low-travel individuals
768959,Low-travel individuals
521699,"Lost custumers
(Traveled more before)"
690637,"Points accumulator currently
(2021)"
136430,"Formers Points accumulator
(2020)"
537852,"Points accumulator currently
(2021)"
387568,"Points accumulator currently
(2021)"
932599,Low-travel individuals
151627,"Consistent low travelers
(Use points)"
619596,"Growing travelers
(Now average)"
290507,"Gained customers
(Now traveling average)"
528363,"Gained customers
(Now traveling average)"
778030,"Formers Points accumulator
(2020)"
723091,"Gained customers
(Now traveling average)"
782100,"Points accumulator currently
(2021)"
534464,"Consistent low travelers
(Use points)"
306231,"Points accumulator currently
(2021)"
307296,"Consistent low travelers
(Use points)"
426994,"Formers Points accumulator
(2020)"
321227,"Points accumulator currently
(2021)"
802645,"Consistent low travelers
(Use points)"
203696,"Formers Points accumulator
(2020)"
433510,"Points accumulator currently
(2021)"
607292,"Stable average travelers
(Loyal)"
996301,"Lost custumers
(Traveled more before)"
918479,"Formers Points accumulator
(2020)"
226924,"Gained customers
(Now traveling average)"
135392,"Stable average travelers
(Loyal)"
147272,"Growing travelers
(Now average)"
356708,"Gained customers
(Now traveling average)"
830811,"Stable average travelers
(Loyal)"
893866,"Gained customers
(Now traveling average)"
435557,"Points accumulator currently
(2021)"
271911,"Stable average travelers
(Loyal)"
211589,"Points accumulator currently
(2021)"
455023,"Formers Points accumulator
(2020)"
157911,"Consistent low travelers
(Use points)"
840071,"Points accumulator currently
(2021)"
992194,"Consistent low travelers
(Use points)"
944750,"Stable average travelers
(Loyal)"
314065,"Formers Points accumulator
(2020)"
579093,Low-travel individuals
298098,Low-travel individuals
811746,"Formers Points accumulator
(2020)"
621876,"Formers Points accumulator
(2020)"
508399,"Stable average travelers
(Loyal)"
523642,"Points accumulator currently
(2021)"
710598,"Gained customers
(Now traveling average)"
115354,"Stable average travelers
(Loyal)"
346529,"Stable average travelers
(Loyal)"
740814,"Consistent low travelers
(Use points)"
968484,"Points accumulator currently
(2021)"
170404,"Stable average travelers
(Loyal)"
470123,"Consistent low travelers
(Use points)"
360446,"Points accumulator currently
(2021)"
471015,"Stable average travelers
(Loyal)"
697091,"Points accumulator currently
(2021)"
926315,Low-travel individuals
790346,"Gained customers
(Now traveling average)"
230027,"Formers Points accumulator
(2020)"
877609,"Consistent low travelers
(Use points)"
355669,"Consistent low travelers
(Use points)"
319059,"Formers Points accumulator
(2020)"
466477,"Lost custumers
(Traveled more before)"
958931,"Consistent low travelers
(Use points)"
168123,"Gained customers
(Now traveling average)"
148942,"Formers Points accumulator
(2020)"
195994,"Stable average travelers
(Loyal)"
319430,"Points accumulator currently
(2021)"
554255,Low-travel individuals
281550,"Growing travelers
(Now average)"
528173,"Stable average travelers
(Loyal)"
773397,"Formers Points accumulator
(2020)"
275118,"Stable average travelers
(Loyal)"
434658,"Formers Points accumulator
(2020)"
516984,"Stable average travelers
(Loyal)"
231641,"Stable average travelers
(Loyal)"
981150,"Stable average travelers
(Loyal)"
375056,"Gained customers
(Now traveling average)"
756341,"Consistent low travelers
(Use points)"
357161,"Consistent low travelers
(Use points)"
802470,"Formers Points accumulator
(2020)"
925254,"Points accumulator currently
(2021)"
555541,"Consistent low travelers
(Use points)"
182459,"Growing travelers
(Now average)"
103217,"Points accumulator currently
(2021)"
597837,"Formers Points accumulator
(2020)"
724626,"Gained customers
(Now traveling average)"
957572,"Formers Points accumulator
(2020)"
585854,"Points accumulator currently
(2021)"
848998,"Consistent low travelers
(Use points)"
822305,"Formers Points accumulator
(2020)"
475172,"Points accumulator currently
(2021)"
906316,"Stable average travelers
(Loyal)"
518561,"Consistent low travelers
(Use points)"
141614,"Formers Points accumulator
(2020)"
476327,"Growing travelers
(Now average)"
360805,"Formers Points accumulator
(2020)"
798832,"Points accumulator currently
(2021)"
939961,"Stable average travelers
(Loyal)"
501131,"Stable average travelers
(Loyal)"
837517,Low-travel individuals
491987,"Stable average travelers
(Loyal)"
664062,"Growing travelers
(Now average)"
184466,"Points accumulator currently
(2021)"
660119,"Points accumulator currently
(2021)"
361439,"Points accumulator currently
(2021)"
178643,"Growing travelers
(Now average)"
636012,"Formers Points accumulator
(2020)"
714163,Low-travel individuals
911003,"Gained customers
(Now traveling average)"
972671,"Lost custumers
(Traveled more before)"
526736,"Lost custumers
(Traveled more before)"
382149,"Points accumulator currently
(2021)"
383399,"Consistent low travelers
(Use points)"
919557,"Formers Points accumulator
(2020)"
924794,"Stable average travelers
(Loyal)"
232907,"Lost custumers
(Traveled more before)"
814748,"Formers Points accumulator
(2020)"
861696,"Consistent low travelers
(Use points)"
222702,"Lost custumers
(Traveled more before)"
890543,"Growing travelers
(Now average)"
611673,"Points accumulator currently
(2021)"
485742,"Consistent low travelers
(Use points)"
933053,"Gained customers
(Now traveling average)"
340925,"Stable average travelers
(Loyal)"
862100,"Stable average travelers
(Loyal)"
845227,"Formers Points accumulator
(2020)"
135574,"Consistent low travelers
(Use points)"
137952,"Formers Points accumulator
(2020)"
370066,"Formers Points accumulator
(2020)"
921776,"Gained customers
(Now traveling average)"
428152,"Gained customers
(Now traveling average)"
956843,"Formers Points accumulator
(2020)"
180009,"Formers Points accumulator
(2020)"
410958,Low-travel individuals
517190,"Consistent low travelers
(Use points)"
793980,"Formers Points accumulator
(2020)"
100272,"Formers Points accumulator
(2020)"
227274,Low-travel individuals
609971,"Consistent low travelers
(Use points)"
829861,"Formers Points accumulator
(2020)"
503305,"Points accumulator currently
(2021)"
735605,Low-travel individuals
509345,"Growing travelers
(Now average)"
575571,"Points accumulator currently
(2021)"
890051,"Points accumulator currently
(2021)"
711795,"Points accumulator currently
(2021)"
723457,"Gained customers
(Now traveling average)"
507567,"Points accumulator currently
(2021)"
251223,"Gained customers
(Now traveling average)"
982715,"Formers Points accumulator
(2020)"
333799,"Stable average travelers
(Loyal)"
159688,"Stable average travelers
(Loyal)"
641879,"Gained customers
(Now traveling average)"
695686,"Stable average travelers
(Loyal)"
441135,"Points accumulator currently
(2021)"
509809,"Gained customers
(Now traveling average)"
192898,"Points accumulator currently
(2021)"
427388,"Lost custumers
(Traveled more before)"
473636,"Points accumulator currently
(2021)"
637532,"Formers Points accumulator
(2020)"
618329,"Stable average travelers
(Loyal)"
335365,"Formers Points accumulator
(2020)"
445432,"Points accumulator currently
(2021)"
159359,"Gained customers
(Now traveling average)"
422349,"Consistent low travelers
(Use points)"
607117,"Points accumulator currently
(2021)"
574163,"Stable average travelers
(Loyal)"
358513,"Formers Points accumulator
(2020)"
444661,"Lost custumers
(Traveled more before)"
877034,Low-travel individuals
447092,"Points accumulator currently
(2021)"
370877,"Stable average travelers
(Loyal)"
385593,"Formers Points accumulator
(2020)"
744234,"Formers Points accumulator
(2020)"
503560,"Points accumulator currently
(2021)"
561481,"Formers Points accumulator
(2020)"
245227,"Gained customers
(Now traveling average)"
882718,"Stable average travelers
(Loyal)"
951116,"Gained customers
(Now traveling average)"
112393,"Points accumulator currently
(2021)"
716932,"Consistent low travelers
(Use points)"
528712,"Points accumulator currently
(2021)"
648596,"Consistent low travelers
(Use points)"
192816,"Gained customers
(Now traveling average)"
115805,"Stable average travelers
(Loyal)"
362055,"Stable average travelers
(Loyal)"
763618,"Lost custumers
(Traveled more before)"
411897,"Growing travelers
(Now average)"
626973,"Formers Points accumulator
(2020)"
526629,"Gained customers
(Now traveling average)"
888901,Low-travel individuals
174803,"Consistent low travelers
(Use points)"
560505,"Growing travelers
(Now average)"
208375,Low-travel individuals
281118,"Gained customers
(Now traveling average)"
289139,"Stable average travelers
(Loyal)"
107212,"Consistent low travelers
(Use points)"
514145,"Points accumulator currently
(2021)"
172983,"Points accumulator currently
(2021)"
343605,"Stable average travelers
(Loyal)"
400404,"Lost custumers
(Traveled more before)"
961682,"Consistent low travelers
(Use points)"
645072,"Points accumulator currently
(2021)"
345840,"Gained customers
(Now traveling average)"
220802,"Consistent low travelers
(Use points)"
543326,"Points accumulator currently
(2021)"
797675,"Lost custumers
(Traveled more before)"
320042,"Points accumulator currently
(2021)"
622610,"Consistent low travelers
(Use points)"
808353,"Consistent low travelers
(Use points)"
275846,"Gained customers
(Now traveling average)"
559721,"Points accumulator currently
(2021)"
577156,"Formers Points accumulator
(2020)"
787763,"Points accumulator currently
(2021)"
511483,Low-travel individuals
830564,"Formers Points accumulator
(2020)"
316644,"Consistent low travelers
(Use points)"
506776,"Points accumulator currently
(2021)"
876538,"Stable average travelers
(Loyal)"
217051,"Consistent low travelers
(Use points)"
832597,"Stable average travelers
(Loyal)"
804328,"Stable average travelers
(Loyal)"
836665,"Points accumulator currently
(2021)"
805013,"Gained customers
(Now traveling average)"
740608,"Consistent low travelers
(Use points)"
122456,"Points accumulator currently
(2021)"
366599,"Stable average travelers
(Loyal)"
857914,"Formers Points accumulator
(2020)"
815718,"Consistent low travelers
(Use points)"
597237,"Growing travelers
(Now average)"
192556,Low-travel individuals
358384,"Formers Points accumulator
(2020)"
636177,"Formers Points accumulator
(2020)"
445673,"Formers Points accumulator
(2020)"
925767,"Gained customers
(Now traveling average)"
542089,"Lost custumers
(Traveled more before)"
494062,"Consistent low travelers
(Use points)"
392098,"Points accumulator currently
(2021)"
336451,Low-travel individuals
677976,Low-travel individuals
240942,"Stable average travelers
(Loyal)"
221204,"Stable average travelers
(Loyal)"
473204,"Stable average travelers
(Loyal)"
326823,"Formers Points accumulator
(2020)"
745769,"Formers Points accumulator
(2020)"
206890,"Formers Points accumulator
(2020)"
604724,"Points accumulator currently
(2021)"
225262,"Stable average travelers
(Loyal)"
164013,"Stable average travelers
(Loyal)"
392619,"Consistent low travelers
(Use points)"
794136,"Formers Points accumulator
(2020)"
405735,"Consistent low travelers
(Use points)"
941109,"Points accumulator currently
(2021)"
691700,"Consistent low travelers
(Use points)"
208668,Low-travel individuals
636753,"Gained customers
(Now traveling average)"
191917,"Stable average travelers
(Loyal)"
140208,"Formers Points accumulator
(2020)"
179590,"Growing travelers
(Now average)"
186539,"Points accumulator currently
(2021)"
345099,"Formers Points accumulator
(2020)"
767428,"Stable average travelers
(Loyal)"
436475,"Points accumulator currently
(2021)"
893549,"Stable average travelers
(Loyal)"
751664,"Consistent low travelers
(Use points)"
876409,"Stable average travelers
(Loyal)"
781480,"Consistent low travelers
(Use points)"
251521,Low-travel individuals
488811,Low-travel individuals
918756,"Stable average travelers
(Loyal)"
442609,"Formers Points accumulator
(2020)"
780104,"Lost custumers
(Traveled more before)"
473758,"Formers Points accumulator
(2020)"
572066,"Gained customers
(Now traveling average)"
689000,"Stable average travelers
(Loyal)"
379041,Low-travel individuals
990728,Low-travel individuals
698443,"Formers Points accumulator
(2020)"
500248,"Points accumulator currently
(2021)"
724989,"Formers Points accumulator
(2020)"
385092,"Gained customers
(Now traveling average)"
679075,"Consistent low travelers
(Use points)"
489335,"Points accumulator currently
(2021)"
354295,"Consistent low travelers
(Use points)"
805574,"Consistent low travelers
(Use points)"
227808,"Gained customers
(Now traveling average)"
126239,"Consistent low travelers
(Use points)"
833317,"Formers Points accumulator
(2020)"
313673,Low-travel individuals
499518,"Formers Points accumulator
(2020)"
466998,"Consistent low travelers
(Use points)"
753452,"Stable average travelers
(Loyal)"
652047,"Stable average travelers
(Loyal)"
305807,"Stable average travelers
(Loyal)"
152499,Low-travel individuals
449441,"Gained customers
(Now traveling average)"
769346,"Points accumulator currently
(2021)"
150751,Low-travel individuals
548228,"Formers Points accumulator
(2020)"
238649,"Formers Points accumulator
(2020)"
196905,"Formers Points accumulator
(2020)"
114700,"Gained customers
(Now traveling average)"
107385,"Growing travelers
(Now average)"
228820,"Growing travelers
(Now average)"
342407,"Formers Points accumulator
(2020)"
881584,"Gained customers
(Now traveling average)"
775158,Low-travel individuals
507008,"Gained customers
(Now traveling average)"
187141,"Gained customers
(Now traveling average)"
783789,"Points accumulator currently
(2021)"
320784,"Points accumulator currently
(2021)"
485787,"Formers Points accumulator
(2020)"
608517,"Stable average travelers
(Loyal)"
664856,"Points accumulator currently
(2021)"
819664,"Consistent low travelers
(Use points)"
698546,"Growing travelers
(Now average)"
346532,"Lost custumers
(Traveled more before)"
287942,"Stable average travelers
(Loyal)"
963644,"Gained customers
(Now traveling average)"
199358,Low-travel individuals
253046,"Stable average travelers
(Loyal)"
402052,"Consistent low travelers
(Use points)"
833891,"Points accumulator currently
(2021)"
192554,"Points accumulator currently
(2021)"
278568,Low-travel individuals
252082,"Consistent low travelers
(Use points)"
456177,"Gained customers
(Now traveling average)"
737519,"Formers Points accumulator
(2020)"
412487,"Points accumulator currently
(2021)"
565171,"Points accumulator currently
(2021)"
418470,"Growing travelers
(Now average)"
266298,"Lost custumers
(Traveled more before)"
551429,"Formers Points accumulator
(2020)"
172059,"Consistent low travelers
(Use points)"
268643,Low-travel individuals
105063,"Gained customers
(Now traveling average)"
620094,"Stable average travelers
(Loyal)"
849705,"Formers Points accumulator
(2020)"
695624,"Formers Points accumulator
(2020)"
908374,"Stable average travelers
(Loyal)"
978349,"Formers Points accumulator
(2020)"
924031,Low-travel individuals
213432,"Consistent low travelers
(Use points)"
248952,"Points accumulator currently
(2021)"
296579,"Gained customers
(Now traveling average)"
715947,"Formers Points accumulator
(2020)"
146839,"Points accumulator currently
(2021)"
186754,"Formers Points accumulator
(2020)"
984409,"Formers Points accumulator
(2020)"
631051,"Points accumulator currently
(2021)"
148208,"Consistent low travelers
(Use points)"
539704,"Points accumulator currently
(2021)"
852863,"Points accumulator currently
(2021)"
246722,"Gained customers
(Now traveling average)"
654249,Low-travel individuals
689818,"Consistent low travelers
(Use points)"
791280,"Formers Points accumulator
(2020)"
211755,"Growing travelers
(Now average)"
318180,"Consistent low travelers
(Use points)"
602150,"Stable average travelers
(Loyal)"
196514,"Consistent low travelers
(Use points)"
212762,"Growing travelers
(Now average)"
896075,"Stable average travelers
(Loyal)"
107141,"Consistent low travelers
(Use points)"
124207,Low-travel individuals
496831,Low-travel individuals
985765,"Formers Points accumulator
(2020)"
605849,"Formers Points accumulator
(2020)"
514395,"Consistent low travelers
(Use points)"
595235,"Formers Points accumulator
(2020)"
250854,"Formers Points accumulator
(2020)"
974265,Low-travel individuals
517262,Low-travel individuals
587800,"Consistent low travelers
(Use points)"
634269,"Lost custumers
(Traveled more before)"
735790,"Formers Points accumulator
(2020)"
861700,"Growing travelers
(Now average)"
927446,"Gained customers
(Now traveling average)"
100585,"Formers Points accumulator
(2020)"
540011,"Formers Points accumulator
(2020)"
854243,"Stable average travelers
(Loyal)"
560528,"Stable average travelers
(Loyal)"
586401,"Gained customers
(Now traveling average)"
857161,"Formers Points accumulator
(2020)"
777531,"Stable average travelers
(Loyal)"
841636,"Formers Points accumulator
(2020)"
229166,"Points accumulator currently
(2021)"
319868,"Points accumulator currently
(2021)"
545010,Low-travel individuals
394321,"Formers Points accumulator
(2020)"
686783,"Points accumulator currently
(2021)"
777108,"Points accumulator currently
(2021)"
106038,"Consistent low travelers
(Use points)"
355707,"Gained customers
(Now traveling average)"
580493,"Growing travelers
(Now average)"
630920,"Gained customers
(Now traveling average)"
439013,"Gained customers
(Now traveling average)"
501109,"Formers Points accumulator
(2020)"
517295,"Consistent low travelers
(Use points)"
212579,Low-travel individuals
711823,"Growing travelers
(Now average)"
759093,"Points accumulator currently
(2021)"
438641,"Growing travelers
(Now average)"
687820,"Points accumulator currently
(2021)"
320996,"Gained customers
(Now traveling average)"
806196,"Formers Points accumulator
(2020)"
188655,"Growing travelers
(Now average)"
547342,"Gained customers
(Now traveling average)"
819498,Low-travel individuals
568769,"Stable average travelers
(Loyal)"
873579,"Formers Points accumulator
(2020)"
660047,"Consistent low travelers
(Use points)"
492367,"Growing travelers
(Now average)"
315482,"Points accumulator currently
(2021)"
121183,"Stable average travelers
(Loyal)"
409512,"Points accumulator currently
(2021)"
464606,"Points accumulator currently
(2021)"
619916,"Points accumulator currently
(2021)"
862159,"Stable average travelers
(Loyal)"
646519,"Points accumulator currently
(2021)"
445024,"Consistent low travelers
(Use points)"
846864,"Formers Points accumulator
(2020)"
409984,"Gained customers
(Now traveling average)"
765428,"Formers Points accumulator
(2020)"
229842,"Stable average travelers
(Loyal)"
106637,"Points accumulator currently
(2021)"
349278,"Gained customers
(Now traveling average)"
991084,"Growing travelers
(Now average)"
234836,"Lost custumers
(Traveled more before)"
277788,"Consistent low travelers
(Use points)"
330741,"Formers Points accumulator
(2020)"
341725,"Stable average travelers
(Loyal)"
390343,"Consistent low travelers
(Use points)"
673192,"Stable average travelers
(Loyal)"
954973,"Points accumulator currently
(2021)"
381901,"Points accumulator currently
(2021)"
866606,"Stable average travelers
(Loyal)"
835508,"Formers Points accumulator
(2020)"
723476,"Formers Points accumulator
(2020)"
274431,"Points accumulator currently
(2021)"
897293,"Stable average travelers
(Loyal)"
472787,"Formers Points accumulator
(2020)"
127496,Low-travel individuals
317260,"Growing travelers
(Now average)"
249639,Low-travel individuals
483631,"Lost custumers
(Traveled more before)"
355099,Low-travel individuals
445073,"Growing travelers
(Now average)"
216719,"Growing travelers
(Now average)"
488009,"Gained customers
(Now traveling average)"
992538,"Consistent low travelers
(Use points)"
467382,"Formers Points accumulator
(2020)"
425411,"Formers Points accumulator
(2020)"
536124,"Gained customers
(Now traveling average)"
420627,"Formers Points accumulator
(2020)"
102311,"Stable average travelers
(Loyal)"
405500,"Formers Points accumulator
(2020)"
668213,"Gained customers
(Now traveling average)"
294728,"Formers Points accumulator
(2020)"
831035,"Stable average travelers
(Loyal)"
887892,"Stable average travelers
(Loyal)"
918048,"Consistent low travelers
(Use points)"
468945,"Points accumulator currently
(2021)"
692685,"Consistent low travelers
(Use points)"
938093,"Consistent low travelers
(Use points)"
566737,"Consistent low travelers
(Use points)"
733889,"Formers Points accumulator
(2020)"
679414,Low-travel individuals
431533,"Formers Points accumulator
(2020)"
590485,"Formers Points accumulator
(2020)"
816983,"Formers Points accumulator
(2020)"
379752,"Points accumulator currently
(2021)"
723298,"Formers Points accumulator
(2020)"
635907,"Gained customers
(Now traveling average)"
132045,"Points accumulator currently
(2021)"
393806,"Points accumulator currently
(2021)"
473409,"Points accumulator currently
(2021)"
369361,"Consistent low travelers
(Use points)"
672430,"Points accumulator currently
(2021)"
669890,"Formers Points accumulator
(2020)"
579847,"Stable average travelers
(Loyal)"
889525,Low-travel individuals
103340,"Formers Points accumulator
(2020)"
779291,"Stable average travelers
(Loyal)"
225891,"Consistent low travelers
(Use points)"
360902,"Formers Points accumulator
(2020)"
573475,"Formers Points accumulator
(2020)"
528260,Low-travel individuals
544752,"Points accumulator currently
(2021)"
619840,"Stable average travelers
(Loyal)"
972787,"Gained customers
(Now traveling average)"
756867,"Growing travelers
(Now average)"
509044,"Points accumulator currently
(2021)"
674281,"Stable average travelers
(Loyal)"
795908,Low-travel individuals
766969,"Stable average travelers
(Loyal)"
975218,Low-travel individuals
491242,"Gained customers
(Now traveling average)"
526374,"Points accumulator currently
(2021)"
545883,"Formers Points accumulator
(2020)"
528055,"Stable average travelers
(Loyal)"
683126,"Stable average travelers
(Loyal)"
969924,"Formers Points accumulator
(2020)"
848736,"Growing travelers
(Now average)"
281585,"Formers Points accumulator
(2020)"
991419,"Gained customers
(Now traveling average)"
217761,"Consistent low travelers
(Use points)"
732488,"Stable average travelers
(Loyal)"
799157,"Consistent low travelers
(Use points)"
648653,"Points accumulator currently
(2021)"
837733,"Points accumulator currently
(2021)"
326961,"Formers Points accumulator
(2020)"
472540,"Points accumulator currently
(2021)"
411298,"Consistent low travelers
(Use points)"
823761,"Stable average travelers
(Loyal)"
674497,"Consistent low travelers
(Use points)"
645653,"Stable average travelers
(Loyal)"
663918,"Formers Points accumulator
(2020)"
868744,"Formers Points accumulator
(2020)"
277281,"Stable average travelers
(Loyal)"
127127,"Stable average travelers
(Loyal)"
561640,"Points accumulator currently
(2021)"
969277,"Consistent low travelers
(Use points)"
896853,"Gained customers
(Now traveling average)"
557640,"Points accumulator currently
(2021)"
511922,"Growing travelers
(Now average)"
184045,"Consistent low travelers
(Use points)"
368391,"Gained customers
(Now traveling average)"
672635,Low-travel individuals
131001,"Points accumulator currently
(2021)"
209831,"Formers Points accumulator
(2020)"
313815,"Consistent low travelers
(Use points)"
991442,"Lost custumers
(Traveled more before)"
853621,Low-travel individuals
173548,"Stable average travelers
(Loyal)"
937430,"Points accumulator currently
(2021)"
767089,"Points accumulator currently
(2021)"
846950,"Consistent low travelers
(Use points)"
910142,"Points accumulator currently
(2021)"
824486,"Consistent low travelers
(Use points)"
485258,Low-travel individuals
525765,"Stable average travelers
(Loyal)"
924217,Low-travel individuals
969626,"Points accumulator currently
(2021)"
564959,"Points accumulator currently
(2021)"
722154,Low-travel individuals
736109,"Formers Points accumulator
(2020)"
994225,"Stable average travelers
(Loyal)"
498923,"Stable average travelers
(Loyal)"
569880,"Stable average travelers
(Loyal)"
341185,"Points accumulator currently
(2021)"
858106,"Stable average travelers
(Loyal)"
900133,"Points accumulator currently
(2021)"
635805,"Lost custumers
(Traveled more before)"
717308,"Formers Points accumulator
(2020)"
625524,"Points accumulator currently
(2021)"
723347,"Points accumulator currently
(2021)"
547542,"Formers Points accumulator
(2020)"
685533,"Consistent low travelers
(Use points)"
492695,"Gained customers
(Now traveling average)"
818114,"Stable average travelers
(Loyal)"
505962,"Stable average travelers
(Loyal)"
857538,"Points accumulator currently
(2021)"
786624,"Consistent low travelers
(Use points)"
898427,"Points accumulator currently
(2021)"
462128,"Points accumulator currently
(2021)"
976004,Low-travel individuals
732081,"Points accumulator currently
(2021)"
908519,"Stable average travelers
(Loyal)"
930893,"Growing travelers
(Now average)"
693625,"Formers Points accumulator
(2020)"
596462,"Gained customers
(Now traveling average)"
196845,"Formers Points accumulator
(2020)"
284442,"Gained customers
(Now traveling average)"
234256,"Stable average travelers
(Loyal)"
182490,"Formers Points accumulator
(2020)"
985341,"Consistent low travelers
(Use points)"
537405,"Gained customers
(Now traveling average)"
193037,"Gained customers
(Now traveling average)"
277145,"Growing travelers
(Now average)"
550769,"Growing travelers
(Now average)"
245066,"Gained customers
(Now traveling average)"
696431,"Points accumulator currently
(2021)"
998507,"Points accumulator currently
(2021)"
283822,"Stable average travelers
(Loyal)"
221345,"Consistent low travelers
(Use points)"
530119,"Gained customers
(Now traveling average)"
106946,"Stable average travelers
(Loyal)"
493800,"Consistent low travelers
(Use points)"
299204,"Gained customers
(Now traveling average)"
352377,"Points accumulator currently
(2021)"
680839,"Points accumulator currently
(2021)"
694158,"Formers Points accumulator
(2020)"
310681,Low-travel individuals
439574,"Stable average travelers
(Loyal)"
610096,"Consistent low travelers
(Use points)"
656572,"Consistent low travelers
(Use points)"
971488,"Points accumulator currently
(2021)"
973609,Low-travel individuals
158995,Low-travel individuals
442252,"Formers Points accumulator
(2020)"
365156,Low-travel individuals
475034,"Gained customers
(Now traveling average)"
694497,"Points accumulator currently
(2021)"
644769,"Formers Points accumulator
(2020)"
751351,"Consistent low travelers
(Use points)"
699243,"Formers Points accumulator
(2020)"
543449,Low-travel individuals
756833,"Stable average travelers
(Loyal)"
180140,"Formers Points accumulator
(2020)"
108440,"Consistent low travelers
(Use points)"
322294,"Gained customers
(Now traveling average)"
489856,"Gained customers
(Now traveling average)"
702478,"Points accumulator currently
(2021)"
974617,"Points accumulator currently
(2021)"
909242,"Points accumulator currently
(2021)"
847609,"Points accumulator currently
(2021)"
200764,Low-travel individuals
386936,Low-travel individuals
313461,"Points accumulator currently
(2021)"
108528,"Stable average travelers
(Loyal)"
671933,"Points accumulator currently
(2021)"
772438,"Stable average travelers
(Loyal)"
263812,"Stable average travelers
(Loyal)"
593684,"Points accumulator currently
(2021)"
361827,"Formers Points accumulator
(2020)"
641327,"Stable average travelers
(Loyal)"
996794,"Points accumulator currently
(2021)"
209850,"Gained customers
(Now traveling average)"
334143,"Consistent low travelers
(Use points)"
839694,"Points accumulator currently
(2021)"
910809,Low-travel individuals
249723,"Points accumulator currently
(2021)"
918021,"Consistent low travelers
(Use points)"
473259,"Gained customers
(Now traveling average)"
138981,"Formers Points accumulator
(2020)"
525202,Low-travel individuals
178077,"Stable average travelers
(Loyal)"
377489,"Consistent low travelers
(Use points)"
515386,"Stable average travelers
(Loyal)"
448823,"Lost custumers
(Traveled more before)"
559723,"Stable average travelers
(Loyal)"
293100,"Lost custumers
(Traveled more before)"
676203,"Points accumulator currently
(2021)"
996616,"Stable average travelers
(Loyal)"
895085,"Formers Points accumulator
(2020)"
347142,"Consistent low travelers
(Use points)"
142354,"Stable average travelers
(Loyal)"
345682,"Points accumulator currently
(2021)"
618601,"Consistent low travelers
(Use points)"
252110,"Lost custumers
(Traveled more before)"
409454,"Stable average travelers
(Loyal)"
161103,"Consistent low travelers
(Use points)"
171047,"Consistent low travelers
(Use points)"
244132,"Stable average travelers
(Loyal)"
855981,Low-travel individuals
446991,"Points accumulator currently
(2021)"
940187,"Gained customers
(Now traveling average)"
574674,"Consistent low travelers
(Use points)"
140891,"Points accumulator currently
(2021)"
571670,"Formers Points accumulator
(2020)"
863599,"Points accumulator currently
(2021)"
512599,"Consistent low travelers
(Use points)"
572836,"Lost custumers
(Traveled more before)"
475950,"Gained customers
(Now traveling average)"
530621,"Gained customers
(Now traveling average)"
737756,"Stable average travelers
(Loyal)"
185835,"Formers Points accumulator
(2020)"
113220,"Points accumulator currently
(2021)"
653441,"Points accumulator currently
(2021)"
860980,"Growing travelers
(Now average)"
366744,"Stable average travelers
(Loyal)"
748198,"Points accumulator currently
(2021)"
543881,"Lost custumers
(Traveled more before)"
793126,"Stable average travelers
(Loyal)"
551809,"Stable average travelers
(Loyal)"
789206,"Formers Points accumulator
(2020)"
128041,"Consistent low travelers
(Use points)"
253528,"Gained customers
(Now traveling average)"
339927,"Points accumulator currently
(2021)"
434470,"Points accumulator currently
(2021)"
741421,"Formers Points accumulator
(2020)"
863108,"Consistent low travelers
(Use points)"
580201,"Growing travelers
(Now average)"
459991,"Gained customers
(Now traveling average)"
966391,"Growing travelers
(Now average)"
239749,"Gained customers
(Now traveling average)"
600884,"Consistent low travelers
(Use points)"
848250,"Points accumulator currently
(2021)"
858626,"Points accumulator currently
(2021)"
377742,Low-travel individuals
681722,"Formers Points accumulator
(2020)"
745668,"Points accumulator currently
(2021)"
393206,"Consistent low travelers
(Use points)"
467143,"Formers Points accumulator
(2020)"
277139,"Stable average travelers
(Loyal)"
842210,"Gained customers
(Now traveling average)"
299412,"Points accumulator currently
(2021)"
168026,"Consistent low travelers
(Use points)"
604645,"Gained customers
(Now traveling average)"
204686,"Points accumulator currently
(2021)"
614721,"Points accumulator currently
(2021)"
756928,"Points accumulator currently
(2021)"
884433,"Consistent low travelers
(Use points)"
901442,"Consistent low travelers
(Use points)"
871740,Low-travel individuals
484765,Low-travel individuals
585277,"Consistent low travelers
(Use points)"
503938,"Stable average travelers
(Loyal)"
982096,"Points accumulator currently
(2021)"
813652,"Points accumulator currently
(2021)"
939741,"Gained customers
(Now traveling average)"
650704,"Consistent low travelers
(Use points)"
379962,"Consistent low travelers
(Use points)"
534510,"Lost custumers
(Traveled more before)"
649855,"Points accumulator currently
(2021)"
214354,"Consistent low travelers
(Use points)"
255951,"Consistent low travelers
(Use points)"
875707,"Gained customers
(Now traveling average)"
167575,"Lost custumers
(Traveled more before)"
635509,"Gained customers
(Now traveling average)"
516791,"Consistent low travelers
(Use points)"
725510,"Gained customers
(Now traveling average)"
189139,"Formers Points accumulator
(2020)"
109203,"Points accumulator currently
(2021)"
161766,"Points accumulator currently
(2021)"
798662,"Consistent low travelers
(Use points)"
964206,Low-travel individuals
516544,"Points accumulator currently
(2021)"
513820,"Formers Points accumulator
(2020)"
429921,"Points accumulator currently
(2021)"
626746,"Consistent low travelers
(Use points)"
739284,"Stable average travelers
(Loyal)"
674375,Low-travel individuals
457374,"Gained customers
(Now traveling average)"
362134,Low-travel individuals
836964,"Stable average travelers
(Loyal)"
952093,"Formers Points accumulator
(2020)"
890404,"Gained customers
(Now traveling average)"
909075,"Stable average travelers
(Loyal)"
314258,"Stable average travelers
(Loyal)"
566767,"Points accumulator currently
(2021)"
596787,"Points accumulator currently
(2021)"
465412,"Consistent low travelers
(Use points)"
399678,"Points accumulator currently
(2021)"
701036,"Growing travelers
(Now average)"
647672,"Points accumulator currently
(2021)"
772019,"Points accumulator currently
(2021)"
160320,"Points accumulator currently
(2021)"
987978,"Gained customers
(Now traveling average)"
193747,"Stable average travelers
(Loyal)"
883505,"Consistent low travelers
(Use points)"
336025,"Consistent low travelers
(Use points)"
545659,"Growing travelers
(Now average)"
529390,"Growing travelers
(Now average)"
617263,"Points accumulator currently
(2021)"
729394,"Points accumulator currently
(2021)"
596171,Low-travel individuals
777931,"Stable average travelers
(Loyal)"
434081,"Points accumulator currently
(2021)"
408651,"Points accumulator currently
(2021)"
734556,"Lost custumers
(Traveled more before)"
534452,"Stable average travelers
(Loyal)"
443896,"Points accumulator currently
(2021)"
257985,Low-travel individuals
108462,"Points accumulator currently
(2021)"
492158,"Stable average travelers
(Loyal)"
809218,"Consistent low travelers
(Use points)"
244308,"Stable average travelers
(Loyal)"
554453,"Stable average travelers
(Loyal)"
299210,"Growing travelers
(Now average)"
241849,"Consistent low travelers
(Use points)"
164363,"Consistent low travelers
(Use points)"
922206,"Gained customers
(Now traveling average)"
651835,"Formers Points accumulator
(2020)"
668959,"Points accumulator currently
(2021)"
371672,"Points accumulator currently
(2021)"
537722,"Points accumulator currently
(2021)"
732606,"Formers Points accumulator
(2020)"
840741,"Formers Points accumulator
(2020)"
868037,"Formers Points accumulator
(2020)"
230560,Low-travel individuals
283133,"Stable average travelers
(Loyal)"
341897,Low-travel individuals
823986,"Growing travelers
(Now average)"
606563,"Consistent low travelers
(Use points)"
619693,"Stable average travelers
(Loyal)"
547649,"Consistent low travelers
(Use points)"
606396,"Gained customers
(Now traveling average)"
313982,"Points accumulator currently
(2021)"
793838,"Consistent low travelers
(Use points)"
855883,"Points accumulator currently
(2021)"
154172,"Consistent low travelers
(Use points)"
425720,"Consistent low travelers
(Use points)"
973104,Low-travel individuals
421822,Low-travel individuals
863035,"Growing travelers
(Now average)"
638264,Low-travel individuals
249841,"Consistent low travelers
(Use points)"
684133,"Consistent low travelers
(Use points)"
563188,"Points accumulator currently
(2021)"
578167,"Consistent low travelers
(Use points)"
649972,"Lost custumers
(Traveled more before)"
588095,"Points accumulator currently
(2021)"
916851,"Formers Points accumulator
(2020)"
946001,"Points accumulator currently
(2021)"
578020,"Gained customers
(Now traveling average)"
766691,Low-travel individuals
631839,"Formers Points accumulator
(2020)"
170710,"Points accumulator currently
(2021)"
734226,"Lost custumers
(Traveled more before)"
241495,"Consistent low travelers
(Use points)"
829663,"Growing travelers
(Now average)"
443231,"Points accumulator currently
(2021)"
382748,"Growing travelers
(Now average)"
291336,"Consistent low travelers
(Use points)"
481293,"Stable average travelers
(Loyal)"
377050,"Formers Points accumulator
(2020)"
481048,"Formers Points accumulator
(2020)"
183305,"Points accumulator currently
(2021)"
675104,"Points accumulator currently
(2021)"
814703,"Consistent low travelers
(Use points)"
221643,"Formers Points accumulator
(2020)"
547802,"Formers Points accumulator
(2020)"
733603,"Consistent low travelers
(Use points)"
708258,"Points accumulator currently
(2021)"
212862,"Points accumulator currently
(2021)"
643480,"Consistent low travelers
(Use points)"
234562,"Points accumulator currently
(2021)"
659536,"Formers Points accumulator
(2020)"
683920,"Points accumulator currently
(2021)"
138768,"Formers Points accumulator
(2020)"
879185,"Formers Points accumulator
(2020)"
865803,"Gained customers
(Now traveling average)"
173531,"Growing travelers
(Now average)"
552755,"Lost custumers
(Traveled more before)"
994877,"Gained customers
(Now traveling average)"
635715,"Points accumulator currently
(2021)"
885480,"Stable average travelers
(Loyal)"
786710,"Points accumulator currently
(2021)"
500782,"Formers Points accumulator
(2020)"
425472,"Stable average travelers
(Loyal)"
445675,"Formers Points accumulator
(2020)"
101644,Low-travel individuals
115529,"Formers Points accumulator
(2020)"
771932,Low-travel individuals
820164,"Consistent low travelers
(Use points)"
869284,"Stable average travelers
(Loyal)"
362165,"Formers Points accumulator
(2020)"
898162,"Consistent low travelers
(Use points)"
509928,"Consistent low travelers
(Use points)"
821419,"Gained customers
(Now traveling average)"
869971,"Formers Points accumulator
(2020)"
117342,"Points accumulator currently
(2021)"
634418,"Points accumulator currently
(2021)"
141742,"Growing travelers
(Now average)"
256574,"Points accumulator currently
(2021)"
557597,Low-travel individuals
884040,"Stable average travelers
(Loyal)"
687170,"Consistent low travelers
(Use points)"
153600,"Points accumulator currently
(2021)"
271929,"Points accumulator currently
(2021)"
761459,"Formers Points accumulator
(2020)"
185153,"Stable average travelers
(Loyal)"
879542,"Points accumulator currently
(2021)"
534764,Low-travel individuals
574899,"Formers Points accumulator
(2020)"
212484,"Gained customers
(Now traveling average)"
394569,Low-travel individuals
969632,"Points accumulator currently
(2021)"
952938,"Formers Points accumulator
(2020)"
316970,Low-travel individuals
200863,"Growing travelers
(Now average)"
308197,"Points accumulator currently
(2021)"
355994,"Formers Points accumulator
(2020)"
416105,Low-travel individuals
872774,"Consistent low travelers
(Use points)"
386649,"Points accumulator currently
(2021)"
242387,"Gained customers
(Now traveling average)"
484225,Low-travel individuals
520428,"Stable average travelers
(Loyal)"
297520,"Consistent low travelers
(Use points)"
410963,"Points accumulator currently
(2021)"
382980,"Points accumulator currently
(2021)"
791809,"Stable average travelers
(Loyal)"
598059,"Formers Points accumulator
(2020)"
335421,"Consistent low travelers
(Use points)"
710255,"Stable average travelers
(Loyal)"
280895,"Consistent low travelers
(Use points)"
959453,Low-travel individuals
565040,"Points accumulator currently
(2021)"
781354,"Consistent low travelers
(Use points)"
838657,"Points accumulator currently
(2021)"
576576,"Formers Points accumulator
(2020)"
825254,"Gained customers
(Now traveling average)"
579034,"Consistent low travelers
(Use points)"
140977,"Points accumulator currently
(2021)"
710069,"Points accumulator currently
(2021)"
772181,"Consistent low travelers
(Use points)"
838008,"Gained customers
(Now traveling average)"
614063,"Stable average travelers
(Loyal)"
779171,"Points accumulator currently
(2021)"
134847,Low-travel individuals
198123,"Formers Points accumulator
(2020)"
727095,"Points accumulator currently
(2021)"
243751,"Consistent low travelers
(Use points)"
294580,"Formers Points accumulator
(2020)"
879964,Low-travel individuals
406294,"Consistent low travelers
(Use points)"
368591,"Formers Points accumulator
(2020)"
437086,"Stable average travelers
(Loyal)"
579318,"Stable average travelers
(Loyal)"
721456,Low-travel individuals
296146,"Points accumulator currently
(2021)"
165827,"Consistent low travelers
(Use points)"
299769,"Growing travelers
(Now average)"
208967,"Stable average travelers
(Loyal)"
667860,"Consistent low travelers
(Use points)"
769030,"Growing travelers
(Now average)"
966891,"Formers Points accumulator
(2020)"
253210,"Points accumulator currently
(2021)"
368118,"Gained customers
(Now traveling average)"
368122,"Consistent low travelers
(Use points)"
217862,"Consistent low travelers
(Use points)"
296997,"Formers Points accumulator
(2020)"
316752,"Consistent low travelers
(Use points)"
771757,"Formers Points accumulator
(2020)"
482525,"Points accumulator currently
(2021)"
664183,Low-travel individuals
963170,Low-travel individuals
822102,"Growing travelers
(Now average)"
541239,"Growing travelers
(Now average)"
783145,"Consistent low travelers
(Use points)"
195806,"Formers Points accumulator
(2020)"
931054,Low-travel individuals
942194,Low-travel individuals
679994,Low-travel individuals
792698,"Growing travelers
(Now average)"
198836,"Formers Points accumulator
(2020)"
838232,"Stable average travelers
(Loyal)"
277494,"Formers Points accumulator
(2020)"
535367,"Points accumulator currently
(2021)"
292618,"Formers Points accumulator
(2020)"
767416,"Points accumulator currently
(2021)"
398086,"Points accumulator currently
(2021)"
444894,"Points accumulator currently
(2021)"
958687,"Points accumulator currently
(2021)"
474027,Low-travel individuals
587378,"Consistent low travelers
(Use points)"
664379,"Points accumulator currently
(2021)"
668968,"Stable average travelers
(Loyal)"
798814,"Points accumulator currently
(2021)"
439566,"Points accumulator currently
(2021)"
330433,"Formers Points accumulator
(2020)"
951458,"Formers Points accumulator
(2020)"
527712,"Formers Points accumulator
(2020)"
675538,"Points accumulator currently
(2021)"
805545,Low-travel individuals
867070,"Growing travelers
(Now average)"
415341,"Points accumulator currently
(2021)"
699343,"Growing travelers
(Now average)"
201561,"Gained customers
(Now traveling average)"
782719,"Stable average travelers
(Loyal)"
456360,"Formers Points accumulator
(2020)"
360017,"Points accumulator currently
(2021)"
123115,"Growing travelers
(Now average)"
136022,"Formers Points accumulator
(2020)"
140419,"Consistent low travelers
(Use points)"
263569,"Points accumulator currently
(2021)"
424208,"Points accumulator currently
(2021)"
576294,"Growing travelers
(Now average)"
328668,"Formers Points accumulator
(2020)"
113864,"Growing travelers
(Now average)"
554449,"Gained customers
(Now traveling average)"
903641,"Points accumulator currently
(2021)"
142715,"Points accumulator currently
(2021)"
763403,"Points accumulator currently
(2021)"
237303,"Points accumulator currently
(2021)"
603446,"Stable average travelers
(Loyal)"
675616,"Stable average travelers
(Loyal)"
892967,"Growing travelers
(Now average)"
312568,"Formers Points accumulator
(2020)"
406287,"Lost custumers
(Traveled more before)"
294642,"Points accumulator currently
(2021)"
848159,"Stable average travelers
(Loyal)"
552747,"Consistent low travelers
(Use points)"
765079,"Points accumulator currently
(2021)"
991189,Low-travel individuals
392785,"Formers Points accumulator
(2020)"
512869,"Formers Points accumulator
(2020)"
659400,"Formers Points accumulator
(2020)"
648533,"Consistent low travelers
(Use points)"
326001,"Points accumulator currently
(2021)"
892227,"Formers Points accumulator
(2020)"
940249,"Points accumulator currently
(2021)"
976330,Low-travel individuals
367338,"Stable average travelers
(Loyal)"
894919,"Stable average travelers
(Loyal)"
662022,"Points accumulator currently
(2021)"
178540,"Stable average travelers
(Loyal)"
827677,"Lost custumers
(Traveled more before)"
471466,Low-travel individuals
879265,"Stable average travelers
(Loyal)"
264236,"Consistent low travelers
(Use points)"
767672,"Formers Points accumulator
(2020)"
899958,"Formers Points accumulator
(2020)"
170801,Low-travel individuals
235102,"Points accumulator currently
(2021)"
244475,"Formers Points accumulator
(2020)"
178409,"Stable average travelers
(Loyal)"
349838,"Points accumulator currently
(2021)"
486139,"Growing travelers
(Now average)"
892022,"Stable average travelers
(Loyal)"
992499,Low-travel individuals
214878,"Consistent low travelers
(Use points)"
743766,"Formers Points accumulator
(2020)"
915902,"Points accumulator currently
(2021)"
241641,"Consistent low travelers
(Use points)"
838650,"Stable average travelers
(Loyal)"
911812,"Formers Points accumulator
(2020)"
910969,"Formers Points accumulator
(2020)"
244414,"Formers Points accumulator
(2020)"
780991,Low-travel individuals
337983,"Points accumulator currently
(2021)"
705353,"Formers Points accumulator
(2020)"
528809,"Formers Points accumulator
(2020)"
362642,"Consistent low travelers
(Use points)"
739767,Low-travel individuals
459735,"Points accumulator currently
(2021)"
237106,"Consistent low travelers
(Use points)"
468067,"Stable average travelers
(Loyal)"
955720,"Stable average travelers
(Loyal)"
980788,"Stable average travelers
(Loyal)"
941679,"Points accumulator currently
(2021)"
676639,"Formers Points accumulator
(2020)"
482561,"Points accumulator currently
(2021)"
817520,"Points accumulator currently
(2021)"
397242,"Lost custumers
(Traveled more before)"
868659,"Gained customers
(Now traveling average)"
461559,"Consistent low travelers
(Use points)"
167026,"Formers Points accumulator
(2020)"
545638,Low-travel individuals
457077,"Gained customers
(Now traveling average)"
193564,"Points accumulator currently
(2021)"
312474,"Consistent low travelers
(Use points)"
469767,Low-travel individuals
656650,"Stable average travelers
(Loyal)"
125606,Low-travel individuals
625458,"Formers Points accumulator
(2020)"
577901,"Lost custumers
(Traveled more before)"
717459,"Formers Points accumulator
(2020)"
887605,Low-travel individuals
246059,"Consistent low travelers
(Use points)"
946525,"Formers Points accumulator
(2020)"
877152,Low-travel individuals
265575,"Formers Points accumulator
(2020)"
759417,"Consistent low travelers
(Use points)"
811569,"Points accumulator currently
(2021)"
459223,"Points accumulator currently
(2021)"
837810,"Points accumulator currently
(2021)"
859821,"Points accumulator currently
(2021)"
145552,"Consistent low travelers
(Use points)"
436901,"Consistent low travelers
(Use points)"
306331,"Consistent low travelers
(Use points)"
241675,"Points accumulator currently
(2021)"
343011,"Growing travelers
(Now average)"
456614,Low-travel individuals
460110,"Consistent low travelers
(Use points)"
956071,"Points accumulator currently
(2021)"
972298,"Consistent low travelers
(Use points)"
952641,"Points accumulator currently
(2021)"
407433,"Formers Points accumulator
(2020)"
412402,"Formers Points accumulator
(2020)"
426384,"Formers Points accumulator
(2020)"
495058,"Stable average travelers
(Loyal)"
956630,Low-travel individuals
116372,"Formers Points accumulator
(2020)"
708519,"Stable average travelers
(Loyal)"
552966,"Stable average travelers
(Loyal)"
489609,"Lost custumers
(Traveled more before)"
735515,"Consistent low travelers
(Use points)"
305243,"Points accumulator currently
(2021)"
198075,"Formers Points accumulator
(2020)"
224842,"Gained customers
(Now traveling average)"
151967,"Gained customers
(Now traveling average)"
328323,"Growing travelers
(Now average)"
815789,"Formers Points accumulator
(2020)"
927401,"Points accumulator currently
(2021)"
258202,"Points accumulator currently
(2021)"
953757,Low-travel individuals
744608,"Growing travelers
(Now average)"
664277,"Points accumulator currently
(2021)"
313860,"Stable average travelers
(Loyal)"
534734,"Consistent low travelers
(Use points)"
821739,"Formers Points accumulator
(2020)"
130593,"Consistent low travelers
(Use points)"
804521,"Consistent low travelers
(Use points)"
778310,"Stable average travelers
(Loyal)"
395446,Low-travel individuals
567219,Low-travel individuals
977377,"Lost custumers
(Traveled more before)"
491122,"Growing travelers
(Now average)"
288774,Low-travel individuals
620446,"Points accumulator currently
(2021)"
388046,"Consistent low travelers
(Use points)"
957377,Low-travel individuals
470480,"Points accumulator currently
(2021)"
507281,"Points accumulator currently
(2021)"
180925,"Stable average travelers
(Loyal)"
879506,"Consistent low travelers
(Use points)"
707967,"Formers Points accumulator
(2020)"
434568,"Formers Points accumulator
(2020)"
454632,"Points accumulator currently
(2021)"
374293,Low-travel individuals
666933,"Stable average travelers
(Loyal)"
391673,"Formers Points accumulator
(2020)"
939466,"Consistent low travelers
(Use points)"
707023,"Stable average travelers
(Loyal)"
697169,"Growing travelers
(Now average)"
856818,Low-travel individuals
296217,"Growing travelers
(Now average)"
177700,"Formers Points accumulator
(2020)"
307178,"Growing travelers
(Now average)"
459936,"Formers Points accumulator
(2020)"
508126,"Stable average travelers
(Loyal)"
807289,"Stable average travelers
(Loyal)"
161180,"Stable average travelers
(Loyal)"
169302,"Gained customers
(Now traveling average)"
357988,"Stable average travelers
(Loyal)"
839412,"Consistent low travelers
(Use points)"
145220,"Points accumulator currently
(2021)"
986507,"Points accumulator currently
(2021)"
796705,Low-travel individuals
235229,"Gained customers
(Now traveling average)"
535327,Low-travel individuals
924173,"Consistent low travelers
(Use points)"
986208,"Growing travelers
(Now average)"
340583,"Formers Points accumulator
(2020)"
547442,"Gained customers
(Now traveling average)"
911906,"Formers Points accumulator
(2020)"
943380,"Points accumulator currently
(2021)"
982433,"Gained customers
(Now traveling average)"
292021,"Consistent low travelers
(Use points)"
476258,"Stable average travelers
(Loyal)"
979053,"Consistent low travelers
(Use points)"
798708,Low-travel individuals
486200,"Gained customers
(Now traveling average)"
645057,"Formers Points accumulator
(2020)"
653070,"Stable average travelers
(Loyal)"
626560,Low-travel individuals
805159,"Formers Points accumulator
(2020)"
751602,"Consistent low travelers
(Use points)"
383656,"Points accumulator currently
(2021)"
900726,"Consistent low travelers
(Use points)"
850034,"Formers Points accumulator
(2020)"
477517,"Points accumulator currently
(2021)"
708692,"Stable average travelers
(Loyal)"
162166,"Stable average travelers
(Loyal)"
503615,"Formers Points accumulator
(2020)"
801391,"Points accumulator currently
(2021)"
266953,"Consistent low travelers
(Use points)"
515645,"Points accumulator currently
(2021)"
709595,"Formers Points accumulator
(2020)"
503217,"Stable average travelers
(Loyal)"
940200,"Gained customers
(Now traveling average)"
637151,"Gained customers
(Now traveling average)"
572927,"Growing travelers
(Now average)"
733497,"Gained customers
(Now traveling average)"
550856,"Points accumulator currently
(2021)"
664084,"Stable average travelers
(Loyal)"
324139,"Stable average travelers
(Loyal)"
472356,"Stable average travelers
(Loyal)"
156673,"Stable average travelers
(Loyal)"
299165,"Gained customers
(Now traveling average)"
988594,Low-travel individuals
487799,"Gained customers
(Now traveling average)"
194709,"Consistent low travelers
(Use points)"
462638,"Consistent low travelers
(Use points)"
376969,"Consistent low travelers
(Use points)"
496820,"Consistent low travelers
(Use points)"
499963,"Points accumulator currently
(2021)"
834286,"Stable average travelers
(Loyal)"
622776,"Gained customers
(Now traveling average)"
167335,"Points accumulator currently
(2021)"
421252,Low-travel individuals
794552,"Formers Points accumulator
(2020)"
180922,"Points accumulator currently
(2021)"
358012,Low-travel individuals
937418,"Points accumulator currently
(2021)"
895451,"Stable average travelers
(Loyal)"
429292,"Consistent low travelers
(Use points)"
822211,"Points accumulator currently
(2021)"
165900,"Formers Points accumulator
(2020)"
216683,"Stable average travelers
(Loyal)"
718745,"Gained customers
(Now traveling average)"
297607,"Growing travelers
(Now average)"
793619,"Growing travelers
(Now average)"
393380,"Stable average travelers
(Loyal)"
903290,"Consistent low travelers
(Use points)"
994308,"Gained customers
(Now traveling average)"
441128,"Stable average travelers
(Loyal)"
857708,"Stable average travelers
(Loyal)"
800831,"Gained customers
(Now traveling average)"
264632,"Stable average travelers
(Loyal)"
482218,"Points accumulator currently
(2021)"
145177,"Stable average travelers
(Loyal)"
186593,"Formers Points accumulator
(2020)"
470591,"Stable average travelers
(Loyal)"
374850,"Formers Points accumulator
(2020)"
841456,"Stable average travelers
(Loyal)"
746796,"Lost custumers
(Traveled more before)"
677751,"Formers Points accumulator
(2020)"
963523,"Points accumulator currently
(2021)"
279231,"Gained customers
(Now traveling average)"
187291,"Gained customers
(Now traveling average)"
407377,"Formers Points accumulator
(2020)"
822765,"Points accumulator currently
(2021)"
764980,"Consistent low travelers
(Use points)"
522408,"Consistent low travelers
(Use points)"
696826,"Formers Points accumulator
(2020)"
161276,"Points accumulator currently
(2021)"
235585,Low-travel individuals
534972,"Stable average travelers
(Loyal)"
439819,"Formers Points accumulator
(2020)"
221993,"Gained customers
(Now traveling average)"
810899,"Stable average travelers
(Loyal)"
298280,"Points accumulator currently
(2021)"
424100,"Growing travelers
(Now average)"
332077,"Gained customers
(Now traveling average)"
755337,"Points accumulator currently
(2021)"
465980,"Gained customers
(Now traveling average)"
713831,"Stable average travelers
(Loyal)"
747609,"Growing travelers
(Now average)"
706199,Low-travel individuals
763797,"Consistent low travelers
(Use points)"
333213,"Formers Points accumulator
(2020)"
581668,"Growing travelers
(Now average)"
550519,"Consistent low travelers
(Use points)"
781219,"Points accumulator currently
(2021)"
920657,"Growing travelers
(Now average)"
589818,"Lost custumers
(Traveled more before)"
472589,"Consistent low travelers
(Use points)"
128611,"Formers Points accumulator
(2020)"
596674,"Stable average travelers
(Loyal)"
702809,"Gained customers
(Now traveling average)"
183748,"Formers Points accumulator
(2020)"
910056,"Points accumulator currently
(2021)"
427919,"Points accumulator currently
(2021)"
205658,"Points accumulator currently
(2021)"
870022,"Consistent low travelers
(Use points)"
853039,"Points accumulator currently
(2021)"
495168,"Formers Points accumulator
(2020)"
113877,"Formers Points accumulator
(2020)"
540715,"Gained customers
(Now traveling average)"
628860,"Points accumulator currently
(2021)"
953420,Low-travel individuals
349470,"Gained customers
(Now traveling average)"
927339,"Stable average travelers
(Loyal)"
647684,"Formers Points accumulator
(2020)"
555205,"Points accumulator currently
(2021)"
633330,"Points accumulator currently
(2021)"
525246,"Stable average travelers
(Loyal)"
777231,"Stable average travelers
(Loyal)"
329364,"Stable average travelers
(Loyal)"
445427,Low-travel individuals
997478,"Consistent low travelers
(Use points)"
977916,"Formers Points accumulator
(2020)"
378454,"Stable average travelers
(Loyal)"
927848,"Points accumulator currently
(2021)"
287023,"Consistent low travelers
(Use points)"
362541,"Formers Points accumulator
(2020)"
365404,"Points accumulator currently
(2021)"
377375,"Gained customers
(Now traveling average)"
652636,Low-travel individuals
333825,"Stable average travelers
(Loyal)"
848615,"Growing travelers
(Now average)"
869672,"Gained customers
(Now traveling average)"
606962,"Gained customers
(Now traveling average)"
970102,"Stable average travelers
(Loyal)"
157092,"Stable average travelers
(Loyal)"
657118,"Stable average travelers
(Loyal)"
462355,"Consistent low travelers
(Use points)"
559016,"Consistent low travelers
(Use points)"
996152,"Gained customers
(Now traveling average)"
995777,"Formers Points accumulator
(2020)"
845782,"Consistent low travelers
(Use points)"
908844,"Stable average travelers
(Loyal)"
121605,"Stable average travelers
(Loyal)"
711552,"Points accumulator currently
(2021)"
117910,"Points accumulator currently
(2021)"
812804,"Gained customers
(Now traveling average)"
891413,"Formers Points accumulator
(2020)"
865406,"Points accumulator currently
(2021)"
376929,Low-travel individuals
133698,"Points accumulator currently
(2021)"
913866,"Formers Points accumulator
(2020)"
434693,"Gained customers
(Now traveling average)"
711214,"Formers Points accumulator
(2020)"
867446,"Consistent low travelers
(Use points)"
408309,"Consistent low travelers
(Use points)"
619337,Low-travel individuals
801483,"Stable average travelers
(Loyal)"
170091,Low-travel individuals
541953,"Formers Points accumulator
(2020)"
351145,"Points accumulator currently
(2021)"
726065,"Stable average travelers
(Loyal)"
732602,"Gained customers
(Now traveling average)"
816608,"Formers Points accumulator
(2020)"
884909,"Stable average travelers
(Loyal)"
966142,"Gained customers
(Now traveling average)"
374275,"Stable average travelers
(Loyal)"
574726,"Formers Points accumulator
(2020)"
603371,"Growing travelers
(Now average)"
684691,"Stable average travelers
(Loyal)"
119690,Low-travel individuals
892630,Low-travel individuals
234515,"Points accumulator currently
(2021)"
480864,"Formers Points accumulator
(2020)"
379384,"Stable average travelers
(Loyal)"
805816,"Points accumulator currently
(2021)"
772025,Low-travel individuals
756967,"Formers Points accumulator
(2020)"
380928,"Points accumulator currently
(2021)"
677335,"Gained customers
(Now traveling average)"
247180,"Stable average travelers
(Loyal)"
528985,"Stable average travelers
(Loyal)"
920211,"Formers Points accumulator
(2020)"
604792,"Points accumulator currently
(2021)"
632352,"Points accumulator currently
(2021)"
713236,"Formers Points accumulator
(2020)"
965079,"Points accumulator currently
(2021)"
499563,Low-travel individuals
527941,"Points accumulator currently
(2021)"
906428,"Stable average travelers
(Loyal)"
651631,"Points accumulator currently
(2021)"
471858,"Points accumulator currently
(2021)"
230070,"Growing travelers
(Now average)"
764555,"Stable average travelers
(Loyal)"
819521,"Gained customers
(Now traveling average)"
218601,"Formers Points accumulator
(2020)"
171788,"Gained customers
(Now traveling average)"
598705,"Formers Points accumulator
(2020)"
139932,"Stable average travelers
(Loyal)"
641734,"Stable average travelers
(Loyal)"
430059,"Formers Points accumulator
(2020)"
974715,Low-travel individuals
255215,"Consistent low travelers
(Use points)"
137161,"Growing travelers
(Now average)"
100853,"Points accumulator currently
(2021)"
233774,Low-travel individuals
253283,"Lost custumers
(Traveled more before)"
798525,"Stable average travelers
(Loyal)"
140534,"Points accumulator currently
(2021)"
422787,"Points accumulator currently
(2021)"
569769,"Gained customers
(Now traveling average)"
490840,"Points accumulator currently
(2021)"
850953,"Consistent low travelers
(Use points)"
577265,"Consistent low travelers
(Use points)"
319664,"Points accumulator currently
(2021)"
870223,Low-travel individuals
744320,"Gained customers
(Now traveling average)"
886086,"Consistent low travelers
(Use points)"
626046,Low-travel individuals
511584,"Points accumulator currently
(2021)"
740105,"Points accumulator currently
(2021)"
549757,"Points accumulator currently
(2021)"
968638,"Growing travelers
(Now average)"
277033,"Points accumulator currently
(2021)"
646289,Low-travel individuals
941719,"Lost custumers
(Traveled more before)"
991090,"Consistent low travelers
(Use points)"
156684,"Points accumulator currently
(2021)"
247714,"Formers Points accumulator
(2020)"
143422,"Stable average travelers
(Loyal)"
220131,"Gained customers
(Now traveling average)"
420339,"Formers Points accumulator
(2020)"
244245,"Stable average travelers
(Loyal)"
821296,"Points accumulator currently
(2021)"
440198,"Stable average travelers
(Loyal)"
123668,"Stable average travelers
(Loyal)"
866995,Low-travel individuals
702863,"Consistent low travelers
(Use points)"
329720,"Stable average travelers
(Loyal)"
171937,"Stable average travelers
(Loyal)"
454628,"Gained customers
(Now traveling average)"
484422,"Consistent low travelers
(Use points)"
521684,"Formers Points accumulator
(2020)"
620563,"Formers Points accumulator
(2020)"
679311,"Growing travelers
(Now average)"
774321,"Growing travelers
(Now average)"
806157,"Gained customers
(Now traveling average)"
846055,"Stable average travelers
(Loyal)"
312148,"Growing travelers
(Now average)"
810503,"Gained customers
(Now traveling average)"
712636,"Lost custumers
(Traveled more before)"
716863,"Formers Points accumulator
(2020)"
445176,"Stable average travelers
(Loyal)"
615244,"Growing travelers
(Now average)"
735341,"Formers Points accumulator
(2020)"
459835,Low-travel individuals
864318,"Stable average travelers
(Loyal)"
640418,"Consistent low travelers
(Use points)"
379238,"Formers Points accumulator
(2020)"
445915,Low-travel individuals
578234,"Lost custumers
(Traveled more before)"
569972,"Gained customers
(Now traveling average)"
417929,"Stable average travelers
(Loyal)"
726701,"Formers Points accumulator
(2020)"
426027,"Points accumulator currently
(2021)"
965116,"Gained customers
(Now traveling average)"
482345,"Stable average travelers
(Loyal)"
232579,"Gained customers
(Now traveling average)"
378968,"Points accumulator currently
(2021)"
668235,"Gained customers
(Now traveling average)"
725795,"Consistent low travelers
(Use points)"
268281,"Consistent low travelers
(Use points)"
335545,"Points accumulator currently
(2021)"
999272,"Stable average travelers
(Loyal)"
800499,"Points accumulator currently
(2021)"
336469,"Consistent low travelers
(Use points)"
785129,Low-travel individuals
753038,"Consistent low travelers
(Use points)"
902421,"Lost custumers
(Traveled more before)"
871022,"Gained customers
(Now traveling average)"
558258,Low-travel individuals
172233,"Growing travelers
(Now average)"
231592,"Formers Points accumulator
(2020)"
577374,"Consistent low travelers
(Use points)"
325134,"Formers Points accumulator
(2020)"
403118,"Stable average travelers
(Loyal)"
921530,"Lost custumers
(Traveled more before)"
616137,"Growing travelers
(Now average)"
916594,"Points accumulator currently
(2021)"
486226,"Points accumulator currently
(2021)"
805977,"Stable average travelers
(Loyal)"
534571,Low-travel individuals
692856,"Consistent low travelers
(Use points)"
646935,"Consistent low travelers
(Use points)"
202248,"Points accumulator currently
(2021)"
853417,"Points accumulator currently
(2021)"
139600,Low-travel individuals
883702,"Consistent low travelers
(Use points)"
660098,Low-travel individuals
839461,"Gained customers
(Now traveling average)"
425294,"Stable average travelers
(Loyal)"
503573,"Formers Points accumulator
(2020)"
473093,"Formers Points accumulator
(2020)"
173798,"Consistent low travelers
(Use points)"
925850,Low-travel individuals
570318,"Stable average travelers
(Loyal)"
185573,"Points accumulator currently
(2021)"
744228,Low-travel individuals
213545,Low-travel individuals
225205,Low-travel individuals
412793,"Points accumulator currently
(2021)"
527235,"Points accumulator currently
(2021)"
486955,"Stable average travelers
(Loyal)"
626474,"Formers Points accumulator
(2020)"
870169,"Gained customers
(Now traveling average)"
873297,"Lost custumers
(Traveled more before)"
323424,"Formers Points accumulator
(2020)"
686561,"Gained customers
(Now traveling average)"
563094,"Gained customers
(Now traveling average)"
248196,"Lost custumers
(Traveled more before)"
375297,"Growing travelers
(Now average)"
598360,"Formers Points accumulator
(2020)"
721688,"Consistent low travelers
(Use points)"
753219,"Formers Points accumulator
(2020)"
835779,"Consistent low travelers
(Use points)"
233969,"Consistent low travelers
(Use points)"
640238,"Formers Points accumulator
(2020)"
256627,Low-travel individuals
716068,"Formers Points accumulator
(2020)"
369084,"Consistent low travelers
(Use points)"
711853,"Gained customers
(Now traveling average)"
577860,"Consistent low travelers
(Use points)"
709279,"Points accumulator currently
(2021)"
921298,"Stable average travelers
(Loyal)"
282140,"Gained customers
(Now traveling average)"
963473,"Points accumulator currently
(2021)"
210761,"Gained customers
(Now traveling average)"
649052,"Consistent low travelers
(Use points)"
138894,"Formers Points accumulator
(2020)"
582364,"Formers Points accumulator
(2020)"
788292,"Stable average travelers
(Loyal)"
737602,Low-travel individuals
563410,"Stable average travelers
(Loyal)"
154175,"Points accumulator currently
(2021)"
739021,"Growing travelers
(Now average)"
418938,"Growing travelers
(Now average)"
204484,"Points accumulator currently
(2021)"
701391,"Points accumulator currently
(2021)"
827309,"Consistent low travelers
(Use points)"
584377,"Consistent low travelers
(Use points)"
542085,"Consistent low travelers
(Use points)"
729537,"Growing travelers
(Now average)"
175360,"Consistent low travelers
(Use points)"
305380,"Consistent low travelers
(Use points)"
961213,Low-travel individuals
868230,"Points accumulator currently
(2021)"
802305,"Formers Points accumulator
(2020)"
106048,Low-travel individuals
244039,"Stable average travelers
(Loyal)"
698159,Low-travel individuals
437158,"Points accumulator currently
(2021)"
331301,"Points accumulator currently
(2021)"
321388,"Points accumulator currently
(2021)"
124119,"Consistent low travelers
(Use points)"
132592,"Formers Points accumulator
(2020)"
216072,Low-travel individuals
580159,"Growing travelers
(Now average)"
756862,"Consistent low travelers
(Use points)"
748635,"Points accumulator currently
(2021)"
243444,"Formers Points accumulator
(2020)"
831928,"Lost custumers
(Traveled more before)"
791466,"Consistent low travelers
(Use points)"
831696,"Stable average travelers
(Loyal)"
594681,"Lost custumers
(Traveled more before)"
148381,"Formers Points accumulator
(2020)"
297382,"Stable average travelers
(Loyal)"
145193,Low-travel individuals
194737,"Growing travelers
(Now average)"
272097,"Consistent low travelers
(Use points)"
679623,"Formers Points accumulator
(2020)"
416973,"Stable average travelers
(Loyal)"
935274,"Stable average travelers
(Loyal)"
630034,"Gained customers
(Now traveling average)"
207500,"Stable average travelers
(Loyal)"
494213,"Points accumulator currently
(2021)"
893120,"Gained customers
(Now traveling average)"
732863,"Growing travelers
(Now average)"
326603,"Points accumulator currently
(2021)"
579785,Low-travel individuals
232924,"Consistent low travelers
(Use points)"
674781,"Growing travelers
(Now average)"
883968,"Points accumulator currently
(2021)"
277594,"Stable average travelers
(Loyal)"
811802,"Formers Points accumulator
(2020)"
739617,"Gained customers
(Now traveling average)"
449843,"Stable average travelers
(Loyal)"
559726,"Points accumulator currently
(2021)"
935328,"Formers Points accumulator
(2020)"
518305,"Points accumulator currently
(2021)"
135381,"Formers Points accumulator
(2020)"
281449,"Formers Points accumulator
(2020)"
751779,"Stable average travelers
(Loyal)"
937956,"Points accumulator currently
(2021)"
344372,Low-travel individuals
976700,"Consistent low travelers
(Use points)"
838771,"Consistent low travelers
(Use points)"
408047,"Stable average travelers
(Loyal)"
397065,"Gained customers
(Now traveling average)"
876232,"Consistent low travelers
(Use points)"
597313,"Growing travelers
(Now average)"
180231,Low-travel individuals
541435,"Formers Points accumulator
(2020)"
616342,"Formers Points accumulator
(2020)"
920162,"Points accumulator currently
(2021)"
856502,"Consistent low travelers
(Use points)"
178864,"Points accumulator currently
(2021)"
669493,Low-travel individuals
445137,"Consistent low travelers
(Use points)"
318285,"Growing travelers
(Now average)"
765924,"Points accumulator currently
(2021)"
812513,"Points accumulator currently
(2021)"
841916,"Points accumulator currently
(2021)"
971608,"Lost custumers
(Traveled more before)"
141456,Low-travel individuals
369646,"Growing travelers
(Now average)"
377968,"Points accumulator currently
(2021)"
432579,Low-travel individuals
634181,"Stable average travelers
(Loyal)"
863516,"Points accumulator currently
(2021)"
154889,"Lost custumers
(Traveled more before)"
496191,"Stable average travelers
(Loyal)"
788997,"Consistent low travelers
(Use points)"
365761,"Formers Points accumulator
(2020)"
641160,"Points accumulator currently
(2021)"
541037,"Points accumulator currently
(2021)"
678616,"Formers Points accumulator
(2020)"
380795,"Formers Points accumulator
(2020)"
156948,"Stable average travelers
(Loyal)"
370300,"Stable average travelers
(Loyal)"
772834,"Formers Points accumulator
(2020)"
346295,"Gained customers
(Now traveling average)"
633787,"Growing travelers
(Now average)"
264365,"Gained customers
(Now traveling average)"
211030,"Growing travelers
(Now average)"
244595,Low-travel individuals
431034,"Consistent low travelers
(Use points)"
505988,"Points accumulator currently
(2021)"
766733,"Points accumulator currently
(2021)"
945133,"Stable average travelers
(Loyal)"
517797,"Gained customers
(Now traveling average)"
997539,"Consistent low travelers
(Use points)"
671173,"Growing travelers
(Now average)"
462253,"Lost custumers
(Traveled more before)"
729154,"Points accumulator currently
(2021)"
546997,"Gained customers
(Now traveling average)"
393329,Low-travel individuals
481931,"Stable average travelers
(Loyal)"
707146,"Formers Points accumulator
(2020)"
173834,Low-travel individuals
503988,Low-travel individuals
863884,"Consistent low travelers
(Use points)"
652034,"Points accumulator currently
(2021)"
601105,"Points accumulator currently
(2021)"
502353,"Points accumulator currently
(2021)"
696486,"Stable average travelers
(Loyal)"
562677,"Stable average travelers
(Loyal)"
612311,"Consistent low travelers
(Use points)"
920792,"Points accumulator currently
(2021)"
777861,Low-travel individuals
283770,"Gained customers
(Now traveling average)"
576947,"Points accumulator currently
(2021)"
138853,"Gained customers
(Now traveling average)"
325593,"Gained customers
(Now traveling average)"
861675,"Consistent low travelers
(Use points)"
634328,Low-travel individuals
553061,"Stable average travelers
(Loyal)"
689389,"Formers Points accumulator
(2020)"
558598,"Stable average travelers
(Loyal)"
532832,"Stable average travelers
(Loyal)"
727847,"Points accumulator currently
(2021)"
156305,"Consistent low travelers
(Use points)"
237888,"Points accumulator currently
(2021)"
260515,"Stable average travelers
(Loyal)"
617348,"Formers Points accumulator
(2020)"
728021,"Consistent low travelers
(Use points)"
764513,"Formers Points accumulator
(2020)"
957764,"Formers Points accumulator
(2020)"
937788,"Stable average travelers
(Loyal)"
704423,"Formers Points accumulator
(2020)"
100737,"Points accumulator currently
(2021)"
881983,"Points accumulator currently
(2021)"
321954,"Formers Points accumulator
(2020)"
379110,"Consistent low travelers
(Use points)"
270160,"Gained customers
(Now traveling average)"
330053,"Formers Points accumulator
(2020)"
482882,"Gained customers
(Now traveling average)"
337857,"Consistent low travelers
(Use points)"
676941,"Stable average travelers
(Loyal)"
835062,"Formers Points accumulator
(2020)"
236093,"Points accumulator currently
(2021)"
607588,Low-travel individuals
101363,"Consistent low travelers
(Use points)"
188559,"Stable average travelers
(Loyal)"
591377,"Points accumulator currently
(2021)"
717521,"Points accumulator currently
(2021)"
302188,Low-travel individuals
686509,"Formers Points accumulator
(2020)"
394195,"Lost custumers
(Traveled more before)"
581294,"Formers Points accumulator
(2020)"
447439,"Lost custumers
(Traveled more before)"
199507,"Consistent low travelers
(Use points)"
619483,"Formers Points accumulator
(2020)"
190465,"Points accumulator currently
(2021)"
925164,Low-travel individuals
341169,"Formers Points accumulator
(2020)"
278916,"Points accumulator currently
(2021)"
265284,"Points accumulator currently
(2021)"
305843,Low-travel individuals
507112,"Consistent low travelers
(Use points)"
574835,"Points accumulator currently
(2021)"
608605,"Consistent low travelers
(Use points)"
832983,"Gained customers
(Now traveling average)"
708539,"Formers Points accumulator
(2020)"
467945,"Consistent low travelers
(Use points)"
747227,Low-travel individuals
223534,"Stable average travelers
(Loyal)"
387721,"Formers Points accumulator
(2020)"
887730,"Consistent low travelers
(Use points)"
948576,"Consistent low travelers
(Use points)"
883773,"Growing travelers
(Now average)"
243696,"Formers Points accumulator
(2020)"
217124,"Points accumulator currently
(2021)"
185101,"Points accumulator currently
(2021)"
611817,"Points accumulator currently
(2021)"
665646,"Gained customers
(Now traveling average)"
726499,"Consistent low travelers
(Use points)"
921375,"Consistent low travelers
(Use points)"
968807,"Growing travelers
(Now average)"
471098,"Stable average travelers
(Loyal)"
365863,"Stable average travelers
(Loyal)"
565008,Low-travel individuals
871606,"Formers Points accumulator
(2020)"
346456,"Stable average travelers
(Loyal)"
251779,"Formers Points accumulator
(2020)"
236001,"Stable average travelers
(Loyal)"
306708,"Formers Points accumulator
(2020)"
689912,"Points accumulator currently
(2021)"
204000,"Growing travelers
(Now average)"
591272,"Points accumulator currently
(2021)"
957628,"Points accumulator currently
(2021)"
825465,"Consistent low travelers
(Use points)"
358997,Low-travel individuals
929885,"Growing travelers
(Now average)"
692729,"Points accumulator currently
(2021)"
649442,"Gained customers
(Now traveling average)"
679485,"Formers Points accumulator
(2020)"
512615,"Formers Points accumulator
(2020)"
754599,"Stable average travelers
(Loyal)"
521702,"Points accumulator currently
(2021)"
546994,"Lost custumers
(Traveled more before)"
972954,"Gained customers
(Now traveling average)"
768072,"Stable average travelers
(Loyal)"
914937,"Points accumulator currently
(2021)"
227303,Low-travel individuals
367680,"Stable average travelers
(Loyal)"
372865,"Lost custumers
(Traveled more before)"
200552,"Formers Points accumulator
(2020)"
549402,"Points accumulator currently
(2021)"
891012,"Consistent low travelers
(Use points)"
294048,"Consistent low travelers
(Use points)"
467455,"Lost custumers
(Traveled more before)"
134148,"Growing travelers
(Now average)"
513590,"Formers Points accumulator
(2020)"
648043,"Points accumulator currently
(2021)"
995734,"Consistent low travelers
(Use points)"
904512,Low-travel individuals
926129,"Gained customers
(Now traveling average)"
999550,"Formers Points accumulator
(2020)"
478770,"Consistent low travelers
(Use points)"
205671,"Stable average travelers
(Loyal)"
298543,"Gained customers
(Now traveling average)"
322000,"Points accumulator currently
(2021)"
483436,"Stable average travelers
(Loyal)"
536823,"Points accumulator currently
(2021)"
782818,"Formers Points accumulator
(2020)"
928964,"Stable average travelers
(Loyal)"
603744,"Formers Points accumulator
(2020)"
495381,"Formers Points accumulator
(2020)"
413459,"Formers Points accumulator
(2020)"
801227,"Formers Points accumulator
(2020)"
551981,"Stable average travelers
(Loyal)"
576217,"Growing travelers
(Now average)"
633938,"Points accumulator currently
(2021)"
645450,"Growing travelers
(Now average)"
919748,"Points accumulator currently
(2021)"
540142,"Formers Points accumulator
(2020)"
296104,"Lost custumers
(Traveled more before)"
160143,"Points accumulator currently
(2021)"
230124,Low-travel individuals
663067,"Stable average travelers
(Loyal)"
795230,"Points accumulator currently
(2021)"
813455,"Stable average travelers
(Loyal)"
392575,"Points accumulator currently
(2021)"
386926,"Formers Points accumulator
(2020)"
801542,Low-travel individuals
261789,"Consistent low travelers
(Use points)"
359011,"Formers Points accumulator
(2020)"
194297,"Stable average travelers
(Loyal)"
330680,"Points accumulator currently
(2021)"
201343,"Consistent low travelers
(Use points)"
363743,"Consistent low travelers
(Use points)"
477869,"Stable average travelers
(Loyal)"
924405,Low-travel individuals
575147,"Points accumulator currently
(2021)"
596818,"Growing travelers
(Now average)"
575818,"Consistent low travelers
(Use points)"
436827,"Consistent low travelers
(Use points)"
955424,"Points accumulator currently
(2021)"
828026,"Lost custumers
(Traveled more before)"
842848,Low-travel individuals
106979,"Consistent low travelers
(Use points)"
599369,"Growing travelers
(Now average)"
531052,"Consistent low travelers
(Use points)"
354483,"Consistent low travelers
(Use points)"
941324,Low-travel individuals
988345,"Stable average travelers
(Loyal)"
341942,"Consistent low travelers
(Use points)"
430475,"Consistent low travelers
(Use points)"
166825,Low-travel individuals
230942,"Stable average travelers
(Loyal)"
264331,"Consistent low travelers
(Use points)"
651250,"Consistent low travelers
(Use points)"
440320,"Formers Points accumulator
(2020)"
333039,"Points accumulator currently
(2021)"
288015,"Gained customers
(Now traveling average)"
995527,"Formers Points accumulator
(2020)"
419493,"Consistent low travelers
(Use points)"
781519,"Points accumulator currently
(2021)"
473772,"Stable average travelers
(Loyal)"
458041,"Stable average travelers
(Loyal)"
329094,"Stable average travelers
(Loyal)"
143389,"Stable average travelers
(Loyal)"
252136,"Points accumulator currently
(2021)"
255087,"Points accumulator currently
(2021)"
869471,"Stable average travelers
(Loyal)"
961533,"Growing travelers
(Now average)"
352306,"Gained customers
(Now traveling average)"
167879,Low-travel individuals
678837,"Consistent low travelers
(Use points)"
795468,"Stable average travelers
(Loyal)"
441313,"Points accumulator currently
(2021)"
909880,"Lost custumers
(Traveled more before)"
649770,"Consistent low travelers
(Use points)"
368566,"Stable average travelers
(Loyal)"
636045,"Gained customers
(Now traveling average)"
665701,"Consistent low travelers
(Use points)"
321074,"Growing travelers
(Now average)"
507128,"Lost custumers
(Traveled more before)"
764167,"Stable average travelers
(Loyal)"
885386,Low-travel individuals
359575,"Formers Points accumulator
(2020)"
253609,"Consistent low travelers
(Use points)"
157766,"Consistent low travelers
(Use points)"
320728,Low-travel individuals
374721,"Consistent low travelers
(Use points)"
880619,"Growing travelers
(Now average)"
103758,"Gained customers
(Now traveling average)"
667718,Low-travel individuals
924643,"Consistent low travelers
(Use points)"
497836,"Points accumulator currently
(2021)"
910716,"Stable average travelers
(Loyal)"
229530,"Stable average travelers
(Loyal)"
338291,Low-travel individuals
555301,"Formers Points accumulator
(2020)"
691542,"Growing travelers
(Now average)"
160181,"Consistent low travelers
(Use points)"
972964,"Growing travelers
(Now average)"
567048,"Growing travelers
(Now average)"
707513,"Points accumulator currently
(2021)"
935570,"Consistent low travelers
(Use points)"
287211,"Lost custumers
(Traveled more before)"
696444,"Consistent low travelers
(Use points)"
745420,"Points accumulator currently
(2021)"
204220,"Stable average travelers
(Loyal)"
365451,"Points accumulator currently
(2021)"
652642,"Points accumulator currently
(2021)"
676585,"Formers Points accumulator
(2020)"
721707,"Points accumulator currently
(2021)"
761423,"Formers Points accumulator
(2020)"
813567,"Stable average travelers
(Loyal)"
125393,"Points accumulator currently
(2021)"
702868,"Points accumulator currently
(2021)"
287254,"Gained customers
(Now traveling average)"
869504,"Points accumulator currently
(2021)"
586753,"Stable average travelers
(Loyal)"
657492,"Stable average travelers
(Loyal)"
200168,"Points accumulator currently
(2021)"
918631,"Stable average travelers
(Loyal)"
976307,"Points accumulator currently
(2021)"
433815,"Stable average travelers
(Loyal)"
622794,Low-travel individuals
858228,Low-travel individuals
789573,"Growing travelers
(Now average)"
458199,"Gained customers
(Now traveling average)"
170232,"Lost custumers
(Traveled more before)"
806995,"Points accumulator currently
(2021)"
295387,"Stable average travelers
(Loyal)"
389225,"Stable average travelers
(Loyal)"
530235,"Points accumulator currently
(2021)"
531398,"Growing travelers
(Now average)"
727595,"Formers Points accumulator
(2020)"
173092,"Points accumulator currently
(2021)"
263402,Low-travel individuals
912396,"Points accumulator currently
(2021)"
151655,"Growing travelers
(Now average)"
412394,"Stable average travelers
(Loyal)"
775160,"Stable average travelers
(Loyal)"
465990,"Stable average travelers
(Loyal)"
745028,Low-travel individuals
942189,Low-travel individuals
869190,"Stable average travelers
(Loyal)"
527004,"Consistent low travelers
(Use points)"
502977,"Consistent low travelers
(Use points)"
736219,Low-travel individuals
289665,"Stable average travelers
(Loyal)"
149462,"Formers Points accumulator
(2020)"
632981,"Points accumulator currently
(2021)"
561228,"Formers Points accumulator
(2020)"
830903,Low-travel individuals
477993,"Consistent low travelers
(Use points)"
811748,Low-travel individuals
246935,"Stable average travelers
(Loyal)"
772628,"Formers Points accumulator
(2020)"
104353,"Formers Points accumulator
(2020)"
526222,"Points accumulator currently
(2021)"
150754,"Points accumulator currently
(2021)"
824462,"Formers Points accumulator
(2020)"
638733,"Consistent low travelers
(Use points)"
362201,"Points accumulator currently
(2021)"
272144,"Consistent low travelers
(Use points)"
216095,"Consistent low travelers
(Use points)"
851021,"Lost custumers
(Traveled more before)"
413052,"Points accumulator currently
(2021)"
836486,"Formers Points accumulator
(2020)"
751223,"Gained customers
(Now traveling average)"
244271,"Consistent low travelers
(Use points)"
114399,Low-travel individuals
362742,"Growing travelers
(Now average)"
396446,"Points accumulator currently
(2021)"
935862,Low-travel individuals
529458,"Points accumulator currently
(2021)"
214123,Low-travel individuals
925979,Low-travel individuals
133429,"Stable average travelers
(Loyal)"
134857,"Consistent low travelers
(Use points)"
236026,"Formers Points accumulator
(2020)"
426414,"Stable average travelers
(Loyal)"
605787,"Formers Points accumulator
(2020)"
752663,"Points accumulator currently
(2021)"
812057,"Stable average travelers
(Loyal)"
977236,Low-travel individuals
995695,"Formers Points accumulator
(2020)"
708654,"Stable average travelers
(Loyal)"
938914,"Stable average travelers
(Loyal)"
671849,"Points accumulator currently
(2021)"
209102,"Points accumulator currently
(2021)"
574930,"Gained customers
(Now traveling average)"
656454,Low-travel individuals
338059,"Consistent low travelers
(Use points)"
544182,"Formers Points accumulator
(2020)"
688627,"Stable average travelers
(Loyal)"
762389,"Formers Points accumulator
(2020)"
791202,"Points accumulator currently
(2021)"
697766,"Consistent low travelers
(Use points)"
428129,"Stable average travelers
(Loyal)"
352747,"Gained customers
(Now traveling average)"
556188,"Stable average travelers
(Loyal)"
576587,"Stable average travelers
(Loyal)"
468970,"Stable average travelers
(Loyal)"
840984,"Stable average travelers
(Loyal)"
285220,"Formers Points accumulator
(2020)"
904304,"Stable average travelers
(Loyal)"
858563,"Consistent low travelers
(Use points)"
951746,"Gained customers
(Now traveling average)"
323720,"Formers Points accumulator
(2020)"
134241,"Stable average travelers
(Loyal)"
125493,Low-travel individuals
564838,Low-travel individuals
414239,"Points accumulator currently
(2021)"
922210,"Points accumulator currently
(2021)"
627915,"Points accumulator currently
(2021)"
132928,"Lost custumers
(Traveled more before)"
102740,Low-travel individuals
642247,Low-travel individuals
247645,"Points accumulator currently
(2021)"
303445,Low-travel individuals
730370,"Stable average travelers
(Loyal)"
692936,Low-travel individuals
909483,"Formers Points accumulator
(2020)"
237434,"Formers Points accumulator
(2020)"
961331,"Formers Points accumulator
(2020)"
318595,"Gained customers
(Now traveling average)"
436805,"Growing travelers
(Now average)"
504208,"Stable average travelers
(Loyal)"
410343,"Lost custumers
(Traveled more before)"
192098,"Points accumulator currently
(2021)"
411744,"Points accumulator currently
(2021)"
271463,"Points accumulator currently
(2021)"
313996,"Lost custumers
(Traveled more before)"
258849,"Growing travelers
(Now average)"
683875,Low-travel individuals
559127,"Lost custumers
(Traveled more before)"
566991,"Gained customers
(Now traveling average)"
105841,"Stable average travelers
(Loyal)"
652790,"Points accumulator currently
(2021)"
159525,"Points accumulator currently
(2021)"
148753,"Formers Points accumulator
(2020)"
179707,Low-travel individuals
202055,"Consistent low travelers
(Use points)"
945765,"Consistent low travelers
(Use points)"
136879,"Gained customers
(Now traveling average)"
428710,"Consistent low travelers
(Use points)"
111507,"Consistent low travelers
(Use points)"
281108,Low-travel individuals
675442,"Points accumulator currently
(2021)"
599778,"Points accumulator currently
(2021)"
893725,"Consistent low travelers
(Use points)"
581596,"Stable average travelers
(Loyal)"
656415,"Points accumulator currently
(2021)"
483899,"Points accumulator currently
(2021)"
329736,"Points accumulator currently
(2021)"
490053,"Points accumulator currently
(2021)"
685720,"Points accumulator currently
(2021)"
229677,"Formers Points accumulator
(2020)"
295078,"Consistent low travelers
(Use points)"
819267,"Formers Points accumulator
(2020)"
527194,"Formers Points accumulator
(2020)"
255028,"Lost custumers
(Traveled more before)"
465241,"Points accumulator currently
(2021)"
881828,"Consistent low travelers
(Use points)"
674327,"Formers Points accumulator
(2020)"
218241,"Stable average travelers
(Loyal)"
703937,"Stable average travelers
(Loyal)"
160203,"Stable average travelers
(Loyal)"
555517,Low-travel individuals
964151,"Points accumulator currently
(2021)"
470076,"Consistent low travelers
(Use points)"
113293,Low-travel individuals
602213,"Points accumulator currently
(2021)"
723691,"Stable average travelers
(Loyal)"
836720,"Gained customers
(Now traveling average)"
835920,"Formers Points accumulator
(2020)"
893632,"Growing travelers
(Now average)"
405351,"Stable average travelers
(Loyal)"
924936,"Formers Points accumulator
(2020)"
685375,"Points accumulator currently
(2021)"
175320,"Points accumulator currently
(2021)"
155118,"Consistent low travelers
(Use points)"
602574,"Points accumulator currently
(2021)"
407933,"Formers Points accumulator
(2020)"
940213,"Formers Points accumulator
(2020)"
999758,Low-travel individuals
945037,"Points accumulator currently
(2021)"
861629,Low-travel individuals
312180,"Points accumulator currently
(2021)"
506193,"Lost custumers
(Traveled more before)"
232871,"Stable average travelers
(Loyal)"
365887,"Gained customers
(Now traveling average)"
937071,"Gained customers
(Now traveling average)"
181033,Low-travel individuals
267352,"Formers Points accumulator
(2020)"
670836,Low-travel individuals
276650,"Stable average travelers
(Loyal)"
944541,"Formers Points accumulator
(2020)"
142621,"Formers Points accumulator
(2020)"
600746,"Formers Points accumulator
(2020)"
802556,"Points accumulator currently
(2021)"
909068,Low-travel individuals
171638,"Growing travelers
(Now average)"
461859,"Stable average travelers
(Loyal)"
403500,"Stable average travelers
(Loyal)"
612269,"Formers Points accumulator
(2020)"
755867,"Consistent low travelers
(Use points)"
384599,"Consistent low travelers
(Use points)"
420202,"Growing travelers
(Now average)"
106776,"Points accumulator currently
(2021)"
194786,"Formers Points accumulator
(2020)"
102851,"Stable average travelers
(Loyal)"
250921,"Stable average travelers
(Loyal)"
584796,Low-travel individuals
159745,"Stable average travelers
(Loyal)"
252954,"Formers Points accumulator
(2020)"
324048,"Points accumulator currently
(2021)"
759310,Low-travel individuals
969764,"Formers Points accumulator
(2020)"
330131,"Stable average travelers
(Loyal)"
632199,"Points accumulator currently
(2021)"
774931,Low-travel individuals
958299,"Gained customers
(Now traveling average)"
231992,"Gained customers
(Now traveling average)"
555298,"Points accumulator currently
(2021)"
507998,"Formers Points accumulator
(2020)"
840008,"Gained customers
(Now traveling average)"
802478,"Stable average travelers
(Loyal)"
280292,"Stable average travelers
(Loyal)"
514559,"Formers Points accumulator
(2020)"
558511,"Formers Points accumulator
(2020)"
942601,"Consistent low travelers
(Use points)"
605184,"Points accumulator currently
(2021)"
765408,"Gained customers
(Now traveling average)"
869133,"Points accumulator currently
(2021)"
981851,"Points accumulator currently
(2021)"
634503,"Stable average travelers
(Loyal)"
827668,"Lost custumers
(Traveled more before)"
742732,"Consistent low travelers
(Use points)"
183235,"Points accumulator currently
(2021)"
336247,"Stable average travelers
(Loyal)"
937662,"Formers Points accumulator
(2020)"
117939,"Lost custumers
(Traveled more before)"
831964,"Consistent low travelers
(Use points)"
944506,"Formers Points accumulator
(2020)"
248356,"Formers Points accumulator
(2020)"
420590,"Growing travelers
(Now average)"
970195,"Points accumulator currently
(2021)"
512177,"Formers Points accumulator
(2020)"
275807,Low-travel individuals
928116,"Consistent low travelers
(Use points)"
328303,"Stable average travelers
(Loyal)"
983130,"Gained customers
(Now traveling average)"
313763,"Gained customers
(Now traveling average)"
240209,"Points accumulator currently
(2021)"
670000,"Stable average travelers
(Loyal)"
867301,"Consistent low travelers
(Use points)"
137529,"Lost custumers
(Traveled more before)"
276648,"Consistent low travelers
(Use points)"
398506,"Stable average travelers
(Loyal)"
300960,"Stable average travelers
(Loyal)"
280828,"Formers Points accumulator
(2020)"
622883,"Consistent low travelers
(Use points)"
419522,"Points accumulator currently
(2021)"
588015,"Formers Points accumulator
(2020)"
782515,"Consistent low travelers
(Use points)"
109478,"Points accumulator currently
(2021)"
541557,"Formers Points accumulator
(2020)"
665403,"Stable average travelers
(Loyal)"
774103,"Stable average travelers
(Loyal)"
505390,"Stable average travelers
(Loyal)"
867112,"Stable average travelers
(Loyal)"
942535,"Consistent low travelers
(Use points)"
475132,"Stable average travelers
(Loyal)"
468520,Low-travel individuals
571163,"Stable average travelers
(Loyal)"
317919,"Points accumulator currently
(2021)"
615826,"Formers Points accumulator
(2020)"
720939,"Stable average travelers
(Loyal)"
343218,"Points accumulator currently
(2021)"
274535,"Gained customers
(Now traveling average)"
265557,"Points accumulator currently
(2021)"
563945,"Formers Points accumulator
(2020)"
919823,"Stable average travelers
(Loyal)"
335143,"Points accumulator currently
(2021)"
880065,"Points accumulator currently
(2021)"
713406,"Stable average travelers
(Loyal)"
404475,"Points accumulator currently
(2021)"
423598,"Stable average travelers
(Loyal)"
519442,"Points accumulator currently
(2021)"
415381,"Formers Points accumulator
(2020)"
273020,"Points accumulator currently
(2021)"
262211,"Consistent low travelers
(Use points)"
511765,"Consistent low travelers
(Use points)"
165188,"Consistent low travelers
(Use points)"
180488,"Stable average travelers
(Loyal)"
543422,"Points accumulator currently
(2021)"
859553,"Gained customers
(Now traveling average)"
819375,"Formers Points accumulator
(2020)"
391611,"Points accumulator currently
(2021)"
864327,"Formers Points accumulator
(2020)"
920197,Low-travel individuals
684201,"Points accumulator currently
(2021)"
807553,"Points accumulator currently
(2021)"
211802,"Gained customers
(Now traveling average)"
270901,"Stable average travelers
(Loyal)"
145323,"Formers Points accumulator
(2020)"
138421,"Consistent low travelers
(Use points)"
332962,"Formers Points accumulator
(2020)"
442103,"Formers Points accumulator
(2020)"
801146,"Stable average travelers
(Loyal)"
823453,"Gained customers
(Now traveling average)"
122357,"Consistent low travelers
(Use points)"
360981,"Gained customers
(Now traveling average)"
802621,"Points accumulator currently
(2021)"
251641,"Points accumulator currently
(2021)"
895433,"Formers Points accumulator
(2020)"
317774,"Points accumulator currently
(2021)"
630265,"Formers Points accumulator
(2020)"
222743,"Consistent low travelers
(Use points)"
707592,"Gained customers
(Now traveling average)"
849616,"Gained customers
(Now traveling average)"
817288,Low-travel individuals
511253,"Consistent low travelers
(Use points)"
167257,"Stable average travelers
(Loyal)"
433307,Low-travel individuals
860528,Low-travel individuals
507514,"Stable average travelers
(Loyal)"
207543,"Gained customers
(Now traveling average)"
553261,"Formers Points accumulator
(2020)"
882409,"Growing travelers
(Now average)"
952326,"Stable average travelers
(Loyal)"
117782,"Stable average travelers
(Loyal)"
739345,"Consistent low travelers
(Use points)"
480760,"Consistent low travelers
(Use points)"
486708,"Formers Points accumulator
(2020)"
486897,"Stable average travelers
(Loyal)"
752217,"Growing travelers
(Now average)"
606846,"Stable average travelers
(Loyal)"
939094,"Formers Points accumulator
(2020)"
324404,"Gained customers
(Now traveling average)"
713094,"Formers Points accumulator
(2020)"
850694,"Points accumulator currently
(2021)"
251950,"Gained customers
(Now traveling average)"
926451,"Points accumulator currently
(2021)"
866073,"Formers Points accumulator
(2020)"
117333,"Stable average travelers
(Loyal)"
668865,"Consistent low travelers
(Use points)"
467361,"Consistent low travelers
(Use points)"
881413,"Formers Points accumulator
(2020)"
981304,"Formers Points accumulator
(2020)"
254372,"Formers Points accumulator
(2020)"
134085,"Points accumulator currently
(2021)"
213013,"Points accumulator currently
(2021)"
238367,"Gained customers
(Now traveling average)"
686709,"Formers Points accumulator
(2020)"
542976,"Gained customers
(Now traveling average)"
769521,"Stable average travelers
(Loyal)"
835295,"Lost custumers
(Traveled more before)"
852006,"Stable average travelers
(Loyal)"
870039,"Formers Points accumulator
(2020)"
991050,"Consistent low travelers
(Use points)"
246273,"Stable average travelers
(Loyal)"
278836,"Gained customers
(Now traveling average)"
863392,Low-travel individuals
741801,"Formers Points accumulator
(2020)"
867289,"Formers Points accumulator
(2020)"
718227,"Consistent low travelers
(Use points)"
140130,"Lost custumers
(Traveled more before)"
519087,"Consistent low travelers
(Use points)"
590514,"Points accumulator currently
(2021)"
422164,Low-travel individuals
418784,Low-travel individuals
502670,"Formers Points accumulator
(2020)"
719824,"Points accumulator currently
(2021)"
723968,"Growing travelers
(Now average)"
641884,"Formers Points accumulator
(2020)"
472376,Low-travel individuals
274858,"Formers Points accumulator
(2020)"
698573,"Stable average travelers
(Loyal)"
567420,"Stable average travelers
(Loyal)"
526020,"Gained customers
(Now traveling average)"
502152,Low-travel individuals
536699,"Lost custumers
(Traveled more before)"
265677,"Consistent low travelers
(Use points)"
221205,"Stable average travelers
(Loyal)"
302313,"Lost custumers
(Traveled more before)"
337932,"Consistent low travelers
(Use points)"
348835,"Stable average travelers
(Loyal)"
719135,"Stable average travelers
(Loyal)"
747578,"Formers Points accumulator
(2020)"
498514,Low-travel individuals
504260,"Consistent low travelers
(Use points)"
815796,"Gained customers
(Now traveling average)"
704149,"Formers Points accumulator
(2020)"
339371,"Gained customers
(Now traveling average)"
413853,"Gained customers
(Now traveling average)"
586734,"Points accumulator currently
(2021)"
689353,"Formers Points accumulator
(2020)"
840088,"Formers Points accumulator
(2020)"
254567,"Gained customers
(Now traveling average)"
254745,"Gained customers
(Now traveling average)"
563977,"Consistent low travelers
(Use points)"
361944,"Lost custumers
(Traveled more before)"
903679,Low-travel individuals
988691,"Points accumulator currently
(2021)"
149993,"Consistent low travelers
(Use points)"
961961,"Consistent low travelers
(Use points)"
677513,"Gained customers
(Now traveling average)"
810668,"Points accumulator currently
(2021)"
946816,"Stable average travelers
(Loyal)"
917870,"Consistent low travelers
(Use points)"
711680,"Formers Points accumulator
(2020)"
554442,"Stable average travelers
(Loyal)"
512426,"Consistent low travelers
(Use points)"
945996,"Points accumulator currently
(2021)"
609778,"Consistent low travelers
(Use points)"
356240,"Gained customers
(Now traveling average)"
813620,"Formers Points accumulator
(2020)"
685171,"Consistent low travelers
(Use points)"
797902,"Stable average travelers
(Loyal)"
718491,"Gained customers
(Now traveling average)"
648575,"Stable average travelers
(Loyal)"
818864,"Points accumulator currently
(2021)"
805932,"Formers Points accumulator
(2020)"
558097,"Growing travelers
(Now average)"
489842,"Stable average travelers
(Loyal)"
733903,"Consistent low travelers
(Use points)"
579424,"Gained customers
(Now traveling average)"
210815,"Growing travelers
(Now average)"
590778,"Gained customers
(Now traveling average)"
971581,"Formers Points accumulator
(2020)"
210100,Low-travel individuals
316548,Low-travel individuals
329088,"Lost custumers
(Traveled more before)"
355795,"Points accumulator currently
(2021)"
476477,"Points accumulator currently
(2021)"
893127,Low-travel individuals
748299,"Consistent low travelers
(Use points)"
508488,"Formers Points accumulator
(2020)"
919888,"Points accumulator currently
(2021)"
166966,"Points accumulator currently
(2021)"
610465,"Growing travelers
(Now average)"
765338,"Growing travelers
(Now average)"
907858,"Consistent low travelers
(Use points)"
546736,Low-travel individuals
954836,"Formers Points accumulator
(2020)"
414211,"Stable average travelers
(Loyal)"
164983,"Points accumulator currently
(2021)"
319742,Low-travel individuals
662489,"Lost custumers
(Traveled more before)"
739781,"Formers Points accumulator
(2020)"
537907,"Consistent low travelers
(Use points)"
767752,"Formers Points accumulator
(2020)"
768365,"Stable average travelers
(Loyal)"
371148,Low-travel individuals
739227,Low-travel individuals
740422,"Growing travelers
(Now average)"
944702,"Growing travelers
(Now average)"
248445,Low-travel individuals
528413,"Formers Points accumulator
(2020)"
122519,"Formers Points accumulator
(2020)"
412817,"Points accumulator currently
(2021)"
959793,"Stable average travelers
(Loyal)"
893863,"Points accumulator currently
(2021)"
857292,"Consistent low travelers
(Use points)"
605723,"Consistent low travelers
(Use points)"
275670,"Points accumulator currently
(2021)"
554636,"Consistent low travelers
(Use points)"
803587,"Gained customers
(Now traveling average)"
937946,"Consistent low travelers
(Use points)"
275949,"Gained customers
(Now traveling average)"
294016,"Points accumulator currently
(2021)"
651281,"Formers Points accumulator
(2020)"
131990,"Consistent low travelers
(Use points)"
837833,"Stable average travelers
(Loyal)"
755668,"Growing travelers
(Now average)"
344527,"Formers Points accumulator
(2020)"
460673,"Gained customers
(Now traveling average)"
598760,"Points accumulator currently
(2021)"
265383,"Points accumulator currently
(2021)"
817714,"Consistent low travelers
(Use points)"
106754,"Consistent low travelers
(Use points)"
250315,"Stable average travelers
(Loyal)"
557880,"Formers Points accumulator
(2020)"
662406,"Formers Points accumulator
(2020)"
401710,"Consistent low travelers
(Use points)"
945015,"Stable average travelers
(Loyal)"
219984,Low-travel individuals
662272,"Consistent low travelers
(Use points)"
873965,"Lost custumers
(Traveled more before)"
892797,"Stable average travelers
(Loyal)"
661502,"Stable average travelers
(Loyal)"
340931,"Growing travelers
(Now average)"
149841,Low-travel individuals
489523,"Points accumulator currently
(2021)"
714840,Low-travel individuals
768313,Low-travel individuals
933251,"Gained customers
(Now traveling average)"
300733,"Points accumulator currently
(2021)"
434385,"Stable average travelers
(Loyal)"
486075,"Stable average travelers
(Loyal)"
737604,"Growing travelers
(Now average)"
435223,"Consistent low travelers
(Use points)"
100590,Low-travel individuals
553956,"Stable average travelers
(Loyal)"
316793,"Consistent low travelers
(Use points)"
504867,"Gained customers
(Now traveling average)"
544167,"Consistent low travelers
(Use points)"
552776,"Lost custumers
(Traveled more before)"
842582,"Consistent low travelers
(Use points)"
912864,"Stable average travelers
(Loyal)"
544301,"Points accumulator currently
(2021)"
798279,"Consistent low travelers
(Use points)"
376299,"Points accumulator currently
(2021)"
342570,"Stable average travelers
(Loyal)"
583670,"Points accumulator currently
(2021)"
588917,"Stable average travelers
(Loyal)"
635334,"Growing travelers
(Now average)"
112678,"Points accumulator currently
(2021)"
987205,"Formers Points accumulator
(2020)"
398924,"Points accumulator currently
(2021)"
640285,"Consistent low travelers
(Use points)"
487195,"Consistent low travelers
(Use points)"
755073,"Growing travelers
(Now average)"
128156,"Stable average travelers
(Loyal)"
773546,"Growing travelers
(Now average)"
336722,"Points accumulator currently
(2021)"
954587,Low-travel individuals
323660,"Gained customers
(Now traveling average)"
464394,"Consistent low travelers
(Use points)"
154981,"Stable average travelers
(Loyal)"
235683,"Gained customers
(Now traveling average)"
465347,"Consistent low travelers
(Use points)"
247433,"Consistent low travelers
(Use points)"
419973,"Formers Points accumulator
(2020)"
403675,"Consistent low travelers
(Use points)"
532419,Low-travel individuals
488675,"Formers Points accumulator
(2020)"
351296,"Consistent low travelers
(Use points)"
481028,"Points accumulator currently
(2021)"
786442,"Consistent low travelers
(Use points)"
753864,Low-travel individuals
969719,"Lost custumers
(Traveled more before)"
612140,"Consistent low travelers
(Use points)"
427177,"Points accumulator currently
(2021)"
670666,"Points accumulator currently
(2021)"
702528,"Points accumulator currently
(2021)"
310700,"Stable average travelers
(Loyal)"
118864,"Points accumulator currently
(2021)"
632951,Low-travel individuals
217054,"Formers Points accumulator
(2020)"
262467,"Stable average travelers
(Loyal)"
497854,"Points accumulator currently
(2021)"
755977,"Points accumulator currently
(2021)"
344232,"Formers Points accumulator
(2020)"
546773,"Formers Points accumulator
(2020)"
302628,"Formers Points accumulator
(2020)"
302460,"Points accumulator currently
(2021)"
900501,"Formers Points accumulator
(2020)"
823768,"Stable average travelers
(Loyal)"
680886,"Stable average travelers
(Loyal)"
776187,"Stable average travelers
(Loyal)"
615459,Low-travel individuals
