Loyalty#,Behavioral_Month_Cluster_Name
480934,"Avr|Mar Companion
(Less travel on mar)"
549612,"Avr|Point Acumulator
(No companions)"
429460,"Avr|Dec Companion
(Less travel on dec)"
608370,"Avr|Jan Companion
(Less travel on jan)"
530508,"Avr|Mar Companion
(Less travel on mar)"
927943,"Avr|Dec Companion
(Less travel on dec)"
188893,"Moderate travelers
(Current average)"
852392,"Avr|Dec Companion
(Less travel on dec)"
866307,"Avr|Jan Companion
(Less travel on jan)"
932823,"Avr|Point Acumulator
(No companions)"
144514,"Avr|Mar Companion
(Less travel on mar)"
611765,"Holiday traveler
(summer companions, winter alone)"
988178,"Avr|Point Acumulator
(No companions)"
286114,"Avr|Mar Companion
(Less travel on mar)"
205785,"Avr|Dec Companion
(Less travel on dec)"
735304,"Avr|Jun Companion
(Less travel on jun)"
438936,"Avr|Jan Companion
(Less travel on jan)"
243713,"Avr|Feb Companion
(Less travel on feb)"
354730,"Avr|Oct Companion
(Less travel on oct)"
413741,"Moderate travelers
(Current average)"
552965,No Traveler
642313,"Avr|May Companion
(Less travel on may)"
263080,"Moderate travelers
(Current average)"
109767,"Avr|Jun Companion
(Less travel on jun)"
217754,"Avr|Point Acumulator
(No companions)"
157005,"Avr|Point Acumulator
(No companions)"
557752,"Avr|May Companion
(Less travel on may)"
608758,"Avr|Point Acumulator
(No companions)"
599341,"Avr|Point Acumulator
(No companions)"
333502,"Avr|Dec Companion
(Less travel on dec)"
403361,"Avr|May Companion
(Less travel on may)"
543918,"Avr|Dec Companion
(Less travel on dec)"
806030,No Traveler
119200,"Winter Traveler
(December with someone)"
175967,"Avr|Oct Companion
(Less travel on oct)"
238119,"Avr|Jan Companion
(Less travel on jan)"
730388,"Avr|Point Acumulator
(No companions)"
127400,"Moderate travelers
(Current average)"
324557,"Holiday traveler
(summer companions, winter alone)"
742002,"Avr|Point Acumulator
(No companions)"
536567,"Avr|Point Acumulator
(No companions)"
704835,"Avr|Oct Companion
(Less travel on oct)"
733338,No Traveler
758635,No Traveler
823048,No Traveler
612905,"Avr|Dec Companion
(Less travel on dec)"
679908,"Avr|Feb Companion
(Less travel on feb)"
704150,"Moderate travelers
(Current average)"
869743,"Few Trips a Year
(Traveling rarely)"
596179,"Avr|Point Acumulator
(No companions)"
370450,"Avr|Jun Companion
(Less travel on jun)"
501030,"Avr|Jun Companion
(Less travel on jun)"
878633,"Avr|Point Acumulator
(No companions)"
285938,"Moderate travelers
(Current average)"
588237,"Avr|Jan Companion
(Less travel on jan)"
645280,"Avr|Mar Companion
(Less travel on mar)"
864324,"Avr|Nov Companion
(Less travel on nov)"
124678,"Avr|Feb Companion
(Less travel on feb)"
186015,"Holiday traveler
(summer companions, winter alone)"
461108,No Traveler
589580,"Avr|Oct Companion
(Less travel on oct)"
623688,"Avr|Oct Companion
(Less travel on oct)"
751616,"Avr|Jun Companion
(Less travel on jun)"
256147,"Avr|Dec Companion
(Less travel on dec)"
140392,"Avr|Nov Companion
(Less travel on nov)"
541008,"Winter Traveler
(December with someone)"
230908,"Avr|Mar Companion
(Less travel on mar)"
972581,"Avr|Nov Companion
(Less travel on nov)"
157729,No Traveler
910875,"Moderate travelers
(Current average)"
501704,"Avr|Dec Companion
(Less travel on dec)"
529098,"Winter Traveler
(December with someone)"
265297,No Traveler
567875,"Few Trips a Year
(Traveling rarely)"
688524,"Avr|Mar Companion
(Less travel on mar)"
269070,"Avr|Jan Companion
(Less travel on jan)"
387705,"Avr|Jan Companion
(Less travel on jan)"
923293,"Avr|Dec Companion
(Less travel on dec)"
789157,No Traveler
654748,"Winter Traveler
(December with someone)"
984713,No Traveler
114835,"Avr|Jun Companion
(Less travel on jun)"
328936,"Avr|Nov Companion
(Less travel on nov)"
845864,"Avr|Dec Companion
(Less travel on dec)"
645265,"Avr|Mar Companion
(Less travel on mar)"
223587,"Avr|Nov Companion
(Less travel on nov)"
158560,"Avr|Feb Companion
(Less travel on feb)"
417584,"Avr|May Companion
(Less travel on may)"
957912,"Avr|Jun Companion
(Less travel on jun)"
425854,"Avr|Point Acumulator
(No companions)"
695855,"Avr|Jan Companion
(Less travel on jan)"
699511,"Few Trips a Year
(Traveling rarely)"
377322,"Avr|Mar Companion
(Less travel on mar)"
511053,"Avr|May Companion
(Less travel on may)"
890753,No Traveler
796670,"Avr|Jan Companion
(Less travel on jan)"
556136,"Avr|Oct Companion
(Less travel on oct)"
513081,"Avr|Mar Companion
(Less travel on mar)"
930718,"Avr|Nov Companion
(Less travel on nov)"
235872,"Avr|Jan Companion
(Less travel on jan)"
881142,"Few Trips a Year
(Traveling rarely)"
295147,"Avr|May Companion
(Less travel on may)"
306110,"Avr|May Companion
(Less travel on may)"
295217,"Avr|Oct Companion
(Less travel on oct)"
711363,"Holiday traveler
(summer companions, winter alone)"
591731,"Avr|Oct Companion
(Less travel on oct)"
326905,"Avr|Mar Companion
(Less travel on mar)"
375511,"Avr|Point Acumulator
(No companions)"
485283,"Winter Traveler
(December with someone)"
760158,No Traveler
797685,"Holiday traveler
(summer companions, winter alone)"
216467,"Avr|May Companion
(Less travel on may)"
958839,No Traveler
539673,"Avr|Oct Companion
(Less travel on oct)"
484718,"Avr|Mar Companion
(Less travel on mar)"
528492,"Avr|Jun Companion
(Less travel on jun)"
995091,"Few Trips a Year
(Traveling rarely)"
632793,"Avr|Jun Companion
(Less travel on jun)"
382197,"Few Trips a Year
(Traveling rarely)"
705196,"Avr|Oct Companion
(Less travel on oct)"
123094,"Winter Traveler
(December with someone)"
821515,No Traveler
119488,"Avr|Jan Companion
(Less travel on jan)"
287750,"Avr|Dec Companion
(Less travel on dec)"
735846,"Avr|May Companion
(Less travel on may)"
606026,"Avr|Jan Companion
(Less travel on jan)"
460291,"Avr|Nov Companion
(Less travel on nov)"
743001,"Avr|Mar Companion
(Less travel on mar)"
869799,"Moderate travelers
(Current average)"
170585,"Avr|Nov Companion
(Less travel on nov)"
188340,"Avr|Mar Companion
(Less travel on mar)"
670817,"Avr|Point Acumulator
(No companions)"
509513,"Avr|Point Acumulator
(No companions)"
779247,"Avr|Point Acumulator
(No companions)"
111255,"Avr|Point Acumulator
(No companions)"
763061,"Avr|Nov Companion
(Less travel on nov)"
509108,No Traveler
428919,"Avr|Nov Companion
(Less travel on nov)"
139863,"Avr|Feb Companion
(Less travel on feb)"
355331,"Avr|Dec Companion
(Less travel on dec)"
578837,"Avr|Dec Companion
(Less travel on dec)"
467182,"Avr|Jan Companion
(Less travel on jan)"
601407,"Few Trips a Year
(Traveling rarely)"
700871,"Avr|May Companion
(Less travel on may)"
705589,"Avr|May Companion
(Less travel on may)"
746060,"Avr|Point Acumulator
(No companions)"
469718,"Avr|Dec Companion
(Less travel on dec)"
164429,"Avr|Jan Companion
(Less travel on jan)"
708373,"Avr|Nov Companion
(Less travel on nov)"
225088,"Avr|Feb Companion
(Less travel on feb)"
100214,"Avr|Mar Companion
(Less travel on mar)"
459999,"Avr|Jan Companion
(Less travel on jan)"
268128,"Avr|Nov Companion
(Less travel on nov)"
930584,"Moderate travelers
(Current average)"
327796,"Avr|Jan Companion
(Less travel on jan)"
947467,"Avr|Feb Companion
(Less travel on feb)"
743510,"Holiday traveler
(summer companions, winter alone)"
580324,"Avr|Mar Companion
(Less travel on mar)"
845613,No Traveler
936088,"Avr|Point Acumulator
(No companions)"
423324,No Traveler
101945,"Moderate travelers
(Current average)"
713636,"Avr|Dec Companion
(Less travel on dec)"
302509,"Avr|Feb Companion
(Less travel on feb)"
789421,"Avr|Point Acumulator
(No companions)"
404426,"Avr|May Companion
(Less travel on may)"
260106,"Few Trips a Year
(Traveling rarely)"
154643,"Avr|May Companion
(Less travel on may)"
438023,"Avr|Jan Companion
(Less travel on jan)"
397518,"Holiday traveler
(summer companions, winter alone)"
872932,"Avr|Dec Companion
(Less travel on dec)"
407945,"Avr|Point Acumulator
(No companions)"
211714,"Moderate travelers
(Current average)"
410982,"Avr|Jun Companion
(Less travel on jun)"
905213,"Avr|Nov Companion
(Less travel on nov)"
147898,"Avr|Dec Companion
(Less travel on dec)"
530105,"Few Trips a Year
(Traveling rarely)"
610946,"Moderate travelers
(Current average)"
383108,"Avr|Jan Companion
(Less travel on jan)"
836343,"Avr|Nov Companion
(Less travel on nov)"
398535,"Winter Traveler
(December with someone)"
585357,"Avr|Point Acumulator
(No companions)"
784804,"Avr|Nov Companion
(Less travel on nov)"
715764,"Avr|May Companion
(Less travel on may)"
753473,"Avr|Point Acumulator
(No companions)"
980856,"Avr|Jan Companion
(Less travel on jan)"
271660,"Avr|Mar Companion
(Less travel on mar)"
377471,"Avr|Point Acumulator
(No companions)"
830547,No Traveler
264936,"Avr|Point Acumulator
(No companions)"
976513,"Avr|Point Acumulator
(No companions)"
828776,"Few Trips a Year
(Traveling rarely)"
240362,"Avr|Dec Companion
(Less travel on dec)"
137845,"Avr|Jun Companion
(Less travel on jun)"
430569,"Avr|Point Acumulator
(No companions)"
317001,No Traveler
625870,"Avr|Mar Companion
(Less travel on mar)"
660554,"Avr|May Companion
(Less travel on may)"
917630,"Holiday traveler
(summer companions, winter alone)"
670686,"Avr|Point Acumulator
(No companions)"
717660,"Avr|Point Acumulator
(No companions)"
450621,"Avr|Oct Companion
(Less travel on oct)"
939562,"Avr|Point Acumulator
(No companions)"
135250,"Avr|Jun Companion
(Less travel on jun)"
714555,"Avr|Mar Companion
(Less travel on mar)"
947868,"Avr|Point Acumulator
(No companions)"
573661,No Traveler
228580,"Avr|Feb Companion
(Less travel on feb)"
557500,"Avr|Jun Companion
(Less travel on jun)"
238233,"Avr|Feb Companion
(Less travel on feb)"
979309,"Avr|Dec Companion
(Less travel on dec)"
885497,"Holiday traveler
(summer companions, winter alone)"
833569,"Holiday traveler
(summer companions, winter alone)"
120046,"Holiday traveler
(summer companions, winter alone)"
816881,"Avr|Jun Companion
(Less travel on jun)"
717700,"Avr|Jan Companion
(Less travel on jan)"
962278,"Holiday traveler
(summer companions, winter alone)"
245465,"Avr|Nov Companion
(Less travel on nov)"
510372,No Traveler
709920,"Avr|May Companion
(Less travel on may)"
143784,"Avr|Mar Companion
(Less travel on mar)"
602176,"Avr|Oct Companion
(Less travel on oct)"
870998,"Avr|Jun Companion
(Less travel on jun)"
958224,"Avr|Point Acumulator
(No companions)"
837628,"Avr|Mar Companion
(Less travel on mar)"
395460,"Moderate travelers
(Current average)"
136547,"Moderate travelers
(Current average)"
780631,"Winter Traveler
(December with someone)"
166712,"Avr|Nov Companion
(Less travel on nov)"
217695,"Avr|Jun Companion
(Less travel on jun)"
263707,"Avr|Feb Companion
(Less travel on feb)"
638368,"Avr|Feb Companion
(Less travel on feb)"
695529,"Avr|May Companion
(Less travel on may)"
871203,"Few Trips a Year
(Traveling rarely)"
915571,"Avr|Jan Companion
(Less travel on jan)"
642109,"Avr|Point Acumulator
(No companions)"
833701,"Avr|Oct Companion
(Less travel on oct)"
275442,"Avr|Dec Companion
(Less travel on dec)"
374345,"Moderate travelers
(Current average)"
384825,"Moderate travelers
(Current average)"
559233,No Traveler
564650,"Avr|Jan Companion
(Less travel on jan)"
277649,"Avr|Feb Companion
(Less travel on feb)"
732013,"Moderate travelers
(Current average)"
793318,"Avr|Jun Companion
(Less travel on jun)"
830024,"Avr|Feb Companion
(Less travel on feb)"
223684,No Traveler
723262,No Traveler
879892,No Traveler
966117,"Avr|Mar Companion
(Less travel on mar)"
258358,"Few Trips a Year
(Traveling rarely)"
265836,"Avr|Jan Companion
(Less travel on jan)"
474174,"Avr|Feb Companion
(Less travel on feb)"
202299,"Avr|Mar Companion
(Less travel on mar)"
497467,"Avr|Jan Companion
(Less travel on jan)"
134279,No Traveler
635225,"Avr|Jun Companion
(Less travel on jun)"
980198,"Avr|May Companion
(Less travel on may)"
995693,"Winter Traveler
(December with someone)"
861924,"Avr|Feb Companion
(Less travel on feb)"
639383,No Traveler
769731,"Avr|Mar Companion
(Less travel on mar)"
884530,No Traveler
207372,"Winter Traveler
(December with someone)"
543553,"Winter Traveler
(December with someone)"
639701,"Avr|Nov Companion
(Less travel on nov)"
998090,"Avr|Dec Companion
(Less travel on dec)"
283747,"Avr|Feb Companion
(Less travel on feb)"
863122,No Traveler
816593,"Avr|Dec Companion
(Less travel on dec)"
440939,"Avr|Point Acumulator
(No companions)"
585629,"Avr|Oct Companion
(Less travel on oct)"
347932,"Avr|Jun Companion
(Less travel on jun)"
417886,"Avr|May Companion
(Less travel on may)"
514900,No Traveler
203550,"Avr|Dec Companion
(Less travel on dec)"
181825,"Avr|Oct Companion
(Less travel on oct)"
261582,"Avr|Point Acumulator
(No companions)"
679859,"Holiday traveler
(summer companions, winter alone)"
924724,"Avr|Mar Companion
(Less travel on mar)"
122958,"Moderate travelers
(Current average)"
274698,"Avr|Point Acumulator
(No companions)"
149549,"Avr|Jun Companion
(Less travel on jun)"
652291,"Avr|Dec Companion
(Less travel on dec)"
603775,"Avr|Point Acumulator
(No companions)"
948404,"Holiday traveler
(summer companions, winter alone)"
605877,"Avr|Jun Companion
(Less travel on jun)"
994377,"Avr|Mar Companion
(Less travel on mar)"
766927,"Avr|Oct Companion
(Less travel on oct)"
172610,"Avr|Mar Companion
(Less travel on mar)"
702588,"Avr|May Companion
(Less travel on may)"
798248,"Avr|May Companion
(Less travel on may)"
641448,"Avr|May Companion
(Less travel on may)"
406047,"Avr|Jan Companion
(Less travel on jan)"
538902,No Traveler
805110,"Avr|Jun Companion
(Less travel on jun)"
883242,No Traveler
909134,"Avr|Jan Companion
(Less travel on jan)"
294753,"Avr|Point Acumulator
(No companions)"
120613,"Avr|Feb Companion
(Less travel on feb)"
520094,"Avr|Point Acumulator
(No companions)"
754539,"Avr|Jan Companion
(Less travel on jan)"
189611,"Avr|Nov Companion
(Less travel on nov)"
971599,"Avr|Nov Companion
(Less travel on nov)"
521384,"Moderate travelers
(Current average)"
128039,"Avr|May Companion
(Less travel on may)"
565133,"Avr|Point Acumulator
(No companions)"
947876,"Avr|Point Acumulator
(No companions)"
138746,"Avr|Nov Companion
(Less travel on nov)"
564707,"Avr|Feb Companion
(Less travel on feb)"
383898,No Traveler
174996,"Avr|Jun Companion
(Less travel on jun)"
798854,No Traveler
800075,"Avr|Dec Companion
(Less travel on dec)"
410384,"Avr|Jan Companion
(Less travel on jan)"
692304,"Avr|Dec Companion
(Less travel on dec)"
991672,"Winter Traveler
(December with someone)"
344180,"Few Trips a Year
(Traveling rarely)"
703338,No Traveler
922388,"Avr|Dec Companion
(Less travel on dec)"
655743,"Avr|May Companion
(Less travel on may)"
787472,"Avr|Nov Companion
(Less travel on nov)"
667687,No Traveler
348920,"Avr|Dec Companion
(Less travel on dec)"
523394,"Avr|Feb Companion
(Less travel on feb)"
981581,"Avr|Point Acumulator
(No companions)"
639510,"Avr|Dec Companion
(Less travel on dec)"
744675,"Avr|Oct Companion
(Less travel on oct)"
289177,"Few Trips a Year
(Traveling rarely)"
420890,"Winter Traveler
(December with someone)"
357149,"Avr|Jan Companion
(Less travel on jan)"
876207,"Avr|Feb Companion
(Less travel on feb)"
224384,"Avr|Point Acumulator
(No companions)"
650445,"Avr|Point Acumulator
(No companions)"
399982,"Avr|Point Acumulator
(No companions)"
228984,"Avr|Jan Companion
(Less travel on jan)"
221388,"Avr|Mar Companion
(Less travel on mar)"
710053,"Avr|Point Acumulator
(No companions)"
296412,No Traveler
836475,"Avr|Jan Companion
(Less travel on jan)"
901002,"Avr|May Companion
(Less travel on may)"
450979,"Avr|Feb Companion
(Less travel on feb)"
392235,"Avr|May Companion
(Less travel on may)"
529218,"Avr|Oct Companion
(Less travel on oct)"
549132,"Avr|Mar Companion
(Less travel on mar)"
782523,No Traveler
326561,"Few Trips a Year
(Traveling rarely)"
604116,No Traveler
313837,No Traveler
561092,"Avr|Feb Companion
(Less travel on feb)"
234866,"Moderate travelers
(Current average)"
721984,"Avr|Point Acumulator
(No companions)"
772397,"Avr|Dec Companion
(Less travel on dec)"
685792,"Holiday traveler
(summer companions, winter alone)"
344199,"Avr|Dec Companion
(Less travel on dec)"
909385,"Avr|Jun Companion
(Less travel on jun)"
211043,"Avr|Mar Companion
(Less travel on mar)"
459801,"Avr|Jan Companion
(Less travel on jan)"
958243,"Avr|Feb Companion
(Less travel on feb)"
517758,"Avr|Point Acumulator
(No companions)"
712062,"Avr|Jan Companion
(Less travel on jan)"
845945,"Avr|Point Acumulator
(No companions)"
324707,"Avr|Nov Companion
(Less travel on nov)"
184635,"Avr|Point Acumulator
(No companions)"
947123,"Few Trips a Year
(Traveling rarely)"
432598,"Avr|Mar Companion
(Less travel on mar)"
524483,"Avr|Dec Companion
(Less travel on dec)"
413445,No Traveler
257575,"Few Trips a Year
(Traveling rarely)"
352834,"Winter Traveler
(December with someone)"
127590,"Avr|Jan Companion
(Less travel on jan)"
846374,"Avr|Dec Companion
(Less travel on dec)"
651054,No Traveler
776956,"Avr|May Companion
(Less travel on may)"
130368,"Avr|Oct Companion
(Less travel on oct)"
752331,"Avr|Mar Companion
(Less travel on mar)"
986825,"Avr|Feb Companion
(Less travel on feb)"
882024,No Traveler
981343,"Avr|Feb Companion
(Less travel on feb)"
101581,"Avr|Point Acumulator
(No companions)"
329358,"Few Trips a Year
(Traveling rarely)"
497494,"Holiday traveler
(summer companions, winter alone)"
821379,"Few Trips a Year
(Traveling rarely)"
361816,"Avr|Point Acumulator
(No companions)"
734192,"Avr|May Companion
(Less travel on may)"
774724,"Avr|Feb Companion
(Less travel on feb)"
874161,"Holiday traveler
(summer companions, winter alone)"
906396,"Avr|Mar Companion
(Less travel on mar)"
722976,"Avr|Nov Companion
(Less travel on nov)"
747304,"Few Trips a Year
(Traveling rarely)"
613804,"Moderate travelers
(Current average)"
995877,"Few Trips a Year
(Traveling rarely)"
237105,"Few Trips a Year
(Traveling rarely)"
395026,"Avr|Point Acumulator
(No companions)"
702493,No Traveler
894466,"Avr|Jun Companion
(Less travel on jun)"
610393,"Avr|Jun Companion
(Less travel on jun)"
800726,"Avr|May Companion
(Less travel on may)"
111171,"Avr|Jan Companion
(Less travel on jan)"
199959,No Traveler
779434,"Avr|Feb Companion
(Less travel on feb)"
203184,"Avr|Mar Companion
(Less travel on mar)"
225077,"Avr|Point Acumulator
(No companions)"
365816,"Avr|Jan Companion
(Less travel on jan)"
781463,"Avr|Dec Companion
(Less travel on dec)"
644786,"Avr|Jan Companion
(Less travel on jan)"
441440,"Avr|Oct Companion
(Less travel on oct)"
756791,"Avr|Jun Companion
(Less travel on jun)"
401858,"Few Trips a Year
(Traveling rarely)"
819569,"Avr|Jan Companion
(Less travel on jan)"
428826,No Traveler
779435,"Few Trips a Year
(Traveling rarely)"
518533,"Holiday traveler
(summer companions, winter alone)"
568547,"Avr|Oct Companion
(Less travel on oct)"
830931,"Avr|Oct Companion
(Less travel on oct)"
229204,"Winter Traveler
(December with someone)"
437269,"Winter Traveler
(December with someone)"
723390,No Traveler
956005,"Avr|May Companion
(Less travel on may)"
683361,"Holiday traveler
(summer companions, winter alone)"
370486,"Avr|May Companion
(Less travel on may)"
279919,"Avr|Dec Companion
(Less travel on dec)"
635249,"Avr|Jan Companion
(Less travel on jan)"
849415,"Avr|Oct Companion
(Less travel on oct)"
334003,"Avr|Feb Companion
(Less travel on feb)"
256323,"Avr|Nov Companion
(Less travel on nov)"
553567,"Holiday traveler
(summer companions, winter alone)"
612555,"Avr|Nov Companion
(Less travel on nov)"
353128,"Avr|Oct Companion
(Less travel on oct)"
367961,"Avr|Jan Companion
(Less travel on jan)"
431899,"Holiday traveler
(summer companions, winter alone)"
835491,"Avr|Oct Companion
(Less travel on oct)"
791355,"Avr|Point Acumulator
(No companions)"
331258,"Avr|Jun Companion
(Less travel on jun)"
713329,"Avr|Point Acumulator
(No companions)"
422805,"Avr|Mar Companion
(Less travel on mar)"
660376,"Avr|Oct Companion
(Less travel on oct)"
841677,"Avr|May Companion
(Less travel on may)"
412854,"Avr|Nov Companion
(Less travel on nov)"
187010,"Winter Traveler
(December with someone)"
333621,"Avr|Mar Companion
(Less travel on mar)"
270570,"Avr|Jun Companion
(Less travel on jun)"
305171,"Avr|Oct Companion
(Less travel on oct)"
715668,No Traveler
496325,"Avr|Feb Companion
(Less travel on feb)"
873180,"Holiday traveler
(summer companions, winter alone)"
630320,"Moderate travelers
(Current average)"
304944,"Avr|Point Acumulator
(No companions)"
615662,"Avr|Oct Companion
(Less travel on oct)"
887192,"Holiday traveler
(summer companions, winter alone)"
540497,"Avr|Jun Companion
(Less travel on jun)"
673061,"Few Trips a Year
(Traveling rarely)"
336341,"Avr|Point Acumulator
(No companions)"
465530,"Avr|Mar Companion
(Less travel on mar)"
600598,"Avr|May Companion
(Less travel on may)"
724720,"Avr|Jan Companion
(Less travel on jan)"
627489,"Moderate travelers
(Current average)"
264064,No Traveler
740762,"Avr|Oct Companion
(Less travel on oct)"
527622,"Avr|Oct Companion
(Less travel on oct)"
984636,"Avr|Point Acumulator
(No companions)"
110691,"Avr|Feb Companion
(Less travel on feb)"
737791,"Avr|Jun Companion
(Less travel on jun)"
219413,"Avr|Feb Companion
(Less travel on feb)"
260685,"Avr|Point Acumulator
(No companions)"
501363,"Avr|Point Acumulator
(No companions)"
982202,"Winter Traveler
(December with someone)"
218529,"Avr|Oct Companion
(Less travel on oct)"
691645,"Winter Traveler
(December with someone)"
881157,"Avr|Point Acumulator
(No companions)"
426185,"Avr|Feb Companion
(Less travel on feb)"
546758,"Avr|Point Acumulator
(No companions)"
270723,"Avr|Feb Companion
(Less travel on feb)"
275387,"Holiday traveler
(summer companions, winter alone)"
504715,"Avr|May Companion
(Less travel on may)"
380183,"Avr|Jan Companion
(Less travel on jan)"
654817,"Avr|May Companion
(Less travel on may)"
541078,"Avr|May Companion
(Less travel on may)"
555112,"Few Trips a Year
(Traveling rarely)"
726732,"Avr|May Companion
(Less travel on may)"
948327,"Winter Traveler
(December with someone)"
384269,"Avr|Point Acumulator
(No companions)"
791852,"Avr|Jun Companion
(Less travel on jun)"
372183,"Avr|Feb Companion
(Less travel on feb)"
481857,"Avr|Dec Companion
(Less travel on dec)"
765252,"Avr|May Companion
(Less travel on may)"
539358,"Moderate travelers
(Current average)"
697837,"Avr|Point Acumulator
(No companions)"
410921,"Avr|Dec Companion
(Less travel on dec)"
826304,"Avr|Oct Companion
(Less travel on oct)"
200077,"Few Trips a Year
(Traveling rarely)"
597897,"Holiday traveler
(summer companions, winter alone)"
119408,"Winter Traveler
(December with someone)"
241167,"Avr|Nov Companion
(Less travel on nov)"
159275,"Avr|Nov Companion
(Less travel on nov)"
458697,"Avr|Mar Companion
(Less travel on mar)"
620465,"Avr|Dec Companion
(Less travel on dec)"
654578,"Avr|Dec Companion
(Less travel on dec)"
432451,"Avr|Point Acumulator
(No companions)"
251116,No Traveler
381786,No Traveler
440967,"Avr|Jun Companion
(Less travel on jun)"
368292,No Traveler
493677,"Avr|Mar Companion
(Less travel on mar)"
500374,No Traveler
850418,"Avr|Jan Companion
(Less travel on jan)"
406574,"Avr|Point Acumulator
(No companions)"
532925,"Few Trips a Year
(Traveling rarely)"
119837,"Avr|Jan Companion
(Less travel on jan)"
546039,"Avr|Dec Companion
(Less travel on dec)"
950914,"Avr|Mar Companion
(Less travel on mar)"
387129,"Avr|Dec Companion
(Less travel on dec)"
876006,"Avr|Feb Companion
(Less travel on feb)"
230311,"Avr|Jun Companion
(Less travel on jun)"
955991,"Avr|Mar Companion
(Less travel on mar)"
279409,"Avr|Point Acumulator
(No companions)"
293531,"Avr|May Companion
(Less travel on may)"
886127,"Few Trips a Year
(Traveling rarely)"
579005,"Avr|Point Acumulator
(No companions)"
758372,"Avr|Feb Companion
(Less travel on feb)"
436087,"Holiday traveler
(summer companions, winter alone)"
471460,No Traveler
605505,"Avr|Point Acumulator
(No companions)"
413185,"Avr|Mar Companion
(Less travel on mar)"
715462,"Avr|Point Acumulator
(No companions)"
739933,"Moderate travelers
(Current average)"
675106,"Avr|Oct Companion
(Less travel on oct)"
767728,"Winter Traveler
(December with someone)"
244032,"Avr|Jan Companion
(Less travel on jan)"
583648,"Avr|Jun Companion
(Less travel on jun)"
250380,"Moderate travelers
(Current average)"
935504,"Avr|Feb Companion
(Less travel on feb)"
311943,"Avr|May Companion
(Less travel on may)"
811684,"Avr|Feb Companion
(Less travel on feb)"
672103,"Avr|Dec Companion
(Less travel on dec)"
657339,"Avr|Dec Companion
(Less travel on dec)"
433812,"Avr|Oct Companion
(Less travel on oct)"
559304,"Avr|Mar Companion
(Less travel on mar)"
290249,"Avr|Point Acumulator
(No companions)"
948815,"Avr|Point Acumulator
(No companions)"
513229,"Moderate travelers
(Current average)"
501278,"Avr|Feb Companion
(Less travel on feb)"
500455,"Avr|Point Acumulator
(No companions)"
277356,"Few Trips a Year
(Traveling rarely)"
615394,"Avr|Point Acumulator
(No companions)"
936723,"Avr|Jun Companion
(Less travel on jun)"
158314,"Few Trips a Year
(Traveling rarely)"
418090,"Avr|Feb Companion
(Less travel on feb)"
769623,"Avr|Point Acumulator
(No companions)"
685314,"Avr|May Companion
(Less travel on may)"
413282,"Avr|May Companion
(Less travel on may)"
884088,"Avr|Point Acumulator
(No companions)"
445867,"Avr|Nov Companion
(Less travel on nov)"
568286,"Avr|Jun Companion
(Less travel on jun)"
965066,"Few Trips a Year
(Traveling rarely)"
516329,"Avr|Point Acumulator
(No companions)"
945479,"Avr|Mar Companion
(Less travel on mar)"
363925,"Winter Traveler
(December with someone)"
798216,"Avr|Point Acumulator
(No companions)"
822694,"Avr|Mar Companion
(Less travel on mar)"
747483,"Winter Traveler
(December with someone)"
784838,"Avr|Nov Companion
(Less travel on nov)"
405597,"Avr|Dec Companion
(Less travel on dec)"
502592,"Moderate travelers
(Current average)"
420010,No Traveler
416620,No Traveler
198424,"Avr|Point Acumulator
(No companions)"
244099,"Avr|Nov Companion
(Less travel on nov)"
814653,"Avr|Jan Companion
(Less travel on jan)"
636505,"Avr|Jun Companion
(Less travel on jun)"
110142,"Few Trips a Year
(Traveling rarely)"
685346,"Moderate travelers
(Current average)"
967634,No Traveler
919506,No Traveler
272944,"Avr|Jan Companion
(Less travel on jan)"
512906,"Winter Traveler
(December with someone)"
490984,"Moderate travelers
(Current average)"
812042,"Avr|Nov Companion
(Less travel on nov)"
366719,"Holiday traveler
(summer companions, winter alone)"
192177,"Avr|Mar Companion
(Less travel on mar)"
273353,No Traveler
249555,"Avr|Jun Companion
(Less travel on jun)"
103862,"Avr|Nov Companion
(Less travel on nov)"
121935,"Avr|Nov Companion
(Less travel on nov)"
224402,"Avr|Point Acumulator
(No companions)"
416768,"Avr|Nov Companion
(Less travel on nov)"
667767,"Avr|Mar Companion
(Less travel on mar)"
955178,"Avr|Oct Companion
(Less travel on oct)"
534716,"Avr|Dec Companion
(Less travel on dec)"
565041,"Avr|Mar Companion
(Less travel on mar)"
596004,"Avr|Point Acumulator
(No companions)"
335839,"Avr|Jun Companion
(Less travel on jun)"
621940,"Holiday traveler
(summer companions, winter alone)"
308379,"Avr|Point Acumulator
(No companions)"
683791,"Avr|Nov Companion
(Less travel on nov)"
715015,"Avr|Nov Companion
(Less travel on nov)"
835796,"Avr|Dec Companion
(Less travel on dec)"
564201,"Avr|Dec Companion
(Less travel on dec)"
572410,"Moderate travelers
(Current average)"
306288,"Avr|Oct Companion
(Less travel on oct)"
568111,"Avr|Nov Companion
(Less travel on nov)"
201220,"Avr|Dec Companion
(Less travel on dec)"
533766,"Avr|Jun Companion
(Less travel on jun)"
990933,"Avr|Nov Companion
(Less travel on nov)"
806850,"Few Trips a Year
(Traveling rarely)"
613265,"Avr|Jun Companion
(Less travel on jun)"
163608,"Avr|Jan Companion
(Less travel on jan)"
237984,"Holiday traveler
(summer companions, winter alone)"
288419,"Avr|May Companion
(Less travel on may)"
285738,"Few Trips a Year
(Traveling rarely)"
666556,"Avr|Oct Companion
(Less travel on oct)"
698180,"Holiday traveler
(summer companions, winter alone)"
807589,"Avr|Point Acumulator
(No companions)"
135382,"Avr|Mar Companion
(Less travel on mar)"
444778,"Avr|Dec Companion
(Less travel on dec)"
502534,"Avr|Feb Companion
(Less travel on feb)"
589840,"Avr|Jun Companion
(Less travel on jun)"
551300,"Avr|Point Acumulator
(No companions)"
990204,"Moderate travelers
(Current average)"
148299,"Avr|May Companion
(Less travel on may)"
412902,"Avr|Dec Companion
(Less travel on dec)"
602694,"Winter Traveler
(December with someone)"
655721,"Winter Traveler
(December with someone)"
205445,"Avr|Jan Companion
(Less travel on jan)"
773293,"Avr|Point Acumulator
(No companions)"
957127,"Avr|Mar Companion
(Less travel on mar)"
176611,"Few Trips a Year
(Traveling rarely)"
848248,"Avr|May Companion
(Less travel on may)"
162013,"Avr|Feb Companion
(Less travel on feb)"
706628,No Traveler
495027,"Few Trips a Year
(Traveling rarely)"
731001,"Holiday traveler
(summer companions, winter alone)"
692096,"Avr|Point Acumulator
(No companions)"
544569,"Avr|Jan Companion
(Less travel on jan)"
616220,"Avr|Jun Companion
(Less travel on jun)"
778426,"Holiday traveler
(summer companions, winter alone)"
211083,"Avr|Oct Companion
(Less travel on oct)"
693256,"Avr|Oct Companion
(Less travel on oct)"
343377,"Avr|Nov Companion
(Less travel on nov)"
608739,"Avr|Point Acumulator
(No companions)"
421497,"Avr|Point Acumulator
(No companions)"
268094,"Winter Traveler
(December with someone)"
982608,"Few Trips a Year
(Traveling rarely)"
821404,"Few Trips a Year
(Traveling rarely)"
544561,"Avr|Oct Companion
(Less travel on oct)"
709550,"Avr|Feb Companion
(Less travel on feb)"
601448,"Avr|Jun Companion
(Less travel on jun)"
264234,"Avr|Jun Companion
(Less travel on jun)"
989048,"Moderate travelers
(Current average)"
788460,"Avr|Dec Companion
(Less travel on dec)"
831087,"Avr|Feb Companion
(Less travel on feb)"
750776,No Traveler
401336,"Avr|Nov Companion
(Less travel on nov)"
936612,"Few Trips a Year
(Traveling rarely)"
785836,"Avr|Feb Companion
(Less travel on feb)"
161437,"Avr|Nov Companion
(Less travel on nov)"
654187,"Avr|Feb Companion
(Less travel on feb)"
801821,"Avr|Jan Companion
(Less travel on jan)"
655044,"Avr|Oct Companion
(Less travel on oct)"
223946,"Avr|Jan Companion
(Less travel on jan)"
531286,"Avr|May Companion
(Less travel on may)"
101876,"Few Trips a Year
(Traveling rarely)"
908729,"Avr|Mar Companion
(Less travel on mar)"
929701,"Avr|Jan Companion
(Less travel on jan)"
622171,No Traveler
708020,"Avr|Feb Companion
(Less travel on feb)"
919922,No Traveler
479872,"Moderate travelers
(Current average)"
277091,"Avr|Feb Companion
(Less travel on feb)"
386363,"Avr|Point Acumulator
(No companions)"
307233,"Avr|Oct Companion
(Less travel on oct)"
199342,"Avr|Oct Companion
(Less travel on oct)"
810257,"Avr|May Companion
(Less travel on may)"
252341,"Avr|Nov Companion
(Less travel on nov)"
485397,"Moderate travelers
(Current average)"
799399,"Avr|Oct Companion
(Less travel on oct)"
687748,No Traveler
249224,"Avr|Oct Companion
(Less travel on oct)"
444684,"Avr|Feb Companion
(Less travel on feb)"
181726,"Avr|Jun Companion
(Less travel on jun)"
164559,"Winter Traveler
(December with someone)"
530978,"Moderate travelers
(Current average)"
372261,"Avr|May Companion
(Less travel on may)"
738427,"Avr|Dec Companion
(Less travel on dec)"
295929,"Avr|May Companion
(Less travel on may)"
381717,No Traveler
437022,"Avr|Nov Companion
(Less travel on nov)"
582861,"Avr|Jun Companion
(Less travel on jun)"
945014,"Avr|Feb Companion
(Less travel on feb)"
809728,No Traveler
460207,"Avr|Jun Companion
(Less travel on jun)"
567256,"Avr|Jan Companion
(Less travel on jan)"
543956,"Few Trips a Year
(Traveling rarely)"
290599,"Avr|Jan Companion
(Less travel on jan)"
878909,"Avr|Oct Companion
(Less travel on oct)"
941194,"Winter Traveler
(December with someone)"
430228,"Avr|Nov Companion
(Less travel on nov)"
646168,"Avr|Point Acumulator
(No companions)"
866302,"Avr|May Companion
(Less travel on may)"
998192,No Traveler
189146,No Traveler
513000,"Winter Traveler
(December with someone)"
917352,"Few Trips a Year
(Traveling rarely)"
277910,"Holiday traveler
(summer companions, winter alone)"
345014,"Avr|Nov Companion
(Less travel on nov)"
398305,No Traveler
484194,"Avr|Mar Companion
(Less travel on mar)"
618309,"Avr|Jan Companion
(Less travel on jan)"
160686,"Avr|Point Acumulator
(No companions)"
355995,"Avr|Nov Companion
(Less travel on nov)"
519203,"Avr|Feb Companion
(Less travel on feb)"
306402,"Avr|Jun Companion
(Less travel on jun)"
446315,"Avr|Mar Companion
(Less travel on mar)"
576716,"Avr|May Companion
(Less travel on may)"
111646,"Avr|Feb Companion
(Less travel on feb)"
685982,"Avr|Jun Companion
(Less travel on jun)"
166037,"Avr|Point Acumulator
(No companions)"
236593,"Avr|Mar Companion
(Less travel on mar)"
784113,"Avr|May Companion
(Less travel on may)"
896790,"Avr|Nov Companion
(Less travel on nov)"
990595,"Moderate travelers
(Current average)"
773261,"Avr|Nov Companion
(Less travel on nov)"
756907,"Avr|Jan Companion
(Less travel on jan)"
455287,No Traveler
633999,"Few Trips a Year
(Traveling rarely)"
285484,"Avr|Oct Companion
(Less travel on oct)"
907743,No Traveler
484733,"Holiday traveler
(summer companions, winter alone)"
981848,"Avr|Feb Companion
(Less travel on feb)"
399575,"Avr|Oct Companion
(Less travel on oct)"
852310,"Avr|Point Acumulator
(No companions)"
885007,"Avr|Point Acumulator
(No companions)"
532813,"Moderate travelers
(Current average)"
425445,"Avr|Jun Companion
(Less travel on jun)"
410460,"Few Trips a Year
(Traveling rarely)"
508854,"Avr|Jan Companion
(Less travel on jan)"
141233,"Avr|Point Acumulator
(No companions)"
277769,"Winter Traveler
(December with someone)"
340479,"Avr|Jan Companion
(Less travel on jan)"
980651,"Avr|Oct Companion
(Less travel on oct)"
513708,"Avr|Point Acumulator
(No companions)"
796508,"Avr|Jan Companion
(Less travel on jan)"
304770,"Avr|Oct Companion
(Less travel on oct)"
729762,No Traveler
654890,"Avr|May Companion
(Less travel on may)"
716393,"Avr|May Companion
(Less travel on may)"
751612,"Avr|Nov Companion
(Less travel on nov)"
493427,"Avr|Point Acumulator
(No companions)"
152016,"Few Trips a Year
(Traveling rarely)"
577151,"Winter Traveler
(December with someone)"
204042,"Avr|Jan Companion
(Less travel on jan)"
254683,"Avr|Feb Companion
(Less travel on feb)"
824259,"Avr|Jan Companion
(Less travel on jan)"
259634,"Avr|Feb Companion
(Less travel on feb)"
730742,"Few Trips a Year
(Traveling rarely)"
287593,"Holiday traveler
(summer companions, winter alone)"
481450,No Traveler
503598,"Avr|Point Acumulator
(No companions)"
591608,"Avr|May Companion
(Less travel on may)"
800923,"Avr|Feb Companion
(Less travel on feb)"
127128,"Avr|May Companion
(Less travel on may)"
518249,"Avr|Oct Companion
(Less travel on oct)"
682308,"Avr|Nov Companion
(Less travel on nov)"
974114,"Avr|Jan Companion
(Less travel on jan)"
179719,"Avr|Point Acumulator
(No companions)"
780944,"Avr|Mar Companion
(Less travel on mar)"
369458,"Avr|Point Acumulator
(No companions)"
202585,"Avr|Dec Companion
(Less travel on dec)"
924719,"Avr|Point Acumulator
(No companions)"
345608,"Avr|Dec Companion
(Less travel on dec)"
662268,"Avr|Feb Companion
(Less travel on feb)"
526747,"Holiday traveler
(summer companions, winter alone)"
395121,"Avr|Feb Companion
(Less travel on feb)"
331698,"Avr|Mar Companion
(Less travel on mar)"
336539,"Avr|Mar Companion
(Less travel on mar)"
586542,"Avr|Jun Companion
(Less travel on jun)"
792383,"Avr|Point Acumulator
(No companions)"
274264,"Avr|May Companion
(Less travel on may)"
117408,"Avr|Mar Companion
(Less travel on mar)"
498644,"Avr|Jun Companion
(Less travel on jun)"
231273,"Avr|Jan Companion
(Less travel on jan)"
329587,"Avr|Jun Companion
(Less travel on jun)"
206992,"Avr|Jun Companion
(Less travel on jun)"
469684,"Avr|Jan Companion
(Less travel on jan)"
763520,"Few Trips a Year
(Traveling rarely)"
823112,"Avr|Jan Companion
(Less travel on jan)"
768012,"Avr|Jun Companion
(Less travel on jun)"
399418,"Avr|Jan Companion
(Less travel on jan)"
734035,"Avr|Dec Companion
(Less travel on dec)"
468542,No Traveler
894340,"Avr|May Companion
(Less travel on may)"
192096,No Traveler
400702,"Avr|Dec Companion
(Less travel on dec)"
416124,"Avr|Dec Companion
(Less travel on dec)"
456752,"Winter Traveler
(December with someone)"
466147,No Traveler
837646,"Few Trips a Year
(Traveling rarely)"
559279,"Avr|May Companion
(Less travel on may)"
733693,"Avr|Point Acumulator
(No companions)"
602900,"Avr|Oct Companion
(Less travel on oct)"
543978,"Avr|Oct Companion
(Less travel on oct)"
287212,No Traveler
660436,"Avr|May Companion
(Less travel on may)"
220358,"Avr|Jun Companion
(Less travel on jun)"
590301,"Avr|Feb Companion
(Less travel on feb)"
640244,"Avr|Nov Companion
(Less travel on nov)"
384920,"Avr|Mar Companion
(Less travel on mar)"
573332,"Avr|Jun Companion
(Less travel on jun)"
458320,"Winter Traveler
(December with someone)"
101663,"Avr|Feb Companion
(Less travel on feb)"
873458,"Avr|Mar Companion
(Less travel on mar)"
502745,"Holiday traveler
(summer companions, winter alone)"
866815,No Traveler
439296,"Avr|Oct Companion
(Less travel on oct)"
521311,"Avr|Oct Companion
(Less travel on oct)"
683909,No Traveler
856229,No Traveler
235629,No Traveler
173212,"Avr|Mar Companion
(Less travel on mar)"
476875,"Avr|Oct Companion
(Less travel on oct)"
330464,"Avr|Point Acumulator
(No companions)"
743768,"Avr|Jun Companion
(Less travel on jun)"
595325,"Avr|Feb Companion
(Less travel on feb)"
881198,"Avr|Feb Companion
(Less travel on feb)"
415090,"Few Trips a Year
(Traveling rarely)"
748286,"Few Trips a Year
(Traveling rarely)"
949175,"Avr|Nov Companion
(Less travel on nov)"
437810,"Moderate travelers
(Current average)"
297869,"Avr|Nov Companion
(Less travel on nov)"
182587,"Moderate travelers
(Current average)"
818391,No Traveler
272812,"Avr|Point Acumulator
(No companions)"
273357,"Avr|Dec Companion
(Less travel on dec)"
302908,"Avr|Nov Companion
(Less travel on nov)"
217616,No Traveler
166577,"Avr|Dec Companion
(Less travel on dec)"
315851,"Avr|Point Acumulator
(No companions)"
469977,"Avr|Jan Companion
(Less travel on jan)"
784570,No Traveler
465931,"Avr|Mar Companion
(Less travel on mar)"
482256,"Moderate travelers
(Current average)"
733746,"Avr|Jan Companion
(Less travel on jan)"
526064,No Traveler
655453,"Avr|Jun Companion
(Less travel on jun)"
130326,"Avr|Jan Companion
(Less travel on jan)"
845275,"Avr|Mar Companion
(Less travel on mar)"
757634,"Avr|May Companion
(Less travel on may)"
135808,"Avr|Jun Companion
(Less travel on jun)"
418281,"Avr|Jun Companion
(Less travel on jun)"
508115,"Moderate travelers
(Current average)"
842379,"Avr|Nov Companion
(Less travel on nov)"
613925,No Traveler
653304,No Traveler
821325,No Traveler
400478,"Winter Traveler
(December with someone)"
436081,"Moderate travelers
(Current average)"
812282,"Moderate travelers
(Current average)"
431277,"Holiday traveler
(summer companions, winter alone)"
631821,"Avr|Point Acumulator
(No companions)"
282930,"Avr|Feb Companion
(Less travel on feb)"
577405,"Avr|Jan Companion
(Less travel on jan)"
753149,"Avr|Nov Companion
(Less travel on nov)"
222960,"Avr|Point Acumulator
(No companions)"
397248,"Moderate travelers
(Current average)"
785185,"Avr|Jun Companion
(Less travel on jun)"
418990,"Avr|Jun Companion
(Less travel on jun)"
205465,"Winter Traveler
(December with someone)"
738141,"Winter Traveler
(December with someone)"
751820,"Avr|Point Acumulator
(No companions)"
956191,"Avr|Oct Companion
(Less travel on oct)"
359188,"Holiday traveler
(summer companions, winter alone)"
342958,"Holiday traveler
(summer companions, winter alone)"
842236,"Avr|May Companion
(Less travel on may)"
444686,"Avr|Feb Companion
(Less travel on feb)"
627107,No Traveler
728748,"Avr|Mar Companion
(Less travel on mar)"
746677,"Avr|Point Acumulator
(No companions)"
630396,"Avr|May Companion
(Less travel on may)"
833765,"Avr|Feb Companion
(Less travel on feb)"
462077,"Avr|Jan Companion
(Less travel on jan)"
728586,"Avr|Jun Companion
(Less travel on jun)"
246775,"Few Trips a Year
(Traveling rarely)"
471440,"Holiday traveler
(summer companions, winter alone)"
784945,"Avr|Dec Companion
(Less travel on dec)"
438120,"Winter Traveler
(December with someone)"
650290,"Holiday traveler
(summer companions, winter alone)"
755538,"Avr|Point Acumulator
(No companions)"
430712,"Holiday traveler
(summer companions, winter alone)"
724818,"Avr|Point Acumulator
(No companions)"
660030,"Avr|Dec Companion
(Less travel on dec)"
102982,"Avr|May Companion
(Less travel on may)"
630880,"Avr|Point Acumulator
(No companions)"
803796,"Avr|Jun Companion
(Less travel on jun)"
917972,"Avr|Mar Companion
(Less travel on mar)"
906623,"Avr|May Companion
(Less travel on may)"
161373,No Traveler
241038,"Avr|Jan Companion
(Less travel on jan)"
541898,No Traveler
235391,"Avr|Jan Companion
(Less travel on jan)"
272250,"Avr|Mar Companion
(Less travel on mar)"
293266,"Avr|Feb Companion
(Less travel on feb)"
391357,No Traveler
328173,"Avr|Point Acumulator
(No companions)"
559005,"Avr|Point Acumulator
(No companions)"
165056,"Avr|Jun Companion
(Less travel on jun)"
847359,"Avr|Point Acumulator
(No companions)"
596390,"Avr|Mar Companion
(Less travel on mar)"
913981,"Avr|Dec Companion
(Less travel on dec)"
727175,"Avr|Point Acumulator
(No companions)"
437197,"Avr|Feb Companion
(Less travel on feb)"
879462,"Avr|Mar Companion
(Less travel on mar)"
483747,"Few Trips a Year
(Traveling rarely)"
993054,"Avr|Oct Companion
(Less travel on oct)"
941361,"Avr|Jan Companion
(Less travel on jan)"
280603,"Avr|Dec Companion
(Less travel on dec)"
445370,"Avr|Jan Companion
(Less travel on jan)"
750710,"Avr|May Companion
(Less travel on may)"
746171,"Moderate travelers
(Current average)"
947641,"Winter Traveler
(December with someone)"
276746,"Avr|Jan Companion
(Less travel on jan)"
819765,"Avr|Oct Companion
(Less travel on oct)"
672170,"Avr|Jan Companion
(Less travel on jan)"
990268,"Avr|Feb Companion
(Less travel on feb)"
989256,"Avr|Nov Companion
(Less travel on nov)"
203864,"Avr|Jan Companion
(Less travel on jan)"
221014,No Traveler
349342,"Moderate travelers
(Current average)"
963410,"Avr|Nov Companion
(Less travel on nov)"
163445,No Traveler
901231,"Avr|Jan Companion
(Less travel on jan)"
727053,"Avr|Nov Companion
(Less travel on nov)"
132319,"Avr|Mar Companion
(Less travel on mar)"
629642,"Avr|Nov Companion
(Less travel on nov)"
378181,"Moderate travelers
(Current average)"
188668,"Avr|May Companion
(Less travel on may)"
628169,"Avr|Jun Companion
(Less travel on jun)"
290362,"Avr|May Companion
(Less travel on may)"
786525,"Avr|Point Acumulator
(No companions)"
598398,"Avr|Mar Companion
(Less travel on mar)"
113316,"Few Trips a Year
(Traveling rarely)"
426351,"Avr|Oct Companion
(Less travel on oct)"
423201,"Avr|Nov Companion
(Less travel on nov)"
401036,"Moderate travelers
(Current average)"
896792,"Avr|Feb Companion
(Less travel on feb)"
831948,"Avr|Feb Companion
(Less travel on feb)"
794202,"Few Trips a Year
(Traveling rarely)"
447962,"Avr|Oct Companion
(Less travel on oct)"
871094,"Few Trips a Year
(Traveling rarely)"
628258,"Avr|Nov Companion
(Less travel on nov)"
782654,"Avr|Nov Companion
(Less travel on nov)"
736813,"Winter Traveler
(December with someone)"
485330,"Winter Traveler
(December with someone)"
428249,"Avr|Oct Companion
(Less travel on oct)"
483768,"Avr|Feb Companion
(Less travel on feb)"
837237,"Avr|Jun Companion
(Less travel on jun)"
170903,No Traveler
624929,"Avr|Nov Companion
(Less travel on nov)"
349539,"Avr|Feb Companion
(Less travel on feb)"
508821,"Moderate travelers
(Current average)"
172755,"Winter Traveler
(December with someone)"
742612,"Avr|Oct Companion
(Less travel on oct)"
675535,"Avr|Nov Companion
(Less travel on nov)"
797120,"Winter Traveler
(December with someone)"
118632,"Avr|Jun Companion
(Less travel on jun)"
711567,"Avr|Oct Companion
(Less travel on oct)"
752704,"Avr|Mar Companion
(Less travel on mar)"
343001,"Avr|Feb Companion
(Less travel on feb)"
618100,"Avr|Jun Companion
(Less travel on jun)"
335554,"Avr|Point Acumulator
(No companions)"
569603,"Avr|Oct Companion
(Less travel on oct)"
672679,"Winter Traveler
(December with someone)"
183020,"Avr|Dec Companion
(Less travel on dec)"
749566,"Avr|Oct Companion
(Less travel on oct)"
358900,"Avr|May Companion
(Less travel on may)"
765323,"Avr|Jan Companion
(Less travel on jan)"
766355,"Winter Traveler
(December with someone)"
827147,"Avr|Dec Companion
(Less travel on dec)"
855026,"Avr|Jan Companion
(Less travel on jan)"
817136,"Avr|Oct Companion
(Less travel on oct)"
711577,"Avr|Oct Companion
(Less travel on oct)"
250696,"Avr|Dec Companion
(Less travel on dec)"
436247,"Avr|May Companion
(Less travel on may)"
763113,"Avr|Jun Companion
(Less travel on jun)"
817191,"Moderate travelers
(Current average)"
861877,"Avr|Jun Companion
(Less travel on jun)"
493358,No Traveler
853894,"Avr|Jan Companion
(Less travel on jan)"
729094,"Avr|Jun Companion
(Less travel on jun)"
646038,"Avr|May Companion
(Less travel on may)"
981160,"Avr|Point Acumulator
(No companions)"
276494,"Avr|Feb Companion
(Less travel on feb)"
644938,"Avr|Point Acumulator
(No companions)"
938981,No Traveler
749459,"Winter Traveler
(December with someone)"
275694,"Avr|Oct Companion
(Less travel on oct)"
360435,"Avr|Mar Companion
(Less travel on mar)"
393604,"Few Trips a Year
(Traveling rarely)"
608241,"Avr|Oct Companion
(Less travel on oct)"
638754,No Traveler
195368,"Avr|Oct Companion
(Less travel on oct)"
877945,"Avr|Oct Companion
(Less travel on oct)"
577535,"Avr|Point Acumulator
(No companions)"
572263,"Moderate travelers
(Current average)"
750739,"Few Trips a Year
(Traveling rarely)"
392774,"Avr|Jan Companion
(Less travel on jan)"
458202,"Avr|Nov Companion
(Less travel on nov)"
506190,"Avr|Dec Companion
(Less travel on dec)"
906564,No Traveler
841219,"Moderate travelers
(Current average)"
196779,"Avr|Point Acumulator
(No companions)"
596586,"Avr|Mar Companion
(Less travel on mar)"
831253,"Moderate travelers
(Current average)"
258141,"Winter Traveler
(December with someone)"
787525,"Avr|Nov Companion
(Less travel on nov)"
612650,"Avr|Jan Companion
(Less travel on jan)"
956861,"Avr|Jan Companion
(Less travel on jan)"
343978,"Holiday traveler
(summer companions, winter alone)"
328576,"Avr|Jan Companion
(Less travel on jan)"
637655,"Avr|Oct Companion
(Less travel on oct)"
529106,"Avr|Dec Companion
(Less travel on dec)"
584285,"Moderate travelers
(Current average)"
344749,"Winter Traveler
(December with someone)"
495632,"Winter Traveler
(December with someone)"
252147,"Winter Traveler
(December with someone)"
503494,No Traveler
695250,"Avr|Mar Companion
(Less travel on mar)"
535525,"Avr|Feb Companion
(Less travel on feb)"
480732,"Avr|Dec Companion
(Less travel on dec)"
989666,"Avr|Jan Companion
(Less travel on jan)"
883574,"Avr|Feb Companion
(Less travel on feb)"
623144,"Avr|Point Acumulator
(No companions)"
386082,"Few Trips a Year
(Traveling rarely)"
748717,"Avr|Feb Companion
(Less travel on feb)"
314941,"Avr|Feb Companion
(Less travel on feb)"
804710,"Avr|May Companion
(Less travel on may)"
380031,"Avr|Dec Companion
(Less travel on dec)"
937163,"Avr|Nov Companion
(Less travel on nov)"
280545,"Avr|Nov Companion
(Less travel on nov)"
223354,"Avr|Oct Companion
(Less travel on oct)"
591579,No Traveler
609184,"Moderate travelers
(Current average)"
661274,"Avr|Jun Companion
(Less travel on jun)"
607548,"Avr|Oct Companion
(Less travel on oct)"
901857,"Avr|Jan Companion
(Less travel on jan)"
511642,"Avr|Feb Companion
(Less travel on feb)"
670371,"Holiday traveler
(summer companions, winter alone)"
957061,"Avr|Oct Companion
(Less travel on oct)"
772532,"Winter Traveler
(December with someone)"
372290,"Avr|Nov Companion
(Less travel on nov)"
451839,"Winter Traveler
(December with someone)"
334273,"Avr|Mar Companion
(Less travel on mar)"
263763,"Holiday traveler
(summer companions, winter alone)"
324801,"Avr|Mar Companion
(Less travel on mar)"
543478,"Holiday traveler
(summer companions, winter alone)"
553558,"Moderate travelers
(Current average)"
576690,"Avr|Jan Companion
(Less travel on jan)"
308629,"Avr|Dec Companion
(Less travel on dec)"
276990,"Avr|Jun Companion
(Less travel on jun)"
912293,"Avr|Oct Companion
(Less travel on oct)"
994676,"Avr|May Companion
(Less travel on may)"
527640,"Avr|Nov Companion
(Less travel on nov)"
564141,"Avr|Point Acumulator
(No companions)"
908123,"Avr|Dec Companion
(Less travel on dec)"
222453,"Avr|May Companion
(Less travel on may)"
580356,"Avr|Mar Companion
(Less travel on mar)"
771713,"Avr|Jun Companion
(Less travel on jun)"
118418,"Moderate travelers
(Current average)"
392989,No Traveler
430817,"Avr|May Companion
(Less travel on may)"
910157,"Winter Traveler
(December with someone)"
405739,"Avr|May Companion
(Less travel on may)"
831180,"Avr|Point Acumulator
(No companions)"
144633,"Avr|Point Acumulator
(No companions)"
918564,"Holiday traveler
(summer companions, winter alone)"
347515,No Traveler
444931,"Avr|Feb Companion
(Less travel on feb)"
347955,"Avr|Nov Companion
(Less travel on nov)"
458074,"Avr|Nov Companion
(Less travel on nov)"
734307,"Avr|May Companion
(Less travel on may)"
991568,"Avr|Point Acumulator
(No companions)"
174439,"Avr|Point Acumulator
(No companions)"
719192,"Avr|Nov Companion
(Less travel on nov)"
915638,"Avr|Mar Companion
(Less travel on mar)"
792514,"Avr|May Companion
(Less travel on may)"
352582,"Avr|Dec Companion
(Less travel on dec)"
107519,"Few Trips a Year
(Traveling rarely)"
186729,"Winter Traveler
(December with someone)"
197855,No Traveler
202864,"Avr|Oct Companion
(Less travel on oct)"
845273,"Avr|Point Acumulator
(No companions)"
930900,"Avr|Feb Companion
(Less travel on feb)"
165022,No Traveler
447544,"Avr|Mar Companion
(Less travel on mar)"
343994,"Avr|Mar Companion
(Less travel on mar)"
330316,"Moderate travelers
(Current average)"
685408,"Avr|Feb Companion
(Less travel on feb)"
773598,"Avr|May Companion
(Less travel on may)"
374266,"Avr|Point Acumulator
(No companions)"
912757,"Avr|Point Acumulator
(No companions)"
175249,"Avr|Nov Companion
(Less travel on nov)"
306068,"Avr|Oct Companion
(Less travel on oct)"
233084,"Avr|Nov Companion
(Less travel on nov)"
298999,"Avr|Nov Companion
(Less travel on nov)"
372737,No Traveler
484495,"Avr|Point Acumulator
(No companions)"
595978,"Moderate travelers
(Current average)"
836603,No Traveler
227906,"Avr|Nov Companion
(Less travel on nov)"
701954,"Holiday traveler
(summer companions, winter alone)"
846277,"Holiday traveler
(summer companions, winter alone)"
549238,"Avr|Point Acumulator
(No companions)"
209172,"Avr|Mar Companion
(Less travel on mar)"
346633,"Avr|Jun Companion
(Less travel on jun)"
983872,No Traveler
143730,"Avr|Jan Companion
(Less travel on jan)"
105688,"Avr|Feb Companion
(Less travel on feb)"
235063,"Moderate travelers
(Current average)"
325082,"Avr|Jan Companion
(Less travel on jan)"
636745,No Traveler
587284,"Few Trips a Year
(Traveling rarely)"
282542,"Moderate travelers
(Current average)"
244676,"Winter Traveler
(December with someone)"
749328,"Avr|Jun Companion
(Less travel on jun)"
621750,"Avr|Point Acumulator
(No companions)"
524234,"Avr|Oct Companion
(Less travel on oct)"
344121,"Avr|Jun Companion
(Less travel on jun)"
451240,"Avr|Point Acumulator
(No companions)"
370744,"Avr|Jan Companion
(Less travel on jan)"
182130,"Avr|May Companion
(Less travel on may)"
154194,No Traveler
231047,"Avr|Mar Companion
(Less travel on mar)"
391313,"Winter Traveler
(December with someone)"
422358,"Avr|May Companion
(Less travel on may)"
612233,"Avr|Feb Companion
(Less travel on feb)"
324295,"Avr|Feb Companion
(Less travel on feb)"
957276,"Avr|Feb Companion
(Less travel on feb)"
392430,"Avr|Dec Companion
(Less travel on dec)"
343425,"Few Trips a Year
(Traveling rarely)"
152423,"Avr|Jan Companion
(Less travel on jan)"
962472,"Winter Traveler
(December with someone)"
588516,"Avr|Point Acumulator
(No companions)"
793549,"Avr|Mar Companion
(Less travel on mar)"
171137,"Holiday traveler
(summer companions, winter alone)"
189666,No Traveler
258408,"Avr|May Companion
(Less travel on may)"
441509,"Avr|Mar Companion
(Less travel on mar)"
386446,No Traveler
955567,"Few Trips a Year
(Traveling rarely)"
218362,"Moderate travelers
(Current average)"
137251,No Traveler
902634,No Traveler
237770,"Avr|May Companion
(Less travel on may)"
359091,"Avr|Point Acumulator
(No companions)"
645986,"Avr|Feb Companion
(Less travel on feb)"
845947,"Holiday traveler
(summer companions, winter alone)"
851871,"Avr|Oct Companion
(Less travel on oct)"
937976,No Traveler
905907,"Avr|Oct Companion
(Less travel on oct)"
128475,"Avr|Jun Companion
(Less travel on jun)"
958026,"Avr|May Companion
(Less travel on may)"
431201,"Winter Traveler
(December with someone)"
665373,"Few Trips a Year
(Traveling rarely)"
802316,"Avr|Dec Companion
(Less travel on dec)"
640833,"Avr|Point Acumulator
(No companions)"
317094,"Avr|Oct Companion
(Less travel on oct)"
917725,"Avr|Point Acumulator
(No companions)"
953307,No Traveler
670289,"Few Trips a Year
(Traveling rarely)"
707276,"Avr|Feb Companion
(Less travel on feb)"
451819,"Avr|Nov Companion
(Less travel on nov)"
761966,"Moderate travelers
(Current average)"
968370,"Avr|Feb Companion
(Less travel on feb)"
472314,"Few Trips a Year
(Traveling rarely)"
767385,"Moderate travelers
(Current average)"
576498,"Avr|Jan Companion
(Less travel on jan)"
799992,"Avr|May Companion
(Less travel on may)"
225482,"Avr|Oct Companion
(Less travel on oct)"
249381,"Avr|Nov Companion
(Less travel on nov)"
635531,"Avr|Dec Companion
(Less travel on dec)"
345657,"Avr|Point Acumulator
(No companions)"
354150,"Avr|Oct Companion
(Less travel on oct)"
325830,"Avr|Point Acumulator
(No companions)"
306965,"Avr|Jun Companion
(Less travel on jun)"
895972,"Avr|Feb Companion
(Less travel on feb)"
195848,"Avr|May Companion
(Less travel on may)"
111912,"Avr|Dec Companion
(Less travel on dec)"
686838,"Avr|May Companion
(Less travel on may)"
178331,"Avr|Mar Companion
(Less travel on mar)"
198167,"Avr|Oct Companion
(Less travel on oct)"
202859,"Avr|Jan Companion
(Less travel on jan)"
319901,No Traveler
450802,"Winter Traveler
(December with someone)"
714123,"Avr|Nov Companion
(Less travel on nov)"
715514,"Winter Traveler
(December with someone)"
536082,"Avr|Jun Companion
(Less travel on jun)"
302669,"Winter Traveler
(December with someone)"
476080,"Few Trips a Year
(Traveling rarely)"
898423,"Avr|Mar Companion
(Less travel on mar)"
391402,"Winter Traveler
(December with someone)"
902040,"Avr|Point Acumulator
(No companions)"
688058,"Avr|Feb Companion
(Less travel on feb)"
844582,"Avr|Point Acumulator
(No companions)"
934912,"Holiday traveler
(summer companions, winter alone)"
177345,No Traveler
991356,"Avr|Jan Companion
(Less travel on jan)"
981920,"Avr|Oct Companion
(Less travel on oct)"
282896,"Moderate travelers
(Current average)"
169661,"Avr|Dec Companion
(Less travel on dec)"
113919,"Moderate travelers
(Current average)"
738005,"Avr|Oct Companion
(Less travel on oct)"
866604,"Avr|Jan Companion
(Less travel on jan)"
546665,"Avr|Point Acumulator
(No companions)"
701622,"Avr|Point Acumulator
(No companions)"
943236,No Traveler
836405,"Avr|Nov Companion
(Less travel on nov)"
690554,"Avr|May Companion
(Less travel on may)"
943668,No Traveler
197138,"Avr|Oct Companion
(Less travel on oct)"
752462,"Avr|Point Acumulator
(No companions)"
172593,"Avr|Feb Companion
(Less travel on feb)"
403185,"Avr|Mar Companion
(Less travel on mar)"
585780,"Avr|May Companion
(Less travel on may)"
112522,"Avr|Mar Companion
(Less travel on mar)"
701732,No Traveler
349046,"Avr|Feb Companion
(Less travel on feb)"
646502,"Moderate travelers
(Current average)"
678786,"Avr|Jun Companion
(Less travel on jun)"
159344,"Avr|Point Acumulator
(No companions)"
351461,No Traveler
614787,No Traveler
499932,"Avr|Mar Companion
(Less travel on mar)"
451446,"Avr|May Companion
(Less travel on may)"
626149,"Avr|Point Acumulator
(No companions)"
911655,"Avr|Nov Companion
(Less travel on nov)"
408091,"Few Trips a Year
(Traveling rarely)"
486359,"Avr|Dec Companion
(Less travel on dec)"
666597,"Moderate travelers
(Current average)"
372961,"Few Trips a Year
(Traveling rarely)"
373898,"Avr|Jun Companion
(Less travel on jun)"
370405,"Few Trips a Year
(Traveling rarely)"
697680,No Traveler
818484,"Moderate travelers
(Current average)"
285909,No Traveler
997322,No Traveler
457536,"Avr|Point Acumulator
(No companions)"
805890,"Avr|Jan Companion
(Less travel on jan)"
679437,"Avr|Dec Companion
(Less travel on dec)"
842980,No Traveler
303682,"Avr|Nov Companion
(Less travel on nov)"
849178,"Avr|May Companion
(Less travel on may)"
873554,"Avr|May Companion
(Less travel on may)"
427329,"Avr|Jun Companion
(Less travel on jun)"
505680,"Moderate travelers
(Current average)"
510513,"Avr|Mar Companion
(Less travel on mar)"
231530,"Moderate travelers
(Current average)"
178160,"Avr|Dec Companion
(Less travel on dec)"
423096,"Avr|Point Acumulator
(No companions)"
616835,"Avr|Mar Companion
(Less travel on mar)"
699194,"Holiday traveler
(summer companions, winter alone)"
857946,"Avr|Dec Companion
(Less travel on dec)"
848973,"Moderate travelers
(Current average)"
997359,"Avr|Jun Companion
(Less travel on jun)"
550839,"Avr|Nov Companion
(Less travel on nov)"
279408,"Avr|Point Acumulator
(No companions)"
126262,"Avr|Oct Companion
(Less travel on oct)"
946932,"Winter Traveler
(December with someone)"
691332,No Traveler
422750,"Moderate travelers
(Current average)"
633734,"Avr|Jan Companion
(Less travel on jan)"
745792,"Avr|Nov Companion
(Less travel on nov)"
951616,"Avr|Jun Companion
(Less travel on jun)"
161728,No Traveler
286883,"Avr|Mar Companion
(Less travel on mar)"
693138,"Avr|Oct Companion
(Less travel on oct)"
824414,"Avr|Point Acumulator
(No companions)"
773648,"Avr|Jun Companion
(Less travel on jun)"
950252,"Winter Traveler
(December with someone)"
484625,"Avr|Jun Companion
(Less travel on jun)"
798375,"Avr|Point Acumulator
(No companions)"
276673,"Avr|Dec Companion
(Less travel on dec)"
733226,"Holiday traveler
(summer companions, winter alone)"
855153,"Few Trips a Year
(Traveling rarely)"
162472,"Holiday traveler
(summer companions, winter alone)"
723186,"Avr|Jun Companion
(Less travel on jun)"
835693,"Avr|Nov Companion
(Less travel on nov)"
910093,"Winter Traveler
(December with someone)"
947367,"Avr|Point Acumulator
(No companions)"
762715,"Winter Traveler
(December with someone)"
351966,No Traveler
501209,"Moderate travelers
(Current average)"
528693,"Avr|Mar Companion
(Less travel on mar)"
745600,"Avr|Jan Companion
(Less travel on jan)"
922703,No Traveler
156959,"Avr|Nov Companion
(Less travel on nov)"
690971,"Avr|May Companion
(Less travel on may)"
837704,No Traveler
607847,"Winter Traveler
(December with someone)"
771056,"Avr|May Companion
(Less travel on may)"
881741,No Traveler
741313,"Avr|Jan Companion
(Less travel on jan)"
717232,"Avr|Point Acumulator
(No companions)"
234973,"Avr|Point Acumulator
(No companions)"
254853,"Avr|Mar Companion
(Less travel on mar)"
917423,"Avr|Oct Companion
(Less travel on oct)"
630290,"Few Trips a Year
(Traveling rarely)"
171902,No Traveler
415441,"Avr|Oct Companion
(Less travel on oct)"
672893,"Avr|Jun Companion
(Less travel on jun)"
226191,"Moderate travelers
(Current average)"
797432,No Traveler
171908,No Traveler
478792,"Avr|Oct Companion
(Less travel on oct)"
675385,"Avr|Point Acumulator
(No companions)"
434620,"Holiday traveler
(summer companions, winter alone)"
833436,"Avr|Nov Companion
(Less travel on nov)"
173666,"Holiday traveler
(summer companions, winter alone)"
693659,"Avr|Point Acumulator
(No companions)"
668624,"Moderate travelers
(Current average)"
243294,No Traveler
471170,"Avr|Feb Companion
(Less travel on feb)"
531514,"Avr|Point Acumulator
(No companions)"
667692,"Avr|Nov Companion
(Less travel on nov)"
490824,"Avr|Mar Companion
(Less travel on mar)"
238607,"Moderate travelers
(Current average)"
448896,"Avr|Feb Companion
(Less travel on feb)"
657865,"Avr|Dec Companion
(Less travel on dec)"
100428,"Avr|Point Acumulator
(No companions)"
598369,"Avr|Oct Companion
(Less travel on oct)"
389996,"Few Trips a Year
(Traveling rarely)"
833844,"Winter Traveler
(December with someone)"
776795,"Avr|Nov Companion
(Less travel on nov)"
146215,"Avr|Jan Companion
(Less travel on jan)"
747704,"Avr|Point Acumulator
(No companions)"
254428,No Traveler
951941,"Avr|Jan Companion
(Less travel on jan)"
565841,"Avr|Point Acumulator
(No companions)"
561621,"Avr|Jan Companion
(Less travel on jan)"
107649,"Avr|Point Acumulator
(No companions)"
425687,"Winter Traveler
(December with someone)"
758113,"Moderate travelers
(Current average)"
229094,"Avr|Point Acumulator
(No companions)"
508824,"Avr|Point Acumulator
(No companions)"
456839,"Avr|May Companion
(Less travel on may)"
912064,"Avr|Oct Companion
(Less travel on oct)"
961177,No Traveler
171582,"Winter Traveler
(December with someone)"
485845,"Avr|May Companion
(Less travel on may)"
273179,"Avr|Point Acumulator
(No companions)"
135016,"Avr|Point Acumulator
(No companions)"
582930,"Avr|Jun Companion
(Less travel on jun)"
200663,"Winter Traveler
(December with someone)"
266541,"Holiday traveler
(summer companions, winter alone)"
340782,"Winter Traveler
(December with someone)"
556453,"Avr|May Companion
(Less travel on may)"
583415,"Avr|May Companion
(Less travel on may)"
317664,"Avr|Mar Companion
(Less travel on mar)"
307785,"Avr|Jan Companion
(Less travel on jan)"
532333,"Avr|Feb Companion
(Less travel on feb)"
857912,"Few Trips a Year
(Traveling rarely)"
884089,"Avr|Mar Companion
(Less travel on mar)"
285202,"Winter Traveler
(December with someone)"
478566,"Few Trips a Year
(Traveling rarely)"
892079,"Avr|Oct Companion
(Less travel on oct)"
971582,"Avr|Feb Companion
(Less travel on feb)"
122797,No Traveler
717026,"Avr|Point Acumulator
(No companions)"
568953,"Avr|Jan Companion
(Less travel on jan)"
968666,No Traveler
123393,"Avr|Feb Companion
(Less travel on feb)"
521217,"Avr|Dec Companion
(Less travel on dec)"
311363,"Moderate travelers
(Current average)"
330988,"Winter Traveler
(December with someone)"
696090,"Avr|Point Acumulator
(No companions)"
989154,"Avr|Dec Companion
(Less travel on dec)"
403463,No Traveler
775176,"Avr|Jan Companion
(Less travel on jan)"
891931,"Winter Traveler
(December with someone)"
424403,"Avr|Nov Companion
(Less travel on nov)"
283929,"Avr|Feb Companion
(Less travel on feb)"
996896,"Avr|Jun Companion
(Less travel on jun)"
376367,No Traveler
892219,"Avr|Oct Companion
(Less travel on oct)"
929880,"Avr|May Companion
(Less travel on may)"
390434,"Avr|Jun Companion
(Less travel on jun)"
644551,"Avr|Point Acumulator
(No companions)"
300008,"Avr|Nov Companion
(Less travel on nov)"
354002,"Avr|Mar Companion
(Less travel on mar)"
389387,No Traveler
409768,No Traveler
515969,"Avr|Point Acumulator
(No companions)"
595027,"Holiday traveler
(summer companions, winter alone)"
642102,"Moderate travelers
(Current average)"
109023,"Holiday traveler
(summer companions, winter alone)"
199494,No Traveler
351753,"Few Trips a Year
(Traveling rarely)"
408347,"Winter Traveler
(December with someone)"
735770,"Moderate travelers
(Current average)"
369141,"Avr|Jun Companion
(Less travel on jun)"
690563,"Avr|Point Acumulator
(No companions)"
304726,"Avr|Dec Companion
(Less travel on dec)"
187041,"Avr|Dec Companion
(Less travel on dec)"
510644,"Few Trips a Year
(Traveling rarely)"
488268,"Avr|May Companion
(Less travel on may)"
452439,"Avr|Jan Companion
(Less travel on jan)"
441964,"Avr|Jun Companion
(Less travel on jun)"
381308,No Traveler
718409,"Avr|Jun Companion
(Less travel on jun)"
395887,"Avr|Jun Companion
(Less travel on jun)"
348448,"Avr|Point Acumulator
(No companions)"
736004,No Traveler
878568,"Avr|May Companion
(Less travel on may)"
608116,"Avr|Jan Companion
(Less travel on jan)"
825569,"Avr|Jan Companion
(Less travel on jan)"
705496,"Avr|Point Acumulator
(No companions)"
772395,No Traveler
153987,"Winter Traveler
(December with someone)"
759223,"Holiday traveler
(summer companions, winter alone)"
793178,"Avr|Mar Companion
(Less travel on mar)"
114493,"Avr|Point Acumulator
(No companions)"
896592,"Avr|Point Acumulator
(No companions)"
873415,"Avr|Point Acumulator
(No companions)"
804259,"Avr|Dec Companion
(Less travel on dec)"
906346,"Avr|Jan Companion
(Less travel on jan)"
212230,"Avr|Point Acumulator
(No companions)"
391761,"Avr|Nov Companion
(Less travel on nov)"
760645,"Avr|Nov Companion
(Less travel on nov)"
485280,"Avr|Mar Companion
(Less travel on mar)"
818454,"Winter Traveler
(December with someone)"
591476,"Holiday traveler
(summer companions, winter alone)"
593868,"Avr|Nov Companion
(Less travel on nov)"
136230,No Traveler
749441,"Avr|Oct Companion
(Less travel on oct)"
392582,"Moderate travelers
(Current average)"
713981,"Moderate travelers
(Current average)"
567865,"Winter Traveler
(December with someone)"
292049,"Avr|May Companion
(Less travel on may)"
444202,No Traveler
353486,"Avr|Oct Companion
(Less travel on oct)"
952393,No Traveler
729677,"Avr|Feb Companion
(Less travel on feb)"
450888,"Avr|Jun Companion
(Less travel on jun)"
853826,"Avr|Dec Companion
(Less travel on dec)"
864967,"Winter Traveler
(December with someone)"
312863,"Avr|Nov Companion
(Less travel on nov)"
412944,"Moderate travelers
(Current average)"
330694,"Holiday traveler
(summer companions, winter alone)"
846732,"Avr|Point Acumulator
(No companions)"
505522,"Avr|Nov Companion
(Less travel on nov)"
766091,"Winter Traveler
(December with someone)"
417564,"Avr|Nov Companion
(Less travel on nov)"
708337,No Traveler
703711,"Holiday traveler
(summer companions, winter alone)"
136473,"Avr|Mar Companion
(Less travel on mar)"
669373,"Avr|Feb Companion
(Less travel on feb)"
836443,"Avr|Dec Companion
(Less travel on dec)"
485557,"Avr|Jun Companion
(Less travel on jun)"
504589,"Avr|Dec Companion
(Less travel on dec)"
840326,"Avr|Point Acumulator
(No companions)"
514369,No Traveler
455991,"Avr|Point Acumulator
(No companions)"
625621,"Avr|Oct Companion
(Less travel on oct)"
603079,"Avr|Jun Companion
(Less travel on jun)"
388448,"Avr|Point Acumulator
(No companions)"
832663,"Avr|Mar Companion
(Less travel on mar)"
454440,"Avr|Dec Companion
(Less travel on dec)"
902515,"Avr|Mar Companion
(Less travel on mar)"
876569,"Avr|Jun Companion
(Less travel on jun)"
839967,"Avr|Nov Companion
(Less travel on nov)"
151571,"Few Trips a Year
(Traveling rarely)"
570784,"Avr|Dec Companion
(Less travel on dec)"
170027,"Avr|Point Acumulator
(No companions)"
464771,"Holiday traveler
(summer companions, winter alone)"
292164,"Avr|Oct Companion
(Less travel on oct)"
738432,"Avr|Jan Companion
(Less travel on jan)"
463606,"Avr|Feb Companion
(Less travel on feb)"
472521,"Avr|Point Acumulator
(No companions)"
352424,"Avr|Jan Companion
(Less travel on jan)"
100816,"Avr|Point Acumulator
(No companions)"
986461,"Avr|Mar Companion
(Less travel on mar)"
183754,"Avr|Jan Companion
(Less travel on jan)"
931537,"Holiday traveler
(summer companions, winter alone)"
221287,"Avr|Point Acumulator
(No companions)"
797845,"Avr|Oct Companion
(Less travel on oct)"
391106,"Holiday traveler
(summer companions, winter alone)"
519766,"Winter Traveler
(December with someone)"
442956,"Avr|Mar Companion
(Less travel on mar)"
241967,"Avr|Jan Companion
(Less travel on jan)"
419648,"Avr|Jan Companion
(Less travel on jan)"
253601,"Avr|Point Acumulator
(No companions)"
941170,"Avr|Point Acumulator
(No companions)"
333680,"Avr|May Companion
(Less travel on may)"
545917,"Avr|Point Acumulator
(No companions)"
444060,"Avr|May Companion
(Less travel on may)"
572647,No Traveler
311684,"Avr|Point Acumulator
(No companions)"
357173,"Avr|May Companion
(Less travel on may)"
489501,No Traveler
759603,"Avr|Nov Companion
(Less travel on nov)"
418958,"Avr|Dec Companion
(Less travel on dec)"
746502,"Avr|Point Acumulator
(No companions)"
719213,"Avr|Jan Companion
(Less travel on jan)"
774275,"Holiday traveler
(summer companions, winter alone)"
158401,"Holiday traveler
(summer companions, winter alone)"
472879,"Avr|Dec Companion
(Less travel on dec)"
382243,"Avr|Point Acumulator
(No companions)"
178335,"Avr|Nov Companion
(Less travel on nov)"
967300,No Traveler
263766,"Avr|Point Acumulator
(No companions)"
702915,"Avr|Dec Companion
(Less travel on dec)"
979449,"Avr|May Companion
(Less travel on may)"
993170,No Traveler
142371,"Avr|Jun Companion
(Less travel on jun)"
887464,"Few Trips a Year
(Traveling rarely)"
428130,"Avr|Mar Companion
(Less travel on mar)"
605343,"Few Trips a Year
(Traveling rarely)"
204994,"Moderate travelers
(Current average)"
260838,"Avr|Jan Companion
(Less travel on jan)"
565811,"Avr|Point Acumulator
(No companions)"
801953,"Avr|Point Acumulator
(No companions)"
241391,"Moderate travelers
(Current average)"
331706,"Avr|Point Acumulator
(No companions)"
287979,"Few Trips a Year
(Traveling rarely)"
566696,"Avr|Point Acumulator
(No companions)"
954329,"Few Trips a Year
(Traveling rarely)"
168887,"Avr|Point Acumulator
(No companions)"
894799,"Moderate travelers
(Current average)"
401055,"Avr|Jan Companion
(Less travel on jan)"
498694,"Avr|May Companion
(Less travel on may)"
113558,"Avr|Dec Companion
(Less travel on dec)"
781187,"Avr|Jun Companion
(Less travel on jun)"
452417,"Avr|Oct Companion
(Less travel on oct)"
323311,"Avr|Nov Companion
(Less travel on nov)"
519300,"Avr|Feb Companion
(Less travel on feb)"
522618,"Avr|Jun Companion
(Less travel on jun)"
583227,"Avr|Jun Companion
(Less travel on jun)"
222280,No Traveler
927937,"Moderate travelers
(Current average)"
790450,"Avr|Jun Companion
(Less travel on jun)"
650420,"Avr|Jan Companion
(Less travel on jan)"
482673,"Winter Traveler
(December with someone)"
708210,"Avr|Feb Companion
(Less travel on feb)"
169129,"Avr|Point Acumulator
(No companions)"
700918,"Avr|Jan Companion
(Less travel on jan)"
307256,"Avr|Feb Companion
(Less travel on feb)"
378857,"Avr|Jan Companion
(Less travel on jan)"
448136,"Avr|Jun Companion
(Less travel on jun)"
791978,"Avr|Oct Companion
(Less travel on oct)"
474272,No Traveler
274817,"Avr|Point Acumulator
(No companions)"
368675,No Traveler
584463,"Avr|Oct Companion
(Less travel on oct)"
159800,"Few Trips a Year
(Traveling rarely)"
160773,"Avr|Point Acumulator
(No companions)"
496014,"Avr|Jun Companion
(Less travel on jun)"
623222,"Avr|Oct Companion
(Less travel on oct)"
270266,"Avr|Jan Companion
(Less travel on jan)"
775407,No Traveler
796627,No Traveler
777561,"Avr|Mar Companion
(Less travel on mar)"
731540,"Avr|Feb Companion
(Less travel on feb)"
455319,"Avr|Dec Companion
(Less travel on dec)"
318199,"Avr|Point Acumulator
(No companions)"
637396,"Avr|Jun Companion
(Less travel on jun)"
663133,"Avr|Mar Companion
(Less travel on mar)"
678722,No Traveler
616183,"Few Trips a Year
(Traveling rarely)"
356618,"Avr|May Companion
(Less travel on may)"
934893,"Avr|Point Acumulator
(No companions)"
491369,"Avr|Nov Companion
(Less travel on nov)"
744304,"Few Trips a Year
(Traveling rarely)"
950336,"Avr|Feb Companion
(Less travel on feb)"
721786,"Avr|Feb Companion
(Less travel on feb)"
344570,"Winter Traveler
(December with someone)"
197192,"Avr|Feb Companion
(Less travel on feb)"
711864,"Avr|Point Acumulator
(No companions)"
576051,"Avr|Mar Companion
(Less travel on mar)"
272551,No Traveler
385861,"Winter Traveler
(December with someone)"
551961,No Traveler
313708,"Holiday traveler
(summer companions, winter alone)"
807970,No Traveler
502023,"Few Trips a Year
(Traveling rarely)"
713039,"Winter Traveler
(December with someone)"
937476,"Avr|Mar Companion
(Less travel on mar)"
792332,"Avr|Mar Companion
(Less travel on mar)"
857516,"Avr|Feb Companion
(Less travel on feb)"
180216,"Moderate travelers
(Current average)"
301793,"Avr|Point Acumulator
(No companions)"
802196,"Avr|Point Acumulator
(No companions)"
465095,"Winter Traveler
(December with someone)"
639117,"Moderate travelers
(Current average)"
942779,"Avr|Oct Companion
(Less travel on oct)"
151554,"Holiday traveler
(summer companions, winter alone)"
290091,"Avr|Oct Companion
(Less travel on oct)"
280216,"Avr|Mar Companion
(Less travel on mar)"
452684,No Traveler
399555,No Traveler
958941,"Few Trips a Year
(Traveling rarely)"
475233,"Avr|Jun Companion
(Less travel on jun)"
715184,"Few Trips a Year
(Traveling rarely)"
583565,"Avr|Feb Companion
(Less travel on feb)"
907038,"Holiday traveler
(summer companions, winter alone)"
204375,"Avr|May Companion
(Less travel on may)"
788515,"Avr|May Companion
(Less travel on may)"
580508,"Avr|Point Acumulator
(No companions)"
926106,"Avr|May Companion
(Less travel on may)"
531976,"Avr|May Companion
(Less travel on may)"
686397,No Traveler
899287,"Avr|Jun Companion
(Less travel on jun)"
642901,"Avr|Jan Companion
(Less travel on jan)"
916478,"Avr|Point Acumulator
(No companions)"
658310,"Avr|Feb Companion
(Less travel on feb)"
267474,"Avr|Jun Companion
(Less travel on jun)"
822555,"Avr|Feb Companion
(Less travel on feb)"
675057,"Avr|Mar Companion
(Less travel on mar)"
849330,"Avr|Jan Companion
(Less travel on jan)"
796541,"Avr|Feb Companion
(Less travel on feb)"
183224,"Avr|Point Acumulator
(No companions)"
283709,"Winter Traveler
(December with someone)"
319092,"Few Trips a Year
(Traveling rarely)"
845488,No Traveler
337818,"Avr|Point Acumulator
(No companions)"
271043,"Avr|Feb Companion
(Less travel on feb)"
451183,"Few Trips a Year
(Traveling rarely)"
659882,"Few Trips a Year
(Traveling rarely)"
734727,"Moderate travelers
(Current average)"
939103,"Avr|Jan Companion
(Less travel on jan)"
981434,"Avr|Point Acumulator
(No companions)"
939319,"Avr|Feb Companion
(Less travel on feb)"
211524,"Holiday traveler
(summer companions, winter alone)"
404920,"Avr|Oct Companion
(Less travel on oct)"
380059,"Avr|Mar Companion
(Less travel on mar)"
159680,"Avr|Point Acumulator
(No companions)"
428383,"Few Trips a Year
(Traveling rarely)"
109612,"Holiday traveler
(summer companions, winter alone)"
703621,"Avr|Nov Companion
(Less travel on nov)"
985757,"Moderate travelers
(Current average)"
708160,"Avr|Oct Companion
(Less travel on oct)"
127185,"Avr|Jun Companion
(Less travel on jun)"
318945,"Avr|Nov Companion
(Less travel on nov)"
694021,"Holiday traveler
(summer companions, winter alone)"
408990,"Avr|Point Acumulator
(No companions)"
595624,No Traveler
730715,"Avr|Point Acumulator
(No companions)"
353648,"Few Trips a Year
(Traveling rarely)"
967241,"Avr|Point Acumulator
(No companions)"
314713,No Traveler
367685,No Traveler
207576,"Moderate travelers
(Current average)"
252450,"Avr|Nov Companion
(Less travel on nov)"
866417,No Traveler
392206,"Avr|Point Acumulator
(No companions)"
967727,"Winter Traveler
(December with someone)"
462833,"Moderate travelers
(Current average)"
971097,"Avr|Oct Companion
(Less travel on oct)"
338346,"Avr|Point Acumulator
(No companions)"
550173,"Moderate travelers
(Current average)"
950896,No Traveler
354442,"Moderate travelers
(Current average)"
884505,"Avr|Point Acumulator
(No companions)"
723707,No Traveler
795820,"Avr|Feb Companion
(Less travel on feb)"
155795,"Avr|Jan Companion
(Less travel on jan)"
452279,No Traveler
431392,"Winter Traveler
(December with someone)"
449084,"Avr|Point Acumulator
(No companions)"
489549,"Few Trips a Year
(Traveling rarely)"
530613,"Holiday traveler
(summer companions, winter alone)"
293685,"Avr|Dec Companion
(Less travel on dec)"
213979,"Avr|Jun Companion
(Less travel on jun)"
442980,"Avr|Mar Companion
(Less travel on mar)"
438383,"Winter Traveler
(December with someone)"
470802,"Winter Traveler
(December with someone)"
932453,"Moderate travelers
(Current average)"
153953,"Avr|Mar Companion
(Less travel on mar)"
137999,"Avr|May Companion
(Less travel on may)"
838553,"Few Trips a Year
(Traveling rarely)"
771943,"Moderate travelers
(Current average)"
201115,"Avr|Point Acumulator
(No companions)"
384602,"Few Trips a Year
(Traveling rarely)"
281328,"Avr|May Companion
(Less travel on may)"
784271,"Avr|Nov Companion
(Less travel on nov)"
983242,"Avr|Mar Companion
(Less travel on mar)"
714206,"Avr|Jun Companion
(Less travel on jun)"
279468,"Avr|Oct Companion
(Less travel on oct)"
760166,"Avr|Jan Companion
(Less travel on jan)"
616667,"Avr|Oct Companion
(Less travel on oct)"
881818,"Holiday traveler
(summer companions, winter alone)"
677963,"Avr|Nov Companion
(Less travel on nov)"
944454,No Traveler
932270,"Avr|Nov Companion
(Less travel on nov)"
133065,"Avr|Mar Companion
(Less travel on mar)"
775724,"Avr|Oct Companion
(Less travel on oct)"
270730,"Avr|Jun Companion
(Less travel on jun)"
938482,"Few Trips a Year
(Traveling rarely)"
181852,"Avr|Point Acumulator
(No companions)"
321457,"Avr|May Companion
(Less travel on may)"
992986,"Avr|Oct Companion
(Less travel on oct)"
215952,"Avr|Jan Companion
(Less travel on jan)"
662973,"Avr|Mar Companion
(Less travel on mar)"
800450,"Avr|Point Acumulator
(No companions)"
926494,"Avr|Jan Companion
(Less travel on jan)"
262574,No Traveler
983809,"Moderate travelers
(Current average)"
552364,"Avr|Feb Companion
(Less travel on feb)"
428922,"Avr|Dec Companion
(Less travel on dec)"
399973,"Avr|Nov Companion
(Less travel on nov)"
563386,"Avr|Feb Companion
(Less travel on feb)"
814067,"Avr|Point Acumulator
(No companions)"
592145,"Avr|Dec Companion
(Less travel on dec)"
632974,"Winter Traveler
(December with someone)"
559622,"Avr|Jan Companion
(Less travel on jan)"
680569,"Avr|Point Acumulator
(No companions)"
278928,"Holiday traveler
(summer companions, winter alone)"
572448,No Traveler
861480,No Traveler
146086,"Avr|Dec Companion
(Less travel on dec)"
580341,"Avr|Feb Companion
(Less travel on feb)"
526349,"Avr|Oct Companion
(Less travel on oct)"
262351,No Traveler
506418,No Traveler
543852,"Avr|Jan Companion
(Less travel on jan)"
307631,"Few Trips a Year
(Traveling rarely)"
350059,"Few Trips a Year
(Traveling rarely)"
486776,"Avr|Point Acumulator
(No companions)"
251095,"Avr|Dec Companion
(Less travel on dec)"
242812,"Avr|Point Acumulator
(No companions)"
822727,"Avr|Feb Companion
(Less travel on feb)"
526344,"Few Trips a Year
(Traveling rarely)"
870522,"Avr|Mar Companion
(Less travel on mar)"
337925,"Avr|May Companion
(Less travel on may)"
874363,No Traveler
507555,"Avr|Point Acumulator
(No companions)"
920716,"Winter Traveler
(December with someone)"
956558,"Winter Traveler
(December with someone)"
966580,"Avr|Nov Companion
(Less travel on nov)"
462993,"Avr|Mar Companion
(Less travel on mar)"
601027,"Avr|Oct Companion
(Less travel on oct)"
266536,"Avr|May Companion
(Less travel on may)"
390924,"Few Trips a Year
(Traveling rarely)"
184035,"Avr|May Companion
(Less travel on may)"
632398,"Avr|Jun Companion
(Less travel on jun)"
290994,"Avr|Jan Companion
(Less travel on jan)"
760672,"Avr|Jun Companion
(Less travel on jun)"
483212,No Traveler
489108,"Avr|Mar Companion
(Less travel on mar)"
450995,"Moderate travelers
(Current average)"
430323,"Avr|Oct Companion
(Less travel on oct)"
883055,"Moderate travelers
(Current average)"
762117,"Moderate travelers
(Current average)"
309352,"Avr|Nov Companion
(Less travel on nov)"
631853,"Avr|Point Acumulator
(No companions)"
470272,"Avr|May Companion
(Less travel on may)"
486117,"Avr|Oct Companion
(Less travel on oct)"
472702,No Traveler
188328,"Avr|Nov Companion
(Less travel on nov)"
328543,"Avr|May Companion
(Less travel on may)"
129372,"Avr|Point Acumulator
(No companions)"
483627,"Avr|Dec Companion
(Less travel on dec)"
493061,"Avr|Dec Companion
(Less travel on dec)"
802425,"Avr|Mar Companion
(Less travel on mar)"
986792,No Traveler
268139,"Avr|Jan Companion
(Less travel on jan)"
933642,"Avr|Point Acumulator
(No companions)"
399214,"Avr|Point Acumulator
(No companions)"
289921,"Avr|Jun Companion
(Less travel on jun)"
910492,"Winter Traveler
(December with someone)"
456140,"Avr|Nov Companion
(Less travel on nov)"
760876,"Avr|Dec Companion
(Less travel on dec)"
884611,No Traveler
862979,"Avr|Dec Companion
(Less travel on dec)"
498587,"Avr|Point Acumulator
(No companions)"
654389,No Traveler
262526,"Avr|Jan Companion
(Less travel on jan)"
155820,"Avr|Feb Companion
(Less travel on feb)"
163260,"Avr|May Companion
(Less travel on may)"
213177,"Avr|Point Acumulator
(No companions)"
482681,"Moderate travelers
(Current average)"
327365,No Traveler
725182,"Avr|Jan Companion
(Less travel on jan)"
865494,No Traveler
119633,"Avr|Jun Companion
(Less travel on jun)"
979355,"Avr|Feb Companion
(Less travel on feb)"
471204,"Avr|May Companion
(Less travel on may)"
278539,"Avr|May Companion
(Less travel on may)"
903327,"Avr|Jan Companion
(Less travel on jan)"
723015,"Avr|Nov Companion
(Less travel on nov)"
661118,"Avr|Point Acumulator
(No companions)"
661587,"Few Trips a Year
(Traveling rarely)"
902192,"Avr|May Companion
(Less travel on may)"
568880,"Avr|Point Acumulator
(No companions)"
994374,"Avr|Point Acumulator
(No companions)"
208234,"Avr|Jun Companion
(Less travel on jun)"
874601,"Winter Traveler
(December with someone)"
588943,No Traveler
368045,"Avr|Oct Companion
(Less travel on oct)"
374421,"Winter Traveler
(December with someone)"
586686,"Avr|Oct Companion
(Less travel on oct)"
180024,No Traveler
616875,"Avr|Jan Companion
(Less travel on jan)"
642043,"Moderate travelers
(Current average)"
736646,"Avr|Oct Companion
(Less travel on oct)"
871627,"Winter Traveler
(December with someone)"
829505,"Avr|Point Acumulator
(No companions)"
607538,No Traveler
723112,"Avr|Jan Companion
(Less travel on jan)"
366540,"Avr|Point Acumulator
(No companions)"
157212,"Avr|Dec Companion
(Less travel on dec)"
999902,"Avr|Point Acumulator
(No companions)"
576911,"Avr|Point Acumulator
(No companions)"
717150,"Avr|Feb Companion
(Less travel on feb)"
833397,"Avr|May Companion
(Less travel on may)"
279380,"Avr|Feb Companion
(Less travel on feb)"
187459,"Few Trips a Year
(Traveling rarely)"
176688,"Avr|Jan Companion
(Less travel on jan)"
274473,"Avr|Point Acumulator
(No companions)"
760111,"Winter Traveler
(December with someone)"
847312,No Traveler
312490,"Avr|Dec Companion
(Less travel on dec)"
551248,"Avr|Nov Companion
(Less travel on nov)"
636413,"Avr|Jan Companion
(Less travel on jan)"
706962,"Avr|Oct Companion
(Less travel on oct)"
618871,"Few Trips a Year
(Traveling rarely)"
325778,"Avr|Point Acumulator
(No companions)"
236395,"Avr|Point Acumulator
(No companions)"
908246,"Avr|Mar Companion
(Less travel on mar)"
980575,"Avr|Dec Companion
(Less travel on dec)"
706125,"Avr|Oct Companion
(Less travel on oct)"
906158,"Avr|Point Acumulator
(No companions)"
977303,"Avr|Oct Companion
(Less travel on oct)"
593190,"Avr|Mar Companion
(Less travel on mar)"
323776,No Traveler
279777,"Avr|Jan Companion
(Less travel on jan)"
224691,"Avr|Jan Companion
(Less travel on jan)"
246690,"Avr|Feb Companion
(Less travel on feb)"
359029,"Winter Traveler
(December with someone)"
989262,"Holiday traveler
(summer companions, winter alone)"
902277,"Avr|May Companion
(Less travel on may)"
193020,"Avr|May Companion
(Less travel on may)"
823319,"Avr|May Companion
(Less travel on may)"
664008,"Few Trips a Year
(Traveling rarely)"
893266,"Moderate travelers
(Current average)"
606875,"Avr|Mar Companion
(Less travel on mar)"
797216,"Avr|Oct Companion
(Less travel on oct)"
464117,No Traveler
723438,"Winter Traveler
(December with someone)"
917191,"Avr|Jan Companion
(Less travel on jan)"
349577,"Avr|Nov Companion
(Less travel on nov)"
938031,"Avr|Dec Companion
(Less travel on dec)"
146702,"Moderate travelers
(Current average)"
906946,"Holiday traveler
(summer companions, winter alone)"
284782,"Avr|Dec Companion
(Less travel on dec)"
962455,"Avr|Jan Companion
(Less travel on jan)"
929455,No Traveler
182205,"Few Trips a Year
(Traveling rarely)"
530770,"Avr|Point Acumulator
(No companions)"
141047,"Avr|Oct Companion
(Less travel on oct)"
413243,"Avr|Nov Companion
(Less travel on nov)"
211842,"Avr|Nov Companion
(Less travel on nov)"
567319,"Avr|Mar Companion
(Less travel on mar)"
349220,"Avr|Jan Companion
(Less travel on jan)"
162180,"Avr|Nov Companion
(Less travel on nov)"
297702,"Avr|Nov Companion
(Less travel on nov)"
994707,"Avr|Jan Companion
(Less travel on jan)"
796213,"Few Trips a Year
(Traveling rarely)"
883841,"Avr|Point Acumulator
(No companions)"
244762,"Avr|Nov Companion
(Less travel on nov)"
271357,"Holiday traveler
(summer companions, winter alone)"
338285,"Avr|Nov Companion
(Less travel on nov)"
855007,"Avr|Mar Companion
(Less travel on mar)"
614830,"Avr|Point Acumulator
(No companions)"
664799,"Avr|Jun Companion
(Less travel on jun)"
381539,No Traveler
609532,"Avr|Feb Companion
(Less travel on feb)"
666680,"Avr|Mar Companion
(Less travel on mar)"
789148,"Avr|Dec Companion
(Less travel on dec)"
404846,"Avr|Dec Companion
(Less travel on dec)"
455474,"Avr|Point Acumulator
(No companions)"
650529,"Avr|Nov Companion
(Less travel on nov)"
915194,"Avr|Nov Companion
(Less travel on nov)"
738874,No Traveler
288500,"Avr|Point Acumulator
(No companions)"
554888,"Holiday traveler
(summer companions, winter alone)"
352280,"Winter Traveler
(December with someone)"
599184,"Avr|Jan Companion
(Less travel on jan)"
196202,"Avr|Jan Companion
(Less travel on jan)"
164388,"Avr|Mar Companion
(Less travel on mar)"
317683,"Avr|Dec Companion
(Less travel on dec)"
224661,"Avr|Point Acumulator
(No companions)"
239276,"Avr|Oct Companion
(Less travel on oct)"
123944,No Traveler
258123,"Avr|Dec Companion
(Less travel on dec)"
822901,No Traveler
229436,"Avr|Jan Companion
(Less travel on jan)"
178157,"Few Trips a Year
(Traveling rarely)"
438525,"Holiday traveler
(summer companions, winter alone)"
574640,"Avr|Feb Companion
(Less travel on feb)"
352242,"Avr|Nov Companion
(Less travel on nov)"
443557,No Traveler
456128,"Avr|Oct Companion
(Less travel on oct)"
429849,"Avr|Mar Companion
(Less travel on mar)"
728135,"Avr|Nov Companion
(Less travel on nov)"
373044,"Winter Traveler
(December with someone)"
762681,"Avr|May Companion
(Less travel on may)"
150383,No Traveler
540316,"Avr|Dec Companion
(Less travel on dec)"
942413,"Avr|Jun Companion
(Less travel on jun)"
766335,"Moderate travelers
(Current average)"
645919,"Moderate travelers
(Current average)"
379414,"Avr|Mar Companion
(Less travel on mar)"
249270,No Traveler
107571,"Holiday traveler
(summer companions, winter alone)"
549034,"Avr|May Companion
(Less travel on may)"
603739,"Avr|Mar Companion
(Less travel on mar)"
210298,"Avr|Oct Companion
(Less travel on oct)"
536409,"Few Trips a Year
(Traveling rarely)"
726940,No Traveler
557633,"Avr|Jan Companion
(Less travel on jan)"
345959,No Traveler
349108,"Few Trips a Year
(Traveling rarely)"
663573,"Avr|May Companion
(Less travel on may)"
871380,"Avr|Oct Companion
(Less travel on oct)"
308214,"Avr|Feb Companion
(Less travel on feb)"
396048,No Traveler
147241,"Avr|Oct Companion
(Less travel on oct)"
951389,"Avr|Nov Companion
(Less travel on nov)"
390190,"Moderate travelers
(Current average)"
433300,No Traveler
604783,"Holiday traveler
(summer companions, winter alone)"
638237,"Holiday traveler
(summer companions, winter alone)"
744117,"Avr|May Companion
(Less travel on may)"
948950,"Avr|Point Acumulator
(No companions)"
106838,"Avr|Mar Companion
(Less travel on mar)"
145449,No Traveler
611667,"Holiday traveler
(summer companions, winter alone)"
674876,No Traveler
488151,"Few Trips a Year
(Traveling rarely)"
898698,"Avr|Feb Companion
(Less travel on feb)"
536092,"Avr|Oct Companion
(Less travel on oct)"
120583,"Avr|Feb Companion
(Less travel on feb)"
761674,"Avr|Feb Companion
(Less travel on feb)"
544421,"Avr|Point Acumulator
(No companions)"
537701,"Avr|Jan Companion
(Less travel on jan)"
372622,"Avr|Jan Companion
(Less travel on jan)"
601332,"Avr|Jan Companion
(Less travel on jan)"
948616,"Moderate travelers
(Current average)"
883816,"Avr|Nov Companion
(Less travel on nov)"
834012,No Traveler
922786,"Avr|Jan Companion
(Less travel on jan)"
105073,"Winter Traveler
(December with someone)"
296915,"Avr|May Companion
(Less travel on may)"
250391,No Traveler
249019,"Moderate travelers
(Current average)"
928153,"Avr|Jan Companion
(Less travel on jan)"
681984,"Avr|Point Acumulator
(No companions)"
155965,"Avr|Mar Companion
(Less travel on mar)"
619548,"Avr|Point Acumulator
(No companions)"
647933,No Traveler
804438,"Avr|Jan Companion
(Less travel on jan)"
877384,"Avr|Point Acumulator
(No companions)"
404431,"Moderate travelers
(Current average)"
615214,"Avr|Jan Companion
(Less travel on jan)"
499913,"Winter Traveler
(December with someone)"
952573,No Traveler
102615,No Traveler
861104,"Avr|Jan Companion
(Less travel on jan)"
201709,"Avr|Point Acumulator
(No companions)"
490487,"Avr|Point Acumulator
(No companions)"
301094,"Avr|Mar Companion
(Less travel on mar)"
779468,No Traveler
442792,"Avr|Jan Companion
(Less travel on jan)"
748810,"Avr|May Companion
(Less travel on may)"
120434,"Moderate travelers
(Current average)"
251432,"Avr|Oct Companion
(Less travel on oct)"
256731,"Moderate travelers
(Current average)"
294005,"Holiday traveler
(summer companions, winter alone)"
401769,"Avr|Dec Companion
(Less travel on dec)"
759785,"Avr|Point Acumulator
(No companions)"
902241,"Avr|Feb Companion
(Less travel on feb)"
623537,"Avr|Jan Companion
(Less travel on jan)"
892502,"Avr|Point Acumulator
(No companions)"
718199,"Winter Traveler
(December with someone)"
766024,"Avr|Oct Companion
(Less travel on oct)"
760508,"Avr|Oct Companion
(Less travel on oct)"
763615,"Avr|Dec Companion
(Less travel on dec)"
605341,"Avr|Jan Companion
(Less travel on jan)"
292843,"Avr|Point Acumulator
(No companions)"
792707,"Avr|Point Acumulator
(No companions)"
270389,"Avr|Jan Companion
(Less travel on jan)"
786230,No Traveler
213303,"Avr|Oct Companion
(Less travel on oct)"
230687,"Few Trips a Year
(Traveling rarely)"
696502,"Avr|Mar Companion
(Less travel on mar)"
991213,No Traveler
715678,"Moderate travelers
(Current average)"
843919,No Traveler
481660,"Winter Traveler
(December with someone)"
950193,"Avr|Jan Companion
(Less travel on jan)"
698937,"Avr|Point Acumulator
(No companions)"
557739,"Avr|Mar Companion
(Less travel on mar)"
170443,"Avr|Nov Companion
(Less travel on nov)"
407768,"Avr|Nov Companion
(Less travel on nov)"
132914,"Avr|Nov Companion
(Less travel on nov)"
942819,"Moderate travelers
(Current average)"
240141,No Traveler
173938,"Avr|Jun Companion
(Less travel on jun)"
263302,"Winter Traveler
(December with someone)"
594044,No Traveler
896951,"Avr|Oct Companion
(Less travel on oct)"
302056,"Avr|Feb Companion
(Less travel on feb)"
982542,"Few Trips a Year
(Traveling rarely)"
223380,"Winter Traveler
(December with someone)"
583513,"Avr|Jun Companion
(Less travel on jun)"
958005,"Avr|Oct Companion
(Less travel on oct)"
858417,"Avr|Jan Companion
(Less travel on jan)"
282759,No Traveler
189914,"Avr|Point Acumulator
(No companions)"
384928,"Avr|Dec Companion
(Less travel on dec)"
127882,"Avr|Nov Companion
(Less travel on nov)"
934134,"Avr|Jan Companion
(Less travel on jan)"
224607,No Traveler
611873,"Avr|May Companion
(Less travel on may)"
316307,"Few Trips a Year
(Traveling rarely)"
923108,"Avr|May Companion
(Less travel on may)"
472009,"Avr|Mar Companion
(Less travel on mar)"
162658,"Avr|Point Acumulator
(No companions)"
670939,"Avr|May Companion
(Less travel on may)"
861079,"Avr|Jan Companion
(Less travel on jan)"
809681,"Avr|Dec Companion
(Less travel on dec)"
614634,"Avr|Point Acumulator
(No companions)"
649680,No Traveler
440928,"Avr|Mar Companion
(Less travel on mar)"
835484,"Moderate travelers
(Current average)"
621072,"Few Trips a Year
(Traveling rarely)"
767507,"Avr|Mar Companion
(Less travel on mar)"
104586,"Avr|Jan Companion
(Less travel on jan)"
387880,"Avr|Jun Companion
(Less travel on jun)"
484243,"Avr|Mar Companion
(Less travel on mar)"
873436,"Avr|Point Acumulator
(No companions)"
633299,"Avr|Nov Companion
(Less travel on nov)"
817527,"Avr|Jun Companion
(Less travel on jun)"
345090,No Traveler
579726,"Avr|Point Acumulator
(No companions)"
922614,"Winter Traveler
(December with someone)"
388985,"Avr|Feb Companion
(Less travel on feb)"
399397,"Avr|Dec Companion
(Less travel on dec)"
263781,"Avr|Jan Companion
(Less travel on jan)"
456294,"Avr|Jan Companion
(Less travel on jan)"
131680,"Avr|Oct Companion
(Less travel on oct)"
433678,"Avr|Jun Companion
(Less travel on jun)"
933656,"Avr|Jan Companion
(Less travel on jan)"
979262,"Avr|Point Acumulator
(No companions)"
544890,"Avr|May Companion
(Less travel on may)"
298795,"Avr|Jun Companion
(Less travel on jun)"
135312,"Avr|Point Acumulator
(No companions)"
551313,No Traveler
476571,"Avr|Jun Companion
(Less travel on jun)"
568442,"Avr|Jun Companion
(Less travel on jun)"
417838,"Avr|Jun Companion
(Less travel on jun)"
941092,"Few Trips a Year
(Traveling rarely)"
952955,"Avr|May Companion
(Less travel on may)"
994609,"Avr|Oct Companion
(Less travel on oct)"
433017,No Traveler
842054,"Avr|Mar Companion
(Less travel on mar)"
149884,"Avr|May Companion
(Less travel on may)"
957214,"Avr|Oct Companion
(Less travel on oct)"
909262,"Moderate travelers
(Current average)"
295795,"Winter Traveler
(December with someone)"
556879,No Traveler
616920,"Avr|Nov Companion
(Less travel on nov)"
725086,"Avr|May Companion
(Less travel on may)"
391939,"Avr|Jan Companion
(Less travel on jan)"
787001,"Avr|Nov Companion
(Less travel on nov)"
426720,"Avr|May Companion
(Less travel on may)"
891516,No Traveler
663757,"Avr|May Companion
(Less travel on may)"
830503,"Avr|Point Acumulator
(No companions)"
106397,"Avr|Jun Companion
(Less travel on jun)"
883212,"Avr|Jun Companion
(Less travel on jun)"
829684,"Avr|Point Acumulator
(No companions)"
806168,"Avr|Point Acumulator
(No companions)"
621951,"Avr|Mar Companion
(Less travel on mar)"
439350,"Avr|Dec Companion
(Less travel on dec)"
837215,"Avr|Dec Companion
(Less travel on dec)"
419776,"Avr|Dec Companion
(Less travel on dec)"
313538,"Avr|Jan Companion
(Less travel on jan)"
797854,No Traveler
100018,"Avr|Point Acumulator
(No companions)"
383969,"Holiday traveler
(summer companions, winter alone)"
611436,"Avr|Jan Companion
(Less travel on jan)"
552936,"Winter Traveler
(December with someone)"
127311,"Avr|Point Acumulator
(No companions)"
132705,"Avr|Dec Companion
(Less travel on dec)"
384336,"Avr|Mar Companion
(Less travel on mar)"
828353,"Avr|Point Acumulator
(No companions)"
502708,"Avr|Nov Companion
(Less travel on nov)"
535233,"Avr|Nov Companion
(Less travel on nov)"
276937,"Avr|Jan Companion
(Less travel on jan)"
857878,"Avr|Jan Companion
(Less travel on jan)"
730726,"Avr|Jan Companion
(Less travel on jan)"
749257,No Traveler
298813,"Few Trips a Year
(Traveling rarely)"
817168,"Avr|Point Acumulator
(No companions)"
425436,"Avr|Mar Companion
(Less travel on mar)"
620858,"Avr|Dec Companion
(Less travel on dec)"
170799,"Avr|May Companion
(Less travel on may)"
442879,"Avr|Jun Companion
(Less travel on jun)"
507503,"Avr|May Companion
(Less travel on may)"
952717,"Avr|Jun Companion
(Less travel on jun)"
119009,"Avr|Dec Companion
(Less travel on dec)"
734459,"Moderate travelers
(Current average)"
554712,No Traveler
307848,"Avr|Oct Companion
(Less travel on oct)"
581913,"Winter Traveler
(December with someone)"
159272,"Avr|May Companion
(Less travel on may)"
914352,No Traveler
675879,No Traveler
181139,"Avr|Feb Companion
(Less travel on feb)"
969313,"Moderate travelers
(Current average)"
702884,"Avr|Point Acumulator
(No companions)"
357381,"Avr|Mar Companion
(Less travel on mar)"
464447,"Avr|Jan Companion
(Less travel on jan)"
823740,"Moderate travelers
(Current average)"
950660,"Avr|May Companion
(Less travel on may)"
935420,"Avr|Oct Companion
(Less travel on oct)"
119015,No Traveler
153998,"Avr|Point Acumulator
(No companions)"
299359,"Avr|Jan Companion
(Less travel on jan)"
474342,"Avr|Feb Companion
(Less travel on feb)"
157902,"Winter Traveler
(December with someone)"
383421,"Avr|Nov Companion
(Less travel on nov)"
670294,"Avr|Nov Companion
(Less travel on nov)"
874044,"Avr|Oct Companion
(Less travel on oct)"
167016,"Avr|Feb Companion
(Less travel on feb)"
131036,"Holiday traveler
(summer companions, winter alone)"
253635,"Avr|Point Acumulator
(No companions)"
169699,"Few Trips a Year
(Traveling rarely)"
886299,"Few Trips a Year
(Traveling rarely)"
442831,"Few Trips a Year
(Traveling rarely)"
184754,"Avr|Feb Companion
(Less travel on feb)"
644945,"Avr|Jun Companion
(Less travel on jun)"
797714,"Avr|Point Acumulator
(No companions)"
419893,"Avr|Point Acumulator
(No companions)"
509223,"Winter Traveler
(December with someone)"
883255,"Avr|May Companion
(Less travel on may)"
371511,"Avr|Point Acumulator
(No companions)"
558451,"Avr|Mar Companion
(Less travel on mar)"
638004,"Few Trips a Year
(Traveling rarely)"
204935,"Avr|Feb Companion
(Less travel on feb)"
799690,"Avr|Oct Companion
(Less travel on oct)"
485281,"Avr|Mar Companion
(Less travel on mar)"
146560,No Traveler
157674,"Avr|May Companion
(Less travel on may)"
330343,"Moderate travelers
(Current average)"
828817,"Avr|Jan Companion
(Less travel on jan)"
953795,"Avr|Point Acumulator
(No companions)"
255333,"Avr|Oct Companion
(Less travel on oct)"
412803,"Moderate travelers
(Current average)"
515165,"Avr|Point Acumulator
(No companions)"
119460,"Avr|Jun Companion
(Less travel on jun)"
491244,No Traveler
209022,"Avr|Oct Companion
(Less travel on oct)"
691262,"Avr|Mar Companion
(Less travel on mar)"
480909,"Avr|Point Acumulator
(No companions)"
690797,"Holiday traveler
(summer companions, winter alone)"
635084,"Avr|Mar Companion
(Less travel on mar)"
614307,"Moderate travelers
(Current average)"
992476,"Moderate travelers
(Current average)"
215955,"Winter Traveler
(December with someone)"
436235,"Avr|Mar Companion
(Less travel on mar)"
566961,"Avr|May Companion
(Less travel on may)"
517867,"Avr|May Companion
(Less travel on may)"
457535,"Avr|Jun Companion
(Less travel on jun)"
205111,"Avr|Dec Companion
(Less travel on dec)"
733370,"Avr|Jun Companion
(Less travel on jun)"
791282,No Traveler
352092,"Avr|Jan Companion
(Less travel on jan)"
120126,"Few Trips a Year
(Traveling rarely)"
585978,"Winter Traveler
(December with someone)"
516474,"Avr|Jun Companion
(Less travel on jun)"
463971,"Avr|May Companion
(Less travel on may)"
365468,"Avr|Feb Companion
(Less travel on feb)"
478912,"Avr|Jan Companion
(Less travel on jan)"
748033,No Traveler
638207,"Avr|Mar Companion
(Less travel on mar)"
691077,"Avr|Nov Companion
(Less travel on nov)"
203698,"Avr|Point Acumulator
(No companions)"
293343,No Traveler
545421,"Avr|May Companion
(Less travel on may)"
621006,"Avr|Oct Companion
(Less travel on oct)"
799630,"Avr|Jun Companion
(Less travel on jun)"
534905,"Holiday traveler
(summer companions, winter alone)"
275287,"Avr|May Companion
(Less travel on may)"
205197,"Moderate travelers
(Current average)"
499482,"Winter Traveler
(December with someone)"
748682,"Avr|May Companion
(Less travel on may)"
230101,"Avr|Point Acumulator
(No companions)"
916317,No Traveler
744711,No Traveler
146028,"Avr|Oct Companion
(Less travel on oct)"
330783,"Few Trips a Year
(Traveling rarely)"
226804,No Traveler
575574,"Moderate travelers
(Current average)"
259532,"Avr|Jun Companion
(Less travel on jun)"
831545,No Traveler
246421,"Avr|Nov Companion
(Less travel on nov)"
625183,"Avr|Mar Companion
(Less travel on mar)"
901819,"Avr|Point Acumulator
(No companions)"
752826,"Avr|Feb Companion
(Less travel on feb)"
443595,"Avr|Nov Companion
(Less travel on nov)"
116164,"Few Trips a Year
(Traveling rarely)"
612703,"Avr|May Companion
(Less travel on may)"
444300,"Winter Traveler
(December with someone)"
449223,No Traveler
651959,"Avr|Point Acumulator
(No companions)"
763702,"Avr|Feb Companion
(Less travel on feb)"
876326,"Avr|Oct Companion
(Less travel on oct)"
726980,"Avr|Nov Companion
(Less travel on nov)"
652499,No Traveler
863432,"Moderate travelers
(Current average)"
661451,"Avr|Jun Companion
(Less travel on jun)"
384548,"Holiday traveler
(summer companions, winter alone)"
928238,"Moderate travelers
(Current average)"
943756,"Avr|Feb Companion
(Less travel on feb)"
680444,"Avr|Point Acumulator
(No companions)"
205413,"Avr|Mar Companion
(Less travel on mar)"
285767,"Few Trips a Year
(Traveling rarely)"
786287,"Avr|Jun Companion
(Less travel on jun)"
298063,"Avr|Nov Companion
(Less travel on nov)"
756646,"Avr|May Companion
(Less travel on may)"
996745,"Avr|Nov Companion
(Less travel on nov)"
995662,"Avr|Mar Companion
(Less travel on mar)"
272568,"Avr|Jun Companion
(Less travel on jun)"
276255,"Avr|Nov Companion
(Less travel on nov)"
390203,"Avr|Mar Companion
(Less travel on mar)"
943602,"Winter Traveler
(December with someone)"
549415,"Moderate travelers
(Current average)"
716690,"Avr|Point Acumulator
(No companions)"
406564,"Avr|Point Acumulator
(No companions)"
581999,"Avr|Feb Companion
(Less travel on feb)"
328198,"Avr|Jan Companion
(Less travel on jan)"
436874,"Avr|Nov Companion
(Less travel on nov)"
169131,No Traveler
381472,"Avr|Nov Companion
(Less travel on nov)"
149912,"Winter Traveler
(December with someone)"
564841,"Avr|Oct Companion
(Less travel on oct)"
416783,"Avr|Dec Companion
(Less travel on dec)"
452464,"Holiday traveler
(summer companions, winter alone)"
590621,No Traveler
827194,"Few Trips a Year
(Traveling rarely)"
389741,"Holiday traveler
(summer companions, winter alone)"
522866,"Avr|Dec Companion
(Less travel on dec)"
103970,"Avr|May Companion
(Less travel on may)"
115322,"Avr|Point Acumulator
(No companions)"
578788,No Traveler
725129,"Avr|Oct Companion
(Less travel on oct)"
849549,"Avr|Nov Companion
(Less travel on nov)"
680878,No Traveler
303246,"Avr|May Companion
(Less travel on may)"
523979,No Traveler
898514,"Winter Traveler
(December with someone)"
487228,"Holiday traveler
(summer companions, winter alone)"
857619,"Avr|Jun Companion
(Less travel on jun)"
393130,"Winter Traveler
(December with someone)"
238434,"Avr|Oct Companion
(Less travel on oct)"
276100,"Avr|Mar Companion
(Less travel on mar)"
733181,"Avr|Jan Companion
(Less travel on jan)"
276967,"Holiday traveler
(summer companions, winter alone)"
971318,"Avr|Jun Companion
(Less travel on jun)"
350271,"Winter Traveler
(December with someone)"
838993,"Few Trips a Year
(Traveling rarely)"
232450,"Avr|Nov Companion
(Less travel on nov)"
704559,"Avr|Dec Companion
(Less travel on dec)"
885474,"Avr|Point Acumulator
(No companions)"
804890,"Winter Traveler
(December with someone)"
752140,"Avr|Oct Companion
(Less travel on oct)"
164224,"Winter Traveler
(December with someone)"
522572,"Avr|Mar Companion
(Less travel on mar)"
963502,"Avr|Dec Companion
(Less travel on dec)"
429238,"Avr|Mar Companion
(Less travel on mar)"
647133,"Holiday traveler
(summer companions, winter alone)"
165759,"Avr|Nov Companion
(Less travel on nov)"
393309,"Avr|Point Acumulator
(No companions)"
311907,"Avr|Jun Companion
(Less travel on jun)"
437074,"Avr|Dec Companion
(Less travel on dec)"
200065,"Avr|May Companion
(Less travel on may)"
910391,"Avr|Point Acumulator
(No companions)"
548565,"Moderate travelers
(Current average)"
795283,"Avr|Oct Companion
(Less travel on oct)"
137968,"Holiday traveler
(summer companions, winter alone)"
836550,"Avr|Nov Companion
(Less travel on nov)"
840515,"Avr|May Companion
(Less travel on may)"
649802,"Avr|Dec Companion
(Less travel on dec)"
435156,"Avr|Feb Companion
(Less travel on feb)"
663270,"Moderate travelers
(Current average)"
465424,"Holiday traveler
(summer companions, winter alone)"
355126,"Avr|Oct Companion
(Less travel on oct)"
258184,"Avr|Nov Companion
(Less travel on nov)"
279693,"Avr|May Companion
(Less travel on may)"
336817,No Traveler
390980,"Avr|Dec Companion
(Less travel on dec)"
669065,"Avr|Oct Companion
(Less travel on oct)"
267566,"Avr|Jan Companion
(Less travel on jan)"
711319,No Traveler
683239,"Winter Traveler
(December with someone)"
387834,"Avr|Point Acumulator
(No companions)"
101709,"Avr|Nov Companion
(Less travel on nov)"
200321,"Avr|Oct Companion
(Less travel on oct)"
620480,"Avr|Oct Companion
(Less travel on oct)"
926277,"Avr|Point Acumulator
(No companions)"
216517,"Avr|Point Acumulator
(No companions)"
345238,"Moderate travelers
(Current average)"
515981,"Avr|Mar Companion
(Less travel on mar)"
270337,"Avr|Feb Companion
(Less travel on feb)"
117169,"Avr|Point Acumulator
(No companions)"
652194,"Avr|Jan Companion
(Less travel on jan)"
193917,"Avr|Dec Companion
(Less travel on dec)"
813868,No Traveler
364137,"Avr|May Companion
(Less travel on may)"
454668,"Moderate travelers
(Current average)"
493088,"Avr|Jun Companion
(Less travel on jun)"
508402,"Holiday traveler
(summer companions, winter alone)"
843233,"Avr|Jun Companion
(Less travel on jun)"
106444,"Holiday traveler
(summer companions, winter alone)"
833576,"Avr|Nov Companion
(Less travel on nov)"
782284,"Moderate travelers
(Current average)"
574542,"Avr|Feb Companion
(Less travel on feb)"
623903,"Avr|Dec Companion
(Less travel on dec)"
175711,"Holiday traveler
(summer companions, winter alone)"
239606,"Avr|Nov Companion
(Less travel on nov)"
272225,No Traveler
334224,"Avr|Feb Companion
(Less travel on feb)"
314718,"Avr|Point Acumulator
(No companions)"
830975,"Avr|Mar Companion
(Less travel on mar)"
258323,"Avr|Jan Companion
(Less travel on jan)"
117240,"Holiday traveler
(summer companions, winter alone)"
312074,"Avr|Jun Companion
(Less travel on jun)"
700705,"Moderate travelers
(Current average)"
281979,"Avr|Feb Companion
(Less travel on feb)"
670606,"Avr|Point Acumulator
(No companions)"
551055,"Avr|Mar Companion
(Less travel on mar)"
666761,"Holiday traveler
(summer companions, winter alone)"
777875,"Avr|Jan Companion
(Less travel on jan)"
803407,"Avr|Jun Companion
(Less travel on jun)"
128534,"Avr|Nov Companion
(Less travel on nov)"
513446,"Avr|Jan Companion
(Less travel on jan)"
607555,"Avr|Dec Companion
(Less travel on dec)"
709415,"Avr|Mar Companion
(Less travel on mar)"
855198,"Avr|Point Acumulator
(No companions)"
261957,"Avr|Nov Companion
(Less travel on nov)"
210734,"Avr|Nov Companion
(Less travel on nov)"
425940,"Avr|Jun Companion
(Less travel on jun)"
541410,"Winter Traveler
(December with someone)"
561321,"Avr|Jun Companion
(Less travel on jun)"
186942,"Avr|Feb Companion
(Less travel on feb)"
250280,"Avr|Dec Companion
(Less travel on dec)"
163301,No Traveler
742822,"Holiday traveler
(summer companions, winter alone)"
697477,"Avr|May Companion
(Less travel on may)"
364067,"Avr|Oct Companion
(Less travel on oct)"
878582,"Holiday traveler
(summer companions, winter alone)"
444646,"Avr|Nov Companion
(Less travel on nov)"
799655,"Avr|Jun Companion
(Less travel on jun)"
677717,"Few Trips a Year
(Traveling rarely)"
756065,"Avr|Mar Companion
(Less travel on mar)"
956438,"Avr|Dec Companion
(Less travel on dec)"
244652,"Avr|Point Acumulator
(No companions)"
366654,"Avr|Dec Companion
(Less travel on dec)"
461937,"Avr|Jun Companion
(Less travel on jun)"
758210,"Avr|Nov Companion
(Less travel on nov)"
262366,"Avr|Nov Companion
(Less travel on nov)"
575844,"Avr|Oct Companion
(Less travel on oct)"
577795,"Avr|Mar Companion
(Less travel on mar)"
644630,"Avr|Feb Companion
(Less travel on feb)"
779066,"Avr|Point Acumulator
(No companions)"
914088,"Avr|Jan Companion
(Less travel on jan)"
974630,"Avr|Jun Companion
(Less travel on jun)"
426981,"Avr|Point Acumulator
(No companions)"
539322,"Avr|Oct Companion
(Less travel on oct)"
171691,No Traveler
732524,"Avr|May Companion
(Less travel on may)"
701235,"Avr|Nov Companion
(Less travel on nov)"
178081,No Traveler
679638,"Avr|Nov Companion
(Less travel on nov)"
199810,"Avr|Dec Companion
(Less travel on dec)"
411533,"Avr|Point Acumulator
(No companions)"
747939,"Avr|Jan Companion
(Less travel on jan)"
641970,"Avr|Point Acumulator
(No companions)"
924153,"Moderate travelers
(Current average)"
625557,"Avr|May Companion
(Less travel on may)"
906615,"Avr|Point Acumulator
(No companions)"
682819,"Avr|Nov Companion
(Less travel on nov)"
179944,"Avr|Point Acumulator
(No companions)"
457605,No Traveler
795235,No Traveler
168385,"Avr|Nov Companion
(Less travel on nov)"
157300,"Holiday traveler
(summer companions, winter alone)"
472225,"Avr|Nov Companion
(Less travel on nov)"
331598,"Avr|Feb Companion
(Less travel on feb)"
311636,"Avr|Point Acumulator
(No companions)"
496668,No Traveler
153439,No Traveler
402251,"Avr|Feb Companion
(Less travel on feb)"
511226,No Traveler
525918,"Few Trips a Year
(Traveling rarely)"
782282,"Avr|Oct Companion
(Less travel on oct)"
341728,"Avr|Feb Companion
(Less travel on feb)"
155253,No Traveler
258067,"Holiday traveler
(summer companions, winter alone)"
950437,"Avr|Point Acumulator
(No companions)"
243734,"Holiday traveler
(summer companions, winter alone)"
613185,"Avr|Jan Companion
(Less travel on jan)"
809733,"Avr|Jun Companion
(Less travel on jun)"
547407,"Moderate travelers
(Current average)"
169603,No Traveler
275954,No Traveler
538877,"Avr|Point Acumulator
(No companions)"
812899,"Avr|Mar Companion
(Less travel on mar)"
875232,"Avr|Feb Companion
(Less travel on feb)"
572812,"Few Trips a Year
(Traveling rarely)"
834306,"Avr|Jan Companion
(Less travel on jan)"
256483,"Avr|Oct Companion
(Less travel on oct)"
565452,"Avr|Oct Companion
(Less travel on oct)"
638389,"Avr|May Companion
(Less travel on may)"
809216,"Avr|Feb Companion
(Less travel on feb)"
203815,"Few Trips a Year
(Traveling rarely)"
997395,"Avr|Feb Companion
(Less travel on feb)"
426439,"Avr|Nov Companion
(Less travel on nov)"
465891,"Few Trips a Year
(Traveling rarely)"
380247,"Avr|Oct Companion
(Less travel on oct)"
662380,"Avr|Feb Companion
(Less travel on feb)"
753814,"Avr|Point Acumulator
(No companions)"
917585,"Avr|Point Acumulator
(No companions)"
496686,"Few Trips a Year
(Traveling rarely)"
544493,"Avr|Dec Companion
(Less travel on dec)"
919055,No Traveler
290638,"Avr|Mar Companion
(Less travel on mar)"
632556,"Avr|Mar Companion
(Less travel on mar)"
815541,"Avr|May Companion
(Less travel on may)"
840120,"Avr|Point Acumulator
(No companions)"
177814,No Traveler
817822,"Avr|Mar Companion
(Less travel on mar)"
248461,"Avr|Feb Companion
(Less travel on feb)"
636293,"Avr|Point Acumulator
(No companions)"
210205,"Avr|May Companion
(Less travel on may)"
262336,"Avr|Mar Companion
(Less travel on mar)"
583718,"Avr|Mar Companion
(Less travel on mar)"
927887,"Avr|Dec Companion
(Less travel on dec)"
166537,"Avr|Jan Companion
(Less travel on jan)"
586076,No Traveler
233958,"Avr|Jan Companion
(Less travel on jan)"
523188,No Traveler
675405,"Avr|Point Acumulator
(No companions)"
705633,No Traveler
203033,"Avr|Feb Companion
(Less travel on feb)"
427036,"Avr|Point Acumulator
(No companions)"
549982,"Avr|May Companion
(Less travel on may)"
184735,"Avr|Oct Companion
(Less travel on oct)"
298712,"Avr|Mar Companion
(Less travel on mar)"
453448,"Holiday traveler
(summer companions, winter alone)"
608159,"Avr|Point Acumulator
(No companions)"
416940,"Few Trips a Year
(Traveling rarely)"
455068,"Avr|May Companion
(Less travel on may)"
139974,No Traveler
794951,"Few Trips a Year
(Traveling rarely)"
942703,"Avr|Oct Companion
(Less travel on oct)"
655016,"Few Trips a Year
(Traveling rarely)"
688168,"Avr|May Companion
(Less travel on may)"
530051,"Avr|Jun Companion
(Less travel on jun)"
917998,"Moderate travelers
(Current average)"
288735,"Avr|Dec Companion
(Less travel on dec)"
529579,No Traveler
891179,"Avr|Point Acumulator
(No companions)"
882353,"Avr|Oct Companion
(Less travel on oct)"
899883,"Few Trips a Year
(Traveling rarely)"
597981,"Avr|Mar Companion
(Less travel on mar)"
391927,"Avr|Point Acumulator
(No companions)"
454022,"Avr|Dec Companion
(Less travel on dec)"
784608,"Moderate travelers
(Current average)"
357138,"Avr|Feb Companion
(Less travel on feb)"
538770,"Avr|Nov Companion
(Less travel on nov)"
670215,"Avr|Dec Companion
(Less travel on dec)"
794502,"Avr|Point Acumulator
(No companions)"
327098,"Avr|Feb Companion
(Less travel on feb)"
963757,"Avr|Feb Companion
(Less travel on feb)"
640163,No Traveler
398819,"Avr|Jun Companion
(Less travel on jun)"
369091,"Avr|Nov Companion
(Less travel on nov)"
716961,"Avr|Dec Companion
(Less travel on dec)"
250586,"Avr|Jun Companion
(Less travel on jun)"
769361,"Avr|Oct Companion
(Less travel on oct)"
735666,"Avr|Jun Companion
(Less travel on jun)"
190791,"Avr|Feb Companion
(Less travel on feb)"
390022,No Traveler
416575,"Avr|Dec Companion
(Less travel on dec)"
500788,"Avr|Point Acumulator
(No companions)"
396267,"Avr|Feb Companion
(Less travel on feb)"
952222,"Avr|Mar Companion
(Less travel on mar)"
873045,"Avr|May Companion
(Less travel on may)"
990598,"Avr|Feb Companion
(Less travel on feb)"
384750,"Avr|Jun Companion
(Less travel on jun)"
665100,"Avr|Jun Companion
(Less travel on jun)"
235454,"Few Trips a Year
(Traveling rarely)"
833998,"Avr|Jun Companion
(Less travel on jun)"
175804,"Avr|Jan Companion
(Less travel on jan)"
861879,"Avr|Jun Companion
(Less travel on jun)"
443985,"Avr|Mar Companion
(Less travel on mar)"
701617,"Avr|Dec Companion
(Less travel on dec)"
394979,"Moderate travelers
(Current average)"
464220,"Avr|Point Acumulator
(No companions)"
245800,"Avr|Point Acumulator
(No companions)"
952959,"Avr|Feb Companion
(Less travel on feb)"
617484,"Moderate travelers
(Current average)"
430618,"Avr|Point Acumulator
(No companions)"
276947,"Winter Traveler
(December with someone)"
417825,"Avr|Nov Companion
(Less travel on nov)"
622302,No Traveler
397947,"Avr|Jan Companion
(Less travel on jan)"
139518,"Avr|Point Acumulator
(No companions)"
592966,"Moderate travelers
(Current average)"
321734,"Winter Traveler
(December with someone)"
912128,"Avr|May Companion
(Less travel on may)"
135578,"Avr|Point Acumulator
(No companions)"
933807,"Avr|May Companion
(Less travel on may)"
142190,"Moderate travelers
(Current average)"
574506,"Few Trips a Year
(Traveling rarely)"
408886,"Avr|Oct Companion
(Less travel on oct)"
101664,"Avr|Nov Companion
(Less travel on nov)"
307049,"Avr|Nov Companion
(Less travel on nov)"
726544,"Winter Traveler
(December with someone)"
337453,"Avr|Point Acumulator
(No companions)"
166239,"Avr|May Companion
(Less travel on may)"
711625,"Avr|Jan Companion
(Less travel on jan)"
223313,"Few Trips a Year
(Traveling rarely)"
833052,"Avr|Jun Companion
(Less travel on jun)"
194009,"Holiday traveler
(summer companions, winter alone)"
288636,"Holiday traveler
(summer companions, winter alone)"
391900,"Few Trips a Year
(Traveling rarely)"
499128,"Avr|Jan Companion
(Less travel on jan)"
743798,"Moderate travelers
(Current average)"
779159,"Moderate travelers
(Current average)"
899825,"Avr|Jun Companion
(Less travel on jun)"
756355,"Moderate travelers
(Current average)"
175584,"Avr|Point Acumulator
(No companions)"
435097,"Avr|Jun Companion
(Less travel on jun)"
612162,"Avr|Jun Companion
(Less travel on jun)"
797991,"Avr|Dec Companion
(Less travel on dec)"
996086,"Avr|Mar Companion
(Less travel on mar)"
499945,"Avr|Jun Companion
(Less travel on jun)"
878929,"Holiday traveler
(summer companions, winter alone)"
362841,"Avr|Jun Companion
(Less travel on jun)"
921489,"Avr|Jun Companion
(Less travel on jun)"
166705,"Avr|Point Acumulator
(No companions)"
927676,"Avr|Mar Companion
(Less travel on mar)"
439068,No Traveler
926058,No Traveler
880580,No Traveler
970637,"Avr|Dec Companion
(Less travel on dec)"
979703,"Avr|Feb Companion
(Less travel on feb)"
213480,"Avr|Feb Companion
(Less travel on feb)"
921403,No Traveler
216040,"Avr|Point Acumulator
(No companions)"
981536,"Moderate travelers
(Current average)"
404801,"Winter Traveler
(December with someone)"
400272,"Avr|Mar Companion
(Less travel on mar)"
772081,"Winter Traveler
(December with someone)"
817074,"Few Trips a Year
(Traveling rarely)"
756317,"Holiday traveler
(summer companions, winter alone)"
950593,"Avr|Point Acumulator
(No companions)"
794677,"Avr|Point Acumulator
(No companions)"
123344,"Avr|Dec Companion
(Less travel on dec)"
149318,"Avr|Nov Companion
(Less travel on nov)"
199374,"Avr|May Companion
(Less travel on may)"
713465,"Moderate travelers
(Current average)"
716533,"Avr|Point Acumulator
(No companions)"
411583,"Avr|Mar Companion
(Less travel on mar)"
572505,No Traveler
236701,No Traveler
394927,"Holiday traveler
(summer companions, winter alone)"
523210,"Avr|Jan Companion
(Less travel on jan)"
532592,"Avr|Oct Companion
(Less travel on oct)"
116016,"Avr|Jun Companion
(Less travel on jun)"
376072,"Avr|Jun Companion
(Less travel on jun)"
494498,"Avr|Point Acumulator
(No companions)"
618409,"Moderate travelers
(Current average)"
201365,"Avr|Feb Companion
(Less travel on feb)"
206108,"Avr|Jan Companion
(Less travel on jan)"
997121,"Few Trips a Year
(Traveling rarely)"
379446,"Winter Traveler
(December with someone)"
337980,"Avr|Oct Companion
(Less travel on oct)"
876269,"Avr|Oct Companion
(Less travel on oct)"
322606,"Avr|Point Acumulator
(No companions)"
342583,"Avr|Dec Companion
(Less travel on dec)"
770634,"Avr|Dec Companion
(Less travel on dec)"
191869,"Avr|Dec Companion
(Less travel on dec)"
138565,"Moderate travelers
(Current average)"
420439,"Avr|May Companion
(Less travel on may)"
991638,"Avr|May Companion
(Less travel on may)"
850828,"Avr|Dec Companion
(Less travel on dec)"
950356,"Avr|Mar Companion
(Less travel on mar)"
212848,"Holiday traveler
(summer companions, winter alone)"
208584,"Avr|Feb Companion
(Less travel on feb)"
401645,"Avr|Mar Companion
(Less travel on mar)"
135554,"Few Trips a Year
(Traveling rarely)"
422204,"Avr|Nov Companion
(Less travel on nov)"
663402,"Avr|Feb Companion
(Less travel on feb)"
908120,"Avr|May Companion
(Less travel on may)"
327285,"Avr|Feb Companion
(Less travel on feb)"
454073,"Avr|Dec Companion
(Less travel on dec)"
778865,"Avr|Mar Companion
(Less travel on mar)"
593651,"Moderate travelers
(Current average)"
152007,"Few Trips a Year
(Traveling rarely)"
195684,No Traveler
737477,"Avr|Jan Companion
(Less travel on jan)"
975749,"Avr|Point Acumulator
(No companions)"
966512,"Few Trips a Year
(Traveling rarely)"
255818,"Few Trips a Year
(Traveling rarely)"
396018,"Avr|Oct Companion
(Less travel on oct)"
854835,"Few Trips a Year
(Traveling rarely)"
550575,No Traveler
917983,"Avr|Point Acumulator
(No companions)"
555947,"Holiday traveler
(summer companions, winter alone)"
879177,"Avr|Point Acumulator
(No companions)"
936010,No Traveler
116332,"Avr|Point Acumulator
(No companions)"
313681,"Avr|Point Acumulator
(No companions)"
118514,No Traveler
624065,"Avr|Oct Companion
(Less travel on oct)"
589765,"Avr|Dec Companion
(Less travel on dec)"
812149,"Avr|Jan Companion
(Less travel on jan)"
820541,"Avr|Point Acumulator
(No companions)"
509149,"Avr|Feb Companion
(Less travel on feb)"
496233,"Avr|Point Acumulator
(No companions)"
579438,No Traveler
955479,"Avr|Jan Companion
(Less travel on jan)"
159856,"Avr|Point Acumulator
(No companions)"
113476,"Avr|Oct Companion
(Less travel on oct)"
707754,"Avr|Point Acumulator
(No companions)"
918042,"Avr|Point Acumulator
(No companions)"
972994,"Avr|Mar Companion
(Less travel on mar)"
110262,"Few Trips a Year
(Traveling rarely)"
304764,"Winter Traveler
(December with someone)"
923680,"Avr|Nov Companion
(Less travel on nov)"
261468,"Avr|Jan Companion
(Less travel on jan)"
240761,"Few Trips a Year
(Traveling rarely)"
689477,"Avr|Point Acumulator
(No companions)"
959977,"Holiday traveler
(summer companions, winter alone)"
858013,"Avr|Feb Companion
(Less travel on feb)"
941380,"Avr|May Companion
(Less travel on may)"
773986,"Avr|Feb Companion
(Less travel on feb)"
464114,"Winter Traveler
(December with someone)"
268293,"Avr|Feb Companion
(Less travel on feb)"
929097,"Avr|Jan Companion
(Less travel on jan)"
492159,"Avr|Point Acumulator
(No companions)"
565876,"Avr|Point Acumulator
(No companions)"
248885,"Avr|Oct Companion
(Less travel on oct)"
768010,"Holiday traveler
(summer companions, winter alone)"
817573,"Avr|Feb Companion
(Less travel on feb)"
263339,"Avr|Feb Companion
(Less travel on feb)"
848804,"Avr|Feb Companion
(Less travel on feb)"
871045,"Avr|Mar Companion
(Less travel on mar)"
123420,"Avr|Dec Companion
(Less travel on dec)"
179042,"Avr|Feb Companion
(Less travel on feb)"
883002,"Avr|Dec Companion
(Less travel on dec)"
693852,"Avr|Mar Companion
(Less travel on mar)"
618817,"Avr|Oct Companion
(Less travel on oct)"
446096,No Traveler
201898,No Traveler
243455,"Avr|Jun Companion
(Less travel on jun)"
514235,"Avr|May Companion
(Less travel on may)"
858453,"Moderate travelers
(Current average)"
972795,"Holiday traveler
(summer companions, winter alone)"
875560,"Avr|Dec Companion
(Less travel on dec)"
980494,No Traveler
699397,"Avr|Point Acumulator
(No companions)"
561053,"Avr|Jun Companion
(Less travel on jun)"
898229,"Avr|Mar Companion
(Less travel on mar)"
173356,"Avr|Nov Companion
(Less travel on nov)"
663382,"Avr|Oct Companion
(Less travel on oct)"
462247,"Few Trips a Year
(Traveling rarely)"
533365,"Avr|Dec Companion
(Less travel on dec)"
619404,"Avr|May Companion
(Less travel on may)"
370014,"Avr|Nov Companion
(Less travel on nov)"
672308,"Avr|Jun Companion
(Less travel on jun)"
855190,No Traveler
647726,"Avr|Point Acumulator
(No companions)"
112026,"Avr|Dec Companion
(Less travel on dec)"
853540,"Avr|Mar Companion
(Less travel on mar)"
755014,"Avr|May Companion
(Less travel on may)"
212707,"Avr|Nov Companion
(Less travel on nov)"
120192,"Avr|Point Acumulator
(No companions)"
201475,"Holiday traveler
(summer companions, winter alone)"
374941,"Avr|May Companion
(Less travel on may)"
502141,"Moderate travelers
(Current average)"
332430,"Avr|Feb Companion
(Less travel on feb)"
941882,"Avr|Feb Companion
(Less travel on feb)"
872814,"Avr|Oct Companion
(Less travel on oct)"
969378,"Avr|Nov Companion
(Less travel on nov)"
902562,"Avr|Jan Companion
(Less travel on jan)"
998580,"Moderate travelers
(Current average)"
606600,"Avr|Feb Companion
(Less travel on feb)"
329826,"Avr|Oct Companion
(Less travel on oct)"
723912,"Avr|Feb Companion
(Less travel on feb)"
491513,"Avr|Point Acumulator
(No companions)"
192355,"Moderate travelers
(Current average)"
651645,No Traveler
147602,"Avr|Dec Companion
(Less travel on dec)"
514042,"Holiday traveler
(summer companions, winter alone)"
945703,"Holiday traveler
(summer companions, winter alone)"
828852,"Avr|Oct Companion
(Less travel on oct)"
381748,"Avr|Point Acumulator
(No companions)"
533950,"Avr|Mar Companion
(Less travel on mar)"
131721,"Avr|Jan Companion
(Less travel on jan)"
314842,"Avr|Point Acumulator
(No companions)"
138873,No Traveler
135872,No Traveler
863093,No Traveler
812373,"Avr|May Companion
(Less travel on may)"
618523,"Avr|May Companion
(Less travel on may)"
705113,"Moderate travelers
(Current average)"
659112,"Avr|Feb Companion
(Less travel on feb)"
765955,"Avr|May Companion
(Less travel on may)"
375814,"Avr|May Companion
(Less travel on may)"
969687,"Avr|Dec Companion
(Less travel on dec)"
289732,"Moderate travelers
(Current average)"
585275,"Avr|Nov Companion
(Less travel on nov)"
710364,"Avr|Jan Companion
(Less travel on jan)"
419275,"Moderate travelers
(Current average)"
264145,"Avr|May Companion
(Less travel on may)"
658726,"Few Trips a Year
(Traveling rarely)"
256920,No Traveler
314898,"Avr|Point Acumulator
(No companions)"
284362,"Avr|Oct Companion
(Less travel on oct)"
792932,No Traveler
198713,"Moderate travelers
(Current average)"
713853,"Avr|May Companion
(Less travel on may)"
349490,"Avr|Jun Companion
(Less travel on jun)"
369242,"Avr|Point Acumulator
(No companions)"
985320,No Traveler
921886,"Avr|Jan Companion
(Less travel on jan)"
189836,"Avr|Feb Companion
(Less travel on feb)"
788870,"Avr|Jun Companion
(Less travel on jun)"
753456,"Winter Traveler
(December with someone)"
759847,"Few Trips a Year
(Traveling rarely)"
605790,"Avr|Nov Companion
(Less travel on nov)"
984086,"Avr|Oct Companion
(Less travel on oct)"
442249,"Avr|Feb Companion
(Less travel on feb)"
858222,No Traveler
866295,"Avr|Jan Companion
(Less travel on jan)"
546827,"Avr|Nov Companion
(Less travel on nov)"
938822,"Avr|Jun Companion
(Less travel on jun)"
300606,"Avr|Dec Companion
(Less travel on dec)"
392335,"Avr|Mar Companion
(Less travel on mar)"
189822,"Avr|Point Acumulator
(No companions)"
678243,"Avr|Feb Companion
(Less travel on feb)"
138025,No Traveler
290554,"Avr|Nov Companion
(Less travel on nov)"
681593,"Holiday traveler
(summer companions, winter alone)"
705006,"Avr|Jan Companion
(Less travel on jan)"
907077,"Avr|Point Acumulator
(No companions)"
842793,"Avr|Feb Companion
(Less travel on feb)"
273144,"Avr|Point Acumulator
(No companions)"
895346,"Avr|Point Acumulator
(No companions)"
826149,"Avr|Jan Companion
(Less travel on jan)"
459128,"Avr|Mar Companion
(Less travel on mar)"
649994,"Avr|Point Acumulator
(No companions)"
413101,"Avr|Dec Companion
(Less travel on dec)"
165893,"Avr|Nov Companion
(Less travel on nov)"
206207,"Avr|Feb Companion
(Less travel on feb)"
697162,"Holiday traveler
(summer companions, winter alone)"
222102,"Avr|Dec Companion
(Less travel on dec)"
752259,"Avr|Mar Companion
(Less travel on mar)"
577278,"Winter Traveler
(December with someone)"
685546,"Avr|Jun Companion
(Less travel on jun)"
931657,"Avr|Point Acumulator
(No companions)"
486143,"Avr|Point Acumulator
(No companions)"
148767,"Avr|Oct Companion
(Less travel on oct)"
696864,"Avr|Nov Companion
(Less travel on nov)"
437403,"Few Trips a Year
(Traveling rarely)"
672649,No Traveler
894532,No Traveler
767648,"Avr|Mar Companion
(Less travel on mar)"
521225,"Avr|Mar Companion
(Less travel on mar)"
521486,"Avr|Jun Companion
(Less travel on jun)"
956477,"Avr|Jun Companion
(Less travel on jun)"
225920,"Avr|Nov Companion
(Less travel on nov)"
365596,"Avr|Jan Companion
(Less travel on jan)"
251874,"Avr|May Companion
(Less travel on may)"
660684,"Avr|Jan Companion
(Less travel on jan)"
839494,No Traveler
432200,"Avr|Mar Companion
(Less travel on mar)"
467631,"Avr|May Companion
(Less travel on may)"
540109,"Avr|May Companion
(Less travel on may)"
893294,"Avr|Jan Companion
(Less travel on jan)"
919285,"Avr|Point Acumulator
(No companions)"
684491,"Avr|Feb Companion
(Less travel on feb)"
405318,"Avr|Jan Companion
(Less travel on jan)"
266757,"Avr|Point Acumulator
(No companions)"
643912,"Avr|Point Acumulator
(No companions)"
593386,"Moderate travelers
(Current average)"
654122,"Avr|Oct Companion
(Less travel on oct)"
668843,"Avr|Oct Companion
(Less travel on oct)"
707424,"Avr|Nov Companion
(Less travel on nov)"
725962,"Winter Traveler
(December with someone)"
411686,"Avr|Point Acumulator
(No companions)"
481860,No Traveler
164017,"Holiday traveler
(summer companions, winter alone)"
812417,"Avr|May Companion
(Less travel on may)"
473786,"Avr|Point Acumulator
(No companions)"
732368,"Avr|Dec Companion
(Less travel on dec)"
124761,"Avr|Dec Companion
(Less travel on dec)"
126581,"Avr|Mar Companion
(Less travel on mar)"
502390,"Avr|Mar Companion
(Less travel on mar)"
940760,"Avr|Oct Companion
(Less travel on oct)"
914609,"Avr|Point Acumulator
(No companions)"
717250,"Avr|Jun Companion
(Less travel on jun)"
768996,"Avr|May Companion
(Less travel on may)"
932526,"Holiday traveler
(summer companions, winter alone)"
323542,"Avr|Feb Companion
(Less travel on feb)"
637580,"Avr|Jan Companion
(Less travel on jan)"
183208,"Avr|May Companion
(Less travel on may)"
131342,"Avr|Oct Companion
(Less travel on oct)"
331094,"Winter Traveler
(December with someone)"
424126,"Avr|May Companion
(Less travel on may)"
869226,"Avr|Point Acumulator
(No companions)"
437357,"Avr|May Companion
(Less travel on may)"
485040,"Avr|May Companion
(Less travel on may)"
840376,"Avr|Feb Companion
(Less travel on feb)"
187887,"Avr|Oct Companion
(Less travel on oct)"
113679,"Avr|Point Acumulator
(No companions)"
188542,"Avr|May Companion
(Less travel on may)"
579990,"Avr|Dec Companion
(Less travel on dec)"
295412,"Avr|Oct Companion
(Less travel on oct)"
523904,"Avr|Nov Companion
(Less travel on nov)"
702269,"Winter Traveler
(December with someone)"
561917,"Winter Traveler
(December with someone)"
169665,"Avr|Jun Companion
(Less travel on jun)"
178720,"Avr|Jan Companion
(Less travel on jan)"
813725,"Avr|Dec Companion
(Less travel on dec)"
819315,No Traveler
882544,"Avr|May Companion
(Less travel on may)"
853704,"Avr|Point Acumulator
(No companions)"
521252,"Avr|Mar Companion
(Less travel on mar)"
538550,"Avr|Mar Companion
(Less travel on mar)"
851931,"Avr|Nov Companion
(Less travel on nov)"
704603,"Avr|May Companion
(Less travel on may)"
872079,"Winter Traveler
(December with someone)"
622527,"Avr|Point Acumulator
(No companions)"
992488,"Avr|May Companion
(Less travel on may)"
616746,"Few Trips a Year
(Traveling rarely)"
714379,"Avr|May Companion
(Less travel on may)"
242917,"Avr|Jan Companion
(Less travel on jan)"
986055,"Avr|Dec Companion
(Less travel on dec)"
601940,"Avr|May Companion
(Less travel on may)"
740754,"Holiday traveler
(summer companions, winter alone)"
882466,"Avr|Point Acumulator
(No companions)"
216139,"Avr|Dec Companion
(Less travel on dec)"
759899,"Avr|Oct Companion
(Less travel on oct)"
122283,"Few Trips a Year
(Traveling rarely)"
227293,"Moderate travelers
(Current average)"
669368,"Avr|Jun Companion
(Less travel on jun)"
696199,"Moderate travelers
(Current average)"
904920,"Avr|Dec Companion
(Less travel on dec)"
781777,"Avr|Point Acumulator
(No companions)"
344671,"Winter Traveler
(December with someone)"
274204,"Avr|Feb Companion
(Less travel on feb)"
312933,"Avr|Nov Companion
(Less travel on nov)"
576184,"Avr|Mar Companion
(Less travel on mar)"
682356,"Avr|Feb Companion
(Less travel on feb)"
861470,"Few Trips a Year
(Traveling rarely)"
904736,"Avr|Jan Companion
(Less travel on jan)"
539739,No Traveler
213934,"Moderate travelers
(Current average)"
461199,"Moderate travelers
(Current average)"
719162,"Few Trips a Year
(Traveling rarely)"
818940,"Winter Traveler
(December with someone)"
563217,"Avr|Nov Companion
(Less travel on nov)"
362293,"Moderate travelers
(Current average)"
564305,No Traveler
659205,"Avr|Dec Companion
(Less travel on dec)"
329302,"Avr|Jun Companion
(Less travel on jun)"
280588,"Avr|May Companion
(Less travel on may)"
694512,"Avr|Oct Companion
(Less travel on oct)"
680485,No Traveler
744612,"Avr|Nov Companion
(Less travel on nov)"
444154,"Moderate travelers
(Current average)"
828040,No Traveler
127279,"Moderate travelers
(Current average)"
584564,"Avr|Mar Companion
(Less travel on mar)"
460943,"Few Trips a Year
(Traveling rarely)"
296141,No Traveler
176521,"Holiday traveler
(summer companions, winter alone)"
314317,"Avr|Mar Companion
(Less travel on mar)"
357567,"Avr|Nov Companion
(Less travel on nov)"
734791,"Avr|Oct Companion
(Less travel on oct)"
977274,"Avr|Point Acumulator
(No companions)"
202182,"Avr|Point Acumulator
(No companions)"
522758,"Avr|Dec Companion
(Less travel on dec)"
389488,"Avr|Jan Companion
(Less travel on jan)"
355515,"Moderate travelers
(Current average)"
979983,"Winter Traveler
(December with someone)"
974606,"Avr|Oct Companion
(Less travel on oct)"
360730,"Avr|Point Acumulator
(No companions)"
221775,"Avr|Jan Companion
(Less travel on jan)"
116045,"Avr|Point Acumulator
(No companions)"
492433,"Avr|Jan Companion
(Less travel on jan)"
516133,"Avr|Jan Companion
(Less travel on jan)"
351897,"Holiday traveler
(summer companions, winter alone)"
399704,"Avr|Jun Companion
(Less travel on jun)"
423254,"Avr|Mar Companion
(Less travel on mar)"
946645,No Traveler
687463,"Avr|Nov Companion
(Less travel on nov)"
915286,"Avr|Point Acumulator
(No companions)"
696504,"Avr|Mar Companion
(Less travel on mar)"
954293,"Winter Traveler
(December with someone)"
225576,"Avr|May Companion
(Less travel on may)"
605269,"Avr|Mar Companion
(Less travel on mar)"
726688,"Avr|Dec Companion
(Less travel on dec)"
795840,"Avr|Dec Companion
(Less travel on dec)"
802002,"Avr|Mar Companion
(Less travel on mar)"
883155,"Moderate travelers
(Current average)"
664493,"Avr|Jan Companion
(Less travel on jan)"
967502,"Holiday traveler
(summer companions, winter alone)"
560990,"Winter Traveler
(December with someone)"
530955,"Avr|Jun Companion
(Less travel on jun)"
929302,"Avr|Mar Companion
(Less travel on mar)"
515134,"Avr|Nov Companion
(Less travel on nov)"
645244,"Avr|Dec Companion
(Less travel on dec)"
959673,"Moderate travelers
(Current average)"
856830,"Avr|Jan Companion
(Less travel on jan)"
339573,"Avr|Point Acumulator
(No companions)"
267717,"Winter Traveler
(December with someone)"
676408,"Avr|May Companion
(Less travel on may)"
423228,"Avr|Point Acumulator
(No companions)"
307033,"Moderate travelers
(Current average)"
484774,No Traveler
573458,"Avr|Mar Companion
(Less travel on mar)"
372755,"Avr|Jan Companion
(Less travel on jan)"
909260,"Avr|May Companion
(Less travel on may)"
811335,"Avr|May Companion
(Less travel on may)"
460770,No Traveler
742281,"Avr|Oct Companion
(Less travel on oct)"
238442,"Avr|Jan Companion
(Less travel on jan)"
535482,"Moderate travelers
(Current average)"
131321,"Avr|May Companion
(Less travel on may)"
645114,"Winter Traveler
(December with someone)"
429244,"Avr|Jan Companion
(Less travel on jan)"
951719,"Avr|Dec Companion
(Less travel on dec)"
336281,"Avr|Dec Companion
(Less travel on dec)"
673424,"Avr|Oct Companion
(Less travel on oct)"
927703,"Avr|Feb Companion
(Less travel on feb)"
636813,"Avr|Nov Companion
(Less travel on nov)"
967490,"Avr|Nov Companion
(Less travel on nov)"
256360,"Avr|Mar Companion
(Less travel on mar)"
658076,"Winter Traveler
(December with someone)"
933682,"Holiday traveler
(summer companions, winter alone)"
241468,No Traveler
728386,"Winter Traveler
(December with someone)"
738890,No Traveler
405928,"Avr|Point Acumulator
(No companions)"
475532,"Avr|Point Acumulator
(No companions)"
198147,"Avr|Jan Companion
(Less travel on jan)"
234435,"Avr|Point Acumulator
(No companions)"
302839,"Holiday traveler
(summer companions, winter alone)"
566182,"Few Trips a Year
(Traveling rarely)"
721973,"Avr|Feb Companion
(Less travel on feb)"
458745,"Few Trips a Year
(Traveling rarely)"
246736,"Avr|Point Acumulator
(No companions)"
703374,"Winter Traveler
(December with someone)"
275637,"Avr|Jan Companion
(Less travel on jan)"
148487,"Avr|Oct Companion
(Less travel on oct)"
581531,"Avr|Oct Companion
(Less travel on oct)"
685631,"Few Trips a Year
(Traveling rarely)"
863223,"Avr|Dec Companion
(Less travel on dec)"
519742,"Avr|Point Acumulator
(No companions)"
526481,"Avr|May Companion
(Less travel on may)"
517538,"Moderate travelers
(Current average)"
707762,No Traveler
261125,"Avr|Mar Companion
(Less travel on mar)"
108666,"Avr|Dec Companion
(Less travel on dec)"
560149,"Avr|May Companion
(Less travel on may)"
624487,"Avr|Feb Companion
(Less travel on feb)"
884875,"Avr|Jan Companion
(Less travel on jan)"
199603,"Avr|Mar Companion
(Less travel on mar)"
444652,No Traveler
698510,"Avr|Jan Companion
(Less travel on jan)"
565602,"Avr|Nov Companion
(Less travel on nov)"
891604,"Moderate travelers
(Current average)"
356828,"Avr|Jun Companion
(Less travel on jun)"
478890,"Moderate travelers
(Current average)"
930774,"Winter Traveler
(December with someone)"
789892,"Avr|Oct Companion
(Less travel on oct)"
856348,"Avr|Point Acumulator
(No companions)"
932623,"Avr|Point Acumulator
(No companions)"
436041,"Few Trips a Year
(Traveling rarely)"
372111,"Avr|Point Acumulator
(No companions)"
878518,No Traveler
872752,"Winter Traveler
(December with someone)"
432941,No Traveler
607997,"Avr|Mar Companion
(Less travel on mar)"
720131,"Winter Traveler
(December with someone)"
913153,No Traveler
263592,"Avr|Jun Companion
(Less travel on jun)"
472719,"Avr|May Companion
(Less travel on may)"
924630,"Avr|Jun Companion
(Less travel on jun)"
786255,"Avr|Nov Companion
(Less travel on nov)"
857771,"Few Trips a Year
(Traveling rarely)"
803177,No Traveler
717891,"Avr|Dec Companion
(Less travel on dec)"
946070,"Avr|Point Acumulator
(No companions)"
580554,"Avr|Feb Companion
(Less travel on feb)"
891727,"Avr|Point Acumulator
(No companions)"
208517,"Avr|May Companion
(Less travel on may)"
354547,"Avr|Mar Companion
(Less travel on mar)"
941683,"Avr|Point Acumulator
(No companions)"
412429,No Traveler
912252,"Avr|Nov Companion
(Less travel on nov)"
628475,"Avr|Feb Companion
(Less travel on feb)"
201273,"Winter Traveler
(December with someone)"
733728,"Avr|Dec Companion
(Less travel on dec)"
733096,"Avr|Jun Companion
(Less travel on jun)"
776453,"Avr|Nov Companion
(Less travel on nov)"
761613,"Avr|Point Acumulator
(No companions)"
932244,No Traveler
630711,"Avr|Feb Companion
(Less travel on feb)"
589101,"Avr|May Companion
(Less travel on may)"
980338,"Avr|Dec Companion
(Less travel on dec)"
828731,"Avr|Point Acumulator
(No companions)"
456367,"Avr|Feb Companion
(Less travel on feb)"
242304,"Avr|Feb Companion
(Less travel on feb)"
929913,"Avr|Nov Companion
(Less travel on nov)"
709238,"Avr|Jun Companion
(Less travel on jun)"
606214,"Avr|Mar Companion
(Less travel on mar)"
295327,"Avr|Point Acumulator
(No companions)"
419748,"Avr|Point Acumulator
(No companions)"
540380,No Traveler
851981,"Avr|Jun Companion
(Less travel on jun)"
948693,"Avr|May Companion
(Less travel on may)"
247391,No Traveler
937228,"Avr|Point Acumulator
(No companions)"
667634,"Avr|Jan Companion
(Less travel on jan)"
840059,"Avr|May Companion
(Less travel on may)"
884522,"Avr|Jan Companion
(Less travel on jan)"
102376,"Holiday traveler
(summer companions, winter alone)"
259110,"Avr|Point Acumulator
(No companions)"
470671,"Avr|Point Acumulator
(No companions)"
189775,"Avr|Nov Companion
(Less travel on nov)"
646189,"Avr|Mar Companion
(Less travel on mar)"
253466,"Avr|May Companion
(Less travel on may)"
283807,"Avr|Nov Companion
(Less travel on nov)"
312630,"Holiday traveler
(summer companions, winter alone)"
918017,"Holiday traveler
(summer companions, winter alone)"
939856,"Winter Traveler
(December with someone)"
515826,"Avr|Mar Companion
(Less travel on mar)"
475535,No Traveler
725120,"Avr|Dec Companion
(Less travel on dec)"
151036,"Few Trips a Year
(Traveling rarely)"
845820,"Few Trips a Year
(Traveling rarely)"
887511,"Few Trips a Year
(Traveling rarely)"
254230,"Avr|Jan Companion
(Less travel on jan)"
439361,"Avr|May Companion
(Less travel on may)"
362471,"Avr|Jan Companion
(Less travel on jan)"
928644,"Avr|Jun Companion
(Less travel on jun)"
185830,"Avr|Dec Companion
(Less travel on dec)"
187318,"Avr|Mar Companion
(Less travel on mar)"
389928,"Avr|Point Acumulator
(No companions)"
444366,"Avr|Nov Companion
(Less travel on nov)"
939098,"Avr|May Companion
(Less travel on may)"
418793,"Avr|Feb Companion
(Less travel on feb)"
445496,"Avr|Feb Companion
(Less travel on feb)"
773865,"Avr|Point Acumulator
(No companions)"
329735,"Moderate travelers
(Current average)"
151327,"Avr|Jun Companion
(Less travel on jun)"
347231,"Avr|Nov Companion
(Less travel on nov)"
835973,"Avr|Point Acumulator
(No companions)"
372663,"Winter Traveler
(December with someone)"
672904,"Avr|Dec Companion
(Less travel on dec)"
841373,"Avr|Oct Companion
(Less travel on oct)"
579931,"Avr|May Companion
(Less travel on may)"
157704,"Avr|Point Acumulator
(No companions)"
319052,"Avr|Jan Companion
(Less travel on jan)"
229265,"Avr|May Companion
(Less travel on may)"
741244,No Traveler
618390,"Avr|Dec Companion
(Less travel on dec)"
814112,"Winter Traveler
(December with someone)"
277565,"Avr|May Companion
(Less travel on may)"
900753,"Avr|May Companion
(Less travel on may)"
377928,No Traveler
328116,"Avr|Nov Companion
(Less travel on nov)"
609664,No Traveler
192994,"Avr|Point Acumulator
(No companions)"
298671,"Avr|Oct Companion
(Less travel on oct)"
805598,No Traveler
301603,"Moderate travelers
(Current average)"
307047,"Avr|Point Acumulator
(No companions)"
847772,"Moderate travelers
(Current average)"
683503,"Avr|May Companion
(Less travel on may)"
220794,"Avr|Point Acumulator
(No companions)"
826589,"Avr|Jan Companion
(Less travel on jan)"
703104,"Moderate travelers
(Current average)"
523399,No Traveler
648586,"Avr|Feb Companion
(Less travel on feb)"
575833,"Avr|Dec Companion
(Less travel on dec)"
161956,"Holiday traveler
(summer companions, winter alone)"
489279,"Avr|Dec Companion
(Less travel on dec)"
880805,"Winter Traveler
(December with someone)"
867757,"Moderate travelers
(Current average)"
652518,"Moderate travelers
(Current average)"
207001,"Avr|Jun Companion
(Less travel on jun)"
975846,"Avr|May Companion
(Less travel on may)"
198010,"Moderate travelers
(Current average)"
543285,"Few Trips a Year
(Traveling rarely)"
432843,"Avr|Feb Companion
(Less travel on feb)"
373242,"Few Trips a Year
(Traveling rarely)"
263246,"Avr|Dec Companion
(Less travel on dec)"
110065,"Few Trips a Year
(Traveling rarely)"
172491,No Traveler
788001,"Avr|Oct Companion
(Less travel on oct)"
600712,"Holiday traveler
(summer companions, winter alone)"
666189,No Traveler
738473,"Avr|Point Acumulator
(No companions)"
256003,"Avr|Dec Companion
(Less travel on dec)"
881000,"Avr|Jan Companion
(Less travel on jan)"
889569,"Avr|Feb Companion
(Less travel on feb)"
165742,"Avr|Oct Companion
(Less travel on oct)"
576074,"Moderate travelers
(Current average)"
942017,"Few Trips a Year
(Traveling rarely)"
315235,"Avr|Dec Companion
(Less travel on dec)"
426429,"Avr|Oct Companion
(Less travel on oct)"
602275,No Traveler
116732,"Holiday traveler
(summer companions, winter alone)"
436010,"Avr|Jan Companion
(Less travel on jan)"
745920,"Holiday traveler
(summer companions, winter alone)"
988638,"Avr|Mar Companion
(Less travel on mar)"
285335,"Avr|Oct Companion
(Less travel on oct)"
722003,"Avr|May Companion
(Less travel on may)"
770452,"Avr|Feb Companion
(Less travel on feb)"
195960,"Avr|Jan Companion
(Less travel on jan)"
390297,No Traveler
655957,"Avr|Nov Companion
(Less travel on nov)"
257417,"Avr|Dec Companion
(Less travel on dec)"
599394,No Traveler
953198,"Avr|Dec Companion
(Less travel on dec)"
728228,"Moderate travelers
(Current average)"
863459,"Avr|Mar Companion
(Less travel on mar)"
901461,No Traveler
460894,"Avr|May Companion
(Less travel on may)"
307032,No Traveler
486909,"Avr|Point Acumulator
(No companions)"
160740,"Avr|Mar Companion
(Less travel on mar)"
326028,"Winter Traveler
(December with someone)"
573681,"Avr|Point Acumulator
(No companions)"
815841,"Few Trips a Year
(Traveling rarely)"
981195,"Avr|May Companion
(Less travel on may)"
333064,"Moderate travelers
(Current average)"
792103,"Avr|Oct Companion
(Less travel on oct)"
426223,"Avr|Jan Companion
(Less travel on jan)"
545410,"Avr|Point Acumulator
(No companions)"
990218,"Avr|Nov Companion
(Less travel on nov)"
614000,"Avr|Nov Companion
(Less travel on nov)"
377444,"Few Trips a Year
(Traveling rarely)"
721406,"Avr|Feb Companion
(Less travel on feb)"
302258,"Avr|Point Acumulator
(No companions)"
101487,"Avr|Jan Companion
(Less travel on jan)"
397934,"Avr|Jan Companion
(Less travel on jan)"
406252,"Holiday traveler
(summer companions, winter alone)"
555118,"Avr|Dec Companion
(Less travel on dec)"
874267,"Avr|Point Acumulator
(No companions)"
182235,"Avr|Jan Companion
(Less travel on jan)"
290620,"Winter Traveler
(December with someone)"
697393,"Avr|Jan Companion
(Less travel on jan)"
397099,No Traveler
886439,"Avr|May Companion
(Less travel on may)"
161338,"Moderate travelers
(Current average)"
594598,"Avr|Point Acumulator
(No companions)"
237312,"Holiday traveler
(summer companions, winter alone)"
728302,"Avr|Oct Companion
(Less travel on oct)"
212602,No Traveler
929871,"Avr|Oct Companion
(Less travel on oct)"
645508,"Avr|Nov Companion
(Less travel on nov)"
116999,"Avr|Jun Companion
(Less travel on jun)"
631854,"Avr|Mar Companion
(Less travel on mar)"
762671,"Winter Traveler
(December with someone)"
969938,"Avr|Feb Companion
(Less travel on feb)"
290564,"Holiday traveler
(summer companions, winter alone)"
634615,"Winter Traveler
(December with someone)"
999524,"Avr|Jan Companion
(Less travel on jan)"
478284,"Few Trips a Year
(Traveling rarely)"
111573,"Avr|Feb Companion
(Less travel on feb)"
975477,"Avr|May Companion
(Less travel on may)"
581513,"Avr|Jun Companion
(Less travel on jun)"
145322,"Moderate travelers
(Current average)"
243005,"Avr|Dec Companion
(Less travel on dec)"
306400,"Avr|Jun Companion
(Less travel on jun)"
823590,"Avr|Feb Companion
(Less travel on feb)"
121139,"Avr|Oct Companion
(Less travel on oct)"
307623,"Avr|Dec Companion
(Less travel on dec)"
331697,"Avr|Feb Companion
(Less travel on feb)"
719736,"Avr|Jan Companion
(Less travel on jan)"
656036,"Holiday traveler
(summer companions, winter alone)"
155020,No Traveler
919338,"Avr|May Companion
(Less travel on may)"
905787,"Avr|Jan Companion
(Less travel on jan)"
536794,"Avr|Nov Companion
(Less travel on nov)"
665679,No Traveler
340927,"Avr|May Companion
(Less travel on may)"
809107,"Holiday traveler
(summer companions, winter alone)"
218917,"Avr|Nov Companion
(Less travel on nov)"
739808,"Avr|Nov Companion
(Less travel on nov)"
855635,"Avr|Feb Companion
(Less travel on feb)"
969617,No Traveler
645145,"Avr|Dec Companion
(Less travel on dec)"
681399,"Avr|Point Acumulator
(No companions)"
986623,"Winter Traveler
(December with someone)"
211058,"Avr|Jan Companion
(Less travel on jan)"
104673,"Moderate travelers
(Current average)"
330562,"Few Trips a Year
(Traveling rarely)"
209994,"Avr|Nov Companion
(Less travel on nov)"
611084,"Avr|May Companion
(Less travel on may)"
200708,"Avr|Nov Companion
(Less travel on nov)"
907252,"Avr|Oct Companion
(Less travel on oct)"
893040,"Avr|Nov Companion
(Less travel on nov)"
251012,"Holiday traveler
(summer companions, winter alone)"
377464,"Avr|Nov Companion
(Less travel on nov)"
462701,"Avr|Oct Companion
(Less travel on oct)"
715797,"Winter Traveler
(December with someone)"
445251,"Holiday traveler
(summer companions, winter alone)"
772484,"Avr|Jan Companion
(Less travel on jan)"
858817,No Traveler
182543,"Avr|Jun Companion
(Less travel on jun)"
228557,No Traveler
968225,"Moderate travelers
(Current average)"
886876,"Avr|Nov Companion
(Less travel on nov)"
368027,"Avr|Jan Companion
(Less travel on jan)"
384409,No Traveler
257506,"Avr|Jun Companion
(Less travel on jun)"
299464,"Avr|Jun Companion
(Less travel on jun)"
117053,"Avr|Jun Companion
(Less travel on jun)"
136106,"Avr|Jun Companion
(Less travel on jun)"
545127,"Avr|Jan Companion
(Less travel on jan)"
128975,"Holiday traveler
(summer companions, winter alone)"
866403,"Avr|Dec Companion
(Less travel on dec)"
742009,"Avr|Nov Companion
(Less travel on nov)"
332823,"Avr|Feb Companion
(Less travel on feb)"
356613,"Avr|Mar Companion
(Less travel on mar)"
952911,"Holiday traveler
(summer companions, winter alone)"
967637,"Avr|Jun Companion
(Less travel on jun)"
445704,"Avr|Oct Companion
(Less travel on oct)"
332027,"Avr|Dec Companion
(Less travel on dec)"
778027,No Traveler
225363,"Avr|Nov Companion
(Less travel on nov)"
571180,"Avr|Jan Companion
(Less travel on jan)"
321213,"Avr|Mar Companion
(Less travel on mar)"
190405,"Few Trips a Year
(Traveling rarely)"
619537,"Avr|May Companion
(Less travel on may)"
780298,"Avr|Oct Companion
(Less travel on oct)"
968312,"Avr|May Companion
(Less travel on may)"
487486,"Holiday traveler
(summer companions, winter alone)"
807769,"Avr|Nov Companion
(Less travel on nov)"
945455,"Holiday traveler
(summer companions, winter alone)"
287266,"Avr|Nov Companion
(Less travel on nov)"
738096,"Moderate travelers
(Current average)"
703109,"Avr|Point Acumulator
(No companions)"
512358,No Traveler
380843,"Avr|May Companion
(Less travel on may)"
633640,"Avr|Point Acumulator
(No companions)"
194886,"Avr|Nov Companion
(Less travel on nov)"
616374,"Few Trips a Year
(Traveling rarely)"
776931,No Traveler
768415,"Avr|Point Acumulator
(No companions)"
485795,"Avr|Oct Companion
(Less travel on oct)"
308362,"Avr|Nov Companion
(Less travel on nov)"
350692,"Avr|Jun Companion
(Less travel on jun)"
850359,"Avr|May Companion
(Less travel on may)"
107420,"Few Trips a Year
(Traveling rarely)"
366500,"Avr|Feb Companion
(Less travel on feb)"
860032,"Winter Traveler
(December with someone)"
135134,"Avr|Nov Companion
(Less travel on nov)"
456632,"Avr|Point Acumulator
(No companions)"
459517,"Avr|May Companion
(Less travel on may)"
708807,"Avr|May Companion
(Less travel on may)"
474846,"Avr|Oct Companion
(Less travel on oct)"
441631,No Traveler
612186,"Avr|Mar Companion
(Less travel on mar)"
828232,"Avr|May Companion
(Less travel on may)"
130077,"Avr|Feb Companion
(Less travel on feb)"
695978,"Moderate travelers
(Current average)"
488044,"Moderate travelers
(Current average)"
998085,"Avr|Oct Companion
(Less travel on oct)"
916880,"Avr|Mar Companion
(Less travel on mar)"
328111,"Avr|Feb Companion
(Less travel on feb)"
928922,"Moderate travelers
(Current average)"
939431,"Avr|Jun Companion
(Less travel on jun)"
112863,"Avr|Nov Companion
(Less travel on nov)"
497784,"Avr|Mar Companion
(Less travel on mar)"
651694,"Avr|Point Acumulator
(No companions)"
952602,No Traveler
219555,"Avr|Nov Companion
(Less travel on nov)"
828862,No Traveler
487727,"Avr|Nov Companion
(Less travel on nov)"
493819,"Avr|Point Acumulator
(No companions)"
746296,"Avr|Mar Companion
(Less travel on mar)"
709982,"Avr|Point Acumulator
(No companions)"
511437,"Winter Traveler
(December with someone)"
227398,No Traveler
520660,"Moderate travelers
(Current average)"
732694,"Avr|Mar Companion
(Less travel on mar)"
855530,"Avr|Jan Companion
(Less travel on jan)"
513123,"Avr|Jun Companion
(Less travel on jun)"
139022,"Few Trips a Year
(Traveling rarely)"
973728,"Avr|Point Acumulator
(No companions)"
504919,"Avr|May Companion
(Less travel on may)"
263069,"Avr|Mar Companion
(Less travel on mar)"
885176,"Holiday traveler
(summer companions, winter alone)"
914074,"Winter Traveler
(December with someone)"
696128,"Avr|Mar Companion
(Less travel on mar)"
729084,"Avr|Mar Companion
(Less travel on mar)"
188136,"Avr|May Companion
(Less travel on may)"
364596,No Traveler
390377,"Few Trips a Year
(Traveling rarely)"
438593,No Traveler
935161,"Avr|Point Acumulator
(No companions)"
577360,"Avr|Point Acumulator
(No companions)"
958915,"Avr|Mar Companion
(Less travel on mar)"
197890,"Avr|May Companion
(Less travel on may)"
984429,"Avr|Nov Companion
(Less travel on nov)"
615411,"Avr|Mar Companion
(Less travel on mar)"
843665,"Avr|Jun Companion
(Less travel on jun)"
732813,"Avr|Dec Companion
(Less travel on dec)"
376144,"Winter Traveler
(December with someone)"
432655,"Moderate travelers
(Current average)"
740763,"Avr|Oct Companion
(Less travel on oct)"
894448,"Avr|Jun Companion
(Less travel on jun)"
881749,"Avr|Jan Companion
(Less travel on jan)"
199478,"Avr|Jan Companion
(Less travel on jan)"
350979,"Avr|Jun Companion
(Less travel on jun)"
436419,No Traveler
232884,"Holiday traveler
(summer companions, winter alone)"
572663,"Avr|Oct Companion
(Less travel on oct)"
212350,"Avr|Feb Companion
(Less travel on feb)"
352501,"Avr|Point Acumulator
(No companions)"
634900,"Avr|Point Acumulator
(No companions)"
824712,"Moderate travelers
(Current average)"
115705,"Avr|Point Acumulator
(No companions)"
396471,"Avr|Point Acumulator
(No companions)"
408915,No Traveler
491310,"Avr|Jan Companion
(Less travel on jan)"
505798,"Avr|Point Acumulator
(No companions)"
252271,"Avr|Point Acumulator
(No companions)"
428765,No Traveler
824163,"Avr|Nov Companion
(Less travel on nov)"
757834,"Avr|Feb Companion
(Less travel on feb)"
244398,"Avr|Mar Companion
(Less travel on mar)"
868154,"Avr|Jan Companion
(Less travel on jan)"
107037,"Winter Traveler
(December with someone)"
448273,"Avr|Mar Companion
(Less travel on mar)"
755145,No Traveler
208961,"Avr|Point Acumulator
(No companions)"
546177,"Avr|Nov Companion
(Less travel on nov)"
937911,"Avr|Dec Companion
(Less travel on dec)"
667157,"Winter Traveler
(December with someone)"
472692,"Avr|Jun Companion
(Less travel on jun)"
566951,"Avr|Nov Companion
(Less travel on nov)"
716548,"Avr|Feb Companion
(Less travel on feb)"
936273,"Avr|Nov Companion
(Less travel on nov)"
424216,"Avr|Feb Companion
(Less travel on feb)"
962989,"Avr|Point Acumulator
(No companions)"
823998,"Moderate travelers
(Current average)"
363983,No Traveler
189613,No Traveler
494515,"Avr|Mar Companion
(Less travel on mar)"
553879,"Avr|Oct Companion
(Less travel on oct)"
573830,No Traveler
968497,"Moderate travelers
(Current average)"
793384,"Avr|Point Acumulator
(No companions)"
430197,"Avr|May Companion
(Less travel on may)"
447387,"Avr|Point Acumulator
(No companions)"
772362,No Traveler
447675,"Avr|Feb Companion
(Less travel on feb)"
413659,"Holiday traveler
(summer companions, winter alone)"
675956,"Avr|Point Acumulator
(No companions)"
396920,"Avr|May Companion
(Less travel on may)"
319947,"Avr|Dec Companion
(Less travel on dec)"
276037,"Avr|Point Acumulator
(No companions)"
758840,"Avr|Jun Companion
(Less travel on jun)"
166846,"Avr|May Companion
(Less travel on may)"
314372,"Moderate travelers
(Current average)"
727573,"Avr|Oct Companion
(Less travel on oct)"
153395,"Avr|May Companion
(Less travel on may)"
522677,"Avr|Jun Companion
(Less travel on jun)"
184678,"Avr|Jan Companion
(Less travel on jan)"
449555,"Avr|Jun Companion
(Less travel on jun)"
528226,"Avr|Point Acumulator
(No companions)"
644265,"Avr|May Companion
(Less travel on may)"
953614,"Avr|Jan Companion
(Less travel on jan)"
390880,"Avr|Jan Companion
(Less travel on jan)"
676877,"Avr|Oct Companion
(Less travel on oct)"
415446,"Winter Traveler
(December with someone)"
282678,"Avr|Feb Companion
(Less travel on feb)"
815850,"Avr|Dec Companion
(Less travel on dec)"
828182,"Avr|Point Acumulator
(No companions)"
687262,"Avr|Jan Companion
(Less travel on jan)"
472373,"Avr|Mar Companion
(Less travel on mar)"
131253,"Avr|Jun Companion
(Less travel on jun)"
194480,"Winter Traveler
(December with someone)"
376484,"Avr|May Companion
(Less travel on may)"
684305,"Avr|Jun Companion
(Less travel on jun)"
278164,"Avr|Point Acumulator
(No companions)"
342980,"Few Trips a Year
(Traveling rarely)"
277375,"Avr|Mar Companion
(Less travel on mar)"
678925,"Avr|Feb Companion
(Less travel on feb)"
703507,"Avr|Oct Companion
(Less travel on oct)"
400802,"Avr|Mar Companion
(Less travel on mar)"
640831,"Avr|Jan Companion
(Less travel on jan)"
670002,"Avr|Mar Companion
(Less travel on mar)"
550434,"Moderate travelers
(Current average)"
492505,"Avr|Feb Companion
(Less travel on feb)"
548037,"Avr|Point Acumulator
(No companions)"
569940,"Avr|Point Acumulator
(No companions)"
987530,"Avr|Oct Companion
(Less travel on oct)"
396155,"Moderate travelers
(Current average)"
605134,"Avr|Mar Companion
(Less travel on mar)"
137850,"Avr|Point Acumulator
(No companions)"
661411,"Moderate travelers
(Current average)"
711565,"Few Trips a Year
(Traveling rarely)"
241677,"Moderate travelers
(Current average)"
825484,"Avr|Feb Companion
(Less travel on feb)"
721494,"Winter Traveler
(December with someone)"
118376,No Traveler
905806,"Avr|Mar Companion
(Less travel on mar)"
197086,"Avr|Jan Companion
(Less travel on jan)"
304080,"Winter Traveler
(December with someone)"
775520,"Few Trips a Year
(Traveling rarely)"
409051,"Avr|Point Acumulator
(No companions)"
590280,"Avr|Point Acumulator
(No companions)"
737842,"Avr|Point Acumulator
(No companions)"
430097,"Avr|Dec Companion
(Less travel on dec)"
432366,"Avr|Jan Companion
(Less travel on jan)"
175169,"Avr|Nov Companion
(Less travel on nov)"
784710,No Traveler
406411,"Avr|Oct Companion
(Less travel on oct)"
258166,"Avr|May Companion
(Less travel on may)"
357298,"Avr|Point Acumulator
(No companions)"
730214,"Avr|Mar Companion
(Less travel on mar)"
811333,"Avr|Point Acumulator
(No companions)"
157751,"Avr|Feb Companion
(Less travel on feb)"
789149,"Avr|Dec Companion
(Less travel on dec)"
667398,"Few Trips a Year
(Traveling rarely)"
540112,"Avr|Oct Companion
(Less travel on oct)"
823113,"Avr|Mar Companion
(Less travel on mar)"
482922,No Traveler
467222,"Avr|Mar Companion
(Less travel on mar)"
204424,"Avr|Point Acumulator
(No companions)"
477219,"Avr|Oct Companion
(Less travel on oct)"
817298,No Traveler
106757,"Avr|Feb Companion
(Less travel on feb)"
210755,"Avr|Point Acumulator
(No companions)"
272476,"Holiday traveler
(summer companions, winter alone)"
476648,"Avr|Dec Companion
(Less travel on dec)"
676669,"Avr|Mar Companion
(Less travel on mar)"
922815,"Avr|Point Acumulator
(No companions)"
947026,"Avr|May Companion
(Less travel on may)"
234807,"Avr|Jan Companion
(Less travel on jan)"
715271,"Avr|Jun Companion
(Less travel on jun)"
496329,"Avr|May Companion
(Less travel on may)"
259446,"Moderate travelers
(Current average)"
695987,"Holiday traveler
(summer companions, winter alone)"
414433,"Avr|Jan Companion
(Less travel on jan)"
107296,"Holiday traveler
(summer companions, winter alone)"
521043,No Traveler
481851,No Traveler
885763,"Avr|Mar Companion
(Less travel on mar)"
488647,"Holiday traveler
(summer companions, winter alone)"
968842,"Few Trips a Year
(Traveling rarely)"
745354,"Avr|Point Acumulator
(No companions)"
686232,"Avr|Jan Companion
(Less travel on jan)"
835240,"Avr|Mar Companion
(Less travel on mar)"
916269,"Avr|Point Acumulator
(No companions)"
965713,"Avr|Nov Companion
(Less travel on nov)"
604510,No Traveler
504564,"Few Trips a Year
(Traveling rarely)"
519419,"Avr|Jun Companion
(Less travel on jun)"
671115,"Avr|May Companion
(Less travel on may)"
471000,"Avr|Feb Companion
(Less travel on feb)"
677404,"Avr|May Companion
(Less travel on may)"
772194,"Avr|Nov Companion
(Less travel on nov)"
869804,"Avr|Oct Companion
(Less travel on oct)"
851901,"Avr|Point Acumulator
(No companions)"
337148,"Avr|Oct Companion
(Less travel on oct)"
847704,"Avr|Mar Companion
(Less travel on mar)"
295561,"Few Trips a Year
(Traveling rarely)"
248265,"Avr|Jun Companion
(Less travel on jun)"
875789,"Winter Traveler
(December with someone)"
822995,"Avr|Point Acumulator
(No companions)"
219779,"Avr|Mar Companion
(Less travel on mar)"
205697,"Avr|Nov Companion
(Less travel on nov)"
827215,"Moderate travelers
(Current average)"
411420,"Avr|Oct Companion
(Less travel on oct)"
179153,"Avr|Oct Companion
(Less travel on oct)"
205826,No Traveler
602931,"Avr|Jan Companion
(Less travel on jan)"
346560,"Winter Traveler
(December with someone)"
277855,"Avr|Point Acumulator
(No companions)"
348600,"Few Trips a Year
(Traveling rarely)"
863219,"Avr|Dec Companion
(Less travel on dec)"
524055,"Avr|Jan Companion
(Less travel on jan)"
859516,"Moderate travelers
(Current average)"
737534,"Moderate travelers
(Current average)"
677217,"Moderate travelers
(Current average)"
600432,"Avr|Jan Companion
(Less travel on jan)"
170152,No Traveler
958283,No Traveler
705020,"Avr|Mar Companion
(Less travel on mar)"
194722,"Avr|Jun Companion
(Less travel on jun)"
225486,"Avr|Point Acumulator
(No companions)"
885871,"Holiday traveler
(summer companions, winter alone)"
670751,"Avr|Dec Companion
(Less travel on dec)"
347914,No Traveler
336902,"Winter Traveler
(December with someone)"
709656,"Few Trips a Year
(Traveling rarely)"
796900,"Avr|May Companion
(Less travel on may)"
823567,"Avr|May Companion
(Less travel on may)"
921777,"Avr|May Companion
(Less travel on may)"
342483,"Avr|Oct Companion
(Less travel on oct)"
107993,"Avr|Jun Companion
(Less travel on jun)"
412186,"Avr|Point Acumulator
(No companions)"
670131,"Avr|May Companion
(Less travel on may)"
143151,"Avr|Mar Companion
(Less travel on mar)"
643643,No Traveler
955750,"Avr|Jun Companion
(Less travel on jun)"
577398,"Avr|Dec Companion
(Less travel on dec)"
736685,"Avr|Nov Companion
(Less travel on nov)"
781963,No Traveler
398965,"Avr|May Companion
(Less travel on may)"
410202,"Avr|Nov Companion
(Less travel on nov)"
555745,"Avr|Oct Companion
(Less travel on oct)"
977550,"Moderate travelers
(Current average)"
448812,"Avr|May Companion
(Less travel on may)"
636213,"Avr|Mar Companion
(Less travel on mar)"
864128,"Avr|Point Acumulator
(No companions)"
424098,"Avr|Point Acumulator
(No companions)"
740083,"Avr|Nov Companion
(Less travel on nov)"
292384,"Avr|Jan Companion
(Less travel on jan)"
596911,"Avr|Nov Companion
(Less travel on nov)"
636749,"Avr|Point Acumulator
(No companions)"
681032,"Avr|Nov Companion
(Less travel on nov)"
896095,"Holiday traveler
(summer companions, winter alone)"
719300,"Holiday traveler
(summer companions, winter alone)"
767175,"Winter Traveler
(December with someone)"
963067,"Moderate travelers
(Current average)"
348994,"Avr|Jun Companion
(Less travel on jun)"
376725,"Avr|Oct Companion
(Less travel on oct)"
324997,"Avr|Point Acumulator
(No companions)"
160905,"Avr|Jun Companion
(Less travel on jun)"
365557,"Avr|Mar Companion
(Less travel on mar)"
321027,"Avr|Feb Companion
(Less travel on feb)"
113779,"Avr|Jan Companion
(Less travel on jan)"
624881,"Holiday traveler
(summer companions, winter alone)"
219270,No Traveler
282259,"Avr|Oct Companion
(Less travel on oct)"
529544,"Few Trips a Year
(Traveling rarely)"
870281,"Moderate travelers
(Current average)"
399943,"Avr|Oct Companion
(Less travel on oct)"
763406,"Avr|Jan Companion
(Less travel on jan)"
280822,"Avr|Jan Companion
(Less travel on jan)"
572073,"Avr|Oct Companion
(Less travel on oct)"
683901,"Avr|Nov Companion
(Less travel on nov)"
790008,"Avr|Nov Companion
(Less travel on nov)"
699281,No Traveler
667275,"Few Trips a Year
(Traveling rarely)"
953693,"Avr|Feb Companion
(Less travel on feb)"
150301,"Avr|Jun Companion
(Less travel on jun)"
606004,"Holiday traveler
(summer companions, winter alone)"
268414,"Avr|Jun Companion
(Less travel on jun)"
643669,"Avr|Jan Companion
(Less travel on jan)"
267306,"Moderate travelers
(Current average)"
846313,"Avr|Dec Companion
(Less travel on dec)"
266640,"Avr|Oct Companion
(Less travel on oct)"
107730,"Avr|Jun Companion
(Less travel on jun)"
649194,"Avr|Feb Companion
(Less travel on feb)"
450665,"Avr|Jun Companion
(Less travel on jun)"
403764,No Traveler
999513,"Avr|May Companion
(Less travel on may)"
833148,"Few Trips a Year
(Traveling rarely)"
600541,"Winter Traveler
(December with someone)"
116735,"Avr|Feb Companion
(Less travel on feb)"
247551,"Avr|Dec Companion
(Less travel on dec)"
675409,"Avr|Mar Companion
(Less travel on mar)"
144615,"Avr|May Companion
(Less travel on may)"
933187,"Moderate travelers
(Current average)"
239476,"Avr|Feb Companion
(Less travel on feb)"
568870,"Moderate travelers
(Current average)"
717229,"Moderate travelers
(Current average)"
996900,"Avr|Jun Companion
(Less travel on jun)"
260000,"Avr|Point Acumulator
(No companions)"
615131,"Avr|May Companion
(Less travel on may)"
121351,"Avr|Dec Companion
(Less travel on dec)"
206925,"Avr|Feb Companion
(Less travel on feb)"
467359,"Avr|Jan Companion
(Less travel on jan)"
191626,"Few Trips a Year
(Traveling rarely)"
644865,"Avr|Oct Companion
(Less travel on oct)"
821918,"Avr|Dec Companion
(Less travel on dec)"
972129,"Avr|Oct Companion
(Less travel on oct)"
149348,"Moderate travelers
(Current average)"
837269,"Avr|Mar Companion
(Less travel on mar)"
611029,"Avr|Feb Companion
(Less travel on feb)"
602585,"Avr|Jun Companion
(Less travel on jun)"
960441,"Avr|Mar Companion
(Less travel on mar)"
709724,"Avr|Dec Companion
(Less travel on dec)"
355578,"Holiday traveler
(summer companions, winter alone)"
740063,"Avr|Point Acumulator
(No companions)"
961965,"Avr|Oct Companion
(Less travel on oct)"
651377,"Avr|Mar Companion
(Less travel on mar)"
680738,"Avr|Point Acumulator
(No companions)"
108430,"Avr|May Companion
(Less travel on may)"
776443,"Avr|Nov Companion
(Less travel on nov)"
398839,"Avr|Dec Companion
(Less travel on dec)"
187838,"Avr|Feb Companion
(Less travel on feb)"
530880,"Avr|Feb Companion
(Less travel on feb)"
904397,"Avr|Feb Companion
(Less travel on feb)"
939399,"Avr|Point Acumulator
(No companions)"
300371,"Avr|Dec Companion
(Less travel on dec)"
532997,"Avr|Jun Companion
(Less travel on jun)"
103969,"Avr|Nov Companion
(Less travel on nov)"
173673,"Avr|Mar Companion
(Less travel on mar)"
562510,"Few Trips a Year
(Traveling rarely)"
183129,"Avr|Jan Companion
(Less travel on jan)"
880402,"Avr|Dec Companion
(Less travel on dec)"
525612,"Avr|Mar Companion
(Less travel on mar)"
103151,"Avr|Point Acumulator
(No companions)"
171350,"Avr|Jun Companion
(Less travel on jun)"
944636,"Avr|Point Acumulator
(No companions)"
300460,"Few Trips a Year
(Traveling rarely)"
212301,"Few Trips a Year
(Traveling rarely)"
798533,"Avr|Nov Companion
(Less travel on nov)"
905854,"Avr|Jun Companion
(Less travel on jun)"
571992,"Avr|May Companion
(Less travel on may)"
191656,"Few Trips a Year
(Traveling rarely)"
193519,"Holiday traveler
(summer companions, winter alone)"
255320,"Avr|Point Acumulator
(No companions)"
498028,"Avr|Feb Companion
(Less travel on feb)"
339880,"Avr|Jan Companion
(Less travel on jan)"
181184,"Avr|May Companion
(Less travel on may)"
906217,No Traveler
273054,No Traveler
401824,"Avr|Dec Companion
(Less travel on dec)"
278013,"Avr|Feb Companion
(Less travel on feb)"
759551,"Avr|Point Acumulator
(No companions)"
512471,"Avr|Jun Companion
(Less travel on jun)"
402966,"Winter Traveler
(December with someone)"
834576,"Avr|Mar Companion
(Less travel on mar)"
867561,No Traveler
578998,"Avr|Nov Companion
(Less travel on nov)"
863262,"Avr|Point Acumulator
(No companions)"
744181,"Few Trips a Year
(Traveling rarely)"
380001,"Avr|Oct Companion
(Less travel on oct)"
648455,"Avr|Point Acumulator
(No companions)"
545534,"Avr|May Companion
(Less travel on may)"
923527,"Avr|Point Acumulator
(No companions)"
491481,"Avr|Jun Companion
(Less travel on jun)"
309041,"Avr|Nov Companion
(Less travel on nov)"
187077,"Avr|Feb Companion
(Less travel on feb)"
939571,"Avr|Feb Companion
(Less travel on feb)"
912940,No Traveler
797704,No Traveler
168290,"Avr|Nov Companion
(Less travel on nov)"
856496,No Traveler
491907,"Avr|Dec Companion
(Less travel on dec)"
447771,"Avr|Nov Companion
(Less travel on nov)"
849510,"Moderate travelers
(Current average)"
687533,"Avr|Point Acumulator
(No companions)"
683276,No Traveler
225746,"Avr|Point Acumulator
(No companions)"
379562,"Avr|Feb Companion
(Less travel on feb)"
343139,"Avr|Jun Companion
(Less travel on jun)"
345765,"Avr|Nov Companion
(Less travel on nov)"
123525,"Avr|Jun Companion
(Less travel on jun)"
175528,"Avr|Point Acumulator
(No companions)"
374967,"Avr|Oct Companion
(Less travel on oct)"
607565,"Avr|Jun Companion
(Less travel on jun)"
749430,"Avr|Nov Companion
(Less travel on nov)"
902966,"Avr|Point Acumulator
(No companions)"
559111,"Few Trips a Year
(Traveling rarely)"
190524,"Avr|Oct Companion
(Less travel on oct)"
266561,"Winter Traveler
(December with someone)"
563086,"Avr|Mar Companion
(Less travel on mar)"
625033,"Avr|Mar Companion
(Less travel on mar)"
643300,"Avr|Jun Companion
(Less travel on jun)"
353369,"Winter Traveler
(December with someone)"
309456,"Avr|Nov Companion
(Less travel on nov)"
923959,"Avr|Oct Companion
(Less travel on oct)"
651097,"Avr|Point Acumulator
(No companions)"
570299,"Avr|Jan Companion
(Less travel on jan)"
258296,"Few Trips a Year
(Traveling rarely)"
710029,"Avr|Feb Companion
(Less travel on feb)"
760424,"Avr|Point Acumulator
(No companions)"
746031,"Moderate travelers
(Current average)"
364710,"Winter Traveler
(December with someone)"
566374,"Avr|Dec Companion
(Less travel on dec)"
333051,No Traveler
642323,"Few Trips a Year
(Traveling rarely)"
798869,No Traveler
977244,"Avr|Dec Companion
(Less travel on dec)"
801738,"Avr|Jun Companion
(Less travel on jun)"
219139,"Moderate travelers
(Current average)"
228030,No Traveler
592992,"Avr|Mar Companion
(Less travel on mar)"
179870,"Avr|Nov Companion
(Less travel on nov)"
592003,"Avr|May Companion
(Less travel on may)"
767366,"Holiday traveler
(summer companions, winter alone)"
433172,"Avr|Point Acumulator
(No companions)"
697356,"Few Trips a Year
(Traveling rarely)"
225318,"Avr|Oct Companion
(Less travel on oct)"
926083,"Avr|Feb Companion
(Less travel on feb)"
240044,"Avr|Point Acumulator
(No companions)"
583327,"Avr|Mar Companion
(Less travel on mar)"
586944,"Avr|Oct Companion
(Less travel on oct)"
856406,"Winter Traveler
(December with someone)"
946771,"Avr|Mar Companion
(Less travel on mar)"
994044,"Few Trips a Year
(Traveling rarely)"
262422,"Avr|Mar Companion
(Less travel on mar)"
864485,"Avr|Dec Companion
(Less travel on dec)"
571942,"Avr|Point Acumulator
(No companions)"
298853,"Moderate travelers
(Current average)"
343547,"Avr|Jan Companion
(Less travel on jan)"
434922,"Moderate travelers
(Current average)"
804816,"Holiday traveler
(summer companions, winter alone)"
302921,"Avr|Jun Companion
(Less travel on jun)"
973897,"Avr|Jun Companion
(Less travel on jun)"
291148,"Avr|Nov Companion
(Less travel on nov)"
302804,"Few Trips a Year
(Traveling rarely)"
746853,No Traveler
332780,"Avr|May Companion
(Less travel on may)"
373204,No Traveler
751270,No Traveler
602384,No Traveler
758432,"Avr|Point Acumulator
(No companions)"
203745,"Avr|Point Acumulator
(No companions)"
156138,"Avr|Nov Companion
(Less travel on nov)"
373950,"Avr|Dec Companion
(Less travel on dec)"
326699,"Avr|Oct Companion
(Less travel on oct)"
854812,"Avr|May Companion
(Less travel on may)"
890232,No Traveler
559619,No Traveler
346205,"Avr|Oct Companion
(Less travel on oct)"
985427,No Traveler
850245,"Winter Traveler
(December with someone)"
915948,"Avr|Mar Companion
(Less travel on mar)"
479015,"Avr|Oct Companion
(Less travel on oct)"
659251,"Avr|Feb Companion
(Less travel on feb)"
949829,"Avr|Oct Companion
(Less travel on oct)"
426536,"Avr|Jan Companion
(Less travel on jan)"
621695,"Avr|Jan Companion
(Less travel on jan)"
370090,"Avr|Nov Companion
(Less travel on nov)"
653636,"Avr|May Companion
(Less travel on may)"
663514,"Avr|Point Acumulator
(No companions)"
260726,"Avr|Nov Companion
(Less travel on nov)"
405339,"Avr|Nov Companion
(Less travel on nov)"
508456,No Traveler
576057,"Few Trips a Year
(Traveling rarely)"
614373,"Avr|Jan Companion
(Less travel on jan)"
724272,"Avr|Jan Companion
(Less travel on jan)"
582067,No Traveler
628596,"Avr|Point Acumulator
(No companions)"
113363,"Winter Traveler
(December with someone)"
172345,"Avr|Jun Companion
(Less travel on jun)"
103985,"Winter Traveler
(December with someone)"
357903,No Traveler
860684,"Avr|Jun Companion
(Less travel on jun)"
531515,"Avr|Oct Companion
(Less travel on oct)"
653539,"Avr|Feb Companion
(Less travel on feb)"
150134,"Avr|Point Acumulator
(No companions)"
316527,"Avr|Jan Companion
(Less travel on jan)"
825464,"Avr|May Companion
(Less travel on may)"
123697,"Avr|Point Acumulator
(No companions)"
467151,"Avr|May Companion
(Less travel on may)"
613195,"Few Trips a Year
(Traveling rarely)"
976834,No Traveler
136049,No Traveler
173873,"Avr|Mar Companion
(Less travel on mar)"
203973,"Winter Traveler
(December with someone)"
276204,"Avr|Oct Companion
(Less travel on oct)"
291595,"Winter Traveler
(December with someone)"
606852,"Avr|Mar Companion
(Less travel on mar)"
952532,No Traveler
971637,"Holiday traveler
(summer companions, winter alone)"
746772,"Avr|Dec Companion
(Less travel on dec)"
454750,"Avr|Mar Companion
(Less travel on mar)"
141139,"Avr|May Companion
(Less travel on may)"
308144,"Avr|Feb Companion
(Less travel on feb)"
632515,"Winter Traveler
(December with someone)"
840882,"Avr|Dec Companion
(Less travel on dec)"
825315,"Avr|May Companion
(Less travel on may)"
760061,"Avr|Jan Companion
(Less travel on jan)"
603005,No Traveler
127289,"Moderate travelers
(Current average)"
537124,"Avr|Mar Companion
(Less travel on mar)"
849884,"Avr|Dec Companion
(Less travel on dec)"
523246,"Avr|Nov Companion
(Less travel on nov)"
859972,"Moderate travelers
(Current average)"
833783,"Moderate travelers
(Current average)"
779929,No Traveler
196583,"Avr|Jan Companion
(Less travel on jan)"
735627,"Avr|Feb Companion
(Less travel on feb)"
549537,"Avr|Oct Companion
(Less travel on oct)"
461353,"Avr|Oct Companion
(Less travel on oct)"
920321,"Avr|Point Acumulator
(No companions)"
185129,"Avr|Feb Companion
(Less travel on feb)"
891097,"Avr|Point Acumulator
(No companions)"
443130,"Avr|May Companion
(Less travel on may)"
607480,"Holiday traveler
(summer companions, winter alone)"
365421,"Moderate travelers
(Current average)"
369943,"Avr|Dec Companion
(Less travel on dec)"
727497,"Winter Traveler
(December with someone)"
600792,"Few Trips a Year
(Traveling rarely)"
688691,"Avr|Point Acumulator
(No companions)"
623946,"Winter Traveler
(December with someone)"
302134,"Avr|Nov Companion
(Less travel on nov)"
637765,"Avr|Jun Companion
(Less travel on jun)"
647791,No Traveler
278987,No Traveler
695076,"Avr|Mar Companion
(Less travel on mar)"
384146,No Traveler
456167,"Moderate travelers
(Current average)"
488303,"Holiday traveler
(summer companions, winter alone)"
895537,"Avr|Feb Companion
(Less travel on feb)"
529415,"Avr|Jan Companion
(Less travel on jan)"
591547,"Avr|Jan Companion
(Less travel on jan)"
142224,"Avr|May Companion
(Less travel on may)"
106689,"Winter Traveler
(December with someone)"
410341,"Avr|Jun Companion
(Less travel on jun)"
948825,"Avr|Jan Companion
(Less travel on jan)"
525525,"Avr|Point Acumulator
(No companions)"
683699,"Avr|Point Acumulator
(No companions)"
717780,"Avr|Point Acumulator
(No companions)"
546869,"Holiday traveler
(summer companions, winter alone)"
261423,"Avr|Jun Companion
(Less travel on jun)"
715369,"Moderate travelers
(Current average)"
173506,"Avr|Nov Companion
(Less travel on nov)"
579943,"Avr|Feb Companion
(Less travel on feb)"
174923,"Avr|Point Acumulator
(No companions)"
105074,"Avr|Point Acumulator
(No companions)"
724222,"Avr|Dec Companion
(Less travel on dec)"
327019,No Traveler
451740,No Traveler
987482,"Avr|Jun Companion
(Less travel on jun)"
555398,"Avr|Oct Companion
(Less travel on oct)"
778317,"Avr|Oct Companion
(Less travel on oct)"
176848,No Traveler
323735,"Avr|Point Acumulator
(No companions)"
958743,No Traveler
137209,No Traveler
390209,"Avr|Oct Companion
(Less travel on oct)"
286975,"Moderate travelers
(Current average)"
919832,"Avr|May Companion
(Less travel on may)"
387553,"Winter Traveler
(December with someone)"
867801,"Avr|May Companion
(Less travel on may)"
609650,"Few Trips a Year
(Traveling rarely)"
298535,"Avr|Oct Companion
(Less travel on oct)"
424139,"Avr|May Companion
(Less travel on may)"
459163,"Avr|Nov Companion
(Less travel on nov)"
593116,"Avr|Point Acumulator
(No companions)"
668970,No Traveler
707974,"Winter Traveler
(December with someone)"
372522,"Avr|Point Acumulator
(No companions)"
675506,No Traveler
816705,"Avr|Jan Companion
(Less travel on jan)"
527067,"Avr|Nov Companion
(Less travel on nov)"
802200,"Moderate travelers
(Current average)"
853421,"Avr|Feb Companion
(Less travel on feb)"
574005,No Traveler
377173,"Avr|Feb Companion
(Less travel on feb)"
706792,"Avr|Point Acumulator
(No companions)"
346828,"Avr|Point Acumulator
(No companions)"
370959,No Traveler
104849,"Avr|May Companion
(Less travel on may)"
339220,"Holiday traveler
(summer companions, winter alone)"
836523,"Avr|Feb Companion
(Less travel on feb)"
526579,"Avr|Point Acumulator
(No companions)"
331184,"Holiday traveler
(summer companions, winter alone)"
479950,"Avr|Point Acumulator
(No companions)"
371368,"Holiday traveler
(summer companions, winter alone)"
780150,"Avr|Oct Companion
(Less travel on oct)"
849569,No Traveler
684826,"Avr|Point Acumulator
(No companions)"
862932,No Traveler
104431,"Avr|Jun Companion
(Less travel on jun)"
822723,No Traveler
243018,"Avr|Jan Companion
(Less travel on jan)"
718922,"Avr|May Companion
(Less travel on may)"
472405,"Avr|Nov Companion
(Less travel on nov)"
305100,"Avr|Oct Companion
(Less travel on oct)"
648231,No Traveler
810028,"Avr|Dec Companion
(Less travel on dec)"
331857,"Avr|Nov Companion
(Less travel on nov)"
456117,"Avr|May Companion
(Less travel on may)"
873977,"Avr|Mar Companion
(Less travel on mar)"
480872,"Winter Traveler
(December with someone)"
515634,"Winter Traveler
(December with someone)"
249811,"Holiday traveler
(summer companions, winter alone)"
530214,"Few Trips a Year
(Traveling rarely)"
826230,No Traveler
480203,"Avr|Point Acumulator
(No companions)"
486890,"Avr|Point Acumulator
(No companions)"
190570,"Holiday traveler
(summer companions, winter alone)"
273070,"Avr|Mar Companion
(Less travel on mar)"
444748,"Avr|Point Acumulator
(No companions)"
526479,No Traveler
945166,"Avr|Point Acumulator
(No companions)"
396996,"Avr|Point Acumulator
(No companions)"
639466,No Traveler
732144,"Avr|Jan Companion
(Less travel on jan)"
998078,"Avr|Point Acumulator
(No companions)"
100140,"Avr|Oct Companion
(Less travel on oct)"
646225,"Avr|May Companion
(Less travel on may)"
279580,"Avr|Jan Companion
(Less travel on jan)"
664771,"Avr|Oct Companion
(Less travel on oct)"
482940,"Avr|Mar Companion
(Less travel on mar)"
662045,"Avr|May Companion
(Less travel on may)"
666877,"Avr|Jun Companion
(Less travel on jun)"
444371,"Avr|Jan Companion
(Less travel on jan)"
512640,"Avr|Dec Companion
(Less travel on dec)"
952026,"Avr|Point Acumulator
(No companions)"
509962,"Avr|Jun Companion
(Less travel on jun)"
950216,"Winter Traveler
(December with someone)"
868719,"Avr|Feb Companion
(Less travel on feb)"
400958,"Avr|Point Acumulator
(No companions)"
641586,"Avr|Feb Companion
(Less travel on feb)"
496403,"Avr|Point Acumulator
(No companions)"
737755,"Moderate travelers
(Current average)"
234630,"Avr|Jan Companion
(Less travel on jan)"
641162,No Traveler
614441,"Avr|May Companion
(Less travel on may)"
652756,"Winter Traveler
(December with someone)"
463882,"Avr|Mar Companion
(Less travel on mar)"
904669,"Moderate travelers
(Current average)"
955666,"Moderate travelers
(Current average)"
225930,"Avr|Jan Companion
(Less travel on jan)"
574081,"Few Trips a Year
(Traveling rarely)"
712521,"Few Trips a Year
(Traveling rarely)"
369867,"Winter Traveler
(December with someone)"
181377,"Avr|Mar Companion
(Less travel on mar)"
407468,"Avr|Oct Companion
(Less travel on oct)"
882263,"Avr|Oct Companion
(Less travel on oct)"
376618,"Avr|Jan Companion
(Less travel on jan)"
154644,"Avr|Point Acumulator
(No companions)"
683356,"Avr|Jun Companion
(Less travel on jun)"
753637,"Winter Traveler
(December with someone)"
923062,"Avr|Dec Companion
(Less travel on dec)"
723969,No Traveler
231084,"Avr|Jun Companion
(Less travel on jun)"
765793,"Moderate travelers
(Current average)"
562358,No Traveler
550352,"Avr|Jan Companion
(Less travel on jan)"
746554,"Avr|Point Acumulator
(No companions)"
336541,"Few Trips a Year
(Traveling rarely)"
967838,"Avr|Mar Companion
(Less travel on mar)"
429471,"Avr|Nov Companion
(Less travel on nov)"
544619,No Traveler
829627,"Avr|Jan Companion
(Less travel on jan)"
392713,No Traveler
213086,"Holiday traveler
(summer companions, winter alone)"
735964,"Avr|Mar Companion
(Less travel on mar)"
216596,"Avr|Mar Companion
(Less travel on mar)"
887328,"Avr|Jan Companion
(Less travel on jan)"
911585,"Avr|Jun Companion
(Less travel on jun)"
708933,"Holiday traveler
(summer companions, winter alone)"
102877,"Avr|Oct Companion
(Less travel on oct)"
546456,"Avr|Nov Companion
(Less travel on nov)"
272148,"Avr|Jan Companion
(Less travel on jan)"
939992,"Winter Traveler
(December with someone)"
403052,No Traveler
931247,"Avr|Point Acumulator
(No companions)"
466781,"Few Trips a Year
(Traveling rarely)"
700225,"Avr|Oct Companion
(Less travel on oct)"
894608,"Avr|Point Acumulator
(No companions)"
140381,"Avr|Oct Companion
(Less travel on oct)"
262774,"Holiday traveler
(summer companions, winter alone)"
315736,"Moderate travelers
(Current average)"
549064,"Avr|Jun Companion
(Less travel on jun)"
608537,No Traveler
808206,"Avr|Dec Companion
(Less travel on dec)"
813739,"Avr|Point Acumulator
(No companions)"
939683,"Avr|Nov Companion
(Less travel on nov)"
188120,"Avr|Feb Companion
(Less travel on feb)"
117482,"Avr|Mar Companion
(Less travel on mar)"
897229,"Avr|Mar Companion
(Less travel on mar)"
889687,"Avr|Nov Companion
(Less travel on nov)"
427976,"Avr|Nov Companion
(Less travel on nov)"
497756,No Traveler
916300,"Avr|Feb Companion
(Less travel on feb)"
294027,"Avr|Nov Companion
(Less travel on nov)"
982543,No Traveler
267739,"Avr|Nov Companion
(Less travel on nov)"
535413,"Few Trips a Year
(Traveling rarely)"
629706,"Avr|May Companion
(Less travel on may)"
132552,No Traveler
336770,"Avr|May Companion
(Less travel on may)"
159486,"Avr|Jan Companion
(Less travel on jan)"
576345,"Holiday traveler
(summer companions, winter alone)"
561570,"Avr|Mar Companion
(Less travel on mar)"
573290,"Winter Traveler
(December with someone)"
497891,"Avr|Point Acumulator
(No companions)"
755374,"Avr|May Companion
(Less travel on may)"
321762,"Few Trips a Year
(Traveling rarely)"
612955,"Avr|Mar Companion
(Less travel on mar)"
260464,"Avr|Point Acumulator
(No companions)"
963595,"Avr|May Companion
(Less travel on may)"
193150,"Avr|Point Acumulator
(No companions)"
369416,"Holiday traveler
(summer companions, winter alone)"
888506,"Avr|May Companion
(Less travel on may)"
410790,"Avr|Point Acumulator
(No companions)"
865401,"Avr|Point Acumulator
(No companions)"
894099,"Winter Traveler
(December with someone)"
797158,"Avr|Nov Companion
(Less travel on nov)"
918272,"Avr|Jan Companion
(Less travel on jan)"
297684,"Avr|May Companion
(Less travel on may)"
687186,"Moderate travelers
(Current average)"
458614,"Few Trips a Year
(Traveling rarely)"
231013,"Avr|Point Acumulator
(No companions)"
277884,"Winter Traveler
(December with someone)"
452873,"Avr|May Companion
(Less travel on may)"
465741,"Avr|Dec Companion
(Less travel on dec)"
515860,"Avr|Oct Companion
(Less travel on oct)"
777549,"Avr|Point Acumulator
(No companions)"
916358,"Avr|Jun Companion
(Less travel on jun)"
100102,"Avr|May Companion
(Less travel on may)"
977693,"Winter Traveler
(December with someone)"
675516,"Avr|Jun Companion
(Less travel on jun)"
751823,"Avr|Dec Companion
(Less travel on dec)"
375683,"Avr|May Companion
(Less travel on may)"
631406,"Holiday traveler
(summer companions, winter alone)"
864161,"Avr|Mar Companion
(Less travel on mar)"
976423,"Avr|Point Acumulator
(No companions)"
959280,"Avr|Nov Companion
(Less travel on nov)"
531619,"Avr|Point Acumulator
(No companions)"
728563,"Holiday traveler
(summer companions, winter alone)"
552016,"Avr|Mar Companion
(Less travel on mar)"
982296,"Moderate travelers
(Current average)"
113874,No Traveler
562404,"Avr|Mar Companion
(Less travel on mar)"
135841,"Avr|Point Acumulator
(No companions)"
926611,"Avr|Point Acumulator
(No companions)"
426958,"Avr|May Companion
(Less travel on may)"
442479,"Avr|Point Acumulator
(No companions)"
870687,"Avr|Feb Companion
(Less travel on feb)"
569347,"Avr|Point Acumulator
(No companions)"
831860,"Avr|Nov Companion
(Less travel on nov)"
465729,"Avr|Feb Companion
(Less travel on feb)"
240963,"Avr|Dec Companion
(Less travel on dec)"
336831,No Traveler
942083,"Avr|Point Acumulator
(No companions)"
851549,"Avr|Jun Companion
(Less travel on jun)"
333207,"Few Trips a Year
(Traveling rarely)"
677560,"Avr|Point Acumulator
(No companions)"
757420,"Avr|Dec Companion
(Less travel on dec)"
347634,"Avr|Jan Companion
(Less travel on jan)"
421752,No Traveler
663416,"Avr|Mar Companion
(Less travel on mar)"
221813,"Avr|Oct Companion
(Less travel on oct)"
747187,"Moderate travelers
(Current average)"
283980,"Avr|Oct Companion
(Less travel on oct)"
487212,"Avr|Mar Companion
(Less travel on mar)"
288612,No Traveler
921746,No Traveler
835440,"Avr|Jan Companion
(Less travel on jan)"
700207,"Avr|Feb Companion
(Less travel on feb)"
747668,"Avr|Jan Companion
(Less travel on jan)"
203607,"Holiday traveler
(summer companions, winter alone)"
260245,"Avr|Point Acumulator
(No companions)"
417904,"Avr|Mar Companion
(Less travel on mar)"
973059,"Holiday traveler
(summer companions, winter alone)"
459563,"Avr|Point Acumulator
(No companions)"
332289,"Avr|Mar Companion
(Less travel on mar)"
400313,"Holiday traveler
(summer companions, winter alone)"
373886,"Avr|Jan Companion
(Less travel on jan)"
409908,"Avr|Point Acumulator
(No companions)"
210647,"Avr|Point Acumulator
(No companions)"
904602,"Avr|May Companion
(Less travel on may)"
346704,"Avr|Point Acumulator
(No companions)"
926867,No Traveler
485062,"Avr|May Companion
(Less travel on may)"
635517,"Holiday traveler
(summer companions, winter alone)"
906780,"Moderate travelers
(Current average)"
715255,"Holiday traveler
(summer companions, winter alone)"
948489,"Avr|Point Acumulator
(No companions)"
478700,"Avr|Nov Companion
(Less travel on nov)"
789052,"Moderate travelers
(Current average)"
453887,"Avr|May Companion
(Less travel on may)"
991893,"Avr|Point Acumulator
(No companions)"
972648,"Avr|Jan Companion
(Less travel on jan)"
500058,"Few Trips a Year
(Traveling rarely)"
960005,"Avr|Dec Companion
(Less travel on dec)"
267020,"Avr|Jun Companion
(Less travel on jun)"
283338,"Winter Traveler
(December with someone)"
872234,"Avr|Point Acumulator
(No companions)"
408500,"Avr|Point Acumulator
(No companions)"
762259,"Avr|Nov Companion
(Less travel on nov)"
804930,"Avr|Nov Companion
(Less travel on nov)"
877008,No Traveler
445169,"Avr|Jun Companion
(Less travel on jun)"
795492,"Avr|May Companion
(Less travel on may)"
744567,"Avr|May Companion
(Less travel on may)"
651605,"Moderate travelers
(Current average)"
945379,No Traveler
132209,"Avr|Oct Companion
(Less travel on oct)"
826113,"Few Trips a Year
(Traveling rarely)"
682709,"Avr|Feb Companion
(Less travel on feb)"
662164,"Few Trips a Year
(Traveling rarely)"
189854,No Traveler
309727,"Avr|May Companion
(Less travel on may)"
700286,"Holiday traveler
(summer companions, winter alone)"
859258,"Few Trips a Year
(Traveling rarely)"
938603,"Avr|Nov Companion
(Less travel on nov)"
744135,"Holiday traveler
(summer companions, winter alone)"
478050,"Avr|Feb Companion
(Less travel on feb)"
607115,"Avr|May Companion
(Less travel on may)"
347212,No Traveler
236710,"Avr|Mar Companion
(Less travel on mar)"
208256,"Avr|Point Acumulator
(No companions)"
224000,"Avr|Dec Companion
(Less travel on dec)"
767331,"Holiday traveler
(summer companions, winter alone)"
844193,"Avr|Point Acumulator
(No companions)"
135279,"Holiday traveler
(summer companions, winter alone)"
433496,"Avr|Dec Companion
(Less travel on dec)"
604526,"Few Trips a Year
(Traveling rarely)"
645081,"Moderate travelers
(Current average)"
932233,"Avr|Point Acumulator
(No companions)"
806598,"Avr|Oct Companion
(Less travel on oct)"
105789,"Avr|Feb Companion
(Less travel on feb)"
158901,"Avr|Jan Companion
(Less travel on jan)"
398603,"Avr|Jun Companion
(Less travel on jun)"
287690,"Avr|Point Acumulator
(No companions)"
352068,"Avr|Point Acumulator
(No companions)"
418718,"Few Trips a Year
(Traveling rarely)"
709499,"Avr|Jun Companion
(Less travel on jun)"
336271,"Avr|Nov Companion
(Less travel on nov)"
401834,"Avr|Dec Companion
(Less travel on dec)"
649656,"Avr|Mar Companion
(Less travel on mar)"
406099,No Traveler
961427,"Avr|Jan Companion
(Less travel on jan)"
470381,"Avr|Jun Companion
(Less travel on jun)"
728085,"Avr|Oct Companion
(Less travel on oct)"
600651,"Avr|Jan Companion
(Less travel on jan)"
164094,"Avr|Dec Companion
(Less travel on dec)"
841631,"Avr|Oct Companion
(Less travel on oct)"
561413,"Avr|Mar Companion
(Less travel on mar)"
332225,"Avr|May Companion
(Less travel on may)"
170531,"Avr|Jan Companion
(Less travel on jan)"
561873,"Avr|Nov Companion
(Less travel on nov)"
279634,"Holiday traveler
(summer companions, winter alone)"
694648,No Traveler
491690,No Traveler
641164,"Avr|Mar Companion
(Less travel on mar)"
247833,"Winter Traveler
(December with someone)"
464248,"Avr|May Companion
(Less travel on may)"
811471,"Avr|Feb Companion
(Less travel on feb)"
569188,"Few Trips a Year
(Traveling rarely)"
434751,"Avr|Jan Companion
(Less travel on jan)"
878510,"Winter Traveler
(December with someone)"
653542,"Avr|Jun Companion
(Less travel on jun)"
831812,"Holiday traveler
(summer companions, winter alone)"
843101,"Avr|Nov Companion
(Less travel on nov)"
335306,"Holiday traveler
(summer companions, winter alone)"
670430,"Avr|Mar Companion
(Less travel on mar)"
278932,"Avr|Oct Companion
(Less travel on oct)"
561107,"Avr|May Companion
(Less travel on may)"
990905,"Avr|Mar Companion
(Less travel on mar)"
846291,"Avr|Nov Companion
(Less travel on nov)"
578811,"Avr|Mar Companion
(Less travel on mar)"
741677,"Avr|Nov Companion
(Less travel on nov)"
785965,No Traveler
972791,"Winter Traveler
(December with someone)"
109022,"Avr|Mar Companion
(Less travel on mar)"
904501,"Avr|Jun Companion
(Less travel on jun)"
985266,"Avr|May Companion
(Less travel on may)"
138065,No Traveler
528332,"Avr|Nov Companion
(Less travel on nov)"
603407,"Avr|May Companion
(Less travel on may)"
607405,"Avr|May Companion
(Less travel on may)"
809449,"Avr|Nov Companion
(Less travel on nov)"
834615,"Moderate travelers
(Current average)"
330858,"Avr|Jun Companion
(Less travel on jun)"
504525,"Avr|Point Acumulator
(No companions)"
716360,"Avr|Oct Companion
(Less travel on oct)"
687589,"Avr|Jan Companion
(Less travel on jan)"
619268,"Avr|May Companion
(Less travel on may)"
923234,"Avr|Point Acumulator
(No companions)"
138204,"Avr|Dec Companion
(Less travel on dec)"
753306,No Traveler
918326,"Avr|Jun Companion
(Less travel on jun)"
678493,"Avr|Dec Companion
(Less travel on dec)"
781355,"Avr|Point Acumulator
(No companions)"
371737,No Traveler
391034,"Avr|Oct Companion
(Less travel on oct)"
273414,"Avr|Mar Companion
(Less travel on mar)"
746536,"Avr|Jan Companion
(Less travel on jan)"
864288,"Avr|Nov Companion
(Less travel on nov)"
702147,"Few Trips a Year
(Traveling rarely)"
724723,"Holiday traveler
(summer companions, winter alone)"
772152,"Holiday traveler
(summer companions, winter alone)"
173227,"Holiday traveler
(summer companions, winter alone)"
413088,"Avr|Nov Companion
(Less travel on nov)"
667293,"Moderate travelers
(Current average)"
140290,"Avr|Point Acumulator
(No companions)"
994571,"Moderate travelers
(Current average)"
575948,"Avr|Jun Companion
(Less travel on jun)"
144641,"Few Trips a Year
(Traveling rarely)"
192250,"Avr|Mar Companion
(Less travel on mar)"
940904,No Traveler
195895,"Avr|May Companion
(Less travel on may)"
758389,"Avr|Mar Companion
(Less travel on mar)"
870764,"Avr|Feb Companion
(Less travel on feb)"
636533,No Traveler
817245,"Avr|Mar Companion
(Less travel on mar)"
977676,No Traveler
523170,"Avr|May Companion
(Less travel on may)"
239956,"Avr|May Companion
(Less travel on may)"
918807,"Avr|Jun Companion
(Less travel on jun)"
423473,"Winter Traveler
(December with someone)"
702048,"Holiday traveler
(summer companions, winter alone)"
181830,"Avr|Mar Companion
(Less travel on mar)"
362680,"Avr|Feb Companion
(Less travel on feb)"
347850,"Avr|Nov Companion
(Less travel on nov)"
808498,"Avr|Feb Companion
(Less travel on feb)"
450323,"Avr|Jun Companion
(Less travel on jun)"
756481,"Avr|Jan Companion
(Less travel on jan)"
930620,No Traveler
442838,"Avr|Jun Companion
(Less travel on jun)"
336037,"Moderate travelers
(Current average)"
479198,"Avr|Jan Companion
(Less travel on jan)"
552441,"Few Trips a Year
(Traveling rarely)"
152406,"Avr|Jan Companion
(Less travel on jan)"
447925,"Avr|Mar Companion
(Less travel on mar)"
884691,"Moderate travelers
(Current average)"
197608,"Avr|Nov Companion
(Less travel on nov)"
802336,"Winter Traveler
(December with someone)"
153003,"Moderate travelers
(Current average)"
199405,"Avr|Jan Companion
(Less travel on jan)"
495403,"Avr|Point Acumulator
(No companions)"
156945,"Holiday traveler
(summer companions, winter alone)"
783363,"Winter Traveler
(December with someone)"
443967,No Traveler
992985,"Moderate travelers
(Current average)"
737949,"Avr|Feb Companion
(Less travel on feb)"
846046,"Avr|Jun Companion
(Less travel on jun)"
379506,"Moderate travelers
(Current average)"
423941,"Avr|Jun Companion
(Less travel on jun)"
303396,No Traveler
798954,"Avr|Point Acumulator
(No companions)"
493640,"Winter Traveler
(December with someone)"
196367,"Avr|May Companion
(Less travel on may)"
573649,"Avr|Point Acumulator
(No companions)"
337235,"Avr|Oct Companion
(Less travel on oct)"
706820,"Avr|Jan Companion
(Less travel on jan)"
620406,"Avr|May Companion
(Less travel on may)"
502943,"Avr|Oct Companion
(Less travel on oct)"
473674,No Traveler
624704,No Traveler
686769,"Avr|Mar Companion
(Less travel on mar)"
690671,"Avr|Jan Companion
(Less travel on jan)"
733515,"Winter Traveler
(December with someone)"
841674,No Traveler
974041,"Avr|Feb Companion
(Less travel on feb)"
556492,"Winter Traveler
(December with someone)"
820344,No Traveler
235398,"Avr|Nov Companion
(Less travel on nov)"
514632,"Avr|Jun Companion
(Less travel on jun)"
581079,"Avr|Point Acumulator
(No companions)"
324242,"Avr|Oct Companion
(Less travel on oct)"
669066,"Moderate travelers
(Current average)"
616956,"Winter Traveler
(December with someone)"
779882,"Avr|Mar Companion
(Less travel on mar)"
415915,"Avr|Feb Companion
(Less travel on feb)"
299454,"Avr|Mar Companion
(Less travel on mar)"
429354,"Avr|Nov Companion
(Less travel on nov)"
708230,"Avr|Mar Companion
(Less travel on mar)"
224664,"Avr|Point Acumulator
(No companions)"
873116,"Avr|Point Acumulator
(No companions)"
701012,No Traveler
851563,"Avr|Mar Companion
(Less travel on mar)"
977080,"Avr|Mar Companion
(Less travel on mar)"
973060,"Avr|Dec Companion
(Less travel on dec)"
293663,"Few Trips a Year
(Traveling rarely)"
248433,"Avr|Point Acumulator
(No companions)"
314108,"Holiday traveler
(summer companions, winter alone)"
358201,"Avr|Feb Companion
(Less travel on feb)"
480158,"Avr|Jun Companion
(Less travel on jun)"
576658,No Traveler
824990,"Avr|Dec Companion
(Less travel on dec)"
992002,"Avr|Mar Companion
(Less travel on mar)"
384744,"Avr|Jan Companion
(Less travel on jan)"
808920,"Avr|Mar Companion
(Less travel on mar)"
611356,"Avr|Oct Companion
(Less travel on oct)"
133859,"Avr|Dec Companion
(Less travel on dec)"
212128,"Avr|May Companion
(Less travel on may)"
692129,"Avr|May Companion
(Less travel on may)"
855602,No Traveler
946998,"Avr|Feb Companion
(Less travel on feb)"
973524,"Avr|Point Acumulator
(No companions)"
316290,"Avr|Nov Companion
(Less travel on nov)"
338838,"Avr|Jun Companion
(Less travel on jun)"
413115,"Avr|Feb Companion
(Less travel on feb)"
588789,"Avr|Mar Companion
(Less travel on mar)"
686044,"Avr|Jan Companion
(Less travel on jan)"
820341,"Moderate travelers
(Current average)"
149655,No Traveler
893574,No Traveler
192115,"Avr|Nov Companion
(Less travel on nov)"
570971,"Few Trips a Year
(Traveling rarely)"
548682,"Avr|Dec Companion
(Less travel on dec)"
705806,"Few Trips a Year
(Traveling rarely)"
962657,"Avr|Feb Companion
(Less travel on feb)"
139511,"Avr|Jun Companion
(Less travel on jun)"
922000,"Avr|Jan Companion
(Less travel on jan)"
533391,No Traveler
681328,"Holiday traveler
(summer companions, winter alone)"
610684,"Avr|Jun Companion
(Less travel on jun)"
766775,"Winter Traveler
(December with someone)"
998072,"Avr|Dec Companion
(Less travel on dec)"
327203,"Holiday traveler
(summer companions, winter alone)"
570806,"Moderate travelers
(Current average)"
797992,No Traveler
801368,"Moderate travelers
(Current average)"
348672,"Avr|Point Acumulator
(No companions)"
438526,"Avr|Dec Companion
(Less travel on dec)"
502946,"Few Trips a Year
(Traveling rarely)"
188307,"Avr|Jun Companion
(Less travel on jun)"
215567,"Avr|Nov Companion
(Less travel on nov)"
169418,"Holiday traveler
(summer companions, winter alone)"
376983,"Winter Traveler
(December with someone)"
801948,No Traveler
546025,"Avr|Point Acumulator
(No companions)"
674372,No Traveler
248950,No Traveler
700096,"Avr|May Companion
(Less travel on may)"
815804,"Avr|Nov Companion
(Less travel on nov)"
205087,"Avr|Jan Companion
(Less travel on jan)"
979634,"Avr|Mar Companion
(Less travel on mar)"
546231,"Avr|Feb Companion
(Less travel on feb)"
990918,"Avr|Point Acumulator
(No companions)"
967772,"Avr|Nov Companion
(Less travel on nov)"
286718,"Avr|May Companion
(Less travel on may)"
404012,No Traveler
949134,"Avr|Point Acumulator
(No companions)"
446403,"Avr|Jun Companion
(Less travel on jun)"
822066,"Avr|Feb Companion
(Less travel on feb)"
375757,"Avr|Point Acumulator
(No companions)"
652816,"Avr|May Companion
(Less travel on may)"
669028,"Moderate travelers
(Current average)"
503673,"Avr|Jan Companion
(Less travel on jan)"
950029,"Avr|Jun Companion
(Less travel on jun)"
511444,"Holiday traveler
(summer companions, winter alone)"
818995,"Avr|Oct Companion
(Less travel on oct)"
257981,"Avr|Jan Companion
(Less travel on jan)"
203293,"Avr|Feb Companion
(Less travel on feb)"
281305,"Moderate travelers
(Current average)"
136232,"Avr|Point Acumulator
(No companions)"
348475,"Avr|Nov Companion
(Less travel on nov)"
399514,"Winter Traveler
(December with someone)"
919340,"Avr|Feb Companion
(Less travel on feb)"
974330,"Avr|Mar Companion
(Less travel on mar)"
895544,"Avr|Nov Companion
(Less travel on nov)"
272893,"Avr|Nov Companion
(Less travel on nov)"
835149,"Avr|Jun Companion
(Less travel on jun)"
366049,No Traveler
879416,"Winter Traveler
(December with someone)"
999120,"Avr|Mar Companion
(Less travel on mar)"
521431,"Avr|Point Acumulator
(No companions)"
522261,"Avr|Oct Companion
(Less travel on oct)"
454609,No Traveler
707273,"Few Trips a Year
(Traveling rarely)"
331325,"Moderate travelers
(Current average)"
682528,"Avr|Point Acumulator
(No companions)"
937862,"Avr|Mar Companion
(Less travel on mar)"
488071,"Avr|Point Acumulator
(No companions)"
499346,"Winter Traveler
(December with someone)"
620078,"Holiday traveler
(summer companions, winter alone)"
757387,"Avr|Dec Companion
(Less travel on dec)"
786391,"Avr|May Companion
(Less travel on may)"
837273,"Winter Traveler
(December with someone)"
841204,"Avr|Mar Companion
(Less travel on mar)"
844348,"Avr|Feb Companion
(Less travel on feb)"
261964,"Avr|Nov Companion
(Less travel on nov)"
712114,"Winter Traveler
(December with someone)"
323593,No Traveler
790341,"Avr|Point Acumulator
(No companions)"
910576,"Avr|Point Acumulator
(No companions)"
132756,"Holiday traveler
(summer companions, winter alone)"
246800,"Avr|May Companion
(Less travel on may)"
298156,No Traveler
375722,"Avr|Jan Companion
(Less travel on jan)"
411715,No Traveler
532848,No Traveler
816122,"Few Trips a Year
(Traveling rarely)"
894691,No Traveler
976695,"Avr|Dec Companion
(Less travel on dec)"
991230,"Avr|Mar Companion
(Less travel on mar)"
383842,"Few Trips a Year
(Traveling rarely)"
459948,"Avr|Oct Companion
(Less travel on oct)"
664054,"Moderate travelers
(Current average)"
264409,No Traveler
248487,"Avr|Point Acumulator
(No companions)"
507486,"Avr|Jun Companion
(Less travel on jun)"
385638,"Holiday traveler
(summer companions, winter alone)"
662166,"Avr|Point Acumulator
(No companions)"
299573,"Avr|Feb Companion
(Less travel on feb)"
839422,"Moderate travelers
(Current average)"
250609,No Traveler
131673,"Avr|Jan Companion
(Less travel on jan)"
728316,"Holiday traveler
(summer companions, winter alone)"
530436,"Avr|Dec Companion
(Less travel on dec)"
653340,"Avr|May Companion
(Less travel on may)"
271641,"Few Trips a Year
(Traveling rarely)"
745636,"Few Trips a Year
(Traveling rarely)"
852597,"Avr|Point Acumulator
(No companions)"
724033,"Avr|Mar Companion
(Less travel on mar)"
130548,"Avr|May Companion
(Less travel on may)"
198813,"Avr|Oct Companion
(Less travel on oct)"
270011,"Moderate travelers
(Current average)"
344990,"Avr|Jan Companion
(Less travel on jan)"
369121,"Avr|Point Acumulator
(No companions)"
591758,"Avr|Point Acumulator
(No companions)"
628320,"Avr|May Companion
(Less travel on may)"
741725,"Few Trips a Year
(Traveling rarely)"
562655,"Avr|Jun Companion
(Less travel on jun)"
164973,"Avr|Jan Companion
(Less travel on jan)"
394363,No Traveler
577195,No Traveler
317060,"Avr|Feb Companion
(Less travel on feb)"
511302,"Moderate travelers
(Current average)"
682654,"Avr|Jun Companion
(Less travel on jun)"
365635,"Avr|Nov Companion
(Less travel on nov)"
616739,"Few Trips a Year
(Traveling rarely)"
835760,"Avr|Point Acumulator
(No companions)"
777990,"Avr|Jan Companion
(Less travel on jan)"
867833,"Avr|May Companion
(Less travel on may)"
245419,"Avr|Oct Companion
(Less travel on oct)"
731819,"Avr|Oct Companion
(Less travel on oct)"
296626,"Avr|Dec Companion
(Less travel on dec)"
553954,"Moderate travelers
(Current average)"
108381,"Avr|Point Acumulator
(No companions)"
176284,"Avr|Feb Companion
(Less travel on feb)"
510505,"Avr|Nov Companion
(Less travel on nov)"
639258,No Traveler
446135,No Traveler
557138,"Few Trips a Year
(Traveling rarely)"
664666,"Avr|Mar Companion
(Less travel on mar)"
675243,"Moderate travelers
(Current average)"
825333,"Holiday traveler
(summer companions, winter alone)"
685208,"Avr|Mar Companion
(Less travel on mar)"
787571,"Few Trips a Year
(Traveling rarely)"
339941,"Moderate travelers
(Current average)"
539370,"Avr|Dec Companion
(Less travel on dec)"
547213,"Avr|Point Acumulator
(No companions)"
722538,"Avr|Jan Companion
(Less travel on jan)"
535436,"Holiday traveler
(summer companions, winter alone)"
885739,"Avr|Mar Companion
(Less travel on mar)"
297379,"Avr|Nov Companion
(Less travel on nov)"
921899,"Avr|Dec Companion
(Less travel on dec)"
511541,"Avr|Mar Companion
(Less travel on mar)"
122685,"Avr|Jan Companion
(Less travel on jan)"
401760,"Avr|Jun Companion
(Less travel on jun)"
247514,"Avr|Feb Companion
(Less travel on feb)"
992028,"Avr|Nov Companion
(Less travel on nov)"
782078,No Traveler
710005,"Avr|Jun Companion
(Less travel on jun)"
546163,No Traveler
838283,"Avr|Nov Companion
(Less travel on nov)"
281737,"Holiday traveler
(summer companions, winter alone)"
344669,No Traveler
128325,"Avr|Jun Companion
(Less travel on jun)"
146400,"Holiday traveler
(summer companions, winter alone)"
855394,"Few Trips a Year
(Traveling rarely)"
573964,"Avr|Feb Companion
(Less travel on feb)"
369739,"Avr|Dec Companion
(Less travel on dec)"
667262,"Avr|May Companion
(Less travel on may)"
758656,"Few Trips a Year
(Traveling rarely)"
286927,"Avr|Nov Companion
(Less travel on nov)"
552278,"Avr|Nov Companion
(Less travel on nov)"
632130,"Avr|Dec Companion
(Less travel on dec)"
789624,"Avr|Dec Companion
(Less travel on dec)"
706497,"Avr|Point Acumulator
(No companions)"
963487,"Moderate travelers
(Current average)"
343247,No Traveler
657748,"Avr|May Companion
(Less travel on may)"
186295,"Avr|Feb Companion
(Less travel on feb)"
112733,"Avr|Point Acumulator
(No companions)"
781647,"Avr|May Companion
(Less travel on may)"
157771,"Few Trips a Year
(Traveling rarely)"
103860,"Avr|Dec Companion
(Less travel on dec)"
538341,"Avr|Oct Companion
(Less travel on oct)"
672255,No Traveler
991529,"Avr|Point Acumulator
(No companions)"
363178,"Few Trips a Year
(Traveling rarely)"
529471,"Avr|May Companion
(Less travel on may)"
549404,"Few Trips a Year
(Traveling rarely)"
874984,"Avr|Jan Companion
(Less travel on jan)"
170079,"Avr|May Companion
(Less travel on may)"
467401,"Holiday traveler
(summer companions, winter alone)"
803656,"Winter Traveler
(December with someone)"
495148,"Avr|Jan Companion
(Less travel on jan)"
965254,No Traveler
286551,"Avr|Feb Companion
(Less travel on feb)"
123908,"Avr|Oct Companion
(Less travel on oct)"
289472,"Winter Traveler
(December with someone)"
692628,"Avr|Jan Companion
(Less travel on jan)"
803956,"Avr|Feb Companion
(Less travel on feb)"
608850,"Avr|Dec Companion
(Less travel on dec)"
788091,"Avr|Nov Companion
(Less travel on nov)"
110030,"Few Trips a Year
(Traveling rarely)"
307136,"Avr|Jun Companion
(Less travel on jun)"
277025,"Few Trips a Year
(Traveling rarely)"
484894,"Avr|Dec Companion
(Less travel on dec)"
252476,"Avr|Point Acumulator
(No companions)"
512071,"Avr|Nov Companion
(Less travel on nov)"
789004,"Avr|Point Acumulator
(No companions)"
948325,"Avr|Mar Companion
(Less travel on mar)"
210416,"Avr|Jun Companion
(Less travel on jun)"
349153,"Avr|Nov Companion
(Less travel on nov)"
328213,"Avr|Jan Companion
(Less travel on jan)"
554104,"Holiday traveler
(summer companions, winter alone)"
260622,"Avr|Feb Companion
(Less travel on feb)"
692671,"Moderate travelers
(Current average)"
725807,"Avr|Dec Companion
(Less travel on dec)"
308991,"Avr|Point Acumulator
(No companions)"
330365,"Moderate travelers
(Current average)"
873488,"Avr|Oct Companion
(Less travel on oct)"
278898,"Moderate travelers
(Current average)"
597209,"Avr|Oct Companion
(Less travel on oct)"
560104,"Avr|Jan Companion
(Less travel on jan)"
941064,"Avr|Nov Companion
(Less travel on nov)"
347466,"Avr|Jun Companion
(Less travel on jun)"
448654,"Avr|May Companion
(Less travel on may)"
423432,"Avr|Nov Companion
(Less travel on nov)"
395168,"Few Trips a Year
(Traveling rarely)"
464799,"Avr|May Companion
(Less travel on may)"
600309,"Winter Traveler
(December with someone)"
810338,"Avr|Jan Companion
(Less travel on jan)"
153582,No Traveler
349001,"Avr|Oct Companion
(Less travel on oct)"
748649,"Avr|Feb Companion
(Less travel on feb)"
815248,No Traveler
963814,"Avr|Mar Companion
(Less travel on mar)"
999498,"Avr|Jun Companion
(Less travel on jun)"
870857,"Moderate travelers
(Current average)"
640588,"Avr|Feb Companion
(Less travel on feb)"
310853,"Avr|Mar Companion
(Less travel on mar)"
579710,"Avr|Jun Companion
(Less travel on jun)"
426533,"Avr|Dec Companion
(Less travel on dec)"
309277,"Avr|Jan Companion
(Less travel on jan)"
850092,"Avr|May Companion
(Less travel on may)"
611046,No Traveler
921191,No Traveler
218277,"Avr|Point Acumulator
(No companions)"
232703,"Avr|Dec Companion
(Less travel on dec)"
559261,"Few Trips a Year
(Traveling rarely)"
987425,"Avr|Nov Companion
(Less travel on nov)"
553453,"Moderate travelers
(Current average)"
738467,"Moderate travelers
(Current average)"
862096,"Avr|Point Acumulator
(No companions)"
420738,"Moderate travelers
(Current average)"
106978,"Avr|Nov Companion
(Less travel on nov)"
985183,"Avr|Mar Companion
(Less travel on mar)"
224740,"Avr|Jan Companion
(Less travel on jan)"
440885,"Avr|Oct Companion
(Less travel on oct)"
590246,"Moderate travelers
(Current average)"
519984,"Avr|Point Acumulator
(No companions)"
716197,"Holiday traveler
(summer companions, winter alone)"
413815,"Avr|Oct Companion
(Less travel on oct)"
499658,"Avr|Nov Companion
(Less travel on nov)"
213723,"Avr|Oct Companion
(Less travel on oct)"
232203,"Holiday traveler
(summer companions, winter alone)"
663746,No Traveler
986143,"Avr|Jun Companion
(Less travel on jun)"
764302,No Traveler
161574,"Avr|Jun Companion
(Less travel on jun)"
494899,"Avr|Point Acumulator
(No companions)"
371402,"Few Trips a Year
(Traveling rarely)"
628669,"Avr|Dec Companion
(Less travel on dec)"
979639,"Avr|Nov Companion
(Less travel on nov)"
220616,"Avr|Dec Companion
(Less travel on dec)"
840038,"Moderate travelers
(Current average)"
986288,"Moderate travelers
(Current average)"
638162,"Avr|Nov Companion
(Less travel on nov)"
642976,"Winter Traveler
(December with someone)"
208649,"Avr|Oct Companion
(Less travel on oct)"
623861,"Avr|May Companion
(Less travel on may)"
977037,No Traveler
216269,"Avr|May Companion
(Less travel on may)"
817158,"Avr|Jun Companion
(Less travel on jun)"
937645,"Avr|Point Acumulator
(No companions)"
721225,"Avr|Jan Companion
(Less travel on jan)"
723978,"Avr|Feb Companion
(Less travel on feb)"
742493,"Avr|Oct Companion
(Less travel on oct)"
298232,"Moderate travelers
(Current average)"
348065,"Avr|Jun Companion
(Less travel on jun)"
967017,"Avr|Point Acumulator
(No companions)"
347276,No Traveler
456887,"Avr|Dec Companion
(Less travel on dec)"
506372,No Traveler
506749,No Traveler
527773,"Avr|Jun Companion
(Less travel on jun)"
605127,"Avr|Dec Companion
(Less travel on dec)"
728837,"Moderate travelers
(Current average)"
877251,"Avr|Point Acumulator
(No companions)"
820542,"Avr|Mar Companion
(Less travel on mar)"
247247,"Few Trips a Year
(Traveling rarely)"
434136,"Avr|Feb Companion
(Less travel on feb)"
781970,"Avr|Point Acumulator
(No companions)"
737474,"Moderate travelers
(Current average)"
540966,"Avr|Point Acumulator
(No companions)"
470334,"Avr|Point Acumulator
(No companions)"
420434,"Avr|May Companion
(Less travel on may)"
515579,No Traveler
523722,"Avr|Feb Companion
(Less travel on feb)"
617960,"Avr|Nov Companion
(Less travel on nov)"
911372,"Moderate travelers
(Current average)"
199021,"Few Trips a Year
(Traveling rarely)"
375890,"Avr|Feb Companion
(Less travel on feb)"
785114,"Winter Traveler
(December with someone)"
875657,"Moderate travelers
(Current average)"
742359,No Traveler
877595,"Avr|Point Acumulator
(No companions)"
470738,"Avr|Jan Companion
(Less travel on jan)"
219714,"Avr|Jan Companion
(Less travel on jan)"
411094,"Avr|Oct Companion
(Less travel on oct)"
824917,"Avr|Jun Companion
(Less travel on jun)"
109660,"Avr|Feb Companion
(Less travel on feb)"
202358,"Avr|Dec Companion
(Less travel on dec)"
924132,"Moderate travelers
(Current average)"
177518,"Avr|Jun Companion
(Less travel on jun)"
304824,No Traveler
677322,"Avr|Feb Companion
(Less travel on feb)"
817066,"Avr|Point Acumulator
(No companions)"
237018,"Avr|May Companion
(Less travel on may)"
719576,No Traveler
579890,"Avr|Feb Companion
(Less travel on feb)"
855922,"Avr|Dec Companion
(Less travel on dec)"
386790,"Avr|Mar Companion
(Less travel on mar)"
441670,"Winter Traveler
(December with someone)"
455651,"Moderate travelers
(Current average)"
488549,"Avr|Mar Companion
(Less travel on mar)"
626542,"Avr|Dec Companion
(Less travel on dec)"
854077,"Avr|Mar Companion
(Less travel on mar)"
854704,"Avr|Jun Companion
(Less travel on jun)"
310396,"Avr|Point Acumulator
(No companions)"
319469,"Avr|Jun Companion
(Less travel on jun)"
957419,"Avr|Jun Companion
(Less travel on jun)"
201276,"Holiday traveler
(summer companions, winter alone)"
949612,No Traveler
765481,"Avr|Jan Companion
(Less travel on jan)"
325935,"Holiday traveler
(summer companions, winter alone)"
982969,"Avr|Point Acumulator
(No companions)"
293496,"Avr|Jun Companion
(Less travel on jun)"
501552,"Avr|Point Acumulator
(No companions)"
515049,"Avr|Dec Companion
(Less travel on dec)"
641384,"Avr|Oct Companion
(Less travel on oct)"
734801,"Avr|Oct Companion
(Less travel on oct)"
833683,"Avr|Jan Companion
(Less travel on jan)"
880849,"Avr|Point Acumulator
(No companions)"
960708,"Avr|Point Acumulator
(No companions)"
247607,"Moderate travelers
(Current average)"
390350,"Avr|Feb Companion
(Less travel on feb)"
924089,"Avr|Feb Companion
(Less travel on feb)"
410702,"Avr|Oct Companion
(Less travel on oct)"
937484,"Few Trips a Year
(Traveling rarely)"
548335,"Avr|Dec Companion
(Less travel on dec)"
567805,No Traveler
631801,"Winter Traveler
(December with someone)"
921392,No Traveler
502848,"Avr|Feb Companion
(Less travel on feb)"
195150,"Avr|Point Acumulator
(No companions)"
396997,"Avr|Point Acumulator
(No companions)"
904802,"Few Trips a Year
(Traveling rarely)"
129030,"Avr|May Companion
(Less travel on may)"
329039,"Avr|Oct Companion
(Less travel on oct)"
521576,"Avr|Nov Companion
(Less travel on nov)"
111329,"Moderate travelers
(Current average)"
454327,"Avr|Oct Companion
(Less travel on oct)"
747395,"Avr|May Companion
(Less travel on may)"
989816,"Avr|May Companion
(Less travel on may)"
131893,"Avr|Feb Companion
(Less travel on feb)"
900894,"Avr|Feb Companion
(Less travel on feb)"
277367,"Avr|Mar Companion
(Less travel on mar)"
807152,"Avr|Oct Companion
(Less travel on oct)"
354464,"Avr|Point Acumulator
(No companions)"
359360,"Avr|Nov Companion
(Less travel on nov)"
606060,"Avr|Oct Companion
(Less travel on oct)"
997439,"Avr|Jun Companion
(Less travel on jun)"
113831,"Avr|Jan Companion
(Less travel on jan)"
643854,"Moderate travelers
(Current average)"
858352,"Avr|Point Acumulator
(No companions)"
133608,"Avr|Point Acumulator
(No companions)"
224924,"Avr|Oct Companion
(Less travel on oct)"
205505,"Avr|Feb Companion
(Less travel on feb)"
305102,"Avr|Nov Companion
(Less travel on nov)"
369000,"Avr|Nov Companion
(Less travel on nov)"
837175,"Avr|Feb Companion
(Less travel on feb)"
632638,"Avr|Point Acumulator
(No companions)"
876757,"Avr|Feb Companion
(Less travel on feb)"
187161,"Few Trips a Year
(Traveling rarely)"
948145,"Avr|Jan Companion
(Less travel on jan)"
133518,"Avr|Nov Companion
(Less travel on nov)"
716750,"Avr|Mar Companion
(Less travel on mar)"
671368,"Avr|Mar Companion
(Less travel on mar)"
877242,"Avr|Point Acumulator
(No companions)"
975613,"Few Trips a Year
(Traveling rarely)"
130419,"Avr|Point Acumulator
(No companions)"
454663,"Avr|Oct Companion
(Less travel on oct)"
523194,"Few Trips a Year
(Traveling rarely)"
628211,"Avr|Jun Companion
(Less travel on jun)"
690984,"Winter Traveler
(December with someone)"
871124,"Avr|Mar Companion
(Less travel on mar)"
890882,"Winter Traveler
(December with someone)"
311556,"Avr|Feb Companion
(Less travel on feb)"
969732,"Avr|Mar Companion
(Less travel on mar)"
866242,"Avr|Nov Companion
(Less travel on nov)"
821137,"Avr|Point Acumulator
(No companions)"
495787,"Avr|Dec Companion
(Less travel on dec)"
836706,"Avr|Dec Companion
(Less travel on dec)"
494284,"Avr|Nov Companion
(Less travel on nov)"
156355,"Winter Traveler
(December with someone)"
521653,"Avr|Point Acumulator
(No companions)"
412203,"Avr|Feb Companion
(Less travel on feb)"
603968,"Avr|Nov Companion
(Less travel on nov)"
485300,No Traveler
904992,"Winter Traveler
(December with someone)"
213813,"Avr|Point Acumulator
(No companions)"
556982,"Avr|Feb Companion
(Less travel on feb)"
213113,"Avr|Point Acumulator
(No companions)"
355908,"Avr|Nov Companion
(Less travel on nov)"
138369,"Avr|Mar Companion
(Less travel on mar)"
845994,"Avr|Feb Companion
(Less travel on feb)"
811959,No Traveler
568172,"Avr|Nov Companion
(Less travel on nov)"
971670,No Traveler
336139,"Avr|Point Acumulator
(No companions)"
750454,"Few Trips a Year
(Traveling rarely)"
655082,"Avr|Jan Companion
(Less travel on jan)"
206773,"Avr|Jun Companion
(Less travel on jun)"
214639,"Avr|Mar Companion
(Less travel on mar)"
543456,No Traveler
451711,No Traveler
998934,"Avr|Dec Companion
(Less travel on dec)"
795512,"Avr|Mar Companion
(Less travel on mar)"
116897,No Traveler
715689,"Avr|Jun Companion
(Less travel on jun)"
865066,"Few Trips a Year
(Traveling rarely)"
305556,No Traveler
970964,"Avr|Point Acumulator
(No companions)"
654941,"Avr|Jan Companion
(Less travel on jan)"
746402,"Avr|Point Acumulator
(No companions)"
460629,"Moderate travelers
(Current average)"
768354,"Avr|Feb Companion
(Less travel on feb)"
238640,"Holiday traveler
(summer companions, winter alone)"
745908,"Avr|Jan Companion
(Less travel on jan)"
360537,"Avr|Feb Companion
(Less travel on feb)"
679253,"Few Trips a Year
(Traveling rarely)"
386825,"Avr|May Companion
(Less travel on may)"
583252,"Avr|Mar Companion
(Less travel on mar)"
568171,"Avr|Dec Companion
(Less travel on dec)"
885848,"Moderate travelers
(Current average)"
734938,"Few Trips a Year
(Traveling rarely)"
780973,"Avr|Feb Companion
(Less travel on feb)"
128633,"Avr|Point Acumulator
(No companions)"
511588,"Avr|Dec Companion
(Less travel on dec)"
536577,"Avr|Mar Companion
(Less travel on mar)"
580068,"Few Trips a Year
(Traveling rarely)"
661088,"Avr|Feb Companion
(Less travel on feb)"
114553,"Avr|Jan Companion
(Less travel on jan)"
736829,"Avr|Jan Companion
(Less travel on jan)"
737940,"Avr|Point Acumulator
(No companions)"
189294,No Traveler
349638,"Avr|Jun Companion
(Less travel on jun)"
577386,"Avr|Point Acumulator
(No companions)"
504663,No Traveler
756929,"Avr|Mar Companion
(Less travel on mar)"
782485,"Avr|Jun Companion
(Less travel on jun)"
196016,"Avr|May Companion
(Less travel on may)"
604077,No Traveler
520137,"Avr|Jan Companion
(Less travel on jan)"
692151,"Avr|Mar Companion
(Less travel on mar)"
188033,"Avr|May Companion
(Less travel on may)"
634185,"Avr|Feb Companion
(Less travel on feb)"
374881,"Avr|Oct Companion
(Less travel on oct)"
800800,"Avr|Feb Companion
(Less travel on feb)"
676622,"Avr|Jan Companion
(Less travel on jan)"
894175,"Avr|Point Acumulator
(No companions)"
492789,"Avr|Mar Companion
(Less travel on mar)"
586164,"Avr|Point Acumulator
(No companions)"
243557,"Avr|Point Acumulator
(No companions)"
422436,No Traveler
295884,"Avr|Nov Companion
(Less travel on nov)"
845319,"Avr|Jan Companion
(Less travel on jan)"
440618,"Avr|Point Acumulator
(No companions)"
299585,"Avr|Dec Companion
(Less travel on dec)"
540796,"Few Trips a Year
(Traveling rarely)"
771872,"Few Trips a Year
(Traveling rarely)"
883489,"Avr|Nov Companion
(Less travel on nov)"
945761,"Few Trips a Year
(Traveling rarely)"
958709,"Avr|Jun Companion
(Less travel on jun)"
465692,"Avr|Jun Companion
(Less travel on jun)"
586711,"Avr|Point Acumulator
(No companions)"
555001,"Avr|Feb Companion
(Less travel on feb)"
196442,"Avr|Mar Companion
(Less travel on mar)"
650486,"Avr|Point Acumulator
(No companions)"
830385,"Avr|Jan Companion
(Less travel on jan)"
627485,"Avr|Oct Companion
(Less travel on oct)"
467510,"Avr|Nov Companion
(Less travel on nov)"
766530,"Avr|Oct Companion
(Less travel on oct)"
131997,"Avr|Mar Companion
(Less travel on mar)"
174669,"Winter Traveler
(December with someone)"
999891,No Traveler
645566,"Moderate travelers
(Current average)"
675457,"Avr|Feb Companion
(Less travel on feb)"
122858,No Traveler
127946,"Moderate travelers
(Current average)"
474945,"Avr|Feb Companion
(Less travel on feb)"
509965,"Moderate travelers
(Current average)"
669812,"Avr|May Companion
(Less travel on may)"
695965,No Traveler
925819,"Avr|Oct Companion
(Less travel on oct)"
941865,"Avr|Nov Companion
(Less travel on nov)"
793645,"Avr|Mar Companion
(Less travel on mar)"
445839,"Avr|Nov Companion
(Less travel on nov)"
708555,No Traveler
159960,"Avr|May Companion
(Less travel on may)"
963541,"Holiday traveler
(summer companions, winter alone)"
218383,"Avr|Point Acumulator
(No companions)"
696577,"Avr|Mar Companion
(Less travel on mar)"
602783,"Avr|Jan Companion
(Less travel on jan)"
575612,"Moderate travelers
(Current average)"
196467,"Avr|May Companion
(Less travel on may)"
838885,"Avr|Jun Companion
(Less travel on jun)"
444022,"Avr|Point Acumulator
(No companions)"
838784,"Few Trips a Year
(Traveling rarely)"
701803,"Avr|Jun Companion
(Less travel on jun)"
802797,"Avr|Point Acumulator
(No companions)"
832431,"Avr|May Companion
(Less travel on may)"
157712,"Avr|Jun Companion
(Less travel on jun)"
381307,"Moderate travelers
(Current average)"
562661,No Traveler
209134,No Traveler
121410,"Avr|Oct Companion
(Less travel on oct)"
668599,"Holiday traveler
(summer companions, winter alone)"
195419,"Avr|Oct Companion
(Less travel on oct)"
198625,"Avr|Oct Companion
(Less travel on oct)"
261426,No Traveler
435049,"Moderate travelers
(Current average)"
789797,"Avr|Jun Companion
(Less travel on jun)"
898587,No Traveler
122577,"Avr|Nov Companion
(Less travel on nov)"
197320,"Avr|Dec Companion
(Less travel on dec)"
776613,"Avr|Jan Companion
(Less travel on jan)"
249408,"Holiday traveler
(summer companions, winter alone)"
582929,"Avr|May Companion
(Less travel on may)"
122049,"Avr|May Companion
(Less travel on may)"
559362,"Avr|Point Acumulator
(No companions)"
785223,"Moderate travelers
(Current average)"
197514,"Avr|Feb Companion
(Less travel on feb)"
539144,"Avr|Jun Companion
(Less travel on jun)"
803586,"Winter Traveler
(December with someone)"
561933,No Traveler
475690,"Avr|Jun Companion
(Less travel on jun)"
744778,"Avr|Feb Companion
(Less travel on feb)"
612060,"Avr|Jun Companion
(Less travel on jun)"
859508,"Few Trips a Year
(Traveling rarely)"
261780,"Avr|Dec Companion
(Less travel on dec)"
482938,No Traveler
944093,"Avr|Dec Companion
(Less travel on dec)"
796099,"Avr|Point Acumulator
(No companions)"
807074,No Traveler
530206,"Avr|May Companion
(Less travel on may)"
915287,No Traveler
471188,"Avr|Mar Companion
(Less travel on mar)"
454041,"Moderate travelers
(Current average)"
220806,"Avr|Dec Companion
(Less travel on dec)"
789190,"Avr|Feb Companion
(Less travel on feb)"
925198,No Traveler
984798,"Avr|Point Acumulator
(No companions)"
311619,"Avr|Jun Companion
(Less travel on jun)"
545744,"Avr|May Companion
(Less travel on may)"
438875,"Few Trips a Year
(Traveling rarely)"
898149,"Winter Traveler
(December with someone)"
537829,No Traveler
747315,"Avr|Oct Companion
(Less travel on oct)"
496759,"Moderate travelers
(Current average)"
686223,No Traveler
904974,No Traveler
215089,"Avr|Nov Companion
(Less travel on nov)"
437545,"Avr|Jan Companion
(Less travel on jan)"
987171,"Avr|Jan Companion
(Less travel on jan)"
152148,"Avr|Jan Companion
(Less travel on jan)"
932363,No Traveler
808721,"Avr|Nov Companion
(Less travel on nov)"
155488,"Avr|Feb Companion
(Less travel on feb)"
969483,"Avr|May Companion
(Less travel on may)"
948591,"Avr|May Companion
(Less travel on may)"
548752,"Avr|Mar Companion
(Less travel on mar)"
818567,"Avr|Feb Companion
(Less travel on feb)"
190149,"Avr|Dec Companion
(Less travel on dec)"
563587,"Avr|Nov Companion
(Less travel on nov)"
264107,"Avr|May Companion
(Less travel on may)"
211217,"Holiday traveler
(summer companions, winter alone)"
169857,"Avr|May Companion
(Less travel on may)"
482351,"Holiday traveler
(summer companions, winter alone)"
793094,"Avr|Oct Companion
(Less travel on oct)"
848562,"Avr|Point Acumulator
(No companions)"
330779,"Avr|Mar Companion
(Less travel on mar)"
687962,"Avr|Dec Companion
(Less travel on dec)"
450205,"Avr|May Companion
(Less travel on may)"
100727,"Avr|Nov Companion
(Less travel on nov)"
363866,"Few Trips a Year
(Traveling rarely)"
743241,"Avr|Mar Companion
(Less travel on mar)"
701645,No Traveler
435358,No Traveler
686371,"Winter Traveler
(December with someone)"
464105,"Moderate travelers
(Current average)"
152681,"Avr|Jan Companion
(Less travel on jan)"
367492,"Avr|Jun Companion
(Less travel on jun)"
568734,"Avr|Mar Companion
(Less travel on mar)"
883056,No Traveler
352617,"Few Trips a Year
(Traveling rarely)"
131956,No Traveler
395912,"Avr|Dec Companion
(Less travel on dec)"
572045,No Traveler
575030,"Avr|Jun Companion
(Less travel on jun)"
211715,No Traveler
554761,"Moderate travelers
(Current average)"
566165,"Avr|Oct Companion
(Less travel on oct)"
124195,No Traveler
400079,"Moderate travelers
(Current average)"
946172,"Avr|Feb Companion
(Less travel on feb)"
957901,"Few Trips a Year
(Traveling rarely)"
995142,"Avr|Dec Companion
(Less travel on dec)"
157879,"Holiday traveler
(summer companions, winter alone)"
441741,"Avr|Dec Companion
(Less travel on dec)"
461354,"Winter Traveler
(December with someone)"
582690,"Avr|Oct Companion
(Less travel on oct)"
751990,"Avr|Oct Companion
(Less travel on oct)"
743121,"Avr|Dec Companion
(Less travel on dec)"
773805,"Moderate travelers
(Current average)"
166953,"Avr|Mar Companion
(Less travel on mar)"
235428,"Avr|Oct Companion
(Less travel on oct)"
238556,"Avr|Dec Companion
(Less travel on dec)"
657946,No Traveler
839362,"Moderate travelers
(Current average)"
938719,No Traveler
978130,"Avr|Mar Companion
(Less travel on mar)"
707470,"Avr|Dec Companion
(Less travel on dec)"
950445,"Avr|Nov Companion
(Less travel on nov)"
140768,"Avr|Feb Companion
(Less travel on feb)"
857845,"Avr|Nov Companion
(Less travel on nov)"
193928,"Avr|Oct Companion
(Less travel on oct)"
755070,"Avr|Dec Companion
(Less travel on dec)"
801338,"Avr|Mar Companion
(Less travel on mar)"
274354,"Avr|May Companion
(Less travel on may)"
834571,"Avr|Point Acumulator
(No companions)"
206871,"Avr|Nov Companion
(Less travel on nov)"
242789,"Avr|Jan Companion
(Less travel on jan)"
958791,"Avr|Dec Companion
(Less travel on dec)"
134760,"Avr|Point Acumulator
(No companions)"
874612,"Few Trips a Year
(Traveling rarely)"
283290,"Avr|Nov Companion
(Less travel on nov)"
616447,"Winter Traveler
(December with someone)"
653851,"Winter Traveler
(December with someone)"
929980,"Avr|Dec Companion
(Less travel on dec)"
810448,"Moderate travelers
(Current average)"
959728,"Winter Traveler
(December with someone)"
515444,No Traveler
953784,"Holiday traveler
(summer companions, winter alone)"
536186,"Moderate travelers
(Current average)"
390874,"Avr|Nov Companion
(Less travel on nov)"
509909,"Few Trips a Year
(Traveling rarely)"
923560,"Moderate travelers
(Current average)"
421001,"Avr|Point Acumulator
(No companions)"
917610,"Avr|Mar Companion
(Less travel on mar)"
285579,"Avr|Point Acumulator
(No companions)"
769976,"Moderate travelers
(Current average)"
837705,"Avr|May Companion
(Less travel on may)"
614164,"Avr|Oct Companion
(Less travel on oct)"
944261,"Avr|Jan Companion
(Less travel on jan)"
432564,No Traveler
653354,No Traveler
750162,No Traveler
757047,"Avr|Point Acumulator
(No companions)"
808005,"Avr|Jun Companion
(Less travel on jun)"
614246,"Moderate travelers
(Current average)"
103731,"Avr|Point Acumulator
(No companions)"
453578,No Traveler
771035,"Avr|Feb Companion
(Less travel on feb)"
893427,"Few Trips a Year
(Traveling rarely)"
232609,"Avr|Mar Companion
(Less travel on mar)"
191057,"Few Trips a Year
(Traveling rarely)"
844152,"Avr|Dec Companion
(Less travel on dec)"
460929,"Avr|Jun Companion
(Less travel on jun)"
630209,"Avr|Nov Companion
(Less travel on nov)"
219043,"Avr|Mar Companion
(Less travel on mar)"
537711,"Avr|May Companion
(Less travel on may)"
122009,"Avr|May Companion
(Less travel on may)"
453136,"Moderate travelers
(Current average)"
922188,"Avr|Mar Companion
(Less travel on mar)"
780529,No Traveler
721438,"Avr|Dec Companion
(Less travel on dec)"
761015,"Avr|Dec Companion
(Less travel on dec)"
671528,"Avr|Jan Companion
(Less travel on jan)"
240500,"Winter Traveler
(December with someone)"
800220,"Few Trips a Year
(Traveling rarely)"
749801,"Avr|Jun Companion
(Less travel on jun)"
625434,"Avr|Dec Companion
(Less travel on dec)"
505070,No Traveler
120554,"Avr|Mar Companion
(Less travel on mar)"
962661,"Avr|Point Acumulator
(No companions)"
622697,"Moderate travelers
(Current average)"
501856,"Avr|Point Acumulator
(No companions)"
893057,"Moderate travelers
(Current average)"
541163,"Avr|Nov Companion
(Less travel on nov)"
736615,"Few Trips a Year
(Traveling rarely)"
967883,"Avr|Jan Companion
(Less travel on jan)"
248011,"Avr|Point Acumulator
(No companions)"
959137,"Avr|Point Acumulator
(No companions)"
591854,"Few Trips a Year
(Traveling rarely)"
346225,"Avr|Nov Companion
(Less travel on nov)"
625318,No Traveler
450150,No Traveler
569315,"Moderate travelers
(Current average)"
622036,"Holiday traveler
(summer companions, winter alone)"
287343,No Traveler
226842,"Avr|Dec Companion
(Less travel on dec)"
802084,No Traveler
540268,No Traveler
504190,No Traveler
566630,"Avr|Mar Companion
(Less travel on mar)"
374639,"Avr|May Companion
(Less travel on may)"
447470,"Avr|Nov Companion
(Less travel on nov)"
442306,"Avr|Jan Companion
(Less travel on jan)"
901978,"Few Trips a Year
(Traveling rarely)"
330040,"Avr|Dec Companion
(Less travel on dec)"
899009,"Avr|Feb Companion
(Less travel on feb)"
988510,"Avr|Dec Companion
(Less travel on dec)"
124355,"Avr|Jan Companion
(Less travel on jan)"
429557,"Avr|Nov Companion
(Less travel on nov)"
176599,"Avr|Mar Companion
(Less travel on mar)"
550058,"Avr|Jan Companion
(Less travel on jan)"
577872,"Avr|Mar Companion
(Less travel on mar)"
731696,"Avr|Jan Companion
(Less travel on jan)"
773086,"Avr|Nov Companion
(Less travel on nov)"
713423,"Avr|Mar Companion
(Less travel on mar)"
965154,"Few Trips a Year
(Traveling rarely)"
432938,"Avr|Nov Companion
(Less travel on nov)"
757446,"Avr|Nov Companion
(Less travel on nov)"
531293,"Few Trips a Year
(Traveling rarely)"
763132,"Avr|Oct Companion
(Less travel on oct)"
271680,"Avr|Mar Companion
(Less travel on mar)"
547575,"Avr|Point Acumulator
(No companions)"
845041,"Avr|Mar Companion
(Less travel on mar)"
856705,"Avr|Jun Companion
(Less travel on jun)"
532945,No Traveler
111584,"Few Trips a Year
(Traveling rarely)"
612339,"Avr|May Companion
(Less travel on may)"
720514,"Avr|Feb Companion
(Less travel on feb)"
413426,"Moderate travelers
(Current average)"
702746,"Avr|Jun Companion
(Less travel on jun)"
442458,"Avr|Jun Companion
(Less travel on jun)"
513553,"Avr|Mar Companion
(Less travel on mar)"
665645,"Winter Traveler
(December with someone)"
724378,"Avr|Dec Companion
(Less travel on dec)"
701308,"Avr|Point Acumulator
(No companions)"
275762,"Moderate travelers
(Current average)"
649321,"Avr|May Companion
(Less travel on may)"
286262,"Avr|Jun Companion
(Less travel on jun)"
391509,"Moderate travelers
(Current average)"
420490,"Moderate travelers
(Current average)"
162167,"Avr|Mar Companion
(Less travel on mar)"
809299,"Holiday traveler
(summer companions, winter alone)"
327474,"Avr|May Companion
(Less travel on may)"
274428,"Moderate travelers
(Current average)"
791342,"Avr|Point Acumulator
(No companions)"
352005,"Avr|May Companion
(Less travel on may)"
526164,"Moderate travelers
(Current average)"
898495,"Avr|Dec Companion
(Less travel on dec)"
499423,No Traveler
291509,"Avr|Dec Companion
(Less travel on dec)"
472325,"Avr|Jan Companion
(Less travel on jan)"
165484,"Avr|Mar Companion
(Less travel on mar)"
730088,"Avr|Mar Companion
(Less travel on mar)"
759311,"Avr|Mar Companion
(Less travel on mar)"
682813,"Avr|Nov Companion
(Less travel on nov)"
206119,"Avr|Mar Companion
(Less travel on mar)"
933552,No Traveler
522788,"Winter Traveler
(December with someone)"
547699,"Avr|Jan Companion
(Less travel on jan)"
286182,No Traveler
980837,"Few Trips a Year
(Traveling rarely)"
858341,"Avr|Feb Companion
(Less travel on feb)"
266284,"Avr|Dec Companion
(Less travel on dec)"
454630,"Avr|Feb Companion
(Less travel on feb)"
580169,"Avr|Feb Companion
(Less travel on feb)"
818616,"Avr|Nov Companion
(Less travel on nov)"
439092,"Holiday traveler
(summer companions, winter alone)"
808392,"Avr|Feb Companion
(Less travel on feb)"
834726,"Avr|Point Acumulator
(No companions)"
465842,"Avr|Nov Companion
(Less travel on nov)"
837031,"Avr|Jan Companion
(Less travel on jan)"
367751,"Avr|Nov Companion
(Less travel on nov)"
136020,"Avr|Point Acumulator
(No companions)"
191150,"Holiday traveler
(summer companions, winter alone)"
256188,"Winter Traveler
(December with someone)"
495286,"Avr|Nov Companion
(Less travel on nov)"
939521,No Traveler
783604,"Avr|Mar Companion
(Less travel on mar)"
453654,"Avr|Mar Companion
(Less travel on mar)"
271297,"Winter Traveler
(December with someone)"
600914,"Avr|May Companion
(Less travel on may)"
847771,"Avr|Point Acumulator
(No companions)"
663521,"Avr|Oct Companion
(Less travel on oct)"
900795,"Avr|Feb Companion
(Less travel on feb)"
559007,"Avr|May Companion
(Less travel on may)"
515656,"Avr|Nov Companion
(Less travel on nov)"
612019,"Winter Traveler
(December with someone)"
727648,"Avr|Nov Companion
(Less travel on nov)"
817070,"Avr|Point Acumulator
(No companions)"
107466,"Avr|Point Acumulator
(No companions)"
352916,"Avr|Mar Companion
(Less travel on mar)"
692535,"Avr|Dec Companion
(Less travel on dec)"
128572,No Traveler
986551,"Avr|Point Acumulator
(No companions)"
330947,No Traveler
568678,"Avr|Mar Companion
(Less travel on mar)"
389146,"Moderate travelers
(Current average)"
787086,No Traveler
676406,"Avr|Dec Companion
(Less travel on dec)"
401859,"Avr|Feb Companion
(Less travel on feb)"
371422,"Avr|Jan Companion
(Less travel on jan)"
492226,"Winter Traveler
(December with someone)"
842527,"Avr|Jun Companion
(Less travel on jun)"
789465,No Traveler
653259,"Avr|Jan Companion
(Less travel on jan)"
161414,"Winter Traveler
(December with someone)"
391557,"Holiday traveler
(summer companions, winter alone)"
787416,"Avr|May Companion
(Less travel on may)"
845435,"Avr|Feb Companion
(Less travel on feb)"
992854,"Avr|Oct Companion
(Less travel on oct)"
293676,"Avr|Mar Companion
(Less travel on mar)"
431586,"Avr|Feb Companion
(Less travel on feb)"
202831,"Avr|Point Acumulator
(No companions)"
811022,No Traveler
465570,"Moderate travelers
(Current average)"
970152,No Traveler
325268,"Avr|Oct Companion
(Less travel on oct)"
560597,"Few Trips a Year
(Traveling rarely)"
976413,"Avr|Mar Companion
(Less travel on mar)"
274117,"Avr|Point Acumulator
(No companions)"
321436,"Avr|Point Acumulator
(No companions)"
116948,"Holiday traveler
(summer companions, winter alone)"
190716,"Holiday traveler
(summer companions, winter alone)"
621814,"Avr|Mar Companion
(Less travel on mar)"
779679,"Avr|Dec Companion
(Less travel on dec)"
992886,"Few Trips a Year
(Traveling rarely)"
194813,"Winter Traveler
(December with someone)"
204693,"Avr|Dec Companion
(Less travel on dec)"
877352,"Few Trips a Year
(Traveling rarely)"
957413,"Avr|Point Acumulator
(No companions)"
221254,"Avr|May Companion
(Less travel on may)"
319850,"Moderate travelers
(Current average)"
407305,"Avr|May Companion
(Less travel on may)"
428345,No Traveler
466953,"Avr|Jan Companion
(Less travel on jan)"
808399,"Avr|Dec Companion
(Less travel on dec)"
107902,"Avr|May Companion
(Less travel on may)"
136637,"Avr|Nov Companion
(Less travel on nov)"
847579,"Moderate travelers
(Current average)"
882025,"Moderate travelers
(Current average)"
465746,"Avr|Feb Companion
(Less travel on feb)"
615617,"Avr|Dec Companion
(Less travel on dec)"
908580,"Avr|Dec Companion
(Less travel on dec)"
156879,No Traveler
800481,"Avr|Jun Companion
(Less travel on jun)"
914799,No Traveler
109399,"Avr|Nov Companion
(Less travel on nov)"
577726,"Avr|Feb Companion
(Less travel on feb)"
768078,"Moderate travelers
(Current average)"
941984,"Holiday traveler
(summer companions, winter alone)"
894436,"Avr|Feb Companion
(Less travel on feb)"
643605,"Avr|Point Acumulator
(No companions)"
237651,"Avr|Jan Companion
(Less travel on jan)"
420488,"Avr|Oct Companion
(Less travel on oct)"
568712,"Avr|Point Acumulator
(No companions)"
935876,"Avr|Point Acumulator
(No companions)"
616416,"Avr|May Companion
(Less travel on may)"
888404,"Winter Traveler
(December with someone)"
101018,"Avr|Mar Companion
(Less travel on mar)"
387971,"Avr|Mar Companion
(Less travel on mar)"
395525,"Avr|May Companion
(Less travel on may)"
792873,"Avr|Dec Companion
(Less travel on dec)"
501877,"Avr|Mar Companion
(Less travel on mar)"
436990,"Avr|Feb Companion
(Less travel on feb)"
965758,"Avr|Nov Companion
(Less travel on nov)"
660178,"Avr|Oct Companion
(Less travel on oct)"
904741,"Avr|May Companion
(Less travel on may)"
406367,No Traveler
787277,No Traveler
576936,"Avr|Dec Companion
(Less travel on dec)"
626767,No Traveler
161780,No Traveler
974848,"Few Trips a Year
(Traveling rarely)"
363199,"Avr|May Companion
(Less travel on may)"
516337,"Avr|Nov Companion
(Less travel on nov)"
666301,"Avr|Nov Companion
(Less travel on nov)"
676376,"Avr|Feb Companion
(Less travel on feb)"
202696,"Avr|Mar Companion
(Less travel on mar)"
409174,No Traveler
150253,"Avr|Mar Companion
(Less travel on mar)"
160927,"Avr|Mar Companion
(Less travel on mar)"
793608,No Traveler
515805,"Avr|Oct Companion
(Less travel on oct)"
390974,"Avr|Jan Companion
(Less travel on jan)"
289151,"Avr|May Companion
(Less travel on may)"
445177,"Avr|Feb Companion
(Less travel on feb)"
542014,"Avr|Point Acumulator
(No companions)"
958767,"Avr|Nov Companion
(Less travel on nov)"
859957,"Avr|Mar Companion
(Less travel on mar)"
220244,"Avr|Point Acumulator
(No companions)"
387506,"Avr|Nov Companion
(Less travel on nov)"
387121,"Avr|Jun Companion
(Less travel on jun)"
173235,"Holiday traveler
(summer companions, winter alone)"
801882,"Avr|Nov Companion
(Less travel on nov)"
612013,"Holiday traveler
(summer companions, winter alone)"
733046,"Avr|Nov Companion
(Less travel on nov)"
356460,"Avr|Point Acumulator
(No companions)"
428604,"Few Trips a Year
(Traveling rarely)"
484811,"Avr|Mar Companion
(Less travel on mar)"
947234,No Traveler
275049,"Avr|Jan Companion
(Less travel on jan)"
770362,No Traveler
129343,"Avr|Jan Companion
(Less travel on jan)"
288369,"Avr|Mar Companion
(Less travel on mar)"
382464,"Avr|Point Acumulator
(No companions)"
890395,"Avr|Point Acumulator
(No companions)"
909677,"Avr|Feb Companion
(Less travel on feb)"
650657,"Avr|Oct Companion
(Less travel on oct)"
352026,"Few Trips a Year
(Traveling rarely)"
493283,"Avr|Dec Companion
(Less travel on dec)"
610573,"Avr|Nov Companion
(Less travel on nov)"
181728,"Avr|Dec Companion
(Less travel on dec)"
253098,"Avr|Jan Companion
(Less travel on jan)"
930848,"Avr|Point Acumulator
(No companions)"
681921,"Avr|Feb Companion
(Less travel on feb)"
751824,"Avr|Feb Companion
(Less travel on feb)"
505779,"Avr|Jan Companion
(Less travel on jan)"
129434,"Avr|Nov Companion
(Less travel on nov)"
501875,"Moderate travelers
(Current average)"
131228,"Holiday traveler
(summer companions, winter alone)"
144593,"Avr|Feb Companion
(Less travel on feb)"
958472,"Avr|Jan Companion
(Less travel on jan)"
226387,"Winter Traveler
(December with someone)"
423153,No Traveler
314742,"Moderate travelers
(Current average)"
345802,"Avr|Jun Companion
(Less travel on jun)"
608326,"Few Trips a Year
(Traveling rarely)"
401424,"Few Trips a Year
(Traveling rarely)"
383808,"Avr|Dec Companion
(Less travel on dec)"
880505,"Avr|Jun Companion
(Less travel on jun)"
318561,"Avr|Point Acumulator
(No companions)"
174729,"Avr|Dec Companion
(Less travel on dec)"
371675,"Moderate travelers
(Current average)"
774249,No Traveler
782329,"Avr|Jan Companion
(Less travel on jan)"
640920,No Traveler
947408,"Moderate travelers
(Current average)"
586199,"Holiday traveler
(summer companions, winter alone)"
384543,"Avr|Jun Companion
(Less travel on jun)"
182320,"Avr|Mar Companion
(Less travel on mar)"
279430,"Avr|Point Acumulator
(No companions)"
832367,"Avr|Feb Companion
(Less travel on feb)"
465962,"Avr|Feb Companion
(Less travel on feb)"
762272,"Avr|Oct Companion
(Less travel on oct)"
926874,No Traveler
857247,"Avr|Oct Companion
(Less travel on oct)"
719673,"Avr|Dec Companion
(Less travel on dec)"
643117,"Avr|Jun Companion
(Less travel on jun)"
440785,"Avr|Nov Companion
(Less travel on nov)"
588980,"Avr|Mar Companion
(Less travel on mar)"
731593,"Avr|Point Acumulator
(No companions)"
700343,"Avr|Oct Companion
(Less travel on oct)"
608508,"Avr|Jun Companion
(Less travel on jun)"
662594,"Avr|Point Acumulator
(No companions)"
583539,"Avr|Jun Companion
(Less travel on jun)"
168727,No Traveler
741483,"Avr|Point Acumulator
(No companions)"
526867,No Traveler
432031,"Avr|Point Acumulator
(No companions)"
490806,"Avr|May Companion
(Less travel on may)"
587136,"Holiday traveler
(summer companions, winter alone)"
424451,No Traveler
306596,"Winter Traveler
(December with someone)"
246737,"Avr|Mar Companion
(Less travel on mar)"
256544,"Avr|Nov Companion
(Less travel on nov)"
344580,"Holiday traveler
(summer companions, winter alone)"
534904,"Avr|Mar Companion
(Less travel on mar)"
713998,"Avr|Jan Companion
(Less travel on jan)"
602222,"Avr|Feb Companion
(Less travel on feb)"
656027,"Avr|Dec Companion
(Less travel on dec)"
575123,"Avr|Point Acumulator
(No companions)"
707869,"Avr|Nov Companion
(Less travel on nov)"
752688,"Avr|Jan Companion
(Less travel on jan)"
327015,"Avr|Jun Companion
(Less travel on jun)"
442868,"Avr|Oct Companion
(Less travel on oct)"
681649,"Avr|Jun Companion
(Less travel on jun)"
507189,"Moderate travelers
(Current average)"
111176,"Avr|Point Acumulator
(No companions)"
893789,"Avr|Mar Companion
(Less travel on mar)"
764844,No Traveler
397820,"Avr|May Companion
(Less travel on may)"
898437,"Avr|Oct Companion
(Less travel on oct)"
788407,"Avr|Jun Companion
(Less travel on jun)"
310252,"Avr|Nov Companion
(Less travel on nov)"
147700,"Avr|Jan Companion
(Less travel on jan)"
547190,"Avr|Point Acumulator
(No companions)"
654086,"Avr|Mar Companion
(Less travel on mar)"
919818,"Avr|Oct Companion
(Less travel on oct)"
763084,"Avr|Point Acumulator
(No companions)"
204237,"Few Trips a Year
(Traveling rarely)"
611086,"Avr|Mar Companion
(Less travel on mar)"
205367,"Winter Traveler
(December with someone)"
422245,No Traveler
152139,"Avr|Dec Companion
(Less travel on dec)"
278865,"Avr|Oct Companion
(Less travel on oct)"
320685,"Avr|Mar Companion
(Less travel on mar)"
459099,"Avr|Jan Companion
(Less travel on jan)"
811619,"Avr|Jun Companion
(Less travel on jun)"
883376,"Holiday traveler
(summer companions, winter alone)"
733658,"Avr|Point Acumulator
(No companions)"
298829,"Avr|Oct Companion
(Less travel on oct)"
226422,"Avr|Point Acumulator
(No companions)"
314189,"Winter Traveler
(December with someone)"
436969,"Avr|Point Acumulator
(No companions)"
544837,"Avr|Feb Companion
(Less travel on feb)"
560936,"Few Trips a Year
(Traveling rarely)"
636965,"Avr|Oct Companion
(Less travel on oct)"
266516,"Avr|Nov Companion
(Less travel on nov)"
346103,"Avr|Point Acumulator
(No companions)"
778393,"Avr|May Companion
(Less travel on may)"
259700,No Traveler
234588,"Avr|Oct Companion
(Less travel on oct)"
580834,"Avr|Mar Companion
(Less travel on mar)"
733601,No Traveler
402177,No Traveler
959192,"Avr|Mar Companion
(Less travel on mar)"
718031,"Avr|Point Acumulator
(No companions)"
187390,"Winter Traveler
(December with someone)"
603587,"Avr|Mar Companion
(Less travel on mar)"
425717,"Avr|Nov Companion
(Less travel on nov)"
184755,"Few Trips a Year
(Traveling rarely)"
222050,No Traveler
472964,"Avr|Point Acumulator
(No companions)"
499027,"Avr|Point Acumulator
(No companions)"
761240,"Avr|Oct Companion
(Less travel on oct)"
885933,"Avr|Mar Companion
(Less travel on mar)"
945199,"Winter Traveler
(December with someone)"
501655,"Avr|Jan Companion
(Less travel on jan)"
530425,"Avr|Point Acumulator
(No companions)"
173252,"Avr|May Companion
(Less travel on may)"
148258,"Avr|Mar Companion
(Less travel on mar)"
140079,"Avr|May Companion
(Less travel on may)"
345615,"Moderate travelers
(Current average)"
996238,"Avr|Nov Companion
(Less travel on nov)"
540751,"Avr|Mar Companion
(Less travel on mar)"
798672,"Avr|Feb Companion
(Less travel on feb)"
929451,"Avr|Feb Companion
(Less travel on feb)"
526316,"Avr|Feb Companion
(Less travel on feb)"
913571,"Avr|Point Acumulator
(No companions)"
381065,No Traveler
492883,"Avr|Nov Companion
(Less travel on nov)"
656288,"Avr|Oct Companion
(Less travel on oct)"
731373,"Winter Traveler
(December with someone)"
840262,"Avr|Oct Companion
(Less travel on oct)"
844641,"Avr|Nov Companion
(Less travel on nov)"
366161,No Traveler
611481,"Avr|Jun Companion
(Less travel on jun)"
526586,"Avr|Mar Companion
(Less travel on mar)"
202035,No Traveler
112226,"Avr|Jun Companion
(Less travel on jun)"
712362,"Avr|Mar Companion
(Less travel on mar)"
614574,"Holiday traveler
(summer companions, winter alone)"
198570,No Traveler
415402,"Winter Traveler
(December with someone)"
749705,"Avr|Point Acumulator
(No companions)"
854249,"Avr|Jan Companion
(Less travel on jan)"
981117,"Avr|May Companion
(Less travel on may)"
148570,"Avr|Point Acumulator
(No companions)"
138475,"Avr|Mar Companion
(Less travel on mar)"
888417,"Avr|Dec Companion
(Less travel on dec)"
307622,"Avr|Nov Companion
(Less travel on nov)"
486600,"Avr|Feb Companion
(Less travel on feb)"
761403,"Avr|Nov Companion
(Less travel on nov)"
356712,"Avr|Mar Companion
(Less travel on mar)"
432716,"Avr|Point Acumulator
(No companions)"
805008,"Avr|Feb Companion
(Less travel on feb)"
902679,"Avr|Point Acumulator
(No companions)"
924469,"Avr|Jun Companion
(Less travel on jun)"
505776,"Winter Traveler
(December with someone)"
154868,"Winter Traveler
(December with someone)"
722566,"Avr|Nov Companion
(Less travel on nov)"
216573,"Avr|Oct Companion
(Less travel on oct)"
727952,No Traveler
323099,"Avr|Jun Companion
(Less travel on jun)"
538042,"Few Trips a Year
(Traveling rarely)"
601143,"Avr|Dec Companion
(Less travel on dec)"
798871,"Avr|Point Acumulator
(No companions)"
200326,"Holiday traveler
(summer companions, winter alone)"
992065,No Traveler
718887,"Avr|May Companion
(Less travel on may)"
238647,"Moderate travelers
(Current average)"
757270,"Few Trips a Year
(Traveling rarely)"
924489,"Avr|Point Acumulator
(No companions)"
453165,"Few Trips a Year
(Traveling rarely)"
998972,"Avr|Point Acumulator
(No companions)"
947635,"Avr|Dec Companion
(Less travel on dec)"
249466,"Avr|Jan Companion
(Less travel on jan)"
862659,"Avr|Dec Companion
(Less travel on dec)"
987153,"Avr|Feb Companion
(Less travel on feb)"
985374,"Avr|Point Acumulator
(No companions)"
485282,"Avr|Nov Companion
(Less travel on nov)"
851830,"Avr|Feb Companion
(Less travel on feb)"
253852,"Avr|May Companion
(Less travel on may)"
958923,"Avr|Jan Companion
(Less travel on jan)"
777871,"Avr|Mar Companion
(Less travel on mar)"
976623,"Avr|Feb Companion
(Less travel on feb)"
338212,"Moderate travelers
(Current average)"
897387,"Avr|Dec Companion
(Less travel on dec)"
460058,"Avr|Nov Companion
(Less travel on nov)"
158400,"Avr|Mar Companion
(Less travel on mar)"
662880,"Avr|Oct Companion
(Less travel on oct)"
179489,No Traveler
508501,"Avr|Point Acumulator
(No companions)"
382953,"Avr|Jun Companion
(Less travel on jun)"
845180,"Few Trips a Year
(Traveling rarely)"
209357,"Avr|Oct Companion
(Less travel on oct)"
705243,"Avr|Feb Companion
(Less travel on feb)"
371580,"Avr|Jun Companion
(Less travel on jun)"
173343,"Avr|Feb Companion
(Less travel on feb)"
771259,"Avr|Nov Companion
(Less travel on nov)"
404434,"Avr|Feb Companion
(Less travel on feb)"
164226,"Avr|Mar Companion
(Less travel on mar)"
794620,No Traveler
101148,"Avr|Dec Companion
(Less travel on dec)"
442018,"Few Trips a Year
(Traveling rarely)"
804137,"Avr|Mar Companion
(Less travel on mar)"
743879,"Avr|Jun Companion
(Less travel on jun)"
403282,"Avr|Feb Companion
(Less travel on feb)"
203947,"Few Trips a Year
(Traveling rarely)"
360472,"Avr|Oct Companion
(Less travel on oct)"
568798,"Avr|May Companion
(Less travel on may)"
569369,"Avr|Feb Companion
(Less travel on feb)"
858961,"Holiday traveler
(summer companions, winter alone)"
318902,"Avr|Nov Companion
(Less travel on nov)"
591367,"Avr|Mar Companion
(Less travel on mar)"
747993,"Avr|May Companion
(Less travel on may)"
251324,"Avr|Mar Companion
(Less travel on mar)"
394946,"Few Trips a Year
(Traveling rarely)"
190529,"Avr|Point Acumulator
(No companions)"
497576,"Holiday traveler
(summer companions, winter alone)"
331669,"Few Trips a Year
(Traveling rarely)"
488853,"Avr|Dec Companion
(Less travel on dec)"
232755,"Avr|Feb Companion
(Less travel on feb)"
350001,"Avr|Mar Companion
(Less travel on mar)"
408561,"Avr|Point Acumulator
(No companions)"
426124,"Avr|Nov Companion
(Less travel on nov)"
829476,"Avr|Oct Companion
(Less travel on oct)"
626762,"Avr|Mar Companion
(Less travel on mar)"
461974,"Winter Traveler
(December with someone)"
819718,"Avr|Oct Companion
(Less travel on oct)"
165260,"Avr|Mar Companion
(Less travel on mar)"
551828,"Avr|Point Acumulator
(No companions)"
853641,"Avr|Dec Companion
(Less travel on dec)"
617171,"Moderate travelers
(Current average)"
487930,"Moderate travelers
(Current average)"
855050,No Traveler
664112,"Avr|May Companion
(Less travel on may)"
257301,"Avr|May Companion
(Less travel on may)"
103823,"Avr|May Companion
(Less travel on may)"
305910,"Winter Traveler
(December with someone)"
800094,"Avr|Point Acumulator
(No companions)"
498998,"Holiday traveler
(summer companions, winter alone)"
869283,"Avr|Jan Companion
(Less travel on jan)"
611415,"Avr|Feb Companion
(Less travel on feb)"
763177,"Avr|Oct Companion
(Less travel on oct)"
475634,"Moderate travelers
(Current average)"
726139,"Avr|Jan Companion
(Less travel on jan)"
782393,"Avr|Nov Companion
(Less travel on nov)"
596153,"Avr|Nov Companion
(Less travel on nov)"
215051,"Few Trips a Year
(Traveling rarely)"
579377,"Avr|Dec Companion
(Less travel on dec)"
126665,"Avr|Oct Companion
(Less travel on oct)"
711490,"Winter Traveler
(December with someone)"
166955,"Moderate travelers
(Current average)"
405602,"Avr|Feb Companion
(Less travel on feb)"
112709,"Avr|Mar Companion
(Less travel on mar)"
163645,"Avr|Jan Companion
(Less travel on jan)"
853232,"Few Trips a Year
(Traveling rarely)"
262177,"Avr|May Companion
(Less travel on may)"
273391,"Avr|May Companion
(Less travel on may)"
306869,"Avr|Mar Companion
(Less travel on mar)"
904370,No Traveler
511981,"Few Trips a Year
(Traveling rarely)"
762044,"Avr|Nov Companion
(Less travel on nov)"
255032,"Few Trips a Year
(Traveling rarely)"
419661,"Winter Traveler
(December with someone)"
319193,"Few Trips a Year
(Traveling rarely)"
713580,"Avr|Feb Companion
(Less travel on feb)"
542182,"Avr|Nov Companion
(Less travel on nov)"
108346,"Few Trips a Year
(Traveling rarely)"
666608,"Avr|May Companion
(Less travel on may)"
324013,No Traveler
374736,"Few Trips a Year
(Traveling rarely)"
883660,"Avr|Point Acumulator
(No companions)"
257369,"Few Trips a Year
(Traveling rarely)"
401060,"Avr|Nov Companion
(Less travel on nov)"
967347,"Holiday traveler
(summer companions, winter alone)"
979010,"Avr|Feb Companion
(Less travel on feb)"
407238,"Avr|Dec Companion
(Less travel on dec)"
705490,No Traveler
119519,"Avr|Jan Companion
(Less travel on jan)"
587196,"Few Trips a Year
(Traveling rarely)"
539674,"Avr|Jun Companion
(Less travel on jun)"
602649,"Holiday traveler
(summer companions, winter alone)"
570637,"Holiday traveler
(summer companions, winter alone)"
269154,"Avr|Nov Companion
(Less travel on nov)"
539742,"Avr|Oct Companion
(Less travel on oct)"
585976,No Traveler
666417,"Avr|May Companion
(Less travel on may)"
212604,"Avr|Jun Companion
(Less travel on jun)"
715645,"Avr|Feb Companion
(Less travel on feb)"
133956,"Moderate travelers
(Current average)"
458984,"Avr|Oct Companion
(Less travel on oct)"
803150,"Avr|Point Acumulator
(No companions)"
669978,"Avr|Oct Companion
(Less travel on oct)"
741428,"Holiday traveler
(summer companions, winter alone)"
942926,"Moderate travelers
(Current average)"
132320,"Holiday traveler
(summer companions, winter alone)"
545541,"Moderate travelers
(Current average)"
397104,"Avr|May Companion
(Less travel on may)"
913949,"Avr|Jun Companion
(Less travel on jun)"
144879,"Avr|Nov Companion
(Less travel on nov)"
113694,"Moderate travelers
(Current average)"
895725,"Avr|Jun Companion
(Less travel on jun)"
443970,"Winter Traveler
(December with someone)"
100642,"Avr|Jan Companion
(Less travel on jan)"
342007,"Avr|May Companion
(Less travel on may)"
643362,"Few Trips a Year
(Traveling rarely)"
936547,"Avr|Point Acumulator
(No companions)"
980414,"Avr|Dec Companion
(Less travel on dec)"
335371,"Moderate travelers
(Current average)"
606455,"Moderate travelers
(Current average)"
937638,"Avr|Nov Companion
(Less travel on nov)"
307740,"Avr|Feb Companion
(Less travel on feb)"
238753,"Avr|Point Acumulator
(No companions)"
302467,"Avr|Jun Companion
(Less travel on jun)"
573954,"Avr|Feb Companion
(Less travel on feb)"
825490,"Avr|Point Acumulator
(No companions)"
993986,"Avr|Dec Companion
(Less travel on dec)"
342836,"Holiday traveler
(summer companions, winter alone)"
554487,"Avr|Oct Companion
(Less travel on oct)"
374984,"Avr|May Companion
(Less travel on may)"
607993,"Few Trips a Year
(Traveling rarely)"
918478,"Avr|Feb Companion
(Less travel on feb)"
541751,"Winter Traveler
(December with someone)"
638804,"Avr|May Companion
(Less travel on may)"
266968,"Avr|Dec Companion
(Less travel on dec)"
210630,"Avr|Jun Companion
(Less travel on jun)"
439696,"Avr|Feb Companion
(Less travel on feb)"
449654,"Avr|Dec Companion
(Less travel on dec)"
615251,"Avr|Mar Companion
(Less travel on mar)"
947099,"Avr|Mar Companion
(Less travel on mar)"
373771,"Winter Traveler
(December with someone)"
832625,"Avr|Nov Companion
(Less travel on nov)"
153146,"Avr|Jan Companion
(Less travel on jan)"
239027,"Avr|Dec Companion
(Less travel on dec)"
792795,"Avr|May Companion
(Less travel on may)"
821043,"Avr|Feb Companion
(Less travel on feb)"
360732,No Traveler
183716,"Avr|Point Acumulator
(No companions)"
456716,"Avr|Point Acumulator
(No companions)"
111788,"Avr|Point Acumulator
(No companions)"
452725,"Avr|Nov Companion
(Less travel on nov)"
428853,"Avr|Point Acumulator
(No companions)"
894111,"Avr|Point Acumulator
(No companions)"
410347,"Avr|Oct Companion
(Less travel on oct)"
485674,"Avr|Point Acumulator
(No companions)"
833801,"Moderate travelers
(Current average)"
968671,"Avr|Dec Companion
(Less travel on dec)"
240143,No Traveler
926250,"Holiday traveler
(summer companions, winter alone)"
958059,"Avr|Point Acumulator
(No companions)"
348143,No Traveler
831644,No Traveler
547355,"Avr|May Companion
(Less travel on may)"
603674,"Avr|Oct Companion
(Less travel on oct)"
738204,"Avr|Dec Companion
(Less travel on dec)"
884844,"Avr|Point Acumulator
(No companions)"
871739,"Few Trips a Year
(Traveling rarely)"
800571,"Avr|May Companion
(Less travel on may)"
315848,"Avr|Jan Companion
(Less travel on jan)"
847357,"Avr|Point Acumulator
(No companions)"
395511,"Holiday traveler
(summer companions, winter alone)"
387523,"Avr|Oct Companion
(Less travel on oct)"
631200,"Avr|Jun Companion
(Less travel on jun)"
324364,"Avr|Feb Companion
(Less travel on feb)"
879601,"Avr|May Companion
(Less travel on may)"
995128,"Avr|Dec Companion
(Less travel on dec)"
617516,"Holiday traveler
(summer companions, winter alone)"
496675,No Traveler
871188,"Few Trips a Year
(Traveling rarely)"
206328,"Avr|Mar Companion
(Less travel on mar)"
303207,"Avr|Jan Companion
(Less travel on jan)"
615854,"Avr|Dec Companion
(Less travel on dec)"
833547,No Traveler
428376,"Avr|Oct Companion
(Less travel on oct)"
383954,"Holiday traveler
(summer companions, winter alone)"
298681,"Avr|Oct Companion
(Less travel on oct)"
597300,"Avr|May Companion
(Less travel on may)"
571603,"Holiday traveler
(summer companions, winter alone)"
980915,"Avr|Point Acumulator
(No companions)"
331995,"Few Trips a Year
(Traveling rarely)"
779977,"Avr|Oct Companion
(Less travel on oct)"
877488,"Avr|Dec Companion
(Less travel on dec)"
326703,No Traveler
363864,No Traveler
973921,"Winter Traveler
(December with someone)"
661193,"Avr|Feb Companion
(Less travel on feb)"
824360,"Avr|Dec Companion
(Less travel on dec)"
462279,No Traveler
843836,"Winter Traveler
(December with someone)"
412284,"Few Trips a Year
(Traveling rarely)"
564449,"Avr|Dec Companion
(Less travel on dec)"
999589,No Traveler
700356,No Traveler
394078,"Winter Traveler
(December with someone)"
245307,No Traveler
452985,No Traveler
285411,"Moderate travelers
(Current average)"
322733,"Avr|Feb Companion
(Less travel on feb)"
479278,"Avr|May Companion
(Less travel on may)"
123060,"Avr|Feb Companion
(Less travel on feb)"
980935,"Avr|Point Acumulator
(No companions)"
364908,"Moderate travelers
(Current average)"
610482,"Avr|Dec Companion
(Less travel on dec)"
166475,"Avr|Jan Companion
(Less travel on jan)"
352101,"Avr|Point Acumulator
(No companions)"
387570,"Moderate travelers
(Current average)"
434621,"Holiday traveler
(summer companions, winter alone)"
815834,"Avr|Point Acumulator
(No companions)"
294634,"Holiday traveler
(summer companions, winter alone)"
538949,No Traveler
674394,"Avr|Point Acumulator
(No companions)"
664737,"Avr|Jun Companion
(Less travel on jun)"
225656,No Traveler
725580,"Winter Traveler
(December with someone)"
736389,"Avr|Feb Companion
(Less travel on feb)"
719383,"Avr|Point Acumulator
(No companions)"
252419,"Avr|Mar Companion
(Less travel on mar)"
471662,"Avr|Jan Companion
(Less travel on jan)"
345841,"Moderate travelers
(Current average)"
421930,"Avr|Point Acumulator
(No companions)"
760176,"Avr|Jun Companion
(Less travel on jun)"
612510,"Avr|Nov Companion
(Less travel on nov)"
189707,"Holiday traveler
(summer companions, winter alone)"
142511,"Winter Traveler
(December with someone)"
248593,"Avr|Nov Companion
(Less travel on nov)"
419570,"Moderate travelers
(Current average)"
279221,"Moderate travelers
(Current average)"
650621,"Avr|Mar Companion
(Less travel on mar)"
967032,"Avr|May Companion
(Less travel on may)"
209675,"Avr|Nov Companion
(Less travel on nov)"
888649,"Avr|Jun Companion
(Less travel on jun)"
466754,"Few Trips a Year
(Traveling rarely)"
994763,"Avr|Mar Companion
(Less travel on mar)"
789444,"Avr|Nov Companion
(Less travel on nov)"
615054,"Avr|Dec Companion
(Less travel on dec)"
324066,No Traveler
834550,"Avr|Jun Companion
(Less travel on jun)"
335671,"Avr|Jun Companion
(Less travel on jun)"
997741,"Holiday traveler
(summer companions, winter alone)"
322451,"Avr|Jun Companion
(Less travel on jun)"
967150,"Avr|Oct Companion
(Less travel on oct)"
486956,"Avr|Dec Companion
(Less travel on dec)"
288451,No Traveler
598799,"Avr|Jan Companion
(Less travel on jan)"
420508,"Avr|Jan Companion
(Less travel on jan)"
355775,"Avr|Jan Companion
(Less travel on jan)"
394196,"Winter Traveler
(December with someone)"
718029,"Avr|Point Acumulator
(No companions)"
518061,"Avr|Jan Companion
(Less travel on jan)"
899871,"Avr|Jun Companion
(Less travel on jun)"
995333,"Avr|Jun Companion
(Less travel on jun)"
455866,"Avr|Point Acumulator
(No companions)"
663719,"Avr|Nov Companion
(Less travel on nov)"
704967,"Avr|May Companion
(Less travel on may)"
546796,"Avr|Mar Companion
(Less travel on mar)"
169253,No Traveler
459737,"Avr|Dec Companion
(Less travel on dec)"
831424,No Traveler
598364,"Avr|Oct Companion
(Less travel on oct)"
351367,"Avr|Mar Companion
(Less travel on mar)"
526822,"Avr|Mar Companion
(Less travel on mar)"
504403,"Avr|Mar Companion
(Less travel on mar)"
945485,"Avr|Dec Companion
(Less travel on dec)"
373374,"Moderate travelers
(Current average)"
655039,No Traveler
842641,"Avr|Point Acumulator
(No companions)"
205698,"Avr|Feb Companion
(Less travel on feb)"
348202,"Avr|Mar Companion
(Less travel on mar)"
709869,No Traveler
339151,"Avr|Point Acumulator
(No companions)"
438822,"Avr|Point Acumulator
(No companions)"
844125,"Avr|Oct Companion
(Less travel on oct)"
298817,"Moderate travelers
(Current average)"
273052,"Few Trips a Year
(Traveling rarely)"
975298,"Avr|Point Acumulator
(No companions)"
618226,No Traveler
875796,No Traveler
870574,"Moderate travelers
(Current average)"
644251,"Avr|Point Acumulator
(No companions)"
369569,"Avr|Point Acumulator
(No companions)"
300867,No Traveler
244865,"Avr|May Companion
(Less travel on may)"
379629,"Avr|Jun Companion
(Less travel on jun)"
332387,"Moderate travelers
(Current average)"
428452,No Traveler
167795,"Avr|Nov Companion
(Less travel on nov)"
182272,"Avr|Jan Companion
(Less travel on jan)"
262613,"Avr|May Companion
(Less travel on may)"
293212,"Avr|Jan Companion
(Less travel on jan)"
567227,"Avr|Jun Companion
(Less travel on jun)"
665890,"Avr|May Companion
(Less travel on may)"
204763,"Avr|Point Acumulator
(No companions)"
691259,"Avr|Oct Companion
(Less travel on oct)"
205170,"Avr|Dec Companion
(Less travel on dec)"
462337,"Few Trips a Year
(Traveling rarely)"
677435,"Avr|Dec Companion
(Less travel on dec)"
499132,"Avr|Nov Companion
(Less travel on nov)"
482777,No Traveler
818597,"Few Trips a Year
(Traveling rarely)"
498632,"Moderate travelers
(Current average)"
422152,"Avr|Point Acumulator
(No companions)"
644652,"Avr|Jan Companion
(Less travel on jan)"
182749,"Avr|Nov Companion
(Less travel on nov)"
602086,"Avr|May Companion
(Less travel on may)"
209021,"Holiday traveler
(summer companions, winter alone)"
906848,"Avr|Point Acumulator
(No companions)"
593277,"Moderate travelers
(Current average)"
100364,"Moderate travelers
(Current average)"
392402,"Avr|Mar Companion
(Less travel on mar)"
504545,No Traveler
909020,"Few Trips a Year
(Traveling rarely)"
171264,"Avr|Mar Companion
(Less travel on mar)"
273213,"Avr|Nov Companion
(Less travel on nov)"
714825,"Moderate travelers
(Current average)"
363314,"Avr|May Companion
(Less travel on may)"
377288,"Moderate travelers
(Current average)"
439572,No Traveler
128007,"Avr|Feb Companion
(Less travel on feb)"
751628,"Avr|Jun Companion
(Less travel on jun)"
359466,"Avr|Mar Companion
(Less travel on mar)"
278822,"Avr|Oct Companion
(Less travel on oct)"
260452,"Avr|Mar Companion
(Less travel on mar)"
694828,"Avr|Mar Companion
(Less travel on mar)"
921130,"Avr|Point Acumulator
(No companions)"
926609,"Avr|Point Acumulator
(No companions)"
397787,"Holiday traveler
(summer companions, winter alone)"
856483,"Winter Traveler
(December with someone)"
653015,"Avr|May Companion
(Less travel on may)"
909238,"Few Trips a Year
(Traveling rarely)"
437737,"Avr|Feb Companion
(Less travel on feb)"
797398,"Avr|Dec Companion
(Less travel on dec)"
525129,"Avr|Feb Companion
(Less travel on feb)"
418910,"Avr|Mar Companion
(Less travel on mar)"
430413,"Moderate travelers
(Current average)"
893555,No Traveler
193665,"Avr|Mar Companion
(Less travel on mar)"
732009,"Avr|May Companion
(Less travel on may)"
792695,"Avr|Mar Companion
(Less travel on mar)"
851986,"Avr|Jun Companion
(Less travel on jun)"
298869,"Avr|Jun Companion
(Less travel on jun)"
770702,"Winter Traveler
(December with someone)"
641642,"Holiday traveler
(summer companions, winter alone)"
724979,"Avr|Nov Companion
(Less travel on nov)"
272672,"Avr|Jun Companion
(Less travel on jun)"
728818,"Few Trips a Year
(Traveling rarely)"
256821,"Few Trips a Year
(Traveling rarely)"
930489,"Avr|Feb Companion
(Less travel on feb)"
302186,"Avr|Nov Companion
(Less travel on nov)"
313437,"Avr|May Companion
(Less travel on may)"
476371,No Traveler
378827,"Avr|Oct Companion
(Less travel on oct)"
996349,"Avr|Jan Companion
(Less travel on jan)"
176166,"Avr|May Companion
(Less travel on may)"
982059,"Moderate travelers
(Current average)"
300870,"Moderate travelers
(Current average)"
127241,"Winter Traveler
(December with someone)"
514652,No Traveler
166938,"Avr|Point Acumulator
(No companions)"
840667,"Avr|May Companion
(Less travel on may)"
515667,"Avr|Mar Companion
(Less travel on mar)"
534805,"Winter Traveler
(December with someone)"
581260,"Avr|Nov Companion
(Less travel on nov)"
428843,"Avr|Jan Companion
(Less travel on jan)"
562588,"Winter Traveler
(December with someone)"
148216,"Holiday traveler
(summer companions, winter alone)"
741031,"Avr|Point Acumulator
(No companions)"
486933,"Avr|Nov Companion
(Less travel on nov)"
495942,"Avr|Jan Companion
(Less travel on jan)"
877346,"Winter Traveler
(December with someone)"
989134,"Avr|Jun Companion
(Less travel on jun)"
533157,"Avr|Feb Companion
(Less travel on feb)"
745729,"Avr|Point Acumulator
(No companions)"
366894,"Avr|May Companion
(Less travel on may)"
747759,"Avr|Jan Companion
(Less travel on jan)"
492700,"Few Trips a Year
(Traveling rarely)"
701485,"Avr|Feb Companion
(Less travel on feb)"
937127,"Avr|May Companion
(Less travel on may)"
582843,No Traveler
561520,"Moderate travelers
(Current average)"
998061,No Traveler
687199,"Avr|Oct Companion
(Less travel on oct)"
598706,"Avr|Oct Companion
(Less travel on oct)"
892068,"Avr|Jan Companion
(Less travel on jan)"
409603,"Holiday traveler
(summer companions, winter alone)"
407411,"Avr|Feb Companion
(Less travel on feb)"
943425,"Winter Traveler
(December with someone)"
214995,"Avr|May Companion
(Less travel on may)"
545179,"Avr|May Companion
(Less travel on may)"
304131,"Avr|Jan Companion
(Less travel on jan)"
346925,"Avr|Jun Companion
(Less travel on jun)"
159500,"Moderate travelers
(Current average)"
516519,No Traveler
451391,"Avr|Mar Companion
(Less travel on mar)"
412480,"Winter Traveler
(December with someone)"
482402,"Avr|Jun Companion
(Less travel on jun)"
715817,"Avr|Point Acumulator
(No companions)"
238796,"Avr|May Companion
(Less travel on may)"
430880,"Avr|Point Acumulator
(No companions)"
766886,"Avr|Nov Companion
(Less travel on nov)"
724414,"Avr|Nov Companion
(Less travel on nov)"
341867,"Avr|Nov Companion
(Less travel on nov)"
746807,"Avr|Dec Companion
(Less travel on dec)"
807570,"Moderate travelers
(Current average)"
617008,"Avr|Feb Companion
(Less travel on feb)"
394213,"Holiday traveler
(summer companions, winter alone)"
863019,"Avr|Jan Companion
(Less travel on jan)"
961650,"Few Trips a Year
(Traveling rarely)"
701792,"Few Trips a Year
(Traveling rarely)"
389583,"Avr|Dec Companion
(Less travel on dec)"
771880,"Winter Traveler
(December with someone)"
906262,"Avr|Oct Companion
(Less travel on oct)"
916713,"Avr|Point Acumulator
(No companions)"
290395,"Avr|Nov Companion
(Less travel on nov)"
800433,"Holiday traveler
(summer companions, winter alone)"
637687,"Avr|Mar Companion
(Less travel on mar)"
168302,"Winter Traveler
(December with someone)"
230840,"Avr|Dec Companion
(Less travel on dec)"
375451,"Winter Traveler
(December with someone)"
665773,No Traveler
197113,"Avr|Point Acumulator
(No companions)"
715555,No Traveler
249833,"Winter Traveler
(December with someone)"
667341,"Avr|Dec Companion
(Less travel on dec)"
487359,"Avr|Feb Companion
(Less travel on feb)"
460934,"Avr|Feb Companion
(Less travel on feb)"
491773,"Avr|Jun Companion
(Less travel on jun)"
841369,"Avr|Jun Companion
(Less travel on jun)"
533213,No Traveler
381651,"Avr|Mar Companion
(Less travel on mar)"
400600,"Winter Traveler
(December with someone)"
607453,"Avr|Point Acumulator
(No companions)"
943997,No Traveler
351029,"Avr|Point Acumulator
(No companions)"
386986,"Avr|Point Acumulator
(No companions)"
817135,"Winter Traveler
(December with someone)"
314705,No Traveler
346598,"Few Trips a Year
(Traveling rarely)"
285485,"Few Trips a Year
(Traveling rarely)"
203306,No Traveler
428020,"Avr|Jun Companion
(Less travel on jun)"
432298,"Avr|May Companion
(Less travel on may)"
375105,"Avr|Feb Companion
(Less travel on feb)"
658861,"Avr|Jan Companion
(Less travel on jan)"
556649,"Avr|Feb Companion
(Less travel on feb)"
583003,"Winter Traveler
(December with someone)"
928942,"Avr|Jan Companion
(Less travel on jan)"
327688,"Avr|Point Acumulator
(No companions)"
519796,"Avr|Feb Companion
(Less travel on feb)"
560714,"Holiday traveler
(summer companions, winter alone)"
215260,"Holiday traveler
(summer companions, winter alone)"
720146,"Avr|May Companion
(Less travel on may)"
757691,"Avr|Jan Companion
(Less travel on jan)"
854709,"Avr|Point Acumulator
(No companions)"
935235,"Avr|Nov Companion
(Less travel on nov)"
339819,"Avr|Nov Companion
(Less travel on nov)"
257463,"Winter Traveler
(December with someone)"
468220,"Avr|Dec Companion
(Less travel on dec)"
498897,"Holiday traveler
(summer companions, winter alone)"
425567,"Few Trips a Year
(Traveling rarely)"
921278,"Avr|Feb Companion
(Less travel on feb)"
372175,No Traveler
284866,"Avr|May Companion
(Less travel on may)"
764889,"Avr|May Companion
(Less travel on may)"
172757,"Avr|Feb Companion
(Less travel on feb)"
901550,"Avr|Feb Companion
(Less travel on feb)"
944124,"Moderate travelers
(Current average)"
535539,"Avr|Mar Companion
(Less travel on mar)"
151010,No Traveler
261109,"Moderate travelers
(Current average)"
332276,"Avr|May Companion
(Less travel on may)"
481076,"Avr|Nov Companion
(Less travel on nov)"
404011,"Avr|Mar Companion
(Less travel on mar)"
438199,"Avr|May Companion
(Less travel on may)"
159533,No Traveler
777544,No Traveler
912539,"Winter Traveler
(December with someone)"
240365,"Few Trips a Year
(Traveling rarely)"
541040,No Traveler
142925,"Winter Traveler
(December with someone)"
510224,"Avr|Point Acumulator
(No companions)"
677606,"Avr|Jun Companion
(Less travel on jun)"
678933,"Moderate travelers
(Current average)"
684386,"Avr|Mar Companion
(Less travel on mar)"
349767,"Avr|Feb Companion
(Less travel on feb)"
148486,"Avr|Feb Companion
(Less travel on feb)"
180380,"Avr|Point Acumulator
(No companions)"
151399,"Avr|Dec Companion
(Less travel on dec)"
208634,"Avr|Feb Companion
(Less travel on feb)"
661487,"Avr|Feb Companion
(Less travel on feb)"
892723,"Moderate travelers
(Current average)"
201292,"Avr|Oct Companion
(Less travel on oct)"
216652,"Few Trips a Year
(Traveling rarely)"
114131,"Winter Traveler
(December with someone)"
257880,"Avr|Nov Companion
(Less travel on nov)"
478127,"Avr|Jan Companion
(Less travel on jan)"
826697,"Few Trips a Year
(Traveling rarely)"
844222,"Few Trips a Year
(Traveling rarely)"
338803,No Traveler
136089,"Avr|Feb Companion
(Less travel on feb)"
246117,No Traveler
179585,"Avr|Mar Companion
(Less travel on mar)"
789932,"Avr|Oct Companion
(Less travel on oct)"
387307,"Holiday traveler
(summer companions, winter alone)"
674637,"Avr|May Companion
(Less travel on may)"
777418,"Few Trips a Year
(Traveling rarely)"
876083,"Avr|Jan Companion
(Less travel on jan)"
175902,"Winter Traveler
(December with someone)"
457947,No Traveler
969653,"Avr|Mar Companion
(Less travel on mar)"
407478,"Few Trips a Year
(Traveling rarely)"
702677,"Avr|Jan Companion
(Less travel on jan)"
432215,"Avr|Dec Companion
(Less travel on dec)"
330515,"Avr|Mar Companion
(Less travel on mar)"
664759,"Few Trips a Year
(Traveling rarely)"
693238,"Avr|May Companion
(Less travel on may)"
233991,"Avr|Jun Companion
(Less travel on jun)"
142950,"Avr|May Companion
(Less travel on may)"
579283,"Few Trips a Year
(Traveling rarely)"
981201,"Avr|Nov Companion
(Less travel on nov)"
874937,No Traveler
448147,"Avr|Oct Companion
(Less travel on oct)"
194200,"Avr|May Companion
(Less travel on may)"
817069,"Winter Traveler
(December with someone)"
776736,"Avr|Jun Companion
(Less travel on jun)"
741700,"Avr|Dec Companion
(Less travel on dec)"
380526,"Moderate travelers
(Current average)"
893909,"Avr|Dec Companion
(Less travel on dec)"
394167,"Avr|Jan Companion
(Less travel on jan)"
340467,"Avr|Jan Companion
(Less travel on jan)"
374440,"Avr|Mar Companion
(Less travel on mar)"
828959,"Avr|Jan Companion
(Less travel on jan)"
526765,"Avr|Mar Companion
(Less travel on mar)"
478108,"Avr|Point Acumulator
(No companions)"
293222,No Traveler
545567,"Avr|Point Acumulator
(No companions)"
289516,"Avr|Point Acumulator
(No companions)"
450735,"Few Trips a Year
(Traveling rarely)"
686555,"Moderate travelers
(Current average)"
491948,"Few Trips a Year
(Traveling rarely)"
914316,"Avr|Nov Companion
(Less travel on nov)"
453135,"Avr|Jan Companion
(Less travel on jan)"
639626,No Traveler
800357,"Avr|Dec Companion
(Less travel on dec)"
901758,"Avr|Jun Companion
(Less travel on jun)"
362855,"Avr|Mar Companion
(Less travel on mar)"
517729,"Avr|Oct Companion
(Less travel on oct)"
588657,"Avr|Mar Companion
(Less travel on mar)"
275849,"Avr|Jun Companion
(Less travel on jun)"
760975,"Avr|Feb Companion
(Less travel on feb)"
908728,"Avr|Mar Companion
(Less travel on mar)"
332082,"Avr|Point Acumulator
(No companions)"
738332,"Avr|Feb Companion
(Less travel on feb)"
886764,No Traveler
915439,"Avr|Point Acumulator
(No companions)"
993058,"Avr|Point Acumulator
(No companions)"
200960,"Avr|Mar Companion
(Less travel on mar)"
744860,"Avr|Nov Companion
(Less travel on nov)"
656487,"Avr|Jan Companion
(Less travel on jan)"
441155,"Avr|Mar Companion
(Less travel on mar)"
680581,"Avr|Jun Companion
(Less travel on jun)"
114219,"Moderate travelers
(Current average)"
606712,"Avr|Jan Companion
(Less travel on jan)"
793125,"Winter Traveler
(December with someone)"
132337,"Avr|Jun Companion
(Less travel on jun)"
280796,"Avr|Mar Companion
(Less travel on mar)"
564909,"Avr|Mar Companion
(Less travel on mar)"
210770,"Avr|Oct Companion
(Less travel on oct)"
741842,"Avr|Jun Companion
(Less travel on jun)"
674923,"Avr|Oct Companion
(Less travel on oct)"
336143,"Avr|Point Acumulator
(No companions)"
801176,"Avr|Oct Companion
(Less travel on oct)"
379281,"Winter Traveler
(December with someone)"
682707,"Avr|Mar Companion
(Less travel on mar)"
924634,"Avr|Feb Companion
(Less travel on feb)"
750955,"Avr|Jun Companion
(Less travel on jun)"
811140,No Traveler
984824,No Traveler
353308,No Traveler
870203,"Avr|Mar Companion
(Less travel on mar)"
967035,"Avr|Point Acumulator
(No companions)"
359446,"Avr|Mar Companion
(Less travel on mar)"
576871,"Avr|Jan Companion
(Less travel on jan)"
821010,"Avr|Point Acumulator
(No companions)"
720465,"Avr|May Companion
(Less travel on may)"
122946,"Avr|May Companion
(Less travel on may)"
474752,"Avr|Oct Companion
(Less travel on oct)"
888297,"Avr|May Companion
(Less travel on may)"
286989,"Avr|Jan Companion
(Less travel on jan)"
480675,No Traveler
689440,"Few Trips a Year
(Traveling rarely)"
154782,"Winter Traveler
(December with someone)"
830223,"Avr|Point Acumulator
(No companions)"
525188,"Avr|Dec Companion
(Less travel on dec)"
137944,"Avr|Jan Companion
(Less travel on jan)"
197578,"Avr|Nov Companion
(Less travel on nov)"
820454,"Avr|Jun Companion
(Less travel on jun)"
472695,"Avr|Mar Companion
(Less travel on mar)"
644390,"Avr|Nov Companion
(Less travel on nov)"
878388,"Avr|Feb Companion
(Less travel on feb)"
837526,No Traveler
138908,"Avr|Point Acumulator
(No companions)"
597023,"Avr|Feb Companion
(Less travel on feb)"
618379,"Avr|Point Acumulator
(No companions)"
125059,No Traveler
254860,"Avr|Nov Companion
(Less travel on nov)"
405418,"Avr|Dec Companion
(Less travel on dec)"
936440,"Holiday traveler
(summer companions, winter alone)"
404233,"Avr|Point Acumulator
(No companions)"
256198,"Winter Traveler
(December with someone)"
110170,"Holiday traveler
(summer companions, winter alone)"
159942,"Few Trips a Year
(Traveling rarely)"
671639,"Avr|Nov Companion
(Less travel on nov)"
873498,"Avr|Mar Companion
(Less travel on mar)"
263612,"Holiday traveler
(summer companions, winter alone)"
230240,"Avr|Point Acumulator
(No companions)"
319012,"Moderate travelers
(Current average)"
205371,"Avr|Feb Companion
(Less travel on feb)"
618886,"Moderate travelers
(Current average)"
140674,"Holiday traveler
(summer companions, winter alone)"
731238,"Avr|Jan Companion
(Less travel on jan)"
233768,"Moderate travelers
(Current average)"
461540,"Few Trips a Year
(Traveling rarely)"
918964,"Winter Traveler
(December with someone)"
950393,"Avr|Mar Companion
(Less travel on mar)"
773973,"Avr|Mar Companion
(Less travel on mar)"
301784,"Avr|Nov Companion
(Less travel on nov)"
792898,"Avr|Nov Companion
(Less travel on nov)"
441442,"Avr|Feb Companion
(Less travel on feb)"
427444,"Winter Traveler
(December with someone)"
223643,No Traveler
229621,"Moderate travelers
(Current average)"
159751,"Avr|Feb Companion
(Less travel on feb)"
618731,"Avr|Jan Companion
(Less travel on jan)"
635162,"Avr|Mar Companion
(Less travel on mar)"
321795,"Avr|Mar Companion
(Less travel on mar)"
423409,"Holiday traveler
(summer companions, winter alone)"
336809,"Avr|Point Acumulator
(No companions)"
835009,"Avr|Point Acumulator
(No companions)"
663062,"Winter Traveler
(December with someone)"
739820,"Avr|Feb Companion
(Less travel on feb)"
254371,"Avr|Dec Companion
(Less travel on dec)"
218545,"Avr|Nov Companion
(Less travel on nov)"
572015,"Avr|Point Acumulator
(No companions)"
367782,No Traveler
699962,"Avr|Nov Companion
(Less travel on nov)"
363967,No Traveler
603050,"Holiday traveler
(summer companions, winter alone)"
947711,"Avr|Dec Companion
(Less travel on dec)"
170321,"Avr|Mar Companion
(Less travel on mar)"
135257,"Winter Traveler
(December with someone)"
895921,"Avr|Dec Companion
(Less travel on dec)"
386607,"Avr|Point Acumulator
(No companions)"
618089,No Traveler
218122,"Avr|Point Acumulator
(No companions)"
498932,"Avr|May Companion
(Less travel on may)"
533302,"Moderate travelers
(Current average)"
255740,"Avr|Jan Companion
(Less travel on jan)"
855383,"Moderate travelers
(Current average)"
103699,"Few Trips a Year
(Traveling rarely)"
297172,"Winter Traveler
(December with someone)"
798817,"Avr|Jan Companion
(Less travel on jan)"
810833,"Avr|Feb Companion
(Less travel on feb)"
615945,No Traveler
483154,"Avr|Feb Companion
(Less travel on feb)"
305412,"Avr|Point Acumulator
(No companions)"
716785,"Avr|Nov Companion
(Less travel on nov)"
235459,"Avr|Dec Companion
(Less travel on dec)"
915147,"Avr|Nov Companion
(Less travel on nov)"
707699,"Avr|Oct Companion
(Less travel on oct)"
978484,"Moderate travelers
(Current average)"
301744,"Avr|May Companion
(Less travel on may)"
955533,No Traveler
730737,"Avr|May Companion
(Less travel on may)"
783791,"Few Trips a Year
(Traveling rarely)"
592064,No Traveler
376863,"Avr|Jan Companion
(Less travel on jan)"
423821,"Avr|Nov Companion
(Less travel on nov)"
964789,"Avr|Jan Companion
(Less travel on jan)"
639705,"Avr|Jun Companion
(Less travel on jun)"
781062,"Avr|Mar Companion
(Less travel on mar)"
580500,"Winter Traveler
(December with someone)"
738652,"Avr|Point Acumulator
(No companions)"
123164,"Avr|Jan Companion
(Less travel on jan)"
389804,"Avr|Jun Companion
(Less travel on jun)"
532203,"Moderate travelers
(Current average)"
581427,"Avr|Jan Companion
(Less travel on jan)"
645895,"Moderate travelers
(Current average)"
409951,"Avr|Point Acumulator
(No companions)"
507838,"Avr|Oct Companion
(Less travel on oct)"
614871,"Winter Traveler
(December with someone)"
509686,"Avr|Jan Companion
(Less travel on jan)"
601834,"Avr|Nov Companion
(Less travel on nov)"
381316,"Avr|Feb Companion
(Less travel on feb)"
794523,"Holiday traveler
(summer companions, winter alone)"
296887,"Avr|Nov Companion
(Less travel on nov)"
935110,No Traveler
541358,"Avr|Oct Companion
(Less travel on oct)"
861669,"Avr|Feb Companion
(Less travel on feb)"
558686,"Avr|Mar Companion
(Less travel on mar)"
659011,"Avr|Nov Companion
(Less travel on nov)"
201256,"Few Trips a Year
(Traveling rarely)"
537132,"Avr|Jan Companion
(Less travel on jan)"
470989,"Moderate travelers
(Current average)"
858266,"Avr|Feb Companion
(Less travel on feb)"
479724,"Avr|Mar Companion
(Less travel on mar)"
315527,"Avr|Oct Companion
(Less travel on oct)"
759518,"Holiday traveler
(summer companions, winter alone)"
121710,"Avr|Nov Companion
(Less travel on nov)"
489534,"Avr|Point Acumulator
(No companions)"
492973,"Few Trips a Year
(Traveling rarely)"
597156,"Winter Traveler
(December with someone)"
678460,"Avr|Feb Companion
(Less travel on feb)"
745811,"Avr|Jan Companion
(Less travel on jan)"
870045,"Avr|Jun Companion
(Less travel on jun)"
166829,"Holiday traveler
(summer companions, winter alone)"
508795,"Holiday traveler
(summer companions, winter alone)"
327638,No Traveler
899592,"Avr|Feb Companion
(Less travel on feb)"
179075,"Avr|Nov Companion
(Less travel on nov)"
216661,"Avr|Mar Companion
(Less travel on mar)"
345908,"Winter Traveler
(December with someone)"
312867,"Moderate travelers
(Current average)"
834453,"Avr|Nov Companion
(Less travel on nov)"
766262,No Traveler
270304,"Avr|Dec Companion
(Less travel on dec)"
682521,"Few Trips a Year
(Traveling rarely)"
136470,"Moderate travelers
(Current average)"
309110,"Moderate travelers
(Current average)"
783515,"Few Trips a Year
(Traveling rarely)"
446886,"Holiday traveler
(summer companions, winter alone)"
571760,"Avr|Dec Companion
(Less travel on dec)"
148865,"Winter Traveler
(December with someone)"
952322,"Avr|Jun Companion
(Less travel on jun)"
954718,"Few Trips a Year
(Traveling rarely)"
428305,"Moderate travelers
(Current average)"
172444,"Avr|Jan Companion
(Less travel on jan)"
308176,"Avr|Mar Companion
(Less travel on mar)"
782124,"Avr|Jun Companion
(Less travel on jun)"
194254,"Holiday traveler
(summer companions, winter alone)"
161769,"Avr|May Companion
(Less travel on may)"
793995,"Avr|Dec Companion
(Less travel on dec)"
747926,"Avr|Jan Companion
(Less travel on jan)"
930562,"Avr|Jan Companion
(Less travel on jan)"
326280,"Avr|Point Acumulator
(No companions)"
834799,"Avr|Mar Companion
(Less travel on mar)"
169697,"Avr|Point Acumulator
(No companions)"
263260,"Avr|Nov Companion
(Less travel on nov)"
976153,"Avr|Feb Companion
(Less travel on feb)"
724071,"Winter Traveler
(December with someone)"
329281,No Traveler
573505,"Avr|Mar Companion
(Less travel on mar)"
197062,"Winter Traveler
(December with someone)"
565710,"Avr|Nov Companion
(Less travel on nov)"
257820,No Traveler
179773,"Avr|May Companion
(Less travel on may)"
771976,No Traveler
698932,No Traveler
170311,"Avr|Mar Companion
(Less travel on mar)"
897904,"Avr|Jun Companion
(Less travel on jun)"
108857,No Traveler
568205,"Avr|Mar Companion
(Less travel on mar)"
410558,"Avr|Jun Companion
(Less travel on jun)"
848574,"Few Trips a Year
(Traveling rarely)"
590752,"Avr|Mar Companion
(Less travel on mar)"
389551,"Avr|May Companion
(Less travel on may)"
430265,"Few Trips a Year
(Traveling rarely)"
403507,"Avr|Dec Companion
(Less travel on dec)"
974441,No Traveler
415088,"Few Trips a Year
(Traveling rarely)"
466813,No Traveler
824906,"Avr|Oct Companion
(Less travel on oct)"
183755,"Avr|Nov Companion
(Less travel on nov)"
695878,"Moderate travelers
(Current average)"
770968,"Avr|Jan Companion
(Less travel on jan)"
279654,"Avr|Nov Companion
(Less travel on nov)"
631557,"Avr|Jun Companion
(Less travel on jun)"
595169,"Avr|Jun Companion
(Less travel on jun)"
750384,"Avr|Mar Companion
(Less travel on mar)"
510502,"Avr|May Companion
(Less travel on may)"
241436,"Avr|Dec Companion
(Less travel on dec)"
523272,"Avr|Point Acumulator
(No companions)"
767907,"Avr|Jan Companion
(Less travel on jan)"
889697,"Avr|Mar Companion
(Less travel on mar)"
408134,"Holiday traveler
(summer companions, winter alone)"
133324,"Avr|Jun Companion
(Less travel on jun)"
883468,"Avr|Nov Companion
(Less travel on nov)"
678217,No Traveler
186668,"Avr|Nov Companion
(Less travel on nov)"
491005,"Avr|Dec Companion
(Less travel on dec)"
266474,"Avr|Jun Companion
(Less travel on jun)"
922347,No Traveler
368330,"Avr|Oct Companion
(Less travel on oct)"
629753,"Avr|Point Acumulator
(No companions)"
409798,"Avr|Nov Companion
(Less travel on nov)"
949952,"Moderate travelers
(Current average)"
210339,"Avr|Mar Companion
(Less travel on mar)"
557872,"Moderate travelers
(Current average)"
343706,"Avr|Dec Companion
(Less travel on dec)"
357059,"Avr|Point Acumulator
(No companions)"
901887,No Traveler
937250,"Avr|Point Acumulator
(No companions)"
871445,"Avr|Nov Companion
(Less travel on nov)"
681250,"Avr|Mar Companion
(Less travel on mar)"
418930,"Avr|Feb Companion
(Less travel on feb)"
412024,"Avr|Jun Companion
(Less travel on jun)"
905634,"Holiday traveler
(summer companions, winter alone)"
299760,"Avr|Mar Companion
(Less travel on mar)"
182534,"Avr|Dec Companion
(Less travel on dec)"
996333,"Avr|Mar Companion
(Less travel on mar)"
953448,"Few Trips a Year
(Traveling rarely)"
617099,"Avr|Point Acumulator
(No companions)"
274211,"Avr|Oct Companion
(Less travel on oct)"
318753,"Few Trips a Year
(Traveling rarely)"
618830,"Moderate travelers
(Current average)"
429894,"Avr|Feb Companion
(Less travel on feb)"
253619,"Avr|Nov Companion
(Less travel on nov)"
147408,No Traveler
633631,"Avr|Dec Companion
(Less travel on dec)"
196892,"Avr|May Companion
(Less travel on may)"
215869,"Moderate travelers
(Current average)"
241600,"Avr|Nov Companion
(Less travel on nov)"
665467,"Avr|Jun Companion
(Less travel on jun)"
494263,"Avr|Feb Companion
(Less travel on feb)"
860017,"Avr|Jun Companion
(Less travel on jun)"
275531,"Holiday traveler
(summer companions, winter alone)"
753141,"Avr|May Companion
(Less travel on may)"
366467,"Avr|Dec Companion
(Less travel on dec)"
995868,No Traveler
278045,No Traveler
359816,"Avr|May Companion
(Less travel on may)"
432255,"Avr|Mar Companion
(Less travel on mar)"
235716,"Moderate travelers
(Current average)"
208368,"Holiday traveler
(summer companions, winter alone)"
533638,"Avr|Point Acumulator
(No companions)"
750152,"Avr|Oct Companion
(Less travel on oct)"
972636,"Avr|Point Acumulator
(No companions)"
938516,"Avr|Point Acumulator
(No companions)"
997710,"Holiday traveler
(summer companions, winter alone)"
625945,"Avr|Point Acumulator
(No companions)"
538760,"Avr|Mar Companion
(Less travel on mar)"
897835,"Avr|Point Acumulator
(No companions)"
115505,"Winter Traveler
(December with someone)"
464970,No Traveler
529140,"Avr|Jun Companion
(Less travel on jun)"
638469,"Avr|Point Acumulator
(No companions)"
698242,"Avr|Feb Companion
(Less travel on feb)"
250540,No Traveler
442014,"Avr|Oct Companion
(Less travel on oct)"
746385,No Traveler
381395,"Avr|Point Acumulator
(No companions)"
740603,No Traveler
464720,"Avr|Jun Companion
(Less travel on jun)"
230337,"Holiday traveler
(summer companions, winter alone)"
441356,"Avr|Mar Companion
(Less travel on mar)"
971609,"Few Trips a Year
(Traveling rarely)"
770727,"Winter Traveler
(December with someone)"
651622,"Avr|Jun Companion
(Less travel on jun)"
858294,"Avr|Dec Companion
(Less travel on dec)"
465197,"Avr|Feb Companion
(Less travel on feb)"
105992,"Avr|Mar Companion
(Less travel on mar)"
469404,"Avr|Jan Companion
(Less travel on jan)"
660457,"Avr|Oct Companion
(Less travel on oct)"
333451,"Avr|Mar Companion
(Less travel on mar)"
823789,"Avr|Nov Companion
(Less travel on nov)"
722324,"Avr|Point Acumulator
(No companions)"
227234,"Holiday traveler
(summer companions, winter alone)"
266479,"Winter Traveler
(December with someone)"
301323,No Traveler
775573,"Avr|Jun Companion
(Less travel on jun)"
948747,"Moderate travelers
(Current average)"
814490,"Avr|Mar Companion
(Less travel on mar)"
130497,"Winter Traveler
(December with someone)"
381459,"Avr|Jan Companion
(Less travel on jan)"
871972,"Avr|Dec Companion
(Less travel on dec)"
176480,"Avr|Point Acumulator
(No companions)"
838589,"Few Trips a Year
(Traveling rarely)"
433752,"Winter Traveler
(December with someone)"
709566,"Avr|Jan Companion
(Less travel on jan)"
216109,"Avr|Point Acumulator
(No companions)"
113529,No Traveler
445146,No Traveler
528160,"Avr|Point Acumulator
(No companions)"
497201,"Avr|Jun Companion
(Less travel on jun)"
518582,"Avr|Nov Companion
(Less travel on nov)"
708566,"Avr|Feb Companion
(Less travel on feb)"
834063,"Holiday traveler
(summer companions, winter alone)"
168349,"Avr|Nov Companion
(Less travel on nov)"
128749,"Winter Traveler
(December with someone)"
121068,"Avr|Feb Companion
(Less travel on feb)"
399101,"Few Trips a Year
(Traveling rarely)"
735266,"Avr|Feb Companion
(Less travel on feb)"
943460,"Avr|Point Acumulator
(No companions)"
932973,"Avr|Point Acumulator
(No companions)"
185509,"Avr|Feb Companion
(Less travel on feb)"
255108,"Avr|Point Acumulator
(No companions)"
395384,"Avr|Dec Companion
(Less travel on dec)"
650721,"Holiday traveler
(summer companions, winter alone)"
686728,No Traveler
859343,"Avr|Feb Companion
(Less travel on feb)"
948117,"Avr|Dec Companion
(Less travel on dec)"
595028,"Avr|May Companion
(Less travel on may)"
963016,"Avr|Oct Companion
(Less travel on oct)"
129914,"Avr|May Companion
(Less travel on may)"
400486,"Moderate travelers
(Current average)"
878653,"Moderate travelers
(Current average)"
323154,"Avr|Mar Companion
(Less travel on mar)"
466795,"Avr|May Companion
(Less travel on may)"
657730,"Few Trips a Year
(Traveling rarely)"
683288,"Few Trips a Year
(Traveling rarely)"
686220,"Avr|Jun Companion
(Less travel on jun)"
831442,"Avr|Point Acumulator
(No companions)"
424585,"Few Trips a Year
(Traveling rarely)"
469075,"Avr|May Companion
(Less travel on may)"
723715,"Winter Traveler
(December with someone)"
249352,"Avr|Jun Companion
(Less travel on jun)"
372824,"Avr|Jan Companion
(Less travel on jan)"
276806,"Holiday traveler
(summer companions, winter alone)"
128950,"Avr|May Companion
(Less travel on may)"
178461,"Avr|Oct Companion
(Less travel on oct)"
678967,"Avr|Point Acumulator
(No companions)"
854831,"Few Trips a Year
(Traveling rarely)"
407798,"Avr|Jan Companion
(Less travel on jan)"
457552,No Traveler
942191,"Holiday traveler
(summer companions, winter alone)"
552823,"Avr|Mar Companion
(Less travel on mar)"
906826,"Avr|Nov Companion
(Less travel on nov)"
817744,"Avr|May Companion
(Less travel on may)"
163615,"Avr|Mar Companion
(Less travel on mar)"
399065,"Avr|Mar Companion
(Less travel on mar)"
612488,"Avr|Jan Companion
(Less travel on jan)"
644893,"Avr|Jan Companion
(Less travel on jan)"
627670,"Avr|Point Acumulator
(No companions)"
712220,No Traveler
723061,"Avr|Dec Companion
(Less travel on dec)"
621218,"Moderate travelers
(Current average)"
265072,"Avr|Mar Companion
(Less travel on mar)"
402638,"Moderate travelers
(Current average)"
960913,"Avr|Jan Companion
(Less travel on jan)"
796347,"Avr|May Companion
(Less travel on may)"
688178,"Avr|Mar Companion
(Less travel on mar)"
761600,"Winter Traveler
(December with someone)"
237293,"Avr|Point Acumulator
(No companions)"
880406,"Avr|Jan Companion
(Less travel on jan)"
245356,"Avr|Jan Companion
(Less travel on jan)"
362736,"Avr|Oct Companion
(Less travel on oct)"
459971,"Avr|Oct Companion
(Less travel on oct)"
994541,"Avr|Nov Companion
(Less travel on nov)"
517533,"Avr|Point Acumulator
(No companions)"
667041,"Avr|Jun Companion
(Less travel on jun)"
968090,"Avr|Jun Companion
(Less travel on jun)"
897545,"Holiday traveler
(summer companions, winter alone)"
866362,"Avr|May Companion
(Less travel on may)"
387584,"Avr|Jun Companion
(Less travel on jun)"
266429,"Avr|Jun Companion
(Less travel on jun)"
384328,"Avr|Jan Companion
(Less travel on jan)"
590393,No Traveler
615989,"Avr|Jan Companion
(Less travel on jan)"
351238,"Avr|Jun Companion
(Less travel on jun)"
396726,"Avr|Mar Companion
(Less travel on mar)"
795174,"Holiday traveler
(summer companions, winter alone)"
553973,"Avr|Point Acumulator
(No companions)"
512179,"Avr|Mar Companion
(Less travel on mar)"
407032,"Avr|Oct Companion
(Less travel on oct)"
851499,No Traveler
434888,"Avr|Jun Companion
(Less travel on jun)"
154606,"Avr|Jan Companion
(Less travel on jan)"
172348,"Holiday traveler
(summer companions, winter alone)"
112842,"Avr|Mar Companion
(Less travel on mar)"
505204,"Avr|Jan Companion
(Less travel on jan)"
491404,"Avr|Nov Companion
(Less travel on nov)"
493894,"Avr|Mar Companion
(Less travel on mar)"
527244,"Few Trips a Year
(Traveling rarely)"
349730,"Avr|Point Acumulator
(No companions)"
397533,"Avr|Nov Companion
(Less travel on nov)"
767058,"Moderate travelers
(Current average)"
458939,"Avr|Point Acumulator
(No companions)"
244538,"Avr|Point Acumulator
(No companions)"
681270,"Avr|Jan Companion
(Less travel on jan)"
576736,No Traveler
206680,"Avr|Jun Companion
(Less travel on jun)"
475550,"Moderate travelers
(Current average)"
702257,"Avr|Feb Companion
(Less travel on feb)"
921357,"Avr|Point Acumulator
(No companions)"
941621,No Traveler
180321,"Few Trips a Year
(Traveling rarely)"
773095,No Traveler
445632,"Avr|Nov Companion
(Less travel on nov)"
658175,"Avr|Jun Companion
(Less travel on jun)"
568814,"Avr|Dec Companion
(Less travel on dec)"
692275,"Avr|May Companion
(Less travel on may)"
380255,"Avr|May Companion
(Less travel on may)"
463490,"Avr|May Companion
(Less travel on may)"
827334,"Holiday traveler
(summer companions, winter alone)"
506170,"Avr|Nov Companion
(Less travel on nov)"
874842,"Holiday traveler
(summer companions, winter alone)"
519276,"Avr|Jun Companion
(Less travel on jun)"
560713,"Avr|Nov Companion
(Less travel on nov)"
723672,"Avr|Point Acumulator
(No companions)"
438299,"Avr|May Companion
(Less travel on may)"
657842,No Traveler
231090,"Avr|Point Acumulator
(No companions)"
236874,"Avr|Point Acumulator
(No companions)"
504311,"Moderate travelers
(Current average)"
289693,"Few Trips a Year
(Traveling rarely)"
775185,"Avr|Dec Companion
(Less travel on dec)"
206366,"Avr|Feb Companion
(Less travel on feb)"
197973,"Few Trips a Year
(Traveling rarely)"
576354,"Avr|Mar Companion
(Less travel on mar)"
590025,"Avr|Jun Companion
(Less travel on jun)"
827819,"Avr|Jan Companion
(Less travel on jan)"
447943,"Avr|May Companion
(Less travel on may)"
595334,No Traveler
358039,"Winter Traveler
(December with someone)"
508923,"Avr|Jun Companion
(Less travel on jun)"
239955,"Avr|May Companion
(Less travel on may)"
565351,"Avr|Jun Companion
(Less travel on jun)"
969219,No Traveler
146099,"Winter Traveler
(December with someone)"
312226,"Winter Traveler
(December with someone)"
624980,"Avr|Nov Companion
(Less travel on nov)"
785738,"Avr|Nov Companion
(Less travel on nov)"
898438,"Avr|May Companion
(Less travel on may)"
605874,"Holiday traveler
(summer companions, winter alone)"
929282,"Moderate travelers
(Current average)"
424688,"Moderate travelers
(Current average)"
965688,"Few Trips a Year
(Traveling rarely)"
140823,"Avr|May Companion
(Less travel on may)"
795486,"Avr|Mar Companion
(Less travel on mar)"
920145,"Winter Traveler
(December with someone)"
119638,No Traveler
839579,"Winter Traveler
(December with someone)"
589074,No Traveler
280879,"Moderate travelers
(Current average)"
304117,"Moderate travelers
(Current average)"
520202,"Avr|Mar Companion
(Less travel on mar)"
522285,"Winter Traveler
(December with someone)"
972121,"Avr|Dec Companion
(Less travel on dec)"
907636,"Avr|Point Acumulator
(No companions)"
323249,No Traveler
347013,"Avr|Dec Companion
(Less travel on dec)"
378920,"Avr|Point Acumulator
(No companions)"
635616,"Avr|Jan Companion
(Less travel on jan)"
559879,"Holiday traveler
(summer companions, winter alone)"
555831,"Holiday traveler
(summer companions, winter alone)"
923201,"Avr|Nov Companion
(Less travel on nov)"
661708,"Holiday traveler
(summer companions, winter alone)"
134397,"Moderate travelers
(Current average)"
326988,"Moderate travelers
(Current average)"
788354,"Avr|Feb Companion
(Less travel on feb)"
324125,"Avr|Point Acumulator
(No companions)"
489221,"Avr|May Companion
(Less travel on may)"
891696,"Avr|Point Acumulator
(No companions)"
475123,"Avr|Point Acumulator
(No companions)"
781052,"Moderate travelers
(Current average)"
273478,"Avr|Jan Companion
(Less travel on jan)"
666702,No Traveler
834523,"Avr|May Companion
(Less travel on may)"
951624,"Avr|Point Acumulator
(No companions)"
709479,"Few Trips a Year
(Traveling rarely)"
943553,"Avr|Jan Companion
(Less travel on jan)"
106839,"Avr|Oct Companion
(Less travel on oct)"
326418,"Avr|Dec Companion
(Less travel on dec)"
723820,"Winter Traveler
(December with someone)"
446302,"Avr|Feb Companion
(Less travel on feb)"
275209,"Few Trips a Year
(Traveling rarely)"
129976,"Avr|Nov Companion
(Less travel on nov)"
197096,"Moderate travelers
(Current average)"
160707,"Avr|Feb Companion
(Less travel on feb)"
502784,No Traveler
974209,"Avr|Oct Companion
(Less travel on oct)"
244611,"Avr|Dec Companion
(Less travel on dec)"
931244,"Avr|Point Acumulator
(No companions)"
778590,"Avr|Feb Companion
(Less travel on feb)"
669810,"Avr|Dec Companion
(Less travel on dec)"
400265,"Avr|Point Acumulator
(No companions)"
575070,"Avr|Jun Companion
(Less travel on jun)"
734838,"Avr|Point Acumulator
(No companions)"
371159,"Avr|Point Acumulator
(No companions)"
876254,"Avr|Mar Companion
(Less travel on mar)"
252563,"Few Trips a Year
(Traveling rarely)"
233738,"Avr|Dec Companion
(Less travel on dec)"
420008,"Avr|Point Acumulator
(No companions)"
132935,"Avr|Jan Companion
(Less travel on jan)"
501602,"Avr|Jan Companion
(Less travel on jan)"
438869,"Avr|May Companion
(Less travel on may)"
493350,"Avr|Nov Companion
(Less travel on nov)"
800878,"Avr|Jan Companion
(Less travel on jan)"
749112,"Avr|Nov Companion
(Less travel on nov)"
966372,"Avr|Point Acumulator
(No companions)"
270969,No Traveler
885723,"Avr|Point Acumulator
(No companions)"
372237,"Avr|May Companion
(Less travel on may)"
116207,"Few Trips a Year
(Traveling rarely)"
152014,"Avr|Feb Companion
(Less travel on feb)"
452994,No Traveler
874184,"Avr|Point Acumulator
(No companions)"
562361,No Traveler
497281,No Traveler
269297,"Avr|Point Acumulator
(No companions)"
414757,"Avr|Jan Companion
(Less travel on jan)"
300945,"Avr|Feb Companion
(Less travel on feb)"
115749,No Traveler
325382,"Avr|Point Acumulator
(No companions)"
901690,"Avr|Jun Companion
(Less travel on jun)"
207220,"Avr|Point Acumulator
(No companions)"
490932,"Avr|Point Acumulator
(No companions)"
159351,"Avr|Jun Companion
(Less travel on jun)"
714757,"Moderate travelers
(Current average)"
643476,"Holiday traveler
(summer companions, winter alone)"
755406,"Winter Traveler
(December with someone)"
245440,"Few Trips a Year
(Traveling rarely)"
853266,"Few Trips a Year
(Traveling rarely)"
125919,"Holiday traveler
(summer companions, winter alone)"
360256,"Holiday traveler
(summer companions, winter alone)"
468192,"Avr|May Companion
(Less travel on may)"
480502,No Traveler
700430,"Avr|Nov Companion
(Less travel on nov)"
828988,"Avr|Jan Companion
(Less travel on jan)"
783928,"Avr|May Companion
(Less travel on may)"
288491,"Avr|Jun Companion
(Less travel on jun)"
985211,"Avr|Jun Companion
(Less travel on jun)"
628924,"Avr|May Companion
(Less travel on may)"
157672,"Few Trips a Year
(Traveling rarely)"
120140,"Avr|Mar Companion
(Less travel on mar)"
713299,"Avr|Feb Companion
(Less travel on feb)"
888430,"Winter Traveler
(December with someone)"
892632,"Moderate travelers
(Current average)"
424917,"Avr|Point Acumulator
(No companions)"
570796,"Avr|Dec Companion
(Less travel on dec)"
402706,"Avr|Feb Companion
(Less travel on feb)"
557458,"Avr|Feb Companion
(Less travel on feb)"
410218,"Avr|Mar Companion
(Less travel on mar)"
567261,"Avr|Nov Companion
(Less travel on nov)"
241455,No Traveler
580472,"Avr|Mar Companion
(Less travel on mar)"
522111,"Avr|Point Acumulator
(No companions)"
569720,"Avr|Mar Companion
(Less travel on mar)"
277188,"Avr|Nov Companion
(Less travel on nov)"
356812,"Avr|Feb Companion
(Less travel on feb)"
888115,"Avr|Jan Companion
(Less travel on jan)"
873468,"Moderate travelers
(Current average)"
117358,No Traveler
118379,"Avr|Nov Companion
(Less travel on nov)"
229210,"Avr|Jan Companion
(Less travel on jan)"
963642,"Avr|Jan Companion
(Less travel on jan)"
681822,"Avr|Mar Companion
(Less travel on mar)"
193953,"Avr|May Companion
(Less travel on may)"
206284,"Avr|Mar Companion
(Less travel on mar)"
299501,"Avr|Point Acumulator
(No companions)"
627778,"Holiday traveler
(summer companions, winter alone)"
590727,"Holiday traveler
(summer companions, winter alone)"
669501,"Avr|Mar Companion
(Less travel on mar)"
939766,"Avr|Jun Companion
(Less travel on jun)"
971164,"Avr|Dec Companion
(Less travel on dec)"
983416,"Avr|Point Acumulator
(No companions)"
441113,"Winter Traveler
(December with someone)"
170656,"Avr|Nov Companion
(Less travel on nov)"
676371,No Traveler
286611,"Avr|Nov Companion
(Less travel on nov)"
713085,"Avr|Dec Companion
(Less travel on dec)"
197509,"Avr|Feb Companion
(Less travel on feb)"
264904,No Traveler
469238,No Traveler
891810,"Avr|Point Acumulator
(No companions)"
361707,"Avr|Point Acumulator
(No companions)"
292617,"Avr|Point Acumulator
(No companions)"
853608,"Avr|Point Acumulator
(No companions)"
871287,"Avr|Jan Companion
(Less travel on jan)"
300051,"Moderate travelers
(Current average)"
703505,"Avr|Point Acumulator
(No companions)"
201683,"Avr|Jan Companion
(Less travel on jan)"
324143,"Avr|Feb Companion
(Less travel on feb)"
126219,"Avr|Oct Companion
(Less travel on oct)"
668325,"Moderate travelers
(Current average)"
712026,"Avr|Point Acumulator
(No companions)"
828918,"Avr|Jun Companion
(Less travel on jun)"
928804,"Avr|Nov Companion
(Less travel on nov)"
327910,"Moderate travelers
(Current average)"
553530,"Moderate travelers
(Current average)"
971627,"Avr|Jan Companion
(Less travel on jan)"
120868,"Avr|Point Acumulator
(No companions)"
163388,"Avr|Jun Companion
(Less travel on jun)"
280659,"Avr|Mar Companion
(Less travel on mar)"
615578,"Avr|May Companion
(Less travel on may)"
726735,"Moderate travelers
(Current average)"
473648,No Traveler
183096,"Avr|Nov Companion
(Less travel on nov)"
673492,"Few Trips a Year
(Traveling rarely)"
239184,"Avr|Point Acumulator
(No companions)"
674933,"Avr|Oct Companion
(Less travel on oct)"
772381,"Avr|Point Acumulator
(No companions)"
319433,"Avr|Mar Companion
(Less travel on mar)"
582429,"Holiday traveler
(summer companions, winter alone)"
755362,"Avr|May Companion
(Less travel on may)"
553089,"Avr|Mar Companion
(Less travel on mar)"
983968,"Avr|Point Acumulator
(No companions)"
411204,"Avr|Jan Companion
(Less travel on jan)"
347629,"Avr|Oct Companion
(Less travel on oct)"
207860,"Few Trips a Year
(Traveling rarely)"
485933,"Avr|Jun Companion
(Less travel on jun)"
548126,"Avr|Point Acumulator
(No companions)"
907934,"Avr|Point Acumulator
(No companions)"
761694,"Few Trips a Year
(Traveling rarely)"
601625,"Avr|Dec Companion
(Less travel on dec)"
740407,No Traveler
185561,"Avr|Nov Companion
(Less travel on nov)"
495912,"Avr|Oct Companion
(Less travel on oct)"
527838,"Avr|Jun Companion
(Less travel on jun)"
235709,"Avr|Feb Companion
(Less travel on feb)"
777351,"Avr|Dec Companion
(Less travel on dec)"
585793,"Avr|Nov Companion
(Less travel on nov)"
383147,"Avr|Jan Companion
(Less travel on jan)"
475395,No Traveler
442251,"Holiday traveler
(summer companions, winter alone)"
690776,"Avr|Point Acumulator
(No companions)"
193147,"Avr|Point Acumulator
(No companions)"
477787,"Winter Traveler
(December with someone)"
699739,"Avr|Mar Companion
(Less travel on mar)"
102207,"Few Trips a Year
(Traveling rarely)"
764578,"Avr|May Companion
(Less travel on may)"
570469,"Avr|Jan Companion
(Less travel on jan)"
466645,No Traveler
890617,"Avr|Point Acumulator
(No companions)"
983199,No Traveler
663513,"Avr|Point Acumulator
(No companions)"
487726,"Avr|May Companion
(Less travel on may)"
982501,"Winter Traveler
(December with someone)"
190561,"Holiday traveler
(summer companions, winter alone)"
997653,"Few Trips a Year
(Traveling rarely)"
305150,"Avr|Oct Companion
(Less travel on oct)"
918053,"Avr|Point Acumulator
(No companions)"
948831,"Avr|Jun Companion
(Less travel on jun)"
726684,"Moderate travelers
(Current average)"
590936,"Avr|Oct Companion
(Less travel on oct)"
806348,"Moderate travelers
(Current average)"
480021,No Traveler
953341,"Avr|Dec Companion
(Less travel on dec)"
682840,"Avr|Oct Companion
(Less travel on oct)"
863809,"Few Trips a Year
(Traveling rarely)"
190256,"Avr|Dec Companion
(Less travel on dec)"
411272,No Traveler
480389,No Traveler
388624,"Avr|May Companion
(Less travel on may)"
367511,"Avr|Point Acumulator
(No companions)"
771667,"Avr|Nov Companion
(Less travel on nov)"
333595,"Moderate travelers
(Current average)"
891647,"Avr|Point Acumulator
(No companions)"
483623,"Moderate travelers
(Current average)"
313477,"Avr|Mar Companion
(Less travel on mar)"
399666,"Winter Traveler
(December with someone)"
813439,"Avr|Point Acumulator
(No companions)"
295533,"Few Trips a Year
(Traveling rarely)"
829162,"Avr|May Companion
(Less travel on may)"
477598,"Avr|Point Acumulator
(No companions)"
123773,"Avr|Dec Companion
(Less travel on dec)"
352809,"Winter Traveler
(December with someone)"
513778,"Moderate travelers
(Current average)"
324662,"Avr|Point Acumulator
(No companions)"
394248,"Avr|Nov Companion
(Less travel on nov)"
640555,"Avr|May Companion
(Less travel on may)"
286370,"Avr|Mar Companion
(Less travel on mar)"
902298,"Avr|Jan Companion
(Less travel on jan)"
655480,"Avr|Jun Companion
(Less travel on jun)"
975944,"Avr|Jan Companion
(Less travel on jan)"
500115,No Traveler
724139,"Avr|Point Acumulator
(No companions)"
983713,"Avr|Oct Companion
(Less travel on oct)"
918984,"Avr|May Companion
(Less travel on may)"
989478,"Avr|Dec Companion
(Less travel on dec)"
548390,No Traveler
861558,"Avr|Jan Companion
(Less travel on jan)"
487901,"Avr|Nov Companion
(Less travel on nov)"
579684,"Avr|Feb Companion
(Less travel on feb)"
142545,"Avr|Dec Companion
(Less travel on dec)"
141181,"Moderate travelers
(Current average)"
336127,"Avr|Point Acumulator
(No companions)"
796990,"Few Trips a Year
(Traveling rarely)"
513125,"Avr|May Companion
(Less travel on may)"
907015,"Holiday traveler
(summer companions, winter alone)"
923336,"Avr|Jun Companion
(Less travel on jun)"
915243,"Winter Traveler
(December with someone)"
434657,"Avr|Nov Companion
(Less travel on nov)"
142749,"Avr|Jun Companion
(Less travel on jun)"
102168,"Few Trips a Year
(Traveling rarely)"
920326,"Avr|Dec Companion
(Less travel on dec)"
775678,No Traveler
356561,"Avr|May Companion
(Less travel on may)"
245929,"Avr|May Companion
(Less travel on may)"
932249,"Avr|Mar Companion
(Less travel on mar)"
264308,"Avr|Point Acumulator
(No companions)"
320414,No Traveler
395639,"Avr|May Companion
(Less travel on may)"
589745,"Avr|Point Acumulator
(No companions)"
986018,"Avr|Nov Companion
(Less travel on nov)"
369658,"Avr|Dec Companion
(Less travel on dec)"
262374,"Avr|Oct Companion
(Less travel on oct)"
252782,"Avr|Dec Companion
(Less travel on dec)"
482711,"Avr|Mar Companion
(Less travel on mar)"
486112,"Holiday traveler
(summer companions, winter alone)"
685608,"Avr|Point Acumulator
(No companions)"
743335,No Traveler
187710,"Avr|May Companion
(Less travel on may)"
847724,"Avr|Jan Companion
(Less travel on jan)"
326724,"Avr|Jun Companion
(Less travel on jun)"
466862,"Avr|Point Acumulator
(No companions)"
194694,"Avr|Jan Companion
(Less travel on jan)"
456436,"Avr|Jan Companion
(Less travel on jan)"
698647,"Avr|Nov Companion
(Less travel on nov)"
566640,"Avr|Jun Companion
(Less travel on jun)"
453034,"Avr|Point Acumulator
(No companions)"
590647,"Avr|May Companion
(Less travel on may)"
684776,"Avr|Feb Companion
(Less travel on feb)"
346090,"Avr|Dec Companion
(Less travel on dec)"
508934,"Avr|Feb Companion
(Less travel on feb)"
885888,"Avr|May Companion
(Less travel on may)"
332716,"Avr|Jan Companion
(Less travel on jan)"
412995,"Avr|Oct Companion
(Less travel on oct)"
478373,"Avr|Jan Companion
(Less travel on jan)"
649487,"Winter Traveler
(December with someone)"
250422,"Avr|Dec Companion
(Less travel on dec)"
872069,"Few Trips a Year
(Traveling rarely)"
501217,No Traveler
875473,"Winter Traveler
(December with someone)"
275933,"Few Trips a Year
(Traveling rarely)"
312248,"Avr|Mar Companion
(Less travel on mar)"
923041,"Avr|Dec Companion
(Less travel on dec)"
592485,"Avr|Nov Companion
(Less travel on nov)"
940256,"Moderate travelers
(Current average)"
185013,"Avr|Jan Companion
(Less travel on jan)"
127827,"Winter Traveler
(December with someone)"
566957,"Avr|Mar Companion
(Less travel on mar)"
570920,"Avr|Nov Companion
(Less travel on nov)"
693528,"Holiday traveler
(summer companions, winter alone)"
382739,No Traveler
345931,"Avr|Nov Companion
(Less travel on nov)"
637927,No Traveler
861191,"Avr|Point Acumulator
(No companions)"
769891,"Avr|Point Acumulator
(No companions)"
926175,"Moderate travelers
(Current average)"
868830,"Avr|Nov Companion
(Less travel on nov)"
939320,No Traveler
431020,"Avr|Point Acumulator
(No companions)"
693913,"Avr|Dec Companion
(Less travel on dec)"
244721,No Traveler
208329,"Avr|Mar Companion
(Less travel on mar)"
490562,"Winter Traveler
(December with someone)"
859871,No Traveler
888131,"Avr|Mar Companion
(Less travel on mar)"
452282,"Avr|Nov Companion
(Less travel on nov)"
868926,"Holiday traveler
(summer companions, winter alone)"
484853,"Avr|Feb Companion
(Less travel on feb)"
620674,No Traveler
501165,"Winter Traveler
(December with someone)"
611464,"Avr|Dec Companion
(Less travel on dec)"
599925,No Traveler
992524,"Avr|Dec Companion
(Less travel on dec)"
212977,"Winter Traveler
(December with someone)"
228673,"Avr|Point Acumulator
(No companions)"
413345,"Avr|Point Acumulator
(No companions)"
678603,"Few Trips a Year
(Traveling rarely)"
659481,"Winter Traveler
(December with someone)"
909800,"Holiday traveler
(summer companions, winter alone)"
173884,No Traveler
893661,"Avr|Nov Companion
(Less travel on nov)"
539854,"Few Trips a Year
(Traveling rarely)"
457695,No Traveler
583788,No Traveler
449858,"Avr|Point Acumulator
(No companions)"
595024,"Avr|Nov Companion
(Less travel on nov)"
780266,"Winter Traveler
(December with someone)"
530839,"Avr|Nov Companion
(Less travel on nov)"
527582,"Avr|Nov Companion
(Less travel on nov)"
645927,"Avr|Jun Companion
(Less travel on jun)"
185808,"Avr|Jun Companion
(Less travel on jun)"
428526,"Few Trips a Year
(Traveling rarely)"
284290,"Avr|Nov Companion
(Less travel on nov)"
649104,"Avr|Point Acumulator
(No companions)"
400030,"Avr|Dec Companion
(Less travel on dec)"
259219,"Few Trips a Year
(Traveling rarely)"
148322,"Avr|Feb Companion
(Less travel on feb)"
164313,"Avr|Nov Companion
(Less travel on nov)"
620084,No Traveler
773012,"Avr|Point Acumulator
(No companions)"
312455,"Avr|Feb Companion
(Less travel on feb)"
575573,"Avr|Nov Companion
(Less travel on nov)"
855372,"Avr|Feb Companion
(Less travel on feb)"
729161,"Avr|Mar Companion
(Less travel on mar)"
839132,"Winter Traveler
(December with someone)"
177146,"Moderate travelers
(Current average)"
596297,No Traveler
750280,"Avr|Nov Companion
(Less travel on nov)"
967093,"Avr|Point Acumulator
(No companions)"
156750,"Avr|Mar Companion
(Less travel on mar)"
425620,No Traveler
979548,"Avr|Mar Companion
(Less travel on mar)"
424983,"Avr|Jun Companion
(Less travel on jun)"
370517,"Avr|Jun Companion
(Less travel on jun)"
779573,"Avr|Feb Companion
(Less travel on feb)"
632399,"Avr|Mar Companion
(Less travel on mar)"
141043,No Traveler
323345,"Avr|Nov Companion
(Less travel on nov)"
804534,"Avr|Oct Companion
(Less travel on oct)"
866501,No Traveler
284889,"Avr|Nov Companion
(Less travel on nov)"
144328,"Avr|Mar Companion
(Less travel on mar)"
270183,"Avr|Jun Companion
(Less travel on jun)"
653324,No Traveler
594636,"Winter Traveler
(December with someone)"
621731,"Avr|Jan Companion
(Less travel on jan)"
901780,"Avr|Oct Companion
(Less travel on oct)"
660395,"Avr|Oct Companion
(Less travel on oct)"
319658,"Winter Traveler
(December with someone)"
305572,No Traveler
454145,"Holiday traveler
(summer companions, winter alone)"
138896,"Avr|Point Acumulator
(No companions)"
163598,"Moderate travelers
(Current average)"
390435,"Avr|Mar Companion
(Less travel on mar)"
836622,"Avr|Mar Companion
(Less travel on mar)"
463230,"Avr|Point Acumulator
(No companions)"
967693,"Few Trips a Year
(Traveling rarely)"
820370,"Avr|May Companion
(Less travel on may)"
419953,"Avr|Oct Companion
(Less travel on oct)"
790734,"Avr|Jan Companion
(Less travel on jan)"
509474,No Traveler
748586,"Few Trips a Year
(Traveling rarely)"
694757,"Avr|Feb Companion
(Less travel on feb)"
741422,"Holiday traveler
(summer companions, winter alone)"
149782,"Avr|Point Acumulator
(No companions)"
525579,"Avr|Oct Companion
(Less travel on oct)"
855400,"Avr|May Companion
(Less travel on may)"
584537,"Avr|Mar Companion
(Less travel on mar)"
447401,"Holiday traveler
(summer companions, winter alone)"
366727,"Few Trips a Year
(Traveling rarely)"
325901,"Winter Traveler
(December with someone)"
621832,"Avr|Oct Companion
(Less travel on oct)"
774226,"Moderate travelers
(Current average)"
831797,"Winter Traveler
(December with someone)"
155763,"Moderate travelers
(Current average)"
274083,"Avr|Jun Companion
(Less travel on jun)"
384412,No Traveler
414727,"Avr|Jan Companion
(Less travel on jan)"
973860,"Avr|Jun Companion
(Less travel on jun)"
545378,"Avr|Jan Companion
(Less travel on jan)"
180207,"Few Trips a Year
(Traveling rarely)"
911089,"Avr|Jan Companion
(Less travel on jan)"
814698,"Few Trips a Year
(Traveling rarely)"
369603,"Avr|Jun Companion
(Less travel on jun)"
747509,"Few Trips a Year
(Traveling rarely)"
268842,"Avr|Nov Companion
(Less travel on nov)"
310534,"Avr|Point Acumulator
(No companions)"
743734,"Avr|Dec Companion
(Less travel on dec)"
877730,"Avr|Point Acumulator
(No companions)"
519933,"Avr|Jun Companion
(Less travel on jun)"
557932,"Avr|May Companion
(Less travel on may)"
329730,"Holiday traveler
(summer companions, winter alone)"
147986,"Few Trips a Year
(Traveling rarely)"
944491,"Few Trips a Year
(Traveling rarely)"
410209,"Avr|Dec Companion
(Less travel on dec)"
622334,"Avr|Oct Companion
(Less travel on oct)"
422276,"Avr|Jan Companion
(Less travel on jan)"
548244,"Moderate travelers
(Current average)"
283122,"Avr|May Companion
(Less travel on may)"
714536,"Avr|Mar Companion
(Less travel on mar)"
720197,"Avr|Dec Companion
(Less travel on dec)"
662665,"Avr|Point Acumulator
(No companions)"
889796,"Avr|Feb Companion
(Less travel on feb)"
965590,"Avr|Point Acumulator
(No companions)"
975466,No Traveler
498989,"Avr|Feb Companion
(Less travel on feb)"
177457,"Avr|Feb Companion
(Less travel on feb)"
645688,"Avr|May Companion
(Less travel on may)"
583175,"Few Trips a Year
(Traveling rarely)"
960082,"Avr|Jan Companion
(Less travel on jan)"
417118,"Avr|Jan Companion
(Less travel on jan)"
314147,"Avr|Point Acumulator
(No companions)"
279967,"Avr|Point Acumulator
(No companions)"
319671,"Avr|Oct Companion
(Less travel on oct)"
379038,No Traveler
840481,"Avr|Nov Companion
(Less travel on nov)"
412743,"Winter Traveler
(December with someone)"
806815,"Avr|Jan Companion
(Less travel on jan)"
894724,No Traveler
764703,"Winter Traveler
(December with someone)"
794602,"Avr|Point Acumulator
(No companions)"
275298,"Avr|Nov Companion
(Less travel on nov)"
337260,"Avr|Mar Companion
(Less travel on mar)"
938873,"Avr|Mar Companion
(Less travel on mar)"
989406,No Traveler
770591,"Avr|Jun Companion
(Less travel on jun)"
201891,"Avr|Point Acumulator
(No companions)"
301155,"Avr|Feb Companion
(Less travel on feb)"
287591,"Avr|Jun Companion
(Less travel on jun)"
668136,"Few Trips a Year
(Traveling rarely)"
881001,"Avr|Jan Companion
(Less travel on jan)"
803844,"Avr|Point Acumulator
(No companions)"
606344,"Few Trips a Year
(Traveling rarely)"
714944,"Avr|Oct Companion
(Less travel on oct)"
936603,"Winter Traveler
(December with someone)"
663343,"Avr|Nov Companion
(Less travel on nov)"
315225,"Avr|Dec Companion
(Less travel on dec)"
166535,"Avr|Mar Companion
(Less travel on mar)"
757885,"Avr|Jan Companion
(Less travel on jan)"
536517,"Avr|Mar Companion
(Less travel on mar)"
942403,"Avr|Jun Companion
(Less travel on jun)"
538507,"Avr|Jun Companion
(Less travel on jun)"
405201,"Avr|Point Acumulator
(No companions)"
312312,"Few Trips a Year
(Traveling rarely)"
867624,"Avr|Jun Companion
(Less travel on jun)"
603539,"Avr|Nov Companion
(Less travel on nov)"
856942,"Avr|Jun Companion
(Less travel on jun)"
408838,"Avr|Jan Companion
(Less travel on jan)"
901520,"Avr|Jun Companion
(Less travel on jun)"
264491,"Avr|Dec Companion
(Less travel on dec)"
609296,"Avr|Mar Companion
(Less travel on mar)"
362925,"Avr|Dec Companion
(Less travel on dec)"
167933,"Avr|Point Acumulator
(No companions)"
439251,"Avr|Feb Companion
(Less travel on feb)"
552669,"Avr|Point Acumulator
(No companions)"
252679,"Holiday traveler
(summer companions, winter alone)"
542893,"Avr|Jan Companion
(Less travel on jan)"
823436,"Few Trips a Year
(Traveling rarely)"
754517,"Avr|Jan Companion
(Less travel on jan)"
553943,"Avr|Feb Companion
(Less travel on feb)"
462616,"Few Trips a Year
(Traveling rarely)"
157566,"Winter Traveler
(December with someone)"
656360,"Avr|Mar Companion
(Less travel on mar)"
566550,No Traveler
996488,"Avr|Jan Companion
(Less travel on jan)"
558543,"Moderate travelers
(Current average)"
221075,"Holiday traveler
(summer companions, winter alone)"
646178,"Avr|Point Acumulator
(No companions)"
171419,"Moderate travelers
(Current average)"
513661,"Avr|Mar Companion
(Less travel on mar)"
535852,"Avr|Nov Companion
(Less travel on nov)"
365138,"Avr|Mar Companion
(Less travel on mar)"
975181,No Traveler
585386,"Avr|Mar Companion
(Less travel on mar)"
956144,"Avr|Feb Companion
(Less travel on feb)"
480074,"Avr|Jun Companion
(Less travel on jun)"
818077,"Avr|Nov Companion
(Less travel on nov)"
700497,No Traveler
913721,"Avr|Mar Companion
(Less travel on mar)"
534009,"Moderate travelers
(Current average)"
967628,"Avr|Point Acumulator
(No companions)"
541000,"Avr|Jun Companion
(Less travel on jun)"
847601,No Traveler
101515,"Avr|Mar Companion
(Less travel on mar)"
200309,"Moderate travelers
(Current average)"
555024,No Traveler
905360,"Few Trips a Year
(Traveling rarely)"
504860,"Avr|Point Acumulator
(No companions)"
253689,"Avr|Point Acumulator
(No companions)"
345244,"Moderate travelers
(Current average)"
763621,No Traveler
804368,"Holiday traveler
(summer companions, winter alone)"
708982,No Traveler
729205,"Avr|Dec Companion
(Less travel on dec)"
121919,"Avr|Mar Companion
(Less travel on mar)"
884708,"Avr|Dec Companion
(Less travel on dec)"
666572,"Holiday traveler
(summer companions, winter alone)"
430500,"Avr|Point Acumulator
(No companions)"
463263,"Avr|Point Acumulator
(No companions)"
443199,"Moderate travelers
(Current average)"
604943,"Avr|May Companion
(Less travel on may)"
327866,"Avr|Feb Companion
(Less travel on feb)"
617447,"Avr|Dec Companion
(Less travel on dec)"
427163,"Avr|Jan Companion
(Less travel on jan)"
920171,No Traveler
909543,"Avr|May Companion
(Less travel on may)"
122890,"Avr|Point Acumulator
(No companions)"
697029,"Avr|Dec Companion
(Less travel on dec)"
884062,"Avr|Oct Companion
(Less travel on oct)"
400392,"Avr|Oct Companion
(Less travel on oct)"
912588,"Avr|Dec Companion
(Less travel on dec)"
593039,"Winter Traveler
(December with someone)"
911852,"Winter Traveler
(December with someone)"
107487,"Winter Traveler
(December with someone)"
192009,"Avr|Feb Companion
(Less travel on feb)"
717407,"Avr|Point Acumulator
(No companions)"
640116,"Few Trips a Year
(Traveling rarely)"
282723,"Avr|Oct Companion
(Less travel on oct)"
122020,"Avr|May Companion
(Less travel on may)"
143266,No Traveler
163776,"Avr|Oct Companion
(Less travel on oct)"
924878,"Holiday traveler
(summer companions, winter alone)"
854884,"Avr|Point Acumulator
(No companions)"
844479,"Avr|Feb Companion
(Less travel on feb)"
148612,"Avr|Feb Companion
(Less travel on feb)"
235506,"Few Trips a Year
(Traveling rarely)"
517472,"Holiday traveler
(summer companions, winter alone)"
780236,"Moderate travelers
(Current average)"
874876,"Winter Traveler
(December with someone)"
990955,"Avr|Jan Companion
(Less travel on jan)"
743256,"Avr|Oct Companion
(Less travel on oct)"
408493,No Traveler
415148,"Avr|Oct Companion
(Less travel on oct)"
154855,"Few Trips a Year
(Traveling rarely)"
890437,"Avr|Dec Companion
(Less travel on dec)"
365413,"Avr|May Companion
(Less travel on may)"
423978,"Avr|Jan Companion
(Less travel on jan)"
628081,"Avr|Mar Companion
(Less travel on mar)"
362167,"Avr|Point Acumulator
(No companions)"
418753,"Winter Traveler
(December with someone)"
264486,"Avr|Feb Companion
(Less travel on feb)"
100550,"Moderate travelers
(Current average)"
600482,"Avr|May Companion
(Less travel on may)"
911920,"Avr|Point Acumulator
(No companions)"
816937,No Traveler
118612,"Avr|May Companion
(Less travel on may)"
209405,"Avr|Oct Companion
(Less travel on oct)"
262810,"Avr|Dec Companion
(Less travel on dec)"
258228,No Traveler
730748,No Traveler
846515,"Avr|Jun Companion
(Less travel on jun)"
223632,"Avr|Nov Companion
(Less travel on nov)"
156666,No Traveler
834066,"Avr|Mar Companion
(Less travel on mar)"
967904,"Avr|Jan Companion
(Less travel on jan)"
534151,"Holiday traveler
(summer companions, winter alone)"
403473,"Avr|Mar Companion
(Less travel on mar)"
131761,"Avr|Oct Companion
(Less travel on oct)"
189197,"Avr|Feb Companion
(Less travel on feb)"
643225,"Moderate travelers
(Current average)"
572811,"Avr|Feb Companion
(Less travel on feb)"
979901,"Few Trips a Year
(Traveling rarely)"
726848,"Avr|Dec Companion
(Less travel on dec)"
318264,"Avr|May Companion
(Less travel on may)"
240886,"Avr|Jun Companion
(Less travel on jun)"
489115,"Avr|Jan Companion
(Less travel on jan)"
961595,"Avr|Feb Companion
(Less travel on feb)"
281926,"Avr|May Companion
(Less travel on may)"
736518,"Avr|Feb Companion
(Less travel on feb)"
612122,"Avr|Nov Companion
(Less travel on nov)"
859144,"Few Trips a Year
(Traveling rarely)"
493775,"Avr|Jan Companion
(Less travel on jan)"
509714,"Avr|Nov Companion
(Less travel on nov)"
875483,"Avr|Oct Companion
(Less travel on oct)"
142609,"Holiday traveler
(summer companions, winter alone)"
210910,"Avr|Feb Companion
(Less travel on feb)"
848185,"Avr|Jan Companion
(Less travel on jan)"
550896,"Avr|Feb Companion
(Less travel on feb)"
847136,"Avr|Feb Companion
(Less travel on feb)"
876057,"Avr|Jan Companion
(Less travel on jan)"
573986,No Traveler
817609,"Few Trips a Year
(Traveling rarely)"
152305,"Avr|Jun Companion
(Less travel on jun)"
537397,"Avr|Jan Companion
(Less travel on jan)"
739684,No Traveler
513246,"Avr|Jun Companion
(Less travel on jun)"
156730,"Winter Traveler
(December with someone)"
515185,"Avr|Point Acumulator
(No companions)"
259067,"Few Trips a Year
(Traveling rarely)"
505179,"Few Trips a Year
(Traveling rarely)"
465170,No Traveler
118320,"Avr|May Companion
(Less travel on may)"
612834,"Avr|Point Acumulator
(No companions)"
100890,"Avr|Mar Companion
(Less travel on mar)"
177483,"Avr|Mar Companion
(Less travel on mar)"
327555,"Avr|Point Acumulator
(No companions)"
845176,"Avr|Jun Companion
(Less travel on jun)"
313688,"Avr|May Companion
(Less travel on may)"
348751,"Avr|Nov Companion
(Less travel on nov)"
902555,"Few Trips a Year
(Traveling rarely)"
599560,"Winter Traveler
(December with someone)"
830743,"Avr|Mar Companion
(Less travel on mar)"
388292,"Avr|Mar Companion
(Less travel on mar)"
811289,"Avr|Dec Companion
(Less travel on dec)"
880205,"Avr|Feb Companion
(Less travel on feb)"
369841,"Avr|Feb Companion
(Less travel on feb)"
225087,"Avr|Point Acumulator
(No companions)"
879787,"Avr|Point Acumulator
(No companions)"
603653,No Traveler
654540,"Winter Traveler
(December with someone)"
711500,"Winter Traveler
(December with someone)"
365515,"Avr|Feb Companion
(Less travel on feb)"
456259,"Avr|Jun Companion
(Less travel on jun)"
314202,"Avr|Nov Companion
(Less travel on nov)"
793761,"Avr|Jun Companion
(Less travel on jun)"
102726,"Avr|Nov Companion
(Less travel on nov)"
232022,"Avr|Dec Companion
(Less travel on dec)"
901747,"Winter Traveler
(December with someone)"
617326,"Avr|Nov Companion
(Less travel on nov)"
401101,"Holiday traveler
(summer companions, winter alone)"
861867,No Traveler
383912,"Avr|Point Acumulator
(No companions)"
769495,No Traveler
959044,"Avr|Nov Companion
(Less travel on nov)"
853565,"Few Trips a Year
(Traveling rarely)"
752609,"Avr|Nov Companion
(Less travel on nov)"
551652,"Avr|Oct Companion
(Less travel on oct)"
819149,"Avr|Oct Companion
(Less travel on oct)"
991983,No Traveler
222065,"Avr|Oct Companion
(Less travel on oct)"
331353,"Avr|Feb Companion
(Less travel on feb)"
767908,"Avr|Jan Companion
(Less travel on jan)"
793285,"Avr|May Companion
(Less travel on may)"
785826,"Avr|Dec Companion
(Less travel on dec)"
355039,"Winter Traveler
(December with someone)"
683485,"Avr|Jan Companion
(Less travel on jan)"
856364,"Avr|Point Acumulator
(No companions)"
871206,"Avr|Feb Companion
(Less travel on feb)"
916843,"Moderate travelers
(Current average)"
556050,"Avr|Nov Companion
(Less travel on nov)"
937742,"Avr|Dec Companion
(Less travel on dec)"
688891,"Few Trips a Year
(Traveling rarely)"
315054,"Winter Traveler
(December with someone)"
964744,"Holiday traveler
(summer companions, winter alone)"
979598,"Avr|Point Acumulator
(No companions)"
572345,"Avr|Dec Companion
(Less travel on dec)"
513480,"Avr|Dec Companion
(Less travel on dec)"
936570,"Avr|Nov Companion
(Less travel on nov)"
141844,"Avr|Dec Companion
(Less travel on dec)"
627428,"Moderate travelers
(Current average)"
463361,"Avr|Point Acumulator
(No companions)"
559388,"Avr|Point Acumulator
(No companions)"
535251,"Avr|Jan Companion
(Less travel on jan)"
390117,"Avr|Feb Companion
(Less travel on feb)"
144355,"Avr|Dec Companion
(Less travel on dec)"
792418,"Avr|May Companion
(Less travel on may)"
182782,"Avr|Feb Companion
(Less travel on feb)"
393853,"Avr|Jan Companion
(Less travel on jan)"
148201,"Avr|May Companion
(Less travel on may)"
306872,"Few Trips a Year
(Traveling rarely)"
573344,"Avr|Dec Companion
(Less travel on dec)"
277341,No Traveler
246323,"Holiday traveler
(summer companions, winter alone)"
490553,"Avr|Point Acumulator
(No companions)"
815584,"Holiday traveler
(summer companions, winter alone)"
983393,"Avr|Mar Companion
(Less travel on mar)"
383787,"Avr|Point Acumulator
(No companions)"
714121,"Avr|Nov Companion
(Less travel on nov)"
110001,"Avr|Feb Companion
(Less travel on feb)"
124377,No Traveler
344797,"Avr|Point Acumulator
(No companions)"
822665,"Avr|Mar Companion
(Less travel on mar)"
700748,"Avr|Mar Companion
(Less travel on mar)"
478315,"Avr|Point Acumulator
(No companions)"
278815,"Avr|Jun Companion
(Less travel on jun)"
370842,"Avr|Mar Companion
(Less travel on mar)"
703249,No Traveler
590989,"Avr|Nov Companion
(Less travel on nov)"
836112,"Moderate travelers
(Current average)"
776782,"Holiday traveler
(summer companions, winter alone)"
477362,"Avr|Feb Companion
(Less travel on feb)"
117460,"Avr|Jun Companion
(Less travel on jun)"
969500,"Avr|May Companion
(Less travel on may)"
128467,"Avr|May Companion
(Less travel on may)"
825165,"Avr|Jan Companion
(Less travel on jan)"
226866,"Winter Traveler
(December with someone)"
844959,"Avr|Mar Companion
(Less travel on mar)"
628431,"Moderate travelers
(Current average)"
746580,"Few Trips a Year
(Traveling rarely)"
969092,"Avr|Oct Companion
(Less travel on oct)"
510329,"Avr|May Companion
(Less travel on may)"
192685,"Moderate travelers
(Current average)"
616162,"Avr|Jan Companion
(Less travel on jan)"
105552,"Avr|Mar Companion
(Less travel on mar)"
263068,"Winter Traveler
(December with someone)"
638466,No Traveler
712590,"Avr|Nov Companion
(Less travel on nov)"
969350,"Avr|Mar Companion
(Less travel on mar)"
999986,"Avr|Point Acumulator
(No companions)"
164034,"Avr|Jan Companion
(Less travel on jan)"
883174,"Avr|Point Acumulator
(No companions)"
621190,"Moderate travelers
(Current average)"
402964,"Avr|Mar Companion
(Less travel on mar)"
104103,"Avr|May Companion
(Less travel on may)"
170791,"Avr|Point Acumulator
(No companions)"
179053,No Traveler
849105,"Avr|Point Acumulator
(No companions)"
672570,"Avr|Feb Companion
(Less travel on feb)"
661150,"Avr|Oct Companion
(Less travel on oct)"
237319,"Few Trips a Year
(Traveling rarely)"
936305,"Avr|Feb Companion
(Less travel on feb)"
831404,"Avr|Feb Companion
(Less travel on feb)"
684934,"Avr|Dec Companion
(Less travel on dec)"
833754,No Traveler
336357,"Avr|Oct Companion
(Less travel on oct)"
763071,"Avr|Jan Companion
(Less travel on jan)"
989986,"Avr|Nov Companion
(Less travel on nov)"
399251,"Avr|Nov Companion
(Less travel on nov)"
718764,"Moderate travelers
(Current average)"
944980,"Moderate travelers
(Current average)"
644374,"Avr|Point Acumulator
(No companions)"
738279,"Avr|Feb Companion
(Less travel on feb)"
889786,"Avr|May Companion
(Less travel on may)"
991627,"Winter Traveler
(December with someone)"
432392,"Moderate travelers
(Current average)"
809404,"Avr|Jan Companion
(Less travel on jan)"
452459,"Avr|Nov Companion
(Less travel on nov)"
452208,"Avr|Feb Companion
(Less travel on feb)"
248620,"Avr|Jan Companion
(Less travel on jan)"
320031,"Avr|Mar Companion
(Less travel on mar)"
682980,"Few Trips a Year
(Traveling rarely)"
527565,"Avr|May Companion
(Less travel on may)"
750171,"Avr|Point Acumulator
(No companions)"
961837,"Avr|Nov Companion
(Less travel on nov)"
105712,"Avr|May Companion
(Less travel on may)"
750862,"Avr|Jan Companion
(Less travel on jan)"
374401,"Avr|Mar Companion
(Less travel on mar)"
721713,"Avr|May Companion
(Less travel on may)"
757041,"Holiday traveler
(summer companions, winter alone)"
489371,"Avr|Mar Companion
(Less travel on mar)"
698988,"Avr|Jan Companion
(Less travel on jan)"
454720,"Avr|Mar Companion
(Less travel on mar)"
885274,"Avr|Point Acumulator
(No companions)"
413798,"Avr|Point Acumulator
(No companions)"
767857,"Winter Traveler
(December with someone)"
335324,"Avr|Mar Companion
(Less travel on mar)"
595747,"Avr|Jan Companion
(Less travel on jan)"
146527,"Moderate travelers
(Current average)"
112732,"Avr|Mar Companion
(Less travel on mar)"
340638,"Winter Traveler
(December with someone)"
819809,"Avr|May Companion
(Less travel on may)"
214030,"Avr|Jun Companion
(Less travel on jun)"
646198,"Winter Traveler
(December with someone)"
428162,"Avr|Feb Companion
(Less travel on feb)"
535183,"Few Trips a Year
(Traveling rarely)"
698505,"Avr|Nov Companion
(Less travel on nov)"
867327,"Avr|May Companion
(Less travel on may)"
268789,"Avr|Feb Companion
(Less travel on feb)"
104732,"Avr|Feb Companion
(Less travel on feb)"
759322,"Avr|Oct Companion
(Less travel on oct)"
329214,"Avr|Point Acumulator
(No companions)"
496357,"Avr|Jan Companion
(Less travel on jan)"
851982,"Avr|Mar Companion
(Less travel on mar)"
668510,"Avr|Point Acumulator
(No companions)"
210870,"Winter Traveler
(December with someone)"
840021,"Avr|Oct Companion
(Less travel on oct)"
906715,"Avr|Dec Companion
(Less travel on dec)"
984055,"Winter Traveler
(December with someone)"
923799,"Avr|Mar Companion
(Less travel on mar)"
898417,"Avr|May Companion
(Less travel on may)"
164512,"Avr|Point Acumulator
(No companions)"
297167,"Avr|Point Acumulator
(No companions)"
662848,"Avr|Dec Companion
(Less travel on dec)"
929707,No Traveler
148234,"Avr|Jun Companion
(Less travel on jun)"
999788,"Few Trips a Year
(Traveling rarely)"
623327,No Traveler
494885,"Avr|Dec Companion
(Less travel on dec)"
718454,No Traveler
553396,"Avr|Point Acumulator
(No companions)"
863384,"Avr|Point Acumulator
(No companions)"
444085,"Avr|Mar Companion
(Less travel on mar)"
743835,"Avr|Nov Companion
(Less travel on nov)"
113040,"Avr|Jan Companion
(Less travel on jan)"
540756,"Avr|Feb Companion
(Less travel on feb)"
773739,"Moderate travelers
(Current average)"
912352,No Traveler
775440,"Avr|Dec Companion
(Less travel on dec)"
636673,"Avr|Oct Companion
(Less travel on oct)"
937849,No Traveler
262717,"Moderate travelers
(Current average)"
532759,"Avr|Feb Companion
(Less travel on feb)"
453466,"Few Trips a Year
(Traveling rarely)"
213297,"Avr|Dec Companion
(Less travel on dec)"
758328,"Avr|Feb Companion
(Less travel on feb)"
254667,"Avr|Nov Companion
(Less travel on nov)"
137020,No Traveler
767767,"Avr|Jun Companion
(Less travel on jun)"
788555,No Traveler
867472,"Avr|Dec Companion
(Less travel on dec)"
600021,"Few Trips a Year
(Traveling rarely)"
624935,"Moderate travelers
(Current average)"
760614,No Traveler
559483,"Avr|Point Acumulator
(No companions)"
689839,"Holiday traveler
(summer companions, winter alone)"
244419,"Avr|Point Acumulator
(No companions)"
332409,"Avr|Nov Companion
(Less travel on nov)"
211625,"Moderate travelers
(Current average)"
611582,"Avr|Oct Companion
(Less travel on oct)"
876850,"Avr|Point Acumulator
(No companions)"
514523,"Few Trips a Year
(Traveling rarely)"
954570,"Avr|Jun Companion
(Less travel on jun)"
718516,No Traveler
823257,"Few Trips a Year
(Traveling rarely)"
368062,"Few Trips a Year
(Traveling rarely)"
472488,"Avr|Feb Companion
(Less travel on feb)"
549540,"Avr|Point Acumulator
(No companions)"
421580,"Avr|Nov Companion
(Less travel on nov)"
998112,"Avr|Dec Companion
(Less travel on dec)"
985516,"Avr|Nov Companion
(Less travel on nov)"
484504,"Avr|Nov Companion
(Less travel on nov)"
763591,"Avr|Dec Companion
(Less travel on dec)"
601626,"Avr|Point Acumulator
(No companions)"
618302,"Avr|Mar Companion
(Less travel on mar)"
149225,"Avr|Mar Companion
(Less travel on mar)"
399417,"Avr|Dec Companion
(Less travel on dec)"
482528,"Few Trips a Year
(Traveling rarely)"
919951,"Avr|Nov Companion
(Less travel on nov)"
979467,"Holiday traveler
(summer companions, winter alone)"
822696,"Avr|Jan Companion
(Less travel on jan)"
810517,"Few Trips a Year
(Traveling rarely)"
883963,"Avr|Point Acumulator
(No companions)"
493369,No Traveler
843642,"Moderate travelers
(Current average)"
222874,"Avr|Jun Companion
(Less travel on jun)"
255653,"Avr|Feb Companion
(Less travel on feb)"
606989,"Avr|Feb Companion
(Less travel on feb)"
740326,No Traveler
763241,"Avr|Jun Companion
(Less travel on jun)"
883065,"Avr|Feb Companion
(Less travel on feb)"
183023,No Traveler
948785,"Avr|Mar Companion
(Less travel on mar)"
683664,No Traveler
294617,"Moderate travelers
(Current average)"
157816,"Avr|Jun Companion
(Less travel on jun)"
556688,"Avr|Feb Companion
(Less travel on feb)"
477295,"Avr|Feb Companion
(Less travel on feb)"
586870,"Avr|Oct Companion
(Less travel on oct)"
748914,No Traveler
170211,"Avr|Jan Companion
(Less travel on jan)"
616226,"Avr|Jun Companion
(Less travel on jun)"
533198,"Avr|Jan Companion
(Less travel on jan)"
979389,"Avr|Point Acumulator
(No companions)"
420856,No Traveler
174044,"Avr|Jun Companion
(Less travel on jun)"
576878,"Avr|Jun Companion
(Less travel on jun)"
386979,"Few Trips a Year
(Traveling rarely)"
591641,"Avr|Jan Companion
(Less travel on jan)"
930089,No Traveler
132884,"Avr|Jan Companion
(Less travel on jan)"
200802,"Avr|Feb Companion
(Less travel on feb)"
206466,"Avr|May Companion
(Less travel on may)"
320180,"Avr|Point Acumulator
(No companions)"
732377,"Winter Traveler
(December with someone)"
966920,No Traveler
769669,"Winter Traveler
(December with someone)"
767534,"Avr|May Companion
(Less travel on may)"
860724,"Avr|Dec Companion
(Less travel on dec)"
267930,"Holiday traveler
(summer companions, winter alone)"
758927,"Holiday traveler
(summer companions, winter alone)"
426990,"Avr|May Companion
(Less travel on may)"
519677,"Moderate travelers
(Current average)"
302414,"Avr|Point Acumulator
(No companions)"
967462,"Avr|Mar Companion
(Less travel on mar)"
967966,"Avr|Jan Companion
(Less travel on jan)"
698072,"Avr|Jun Companion
(Less travel on jun)"
832864,"Avr|May Companion
(Less travel on may)"
846796,"Avr|Nov Companion
(Less travel on nov)"
248138,"Avr|Oct Companion
(Less travel on oct)"
104541,"Moderate travelers
(Current average)"
263866,"Moderate travelers
(Current average)"
514530,"Avr|Mar Companion
(Less travel on mar)"
940156,"Avr|Point Acumulator
(No companions)"
312530,"Avr|Jun Companion
(Less travel on jun)"
347423,"Winter Traveler
(December with someone)"
990077,"Avr|Jan Companion
(Less travel on jan)"
571169,No Traveler
569313,"Avr|Jun Companion
(Less travel on jun)"
516271,"Avr|Nov Companion
(Less travel on nov)"
920118,"Holiday traveler
(summer companions, winter alone)"
186020,"Avr|May Companion
(Less travel on may)"
247692,"Holiday traveler
(summer companions, winter alone)"
559342,"Winter Traveler
(December with someone)"
639116,"Few Trips a Year
(Traveling rarely)"
316982,"Avr|Dec Companion
(Less travel on dec)"
321748,"Avr|Point Acumulator
(No companions)"
357589,"Avr|Dec Companion
(Less travel on dec)"
483198,"Avr|May Companion
(Less travel on may)"
652501,"Avr|Jan Companion
(Less travel on jan)"
401062,"Few Trips a Year
(Traveling rarely)"
451226,"Avr|Dec Companion
(Less travel on dec)"
379117,"Few Trips a Year
(Traveling rarely)"
883852,"Avr|Feb Companion
(Less travel on feb)"
735676,No Traveler
228273,"Avr|Point Acumulator
(No companions)"
863744,"Avr|Point Acumulator
(No companions)"
585271,"Avr|Mar Companion
(Less travel on mar)"
833197,"Avr|Mar Companion
(Less travel on mar)"
148690,"Avr|Mar Companion
(Less travel on mar)"
221469,"Avr|Point Acumulator
(No companions)"
295138,"Avr|Feb Companion
(Less travel on feb)"
115427,"Avr|Point Acumulator
(No companions)"
729293,"Avr|Feb Companion
(Less travel on feb)"
309602,"Avr|Jan Companion
(Less travel on jan)"
575434,"Avr|Mar Companion
(Less travel on mar)"
823816,"Avr|Jan Companion
(Less travel on jan)"
957571,"Avr|Nov Companion
(Less travel on nov)"
303573,"Avr|Jan Companion
(Less travel on jan)"
541741,"Winter Traveler
(December with someone)"
351889,"Avr|Nov Companion
(Less travel on nov)"
368435,No Traveler
118675,"Avr|Jun Companion
(Less travel on jun)"
489628,No Traveler
705911,"Moderate travelers
(Current average)"
425826,No Traveler
698627,No Traveler
325599,"Avr|Jun Companion
(Less travel on jun)"
358792,"Avr|Jan Companion
(Less travel on jan)"
885682,"Avr|Jun Companion
(Less travel on jun)"
333644,No Traveler
565690,"Avr|May Companion
(Less travel on may)"
662750,"Avr|May Companion
(Less travel on may)"
733608,"Avr|Point Acumulator
(No companions)"
618461,"Avr|Jun Companion
(Less travel on jun)"
437440,"Avr|Nov Companion
(Less travel on nov)"
885357,"Avr|May Companion
(Less travel on may)"
323068,"Avr|Jun Companion
(Less travel on jun)"
464828,"Few Trips a Year
(Traveling rarely)"
965482,"Avr|Feb Companion
(Less travel on feb)"
519873,"Few Trips a Year
(Traveling rarely)"
846243,"Avr|Point Acumulator
(No companions)"
343051,"Few Trips a Year
(Traveling rarely)"
882044,"Avr|Point Acumulator
(No companions)"
721300,"Avr|Mar Companion
(Less travel on mar)"
904378,"Avr|Oct Companion
(Less travel on oct)"
311762,"Avr|Jun Companion
(Less travel on jun)"
209886,"Avr|Point Acumulator
(No companions)"
347987,No Traveler
749972,"Avr|Point Acumulator
(No companions)"
667798,No Traveler
965012,"Avr|Point Acumulator
(No companions)"
247050,"Avr|May Companion
(Less travel on may)"
463854,"Few Trips a Year
(Traveling rarely)"
763224,No Traveler
628017,"Avr|Mar Companion
(Less travel on mar)"
858445,"Avr|Feb Companion
(Less travel on feb)"
348774,"Avr|Nov Companion
(Less travel on nov)"
992930,"Avr|May Companion
(Less travel on may)"
340924,"Moderate travelers
(Current average)"
312774,"Avr|Dec Companion
(Less travel on dec)"
633992,"Avr|May Companion
(Less travel on may)"
838160,"Avr|Jun Companion
(Less travel on jun)"
160135,"Avr|Oct Companion
(Less travel on oct)"
467685,"Winter Traveler
(December with someone)"
100504,"Avr|Mar Companion
(Less travel on mar)"
284892,"Avr|Dec Companion
(Less travel on dec)"
530299,"Moderate travelers
(Current average)"
387695,"Avr|Jun Companion
(Less travel on jun)"
234922,"Winter Traveler
(December with someone)"
268307,"Avr|Jun Companion
(Less travel on jun)"
407008,No Traveler
440699,No Traveler
592034,No Traveler
416127,"Avr|May Companion
(Less travel on may)"
672819,No Traveler
221595,No Traveler
187758,"Avr|Point Acumulator
(No companions)"
136169,"Avr|Nov Companion
(Less travel on nov)"
105193,No Traveler
759017,"Moderate travelers
(Current average)"
860657,"Avr|Feb Companion
(Less travel on feb)"
862212,"Few Trips a Year
(Traveling rarely)"
162496,"Moderate travelers
(Current average)"
994443,"Moderate travelers
(Current average)"
185531,"Few Trips a Year
(Traveling rarely)"
280574,"Avr|Feb Companion
(Less travel on feb)"
537887,"Avr|Jan Companion
(Less travel on jan)"
543862,"Avr|Point Acumulator
(No companions)"
734752,"Avr|May Companion
(Less travel on may)"
428520,"Few Trips a Year
(Traveling rarely)"
189329,"Avr|May Companion
(Less travel on may)"
567070,"Avr|Feb Companion
(Less travel on feb)"
542574,No Traveler
134000,No Traveler
396863,"Moderate travelers
(Current average)"
134738,"Avr|Jun Companion
(Less travel on jun)"
150291,"Avr|Jun Companion
(Less travel on jun)"
235092,"Avr|Jun Companion
(Less travel on jun)"
283358,"Avr|Point Acumulator
(No companions)"
749212,"Avr|Feb Companion
(Less travel on feb)"
846125,"Avr|Nov Companion
(Less travel on nov)"
781797,"Avr|Jun Companion
(Less travel on jun)"
373737,"Moderate travelers
(Current average)"
504802,"Moderate travelers
(Current average)"
845684,"Avr|Point Acumulator
(No companions)"
460938,"Avr|Dec Companion
(Less travel on dec)"
239525,No Traveler
152338,"Avr|Mar Companion
(Less travel on mar)"
374344,"Few Trips a Year
(Traveling rarely)"
744528,"Avr|May Companion
(Less travel on may)"
140191,"Avr|Mar Companion
(Less travel on mar)"
755082,"Avr|Mar Companion
(Less travel on mar)"
207492,"Avr|Dec Companion
(Less travel on dec)"
827353,"Avr|Oct Companion
(Less travel on oct)"
974777,"Avr|Dec Companion
(Less travel on dec)"
672039,"Avr|Mar Companion
(Less travel on mar)"
208553,"Avr|Nov Companion
(Less travel on nov)"
561961,"Avr|Mar Companion
(Less travel on mar)"
809587,"Avr|Feb Companion
(Less travel on feb)"
121737,"Few Trips a Year
(Traveling rarely)"
489592,"Few Trips a Year
(Traveling rarely)"
198961,"Avr|Oct Companion
(Less travel on oct)"
319123,"Avr|Point Acumulator
(No companions)"
122561,No Traveler
584405,"Avr|Jun Companion
(Less travel on jun)"
544306,"Winter Traveler
(December with someone)"
806008,"Avr|Jun Companion
(Less travel on jun)"
112632,"Avr|Point Acumulator
(No companions)"
434098,"Avr|Feb Companion
(Less travel on feb)"
511835,No Traveler
338125,No Traveler
288112,No Traveler
161241,"Avr|Mar Companion
(Less travel on mar)"
517781,"Holiday traveler
(summer companions, winter alone)"
648077,"Avr|Dec Companion
(Less travel on dec)"
671077,"Winter Traveler
(December with someone)"
535892,"Avr|Feb Companion
(Less travel on feb)"
973357,"Avr|Mar Companion
(Less travel on mar)"
542287,"Avr|Jan Companion
(Less travel on jan)"
966698,"Winter Traveler
(December with someone)"
262586,"Avr|May Companion
(Less travel on may)"
355512,No Traveler
739513,No Traveler
983551,"Avr|Feb Companion
(Less travel on feb)"
771353,"Holiday traveler
(summer companions, winter alone)"
738651,"Winter Traveler
(December with someone)"
753994,"Avr|Point Acumulator
(No companions)"
300964,"Avr|Dec Companion
(Less travel on dec)"
423119,"Few Trips a Year
(Traveling rarely)"
591414,No Traveler
666667,"Avr|Mar Companion
(Less travel on mar)"
523037,No Traveler
184924,"Avr|Jan Companion
(Less travel on jan)"
231755,"Avr|Nov Companion
(Less travel on nov)"
268500,"Winter Traveler
(December with someone)"
311692,"Winter Traveler
(December with someone)"
168160,"Avr|Nov Companion
(Less travel on nov)"
145988,"Avr|Feb Companion
(Less travel on feb)"
760835,"Moderate travelers
(Current average)"
170965,"Avr|Jan Companion
(Less travel on jan)"
883755,"Avr|May Companion
(Less travel on may)"
589795,"Avr|Point Acumulator
(No companions)"
734224,"Moderate travelers
(Current average)"
913522,"Avr|Mar Companion
(Less travel on mar)"
716019,"Holiday traveler
(summer companions, winter alone)"
765293,"Avr|Jan Companion
(Less travel on jan)"
313602,"Avr|Jun Companion
(Less travel on jun)"
482567,"Winter Traveler
(December with someone)"
794863,"Moderate travelers
(Current average)"
971987,"Avr|Mar Companion
(Less travel on mar)"
361109,"Moderate travelers
(Current average)"
855506,"Avr|Jan Companion
(Less travel on jan)"
725413,"Avr|Jan Companion
(Less travel on jan)"
817375,"Avr|Oct Companion
(Less travel on oct)"
811567,"Avr|Oct Companion
(Less travel on oct)"
856074,"Avr|Point Acumulator
(No companions)"
114018,"Avr|Feb Companion
(Less travel on feb)"
715300,"Avr|Point Acumulator
(No companions)"
335162,"Avr|Jan Companion
(Less travel on jan)"
219276,"Avr|Jun Companion
(Less travel on jun)"
502012,"Avr|Point Acumulator
(No companions)"
414741,"Avr|Point Acumulator
(No companions)"
615529,"Avr|Point Acumulator
(No companions)"
631379,"Avr|Jan Companion
(Less travel on jan)"
210236,"Avr|Jun Companion
(Less travel on jun)"
170566,"Avr|Mar Companion
(Less travel on mar)"
261187,No Traveler
861058,"Avr|Mar Companion
(Less travel on mar)"
871074,"Avr|Nov Companion
(Less travel on nov)"
704270,"Moderate travelers
(Current average)"
535587,"Avr|Mar Companion
(Less travel on mar)"
348471,"Avr|Jun Companion
(Less travel on jun)"
969342,"Moderate travelers
(Current average)"
264741,"Avr|Nov Companion
(Less travel on nov)"
925353,"Avr|Point Acumulator
(No companions)"
698390,"Avr|Mar Companion
(Less travel on mar)"
693372,"Avr|Jan Companion
(Less travel on jan)"
955448,"Winter Traveler
(December with someone)"
103536,"Avr|Point Acumulator
(No companions)"
444237,"Avr|Point Acumulator
(No companions)"
315361,"Moderate travelers
(Current average)"
459636,"Avr|Jun Companion
(Less travel on jun)"
299419,"Avr|Jan Companion
(Less travel on jan)"
819497,"Avr|Jan Companion
(Less travel on jan)"
625320,"Winter Traveler
(December with someone)"
944243,No Traveler
770524,No Traveler
375987,"Avr|Jan Companion
(Less travel on jan)"
514616,"Few Trips a Year
(Traveling rarely)"
550686,"Avr|May Companion
(Less travel on may)"
622324,"Avr|Point Acumulator
(No companions)"
232137,"Avr|Dec Companion
(Less travel on dec)"
867046,"Winter Traveler
(December with someone)"
585853,"Avr|Dec Companion
(Less travel on dec)"
706106,"Avr|May Companion
(Less travel on may)"
372353,"Avr|Jun Companion
(Less travel on jun)"
772608,No Traveler
144523,"Avr|Point Acumulator
(No companions)"
438746,"Avr|Point Acumulator
(No companions)"
628837,No Traveler
530666,"Moderate travelers
(Current average)"
959821,"Avr|Oct Companion
(Less travel on oct)"
837932,"Avr|Point Acumulator
(No companions)"
570683,"Avr|Point Acumulator
(No companions)"
783610,No Traveler
268076,"Avr|Feb Companion
(Less travel on feb)"
966389,"Avr|Oct Companion
(Less travel on oct)"
413266,"Avr|Point Acumulator
(No companions)"
516674,"Avr|Mar Companion
(Less travel on mar)"
933779,"Few Trips a Year
(Traveling rarely)"
996997,"Moderate travelers
(Current average)"
530098,"Avr|Feb Companion
(Less travel on feb)"
904693,"Few Trips a Year
(Traveling rarely)"
287799,"Holiday traveler
(summer companions, winter alone)"
945780,"Avr|Jan Companion
(Less travel on jan)"
187435,"Avr|Jun Companion
(Less travel on jun)"
789057,"Winter Traveler
(December with someone)"
208787,"Avr|Nov Companion
(Less travel on nov)"
282545,No Traveler
517945,"Avr|Point Acumulator
(No companions)"
445549,"Avr|Jun Companion
(Less travel on jun)"
441345,No Traveler
967274,No Traveler
421748,"Avr|Point Acumulator
(No companions)"
852253,"Avr|Feb Companion
(Less travel on feb)"
666504,"Avr|Point Acumulator
(No companions)"
775639,"Avr|May Companion
(Less travel on may)"
383826,"Avr|May Companion
(Less travel on may)"
437598,"Avr|Jan Companion
(Less travel on jan)"
610432,"Avr|Point Acumulator
(No companions)"
472921,No Traveler
270935,"Avr|Point Acumulator
(No companions)"
817613,"Avr|Jun Companion
(Less travel on jun)"
842279,"Avr|Feb Companion
(Less travel on feb)"
221446,"Avr|Dec Companion
(Less travel on dec)"
341549,"Avr|May Companion
(Less travel on may)"
366116,"Avr|Jan Companion
(Less travel on jan)"
437288,"Avr|May Companion
(Less travel on may)"
672781,"Holiday traveler
(summer companions, winter alone)"
235857,"Avr|May Companion
(Less travel on may)"
521545,"Avr|Oct Companion
(Less travel on oct)"
797187,No Traveler
827190,"Avr|May Companion
(Less travel on may)"
381284,"Avr|Nov Companion
(Less travel on nov)"
397377,"Avr|Mar Companion
(Less travel on mar)"
309108,"Moderate travelers
(Current average)"
122545,"Avr|Nov Companion
(Less travel on nov)"
159227,"Avr|Oct Companion
(Less travel on oct)"
698122,"Avr|Oct Companion
(Less travel on oct)"
319378,"Moderate travelers
(Current average)"
366263,"Avr|Feb Companion
(Less travel on feb)"
202329,"Winter Traveler
(December with someone)"
537990,"Avr|Mar Companion
(Less travel on mar)"
863751,"Holiday traveler
(summer companions, winter alone)"
735000,"Winter Traveler
(December with someone)"
582674,No Traveler
758695,"Avr|Feb Companion
(Less travel on feb)"
215639,"Holiday traveler
(summer companions, winter alone)"
953431,"Avr|Dec Companion
(Less travel on dec)"
998820,"Avr|Jun Companion
(Less travel on jun)"
400979,"Avr|Dec Companion
(Less travel on dec)"
384010,"Winter Traveler
(December with someone)"
943211,"Avr|Jun Companion
(Less travel on jun)"
512219,"Avr|May Companion
(Less travel on may)"
953673,"Avr|Point Acumulator
(No companions)"
348238,No Traveler
347001,"Avr|Jan Companion
(Less travel on jan)"
175387,"Few Trips a Year
(Traveling rarely)"
180137,No Traveler
559124,"Avr|Jun Companion
(Less travel on jun)"
369392,"Avr|Jun Companion
(Less travel on jun)"
794248,No Traveler
421458,"Avr|Dec Companion
(Less travel on dec)"
886361,"Winter Traveler
(December with someone)"
376572,"Avr|Mar Companion
(Less travel on mar)"
917798,"Avr|Nov Companion
(Less travel on nov)"
647214,"Moderate travelers
(Current average)"
264690,"Avr|Point Acumulator
(No companions)"
150909,"Avr|Point Acumulator
(No companions)"
686196,"Avr|Point Acumulator
(No companions)"
181607,No Traveler
526165,"Avr|Point Acumulator
(No companions)"
570406,"Avr|Dec Companion
(Less travel on dec)"
828895,"Avr|Jan Companion
(Less travel on jan)"
281571,"Avr|Jun Companion
(Less travel on jun)"
182531,"Avr|May Companion
(Less travel on may)"
115633,"Avr|Mar Companion
(Less travel on mar)"
284419,"Winter Traveler
(December with someone)"
793154,"Avr|Nov Companion
(Less travel on nov)"
779427,"Avr|May Companion
(Less travel on may)"
475700,"Avr|Dec Companion
(Less travel on dec)"
437251,No Traveler
981198,No Traveler
840135,"Holiday traveler
(summer companions, winter alone)"
158113,"Avr|Point Acumulator
(No companions)"
294396,"Holiday traveler
(summer companions, winter alone)"
114903,"Avr|May Companion
(Less travel on may)"
639613,"Avr|Mar Companion
(Less travel on mar)"
817102,"Avr|Oct Companion
(Less travel on oct)"
999304,"Few Trips a Year
(Traveling rarely)"
531868,"Avr|Oct Companion
(Less travel on oct)"
139023,No Traveler
765202,"Avr|Feb Companion
(Less travel on feb)"
136516,"Avr|Oct Companion
(Less travel on oct)"
938628,"Avr|Dec Companion
(Less travel on dec)"
965948,"Avr|Point Acumulator
(No companions)"
249982,"Avr|Dec Companion
(Less travel on dec)"
456095,"Avr|Mar Companion
(Less travel on mar)"
805140,"Moderate travelers
(Current average)"
845061,"Avr|May Companion
(Less travel on may)"
346499,No Traveler
397817,"Avr|Nov Companion
(Less travel on nov)"
716589,"Holiday traveler
(summer companions, winter alone)"
757547,"Avr|Oct Companion
(Less travel on oct)"
934604,"Avr|Oct Companion
(Less travel on oct)"
325190,"Avr|Oct Companion
(Less travel on oct)"
114307,"Avr|Nov Companion
(Less travel on nov)"
444786,"Avr|Dec Companion
(Less travel on dec)"
842770,"Avr|Feb Companion
(Less travel on feb)"
633910,No Traveler
660958,"Avr|Feb Companion
(Less travel on feb)"
233437,No Traveler
874158,"Holiday traveler
(summer companions, winter alone)"
150074,"Moderate travelers
(Current average)"
903379,"Avr|Point Acumulator
(No companions)"
782596,"Avr|Point Acumulator
(No companions)"
210498,"Avr|Dec Companion
(Less travel on dec)"
494206,"Avr|Nov Companion
(Less travel on nov)"
200681,"Avr|Nov Companion
(Less travel on nov)"
585420,"Avr|Mar Companion
(Less travel on mar)"
219747,"Avr|Feb Companion
(Less travel on feb)"
353396,"Avr|Dec Companion
(Less travel on dec)"
853272,"Moderate travelers
(Current average)"
467926,"Avr|Jun Companion
(Less travel on jun)"
285631,"Avr|Feb Companion
(Less travel on feb)"
651740,"Avr|Feb Companion
(Less travel on feb)"
616500,"Avr|Point Acumulator
(No companions)"
628533,"Avr|Point Acumulator
(No companions)"
783438,No Traveler
622822,"Winter Traveler
(December with someone)"
227796,"Avr|Jan Companion
(Less travel on jan)"
328181,"Avr|Point Acumulator
(No companions)"
384686,"Avr|Nov Companion
(Less travel on nov)"
536941,"Few Trips a Year
(Traveling rarely)"
414584,"Avr|Point Acumulator
(No companions)"
627191,"Few Trips a Year
(Traveling rarely)"
855381,"Avr|Jun Companion
(Less travel on jun)"
495369,No Traveler
263237,"Avr|Point Acumulator
(No companions)"
526784,"Avr|Mar Companion
(Less travel on mar)"
714962,"Avr|Mar Companion
(Less travel on mar)"
783300,"Avr|May Companion
(Less travel on may)"
830818,"Avr|Jan Companion
(Less travel on jan)"
821117,"Avr|Point Acumulator
(No companions)"
837360,"Avr|Feb Companion
(Less travel on feb)"
119731,"Avr|Nov Companion
(Less travel on nov)"
720557,"Avr|Nov Companion
(Less travel on nov)"
319387,"Avr|Point Acumulator
(No companions)"
290756,"Avr|Mar Companion
(Less travel on mar)"
826556,No Traveler
479766,"Avr|Feb Companion
(Less travel on feb)"
163058,"Avr|Jan Companion
(Less travel on jan)"
788217,No Traveler
961978,"Avr|Point Acumulator
(No companions)"
299034,"Avr|May Companion
(Less travel on may)"
150004,"Avr|Point Acumulator
(No companions)"
549562,"Winter Traveler
(December with someone)"
684371,"Avr|Dec Companion
(Less travel on dec)"
317624,"Avr|Point Acumulator
(No companions)"
835764,"Avr|Oct Companion
(Less travel on oct)"
577844,"Avr|May Companion
(Less travel on may)"
166677,"Few Trips a Year
(Traveling rarely)"
457797,"Avr|Nov Companion
(Less travel on nov)"
579322,"Avr|Dec Companion
(Less travel on dec)"
682194,"Avr|Dec Companion
(Less travel on dec)"
719706,"Avr|May Companion
(Less travel on may)"
472807,No Traveler
348056,"Avr|Jan Companion
(Less travel on jan)"
836295,No Traveler
608087,"Avr|Point Acumulator
(No companions)"
264733,"Avr|Mar Companion
(Less travel on mar)"
618112,"Avr|Mar Companion
(Less travel on mar)"
256502,"Avr|Dec Companion
(Less travel on dec)"
564813,No Traveler
793328,"Avr|Nov Companion
(Less travel on nov)"
861156,"Avr|Nov Companion
(Less travel on nov)"
749883,"Avr|Oct Companion
(Less travel on oct)"
797897,"Avr|Mar Companion
(Less travel on mar)"
823665,"Avr|Point Acumulator
(No companions)"
903209,"Avr|Dec Companion
(Less travel on dec)"
949406,"Avr|Dec Companion
(Less travel on dec)"
169529,No Traveler
908404,"Avr|Feb Companion
(Less travel on feb)"
592302,"Holiday traveler
(summer companions, winter alone)"
111286,"Avr|Feb Companion
(Less travel on feb)"
432145,"Avr|Jun Companion
(Less travel on jun)"
554155,"Holiday traveler
(summer companions, winter alone)"
166175,"Avr|Feb Companion
(Less travel on feb)"
909106,"Winter Traveler
(December with someone)"
708360,"Avr|Jun Companion
(Less travel on jun)"
512522,"Avr|Point Acumulator
(No companions)"
838584,"Avr|Nov Companion
(Less travel on nov)"
785992,"Avr|Feb Companion
(Less travel on feb)"
889023,"Winter Traveler
(December with someone)"
326803,"Avr|Point Acumulator
(No companions)"
182785,"Few Trips a Year
(Traveling rarely)"
183456,No Traveler
799148,"Winter Traveler
(December with someone)"
192141,"Avr|Mar Companion
(Less travel on mar)"
821462,"Winter Traveler
(December with someone)"
358054,"Few Trips a Year
(Traveling rarely)"
864084,"Avr|Nov Companion
(Less travel on nov)"
146090,No Traveler
471706,"Avr|Nov Companion
(Less travel on nov)"
584737,"Holiday traveler
(summer companions, winter alone)"
792915,"Avr|Oct Companion
(Less travel on oct)"
959402,"Moderate travelers
(Current average)"
482169,"Avr|Jun Companion
(Less travel on jun)"
491986,"Avr|Jan Companion
(Less travel on jan)"
788325,"Avr|Feb Companion
(Less travel on feb)"
442192,"Avr|Jan Companion
(Less travel on jan)"
812248,"Avr|Point Acumulator
(No companions)"
833233,"Avr|Feb Companion
(Less travel on feb)"
744204,"Avr|Mar Companion
(Less travel on mar)"
311346,"Avr|Point Acumulator
(No companions)"
525740,"Avr|Dec Companion
(Less travel on dec)"
492011,"Avr|Point Acumulator
(No companions)"
690191,"Avr|Oct Companion
(Less travel on oct)"
442418,"Few Trips a Year
(Traveling rarely)"
127350,"Avr|Jun Companion
(Less travel on jun)"
262770,No Traveler
470245,"Avr|Mar Companion
(Less travel on mar)"
172971,"Holiday traveler
(summer companions, winter alone)"
302874,"Avr|Point Acumulator
(No companions)"
121930,No Traveler
199652,"Avr|Dec Companion
(Less travel on dec)"
661469,"Avr|Jan Companion
(Less travel on jan)"
787276,"Avr|Point Acumulator
(No companions)"
295064,"Avr|May Companion
(Less travel on may)"
172532,No Traveler
254097,No Traveler
324248,"Avr|May Companion
(Less travel on may)"
649918,"Winter Traveler
(December with someone)"
773364,"Avr|Mar Companion
(Less travel on mar)"
817932,"Avr|May Companion
(Less travel on may)"
472933,"Avr|Nov Companion
(Less travel on nov)"
415201,No Traveler
311841,"Holiday traveler
(summer companions, winter alone)"
592431,"Avr|Feb Companion
(Less travel on feb)"
580212,"Holiday traveler
(summer companions, winter alone)"
975918,"Avr|Feb Companion
(Less travel on feb)"
892199,"Avr|Point Acumulator
(No companions)"
588292,"Avr|May Companion
(Less travel on may)"
309639,No Traveler
512284,"Avr|Mar Companion
(Less travel on mar)"
232395,"Avr|Jun Companion
(Less travel on jun)"
237274,"Avr|Point Acumulator
(No companions)"
208940,"Avr|Jun Companion
(Less travel on jun)"
106623,No Traveler
819055,"Avr|Nov Companion
(Less travel on nov)"
913060,"Avr|Mar Companion
(Less travel on mar)"
970576,"Holiday traveler
(summer companions, winter alone)"
210226,"Avr|Dec Companion
(Less travel on dec)"
987122,"Avr|Dec Companion
(Less travel on dec)"
285982,"Avr|Feb Companion
(Less travel on feb)"
341302,"Avr|Dec Companion
(Less travel on dec)"
414033,"Avr|Jun Companion
(Less travel on jun)"
951546,"Avr|Jan Companion
(Less travel on jan)"
144402,"Avr|Nov Companion
(Less travel on nov)"
588864,No Traveler
454985,"Avr|Mar Companion
(Less travel on mar)"
370539,"Avr|Oct Companion
(Less travel on oct)"
966797,"Avr|Nov Companion
(Less travel on nov)"
595658,"Avr|Dec Companion
(Less travel on dec)"
144977,"Avr|Jan Companion
(Less travel on jan)"
300836,"Avr|Point Acumulator
(No companions)"
408378,No Traveler
945974,"Avr|Nov Companion
(Less travel on nov)"
947906,"Avr|Dec Companion
(Less travel on dec)"
350587,"Avr|Oct Companion
(Less travel on oct)"
829263,"Avr|Dec Companion
(Less travel on dec)"
296566,"Few Trips a Year
(Traveling rarely)"
320980,No Traveler
409156,"Avr|Dec Companion
(Less travel on dec)"
549444,"Avr|Nov Companion
(Less travel on nov)"
633749,"Avr|Dec Companion
(Less travel on dec)"
649961,"Avr|Oct Companion
(Less travel on oct)"
401857,"Avr|May Companion
(Less travel on may)"
605803,"Avr|Mar Companion
(Less travel on mar)"
359275,"Avr|May Companion
(Less travel on may)"
457456,"Avr|Point Acumulator
(No companions)"
532464,"Avr|Feb Companion
(Less travel on feb)"
818881,"Winter Traveler
(December with someone)"
161045,"Avr|Oct Companion
(Less travel on oct)"
443865,"Avr|May Companion
(Less travel on may)"
489394,No Traveler
675936,"Avr|Point Acumulator
(No companions)"
205156,"Avr|Feb Companion
(Less travel on feb)"
653572,"Avr|Point Acumulator
(No companions)"
137858,"Few Trips a Year
(Traveling rarely)"
597532,"Avr|May Companion
(Less travel on may)"
725004,"Winter Traveler
(December with someone)"
907209,"Avr|May Companion
(Less travel on may)"
102788,"Avr|Nov Companion
(Less travel on nov)"
149846,"Avr|Point Acumulator
(No companions)"
547016,"Avr|Feb Companion
(Less travel on feb)"
147064,"Avr|Oct Companion
(Less travel on oct)"
227547,"Avr|Nov Companion
(Less travel on nov)"
382271,"Avr|May Companion
(Less travel on may)"
109495,"Avr|Jan Companion
(Less travel on jan)"
127039,"Avr|Point Acumulator
(No companions)"
722120,"Avr|Dec Companion
(Less travel on dec)"
784847,"Avr|Jan Companion
(Less travel on jan)"
734647,"Avr|Point Acumulator
(No companions)"
106037,"Avr|Feb Companion
(Less travel on feb)"
873169,"Avr|Jan Companion
(Less travel on jan)"
209249,"Avr|Mar Companion
(Less travel on mar)"
428903,"Avr|Feb Companion
(Less travel on feb)"
542296,"Avr|Point Acumulator
(No companions)"
961639,"Avr|Jan Companion
(Less travel on jan)"
868552,No Traveler
529922,"Avr|Jun Companion
(Less travel on jun)"
919437,"Avr|Point Acumulator
(No companions)"
142855,"Avr|Mar Companion
(Less travel on mar)"
282472,No Traveler
612995,"Moderate travelers
(Current average)"
883025,No Traveler
165550,"Avr|Point Acumulator
(No companions)"
190052,"Avr|May Companion
(Less travel on may)"
475974,"Avr|Jun Companion
(Less travel on jun)"
355906,"Moderate travelers
(Current average)"
563076,"Avr|Point Acumulator
(No companions)"
894478,"Avr|Dec Companion
(Less travel on dec)"
787875,"Avr|Jan Companion
(Less travel on jan)"
828643,"Avr|Point Acumulator
(No companions)"
423686,"Avr|Mar Companion
(Less travel on mar)"
265975,"Avr|May Companion
(Less travel on may)"
952077,"Few Trips a Year
(Traveling rarely)"
587867,"Avr|Point Acumulator
(No companions)"
862097,"Avr|May Companion
(Less travel on may)"
683487,"Avr|Mar Companion
(Less travel on mar)"
524586,No Traveler
632097,"Avr|Oct Companion
(Less travel on oct)"
105335,"Avr|May Companion
(Less travel on may)"
306676,"Avr|Point Acumulator
(No companions)"
130217,"Few Trips a Year
(Traveling rarely)"
255425,"Avr|Dec Companion
(Less travel on dec)"
286942,"Avr|Feb Companion
(Less travel on feb)"
249693,"Avr|Jun Companion
(Less travel on jun)"
849298,"Avr|Point Acumulator
(No companions)"
978712,No Traveler
177583,"Winter Traveler
(December with someone)"
335964,"Avr|Dec Companion
(Less travel on dec)"
755759,"Holiday traveler
(summer companions, winter alone)"
681887,"Avr|Point Acumulator
(No companions)"
409741,"Avr|May Companion
(Less travel on may)"
505167,No Traveler
217772,No Traveler
261715,"Avr|Feb Companion
(Less travel on feb)"
600563,"Holiday traveler
(summer companions, winter alone)"
487605,"Avr|Oct Companion
(Less travel on oct)"
106592,"Avr|Mar Companion
(Less travel on mar)"
525548,"Avr|Jan Companion
(Less travel on jan)"
138653,No Traveler
642401,"Winter Traveler
(December with someone)"
111034,"Avr|Dec Companion
(Less travel on dec)"
629394,"Few Trips a Year
(Traveling rarely)"
937922,"Avr|Jan Companion
(Less travel on jan)"
674805,"Avr|Dec Companion
(Less travel on dec)"
740577,"Avr|Nov Companion
(Less travel on nov)"
481191,"Few Trips a Year
(Traveling rarely)"
191537,"Avr|Jun Companion
(Less travel on jun)"
609174,"Avr|Mar Companion
(Less travel on mar)"
261077,"Avr|Point Acumulator
(No companions)"
671309,No Traveler
579883,"Winter Traveler
(December with someone)"
171192,"Few Trips a Year
(Traveling rarely)"
627568,"Few Trips a Year
(Traveling rarely)"
463146,No Traveler
792361,"Holiday traveler
(summer companions, winter alone)"
823208,"Avr|Nov Companion
(Less travel on nov)"
467175,"Avr|Point Acumulator
(No companions)"
835377,"Holiday traveler
(summer companions, winter alone)"
110211,"Avr|May Companion
(Less travel on may)"
124056,"Moderate travelers
(Current average)"
129409,"Avr|Point Acumulator
(No companions)"
369035,"Avr|May Companion
(Less travel on may)"
619826,"Avr|Feb Companion
(Less travel on feb)"
683470,"Avr|Oct Companion
(Less travel on oct)"
825217,"Avr|Jan Companion
(Less travel on jan)"
534481,"Avr|Dec Companion
(Less travel on dec)"
691909,"Avr|May Companion
(Less travel on may)"
756891,"Avr|Dec Companion
(Less travel on dec)"
445879,"Moderate travelers
(Current average)"
827790,"Holiday traveler
(summer companions, winter alone)"
959778,No Traveler
148382,No Traveler
544337,"Avr|Mar Companion
(Less travel on mar)"
194482,"Avr|Jun Companion
(Less travel on jun)"
364264,"Avr|Nov Companion
(Less travel on nov)"
523897,"Avr|Jun Companion
(Less travel on jun)"
907025,"Avr|Point Acumulator
(No companions)"
503242,No Traveler
694942,"Avr|Point Acumulator
(No companions)"
476539,"Avr|Jun Companion
(Less travel on jun)"
272787,"Avr|May Companion
(Less travel on may)"
603077,"Avr|Point Acumulator
(No companions)"
227239,"Avr|Jan Companion
(Less travel on jan)"
290250,No Traveler
628578,"Avr|Point Acumulator
(No companions)"
726268,"Avr|Nov Companion
(Less travel on nov)"
483863,"Avr|Jun Companion
(Less travel on jun)"
213841,"Avr|Nov Companion
(Less travel on nov)"
179603,"Avr|Point Acumulator
(No companions)"
221721,"Avr|Mar Companion
(Less travel on mar)"
336238,No Traveler
956946,"Avr|Dec Companion
(Less travel on dec)"
317100,"Avr|Point Acumulator
(No companions)"
707114,"Avr|Point Acumulator
(No companions)"
722368,"Avr|Dec Companion
(Less travel on dec)"
214661,"Avr|Feb Companion
(Less travel on feb)"
855384,"Avr|Jun Companion
(Less travel on jun)"
192136,"Avr|Jan Companion
(Less travel on jan)"
365619,"Avr|Point Acumulator
(No companions)"
598711,"Few Trips a Year
(Traveling rarely)"
670985,"Avr|Dec Companion
(Less travel on dec)"
753887,"Avr|Jun Companion
(Less travel on jun)"
124038,"Avr|Dec Companion
(Less travel on dec)"
516242,"Moderate travelers
(Current average)"
211966,"Avr|Feb Companion
(Less travel on feb)"
677045,"Avr|Feb Companion
(Less travel on feb)"
238193,"Avr|Nov Companion
(Less travel on nov)"
482370,No Traveler
816420,"Avr|May Companion
(Less travel on may)"
472532,"Avr|Mar Companion
(Less travel on mar)"
344483,"Avr|Point Acumulator
(No companions)"
488188,"Avr|Jan Companion
(Less travel on jan)"
667974,"Avr|Oct Companion
(Less travel on oct)"
972673,"Avr|Oct Companion
(Less travel on oct)"
659781,"Holiday traveler
(summer companions, winter alone)"
760196,"Avr|Dec Companion
(Less travel on dec)"
187175,"Avr|Oct Companion
(Less travel on oct)"
561981,"Few Trips a Year
(Traveling rarely)"
812599,"Avr|Point Acumulator
(No companions)"
702161,No Traveler
352702,"Avr|Oct Companion
(Less travel on oct)"
186469,No Traveler
380709,"Winter Traveler
(December with someone)"
313473,"Avr|Point Acumulator
(No companions)"
562376,"Avr|Jan Companion
(Less travel on jan)"
212209,"Avr|Point Acumulator
(No companions)"
469616,"Avr|Feb Companion
(Less travel on feb)"
740025,"Avr|Jan Companion
(Less travel on jan)"
308202,No Traveler
973112,"Avr|Mar Companion
(Less travel on mar)"
525508,"Avr|Point Acumulator
(No companions)"
228995,"Moderate travelers
(Current average)"
666222,"Avr|Point Acumulator
(No companions)"
560283,"Avr|May Companion
(Less travel on may)"
330870,No Traveler
394941,"Moderate travelers
(Current average)"
394715,"Avr|Oct Companion
(Less travel on oct)"
828816,"Avr|May Companion
(Less travel on may)"
762971,No Traveler
400224,"Avr|Mar Companion
(Less travel on mar)"
130208,"Avr|Jan Companion
(Less travel on jan)"
950213,"Avr|Feb Companion
(Less travel on feb)"
690969,"Moderate travelers
(Current average)"
775170,"Avr|Nov Companion
(Less travel on nov)"
790178,"Moderate travelers
(Current average)"
517222,"Moderate travelers
(Current average)"
305604,"Few Trips a Year
(Traveling rarely)"
910645,No Traveler
790475,"Avr|Jan Companion
(Less travel on jan)"
901578,"Winter Traveler
(December with someone)"
376630,"Few Trips a Year
(Traveling rarely)"
527656,"Avr|Nov Companion
(Less travel on nov)"
828109,No Traveler
692992,"Avr|Jun Companion
(Less travel on jun)"
111899,"Few Trips a Year
(Traveling rarely)"
120164,"Avr|Point Acumulator
(No companions)"
768113,"Avr|Jun Companion
(Less travel on jun)"
427358,"Avr|Jan Companion
(Less travel on jan)"
364153,"Avr|Point Acumulator
(No companions)"
424526,"Moderate travelers
(Current average)"
838032,"Holiday traveler
(summer companions, winter alone)"
615327,"Avr|Feb Companion
(Less travel on feb)"
263921,"Avr|May Companion
(Less travel on may)"
994679,"Few Trips a Year
(Traveling rarely)"
549598,"Winter Traveler
(December with someone)"
834760,"Avr|Oct Companion
(Less travel on oct)"
607123,"Moderate travelers
(Current average)"
789001,"Avr|Oct Companion
(Less travel on oct)"
134470,"Moderate travelers
(Current average)"
164374,"Avr|Feb Companion
(Less travel on feb)"
498573,"Avr|May Companion
(Less travel on may)"
822749,"Avr|May Companion
(Less travel on may)"
537421,"Avr|Point Acumulator
(No companions)"
240760,"Avr|Point Acumulator
(No companions)"
882725,"Avr|Feb Companion
(Less travel on feb)"
196240,"Avr|May Companion
(Less travel on may)"
798029,"Winter Traveler
(December with someone)"
867284,"Winter Traveler
(December with someone)"
551296,"Avr|Dec Companion
(Less travel on dec)"
272848,"Moderate travelers
(Current average)"
278307,"Avr|Nov Companion
(Less travel on nov)"
410938,"Avr|Point Acumulator
(No companions)"
880709,"Holiday traveler
(summer companions, winter alone)"
116562,No Traveler
272001,"Avr|Point Acumulator
(No companions)"
492036,"Winter Traveler
(December with someone)"
568329,"Avr|Jun Companion
(Less travel on jun)"
182148,"Avr|Jun Companion
(Less travel on jun)"
176142,No Traveler
860206,"Holiday traveler
(summer companions, winter alone)"
595980,"Avr|Point Acumulator
(No companions)"
586446,"Avr|Feb Companion
(Less travel on feb)"
407999,"Avr|Mar Companion
(Less travel on mar)"
514451,"Avr|Point Acumulator
(No companions)"
494438,"Few Trips a Year
(Traveling rarely)"
226710,"Moderate travelers
(Current average)"
900505,"Few Trips a Year
(Traveling rarely)"
226360,"Avr|Oct Companion
(Less travel on oct)"
585039,"Avr|Dec Companion
(Less travel on dec)"
114857,"Avr|Jan Companion
(Less travel on jan)"
304870,No Traveler
160154,"Avr|Mar Companion
(Less travel on mar)"
322501,"Avr|Oct Companion
(Less travel on oct)"
364049,"Avr|Point Acumulator
(No companions)"
251211,"Holiday traveler
(summer companions, winter alone)"
155654,"Avr|Nov Companion
(Less travel on nov)"
395324,"Avr|Feb Companion
(Less travel on feb)"
538795,"Avr|Jan Companion
(Less travel on jan)"
363780,No Traveler
344039,No Traveler
906267,"Avr|May Companion
(Less travel on may)"
297621,"Moderate travelers
(Current average)"
428402,"Avr|Feb Companion
(Less travel on feb)"
216359,No Traveler
424270,"Few Trips a Year
(Traveling rarely)"
549200,"Avr|Point Acumulator
(No companions)"
288530,"Avr|Point Acumulator
(No companions)"
350901,"Avr|Feb Companion
(Less travel on feb)"
388140,"Avr|Dec Companion
(Less travel on dec)"
646137,"Avr|Jun Companion
(Less travel on jun)"
331699,"Avr|Oct Companion
(Less travel on oct)"
521949,"Few Trips a Year
(Traveling rarely)"
835566,"Few Trips a Year
(Traveling rarely)"
356955,"Avr|Feb Companion
(Less travel on feb)"
718972,"Avr|Jan Companion
(Less travel on jan)"
826136,"Avr|Feb Companion
(Less travel on feb)"
278983,"Avr|Jun Companion
(Less travel on jun)"
584880,"Avr|May Companion
(Less travel on may)"
212553,No Traveler
398846,"Avr|May Companion
(Less travel on may)"
541961,"Avr|Feb Companion
(Less travel on feb)"
549715,"Avr|Mar Companion
(Less travel on mar)"
710515,"Winter Traveler
(December with someone)"
375540,"Avr|May Companion
(Less travel on may)"
477676,"Avr|Point Acumulator
(No companions)"
628618,"Avr|Oct Companion
(Less travel on oct)"
918163,"Avr|Jan Companion
(Less travel on jan)"
489301,"Avr|Mar Companion
(Less travel on mar)"
162420,"Avr|Point Acumulator
(No companions)"
259252,"Avr|Oct Companion
(Less travel on oct)"
203625,"Avr|Jun Companion
(Less travel on jun)"
124088,"Avr|May Companion
(Less travel on may)"
945064,"Moderate travelers
(Current average)"
875819,"Winter Traveler
(December with someone)"
352653,"Avr|Point Acumulator
(No companions)"
405699,"Avr|Oct Companion
(Less travel on oct)"
815328,"Moderate travelers
(Current average)"
880740,No Traveler
623071,"Winter Traveler
(December with someone)"
708892,"Few Trips a Year
(Traveling rarely)"
237586,"Moderate travelers
(Current average)"
364895,"Moderate travelers
(Current average)"
771960,"Avr|Jun Companion
(Less travel on jun)"
409684,"Avr|Nov Companion
(Less travel on nov)"
909328,"Few Trips a Year
(Traveling rarely)"
177962,"Avr|Point Acumulator
(No companions)"
101768,"Winter Traveler
(December with someone)"
793423,"Avr|Nov Companion
(Less travel on nov)"
642738,No Traveler
251195,"Avr|Jun Companion
(Less travel on jun)"
935313,"Winter Traveler
(December with someone)"
257236,"Avr|Point Acumulator
(No companions)"
626068,No Traveler
217401,"Holiday traveler
(summer companions, winter alone)"
563633,"Avr|Dec Companion
(Less travel on dec)"
757879,"Avr|Oct Companion
(Less travel on oct)"
591234,No Traveler
936761,"Holiday traveler
(summer companions, winter alone)"
126466,"Avr|Mar Companion
(Less travel on mar)"
320576,"Avr|Mar Companion
(Less travel on mar)"
497226,"Few Trips a Year
(Traveling rarely)"
794480,"Winter Traveler
(December with someone)"
830225,"Avr|Jan Companion
(Less travel on jan)"
423336,"Avr|Feb Companion
(Less travel on feb)"
377724,"Avr|Dec Companion
(Less travel on dec)"
800137,"Avr|Nov Companion
(Less travel on nov)"
232685,"Moderate travelers
(Current average)"
784782,"Avr|Jan Companion
(Less travel on jan)"
991924,"Avr|Dec Companion
(Less travel on dec)"
257862,"Winter Traveler
(December with someone)"
479960,"Avr|Nov Companion
(Less travel on nov)"
109552,"Avr|May Companion
(Less travel on may)"
915198,"Avr|Feb Companion
(Less travel on feb)"
152276,"Moderate travelers
(Current average)"
475175,"Avr|Feb Companion
(Less travel on feb)"
593421,"Avr|Jan Companion
(Less travel on jan)"
872676,"Avr|Jun Companion
(Less travel on jun)"
175488,"Avr|Oct Companion
(Less travel on oct)"
561654,"Avr|Feb Companion
(Less travel on feb)"
721372,"Avr|Point Acumulator
(No companions)"
988728,No Traveler
289133,"Avr|Point Acumulator
(No companions)"
733907,No Traveler
939428,"Avr|Point Acumulator
(No companions)"
754416,"Avr|Nov Companion
(Less travel on nov)"
658546,"Avr|Point Acumulator
(No companions)"
802860,"Avr|Jan Companion
(Less travel on jan)"
895878,"Moderate travelers
(Current average)"
484446,"Avr|Point Acumulator
(No companions)"
116932,"Avr|Jan Companion
(Less travel on jan)"
281608,"Avr|Jan Companion
(Less travel on jan)"
506572,"Avr|Feb Companion
(Less travel on feb)"
618877,No Traveler
155964,"Avr|Jan Companion
(Less travel on jan)"
196992,"Moderate travelers
(Current average)"
255267,"Avr|Point Acumulator
(No companions)"
789120,"Avr|Jun Companion
(Less travel on jun)"
429692,No Traveler
997654,"Avr|May Companion
(Less travel on may)"
832921,"Avr|Dec Companion
(Less travel on dec)"
324900,No Traveler
572668,"Avr|May Companion
(Less travel on may)"
185774,"Avr|Nov Companion
(Less travel on nov)"
111022,"Avr|Oct Companion
(Less travel on oct)"
419377,"Avr|Jan Companion
(Less travel on jan)"
797078,"Avr|Feb Companion
(Less travel on feb)"
428757,"Avr|Feb Companion
(Less travel on feb)"
131560,"Avr|Point Acumulator
(No companions)"
963690,"Winter Traveler
(December with someone)"
277094,"Avr|Oct Companion
(Less travel on oct)"
696096,"Avr|Nov Companion
(Less travel on nov)"
717359,No Traveler
518834,"Avr|Point Acumulator
(No companions)"
539125,"Avr|Point Acumulator
(No companions)"
399372,"Avr|Point Acumulator
(No companions)"
845807,"Avr|Feb Companion
(Less travel on feb)"
969586,"Avr|Jun Companion
(Less travel on jun)"
556164,"Avr|Mar Companion
(Less travel on mar)"
345572,"Avr|Feb Companion
(Less travel on feb)"
467607,"Winter Traveler
(December with someone)"
888049,"Avr|Jun Companion
(Less travel on jun)"
184456,"Avr|Nov Companion
(Less travel on nov)"
334324,"Avr|Jun Companion
(Less travel on jun)"
396867,No Traveler
183692,"Few Trips a Year
(Traveling rarely)"
265566,"Avr|Mar Companion
(Less travel on mar)"
301301,"Avr|May Companion
(Less travel on may)"
931914,"Avr|Dec Companion
(Less travel on dec)"
556865,"Holiday traveler
(summer companions, winter alone)"
230693,"Avr|Point Acumulator
(No companions)"
810693,No Traveler
185857,"Avr|May Companion
(Less travel on may)"
947001,"Avr|May Companion
(Less travel on may)"
156980,No Traveler
336724,"Avr|Jun Companion
(Less travel on jun)"
859730,"Avr|Feb Companion
(Less travel on feb)"
344464,"Avr|Point Acumulator
(No companions)"
304779,"Moderate travelers
(Current average)"
302158,"Avr|Dec Companion
(Less travel on dec)"
474333,"Avr|Jun Companion
(Less travel on jun)"
620122,"Avr|Nov Companion
(Less travel on nov)"
692328,"Avr|Jun Companion
(Less travel on jun)"
920100,"Avr|Oct Companion
(Less travel on oct)"
799781,"Avr|Mar Companion
(Less travel on mar)"
385912,"Avr|Dec Companion
(Less travel on dec)"
929410,"Avr|Mar Companion
(Less travel on mar)"
912939,"Few Trips a Year
(Traveling rarely)"
418327,"Avr|Feb Companion
(Less travel on feb)"
804536,"Avr|Mar Companion
(Less travel on mar)"
141945,"Avr|Point Acumulator
(No companions)"
796484,"Avr|Nov Companion
(Less travel on nov)"
763341,"Avr|Oct Companion
(Less travel on oct)"
659419,"Avr|Jun Companion
(Less travel on jun)"
798433,"Avr|Point Acumulator
(No companions)"
385358,"Avr|Mar Companion
(Less travel on mar)"
312048,"Avr|May Companion
(Less travel on may)"
480259,"Winter Traveler
(December with someone)"
501976,"Avr|Jan Companion
(Less travel on jan)"
502376,"Few Trips a Year
(Traveling rarely)"
585082,"Avr|May Companion
(Less travel on may)"
604461,"Avr|Jan Companion
(Less travel on jan)"
834304,"Avr|Point Acumulator
(No companions)"
773418,"Avr|Point Acumulator
(No companions)"
841770,"Winter Traveler
(December with someone)"
754042,"Moderate travelers
(Current average)"
642002,"Avr|Oct Companion
(Less travel on oct)"
369229,"Avr|Oct Companion
(Less travel on oct)"
551946,"Avr|Feb Companion
(Less travel on feb)"
542043,"Avr|Dec Companion
(Less travel on dec)"
840866,"Avr|Point Acumulator
(No companions)"
108625,"Avr|Mar Companion
(Less travel on mar)"
624407,"Avr|Nov Companion
(Less travel on nov)"
950446,"Avr|Dec Companion
(Less travel on dec)"
822956,"Avr|Mar Companion
(Less travel on mar)"
631543,"Avr|Dec Companion
(Less travel on dec)"
440642,"Avr|Point Acumulator
(No companions)"
966953,"Avr|Dec Companion
(Less travel on dec)"
933259,"Avr|May Companion
(Less travel on may)"
244367,"Avr|Jun Companion
(Less travel on jun)"
298181,"Avr|Jan Companion
(Less travel on jan)"
793904,"Avr|Point Acumulator
(No companions)"
921059,No Traveler
334997,"Avr|Point Acumulator
(No companions)"
328446,"Avr|May Companion
(Less travel on may)"
925504,"Holiday traveler
(summer companions, winter alone)"
693133,"Avr|Oct Companion
(Less travel on oct)"
499890,"Avr|Oct Companion
(Less travel on oct)"
406810,"Avr|Feb Companion
(Less travel on feb)"
545947,"Avr|Mar Companion
(Less travel on mar)"
800610,"Avr|Feb Companion
(Less travel on feb)"
209787,"Moderate travelers
(Current average)"
947497,"Moderate travelers
(Current average)"
943195,"Few Trips a Year
(Traveling rarely)"
386342,"Avr|Mar Companion
(Less travel on mar)"
557519,"Avr|Point Acumulator
(No companions)"
260408,"Avr|Jun Companion
(Less travel on jun)"
672236,"Moderate travelers
(Current average)"
585316,"Holiday traveler
(summer companions, winter alone)"
268129,"Avr|Feb Companion
(Less travel on feb)"
506252,"Avr|May Companion
(Less travel on may)"
613860,No Traveler
694241,"Avr|Feb Companion
(Less travel on feb)"
297306,"Avr|Feb Companion
(Less travel on feb)"
814894,No Traveler
220892,"Avr|Feb Companion
(Less travel on feb)"
973846,"Avr|Feb Companion
(Less travel on feb)"
725835,"Avr|Mar Companion
(Less travel on mar)"
894322,"Few Trips a Year
(Traveling rarely)"
137646,"Avr|Dec Companion
(Less travel on dec)"
828967,"Avr|Jun Companion
(Less travel on jun)"
344413,"Avr|May Companion
(Less travel on may)"
968253,"Avr|Oct Companion
(Less travel on oct)"
167578,"Moderate travelers
(Current average)"
648380,"Avr|Mar Companion
(Less travel on mar)"
379836,"Avr|Nov Companion
(Less travel on nov)"
159397,"Avr|Feb Companion
(Less travel on feb)"
585975,"Avr|Oct Companion
(Less travel on oct)"
126424,"Holiday traveler
(summer companions, winter alone)"
149174,No Traveler
975407,"Avr|Feb Companion
(Less travel on feb)"
296097,"Avr|Feb Companion
(Less travel on feb)"
129827,"Avr|Dec Companion
(Less travel on dec)"
491643,No Traveler
106218,"Avr|Jan Companion
(Less travel on jan)"
283437,"Avr|May Companion
(Less travel on may)"
631100,No Traveler
903534,"Avr|Nov Companion
(Less travel on nov)"
955087,No Traveler
142434,No Traveler
846458,"Avr|Jun Companion
(Less travel on jun)"
473775,"Avr|Point Acumulator
(No companions)"
627354,"Moderate travelers
(Current average)"
131098,"Avr|Dec Companion
(Less travel on dec)"
621823,"Few Trips a Year
(Traveling rarely)"
750130,"Avr|Jan Companion
(Less travel on jan)"
941545,"Few Trips a Year
(Traveling rarely)"
949821,No Traveler
662936,"Avr|Jan Companion
(Less travel on jan)"
985707,No Traveler
895080,No Traveler
424793,"Few Trips a Year
(Traveling rarely)"
967443,"Avr|Jan Companion
(Less travel on jan)"
152355,"Few Trips a Year
(Traveling rarely)"
511875,"Avr|Feb Companion
(Less travel on feb)"
913156,"Avr|Jun Companion
(Less travel on jun)"
838634,"Avr|Nov Companion
(Less travel on nov)"
404106,"Avr|Jun Companion
(Less travel on jun)"
164192,"Avr|Nov Companion
(Less travel on nov)"
777197,"Moderate travelers
(Current average)"
878240,"Avr|Feb Companion
(Less travel on feb)"
950107,"Winter Traveler
(December with someone)"
292061,"Moderate travelers
(Current average)"
967500,No Traveler
646399,"Moderate travelers
(Current average)"
331560,"Avr|Nov Companion
(Less travel on nov)"
241854,"Avr|Jun Companion
(Less travel on jun)"
465864,"Winter Traveler
(December with someone)"
981427,"Avr|Dec Companion
(Less travel on dec)"
896283,No Traveler
715792,"Avr|Mar Companion
(Less travel on mar)"
175017,"Avr|May Companion
(Less travel on may)"
564114,"Avr|Mar Companion
(Less travel on mar)"
228896,"Avr|Oct Companion
(Less travel on oct)"
271235,"Holiday traveler
(summer companions, winter alone)"
382252,"Avr|Point Acumulator
(No companions)"
626030,"Avr|Dec Companion
(Less travel on dec)"
152307,"Avr|May Companion
(Less travel on may)"
290465,"Avr|Point Acumulator
(No companions)"
329910,No Traveler
503257,"Avr|Jun Companion
(Less travel on jun)"
960417,"Few Trips a Year
(Traveling rarely)"
507005,"Avr|Nov Companion
(Less travel on nov)"
103490,"Avr|Point Acumulator
(No companions)"
922047,No Traveler
805902,No Traveler
107119,"Avr|Mar Companion
(Less travel on mar)"
584727,"Avr|Nov Companion
(Less travel on nov)"
677901,No Traveler
742666,No Traveler
270499,"Avr|Dec Companion
(Less travel on dec)"
665454,No Traveler
568525,"Moderate travelers
(Current average)"
947763,No Traveler
667781,"Avr|May Companion
(Less travel on may)"
537013,"Avr|May Companion
(Less travel on may)"
978040,No Traveler
685518,No Traveler
300623,"Holiday traveler
(summer companions, winter alone)"
834943,"Avr|Dec Companion
(Less travel on dec)"
239605,"Avr|Dec Companion
(Less travel on dec)"
365208,No Traveler
914044,"Avr|Point Acumulator
(No companions)"
411586,"Avr|Jan Companion
(Less travel on jan)"
472824,"Avr|May Companion
(Less travel on may)"
900083,"Avr|Nov Companion
(Less travel on nov)"
911503,"Avr|Nov Companion
(Less travel on nov)"
712426,"Avr|Oct Companion
(Less travel on oct)"
512097,"Avr|May Companion
(Less travel on may)"
643059,"Avr|Jan Companion
(Less travel on jan)"
246187,"Avr|Jun Companion
(Less travel on jun)"
333295,"Avr|Point Acumulator
(No companions)"
815643,"Avr|May Companion
(Less travel on may)"
688533,"Avr|Jan Companion
(Less travel on jan)"
677329,"Holiday traveler
(summer companions, winter alone)"
166273,"Winter Traveler
(December with someone)"
732808,"Avr|Jan Companion
(Less travel on jan)"
764595,"Avr|Nov Companion
(Less travel on nov)"
738431,"Avr|Point Acumulator
(No companions)"
334437,"Avr|Point Acumulator
(No companions)"
989746,"Moderate travelers
(Current average)"
476068,"Avr|Point Acumulator
(No companions)"
735263,"Avr|Point Acumulator
(No companions)"
739352,"Avr|Feb Companion
(Less travel on feb)"
201436,"Few Trips a Year
(Traveling rarely)"
380788,"Avr|May Companion
(Less travel on may)"
380954,No Traveler
509810,"Avr|Nov Companion
(Less travel on nov)"
735038,"Avr|May Companion
(Less travel on may)"
459404,"Avr|Oct Companion
(Less travel on oct)"
620969,"Winter Traveler
(December with someone)"
762072,"Winter Traveler
(December with someone)"
672600,"Avr|Oct Companion
(Less travel on oct)"
194493,"Avr|Mar Companion
(Less travel on mar)"
693922,"Avr|Mar Companion
(Less travel on mar)"
454514,"Avr|Mar Companion
(Less travel on mar)"
366977,"Holiday traveler
(summer companions, winter alone)"
116895,"Winter Traveler
(December with someone)"
795084,"Winter Traveler
(December with someone)"
828924,No Traveler
139699,No Traveler
758789,"Avr|May Companion
(Less travel on may)"
390480,No Traveler
413994,"Avr|Dec Companion
(Less travel on dec)"
683838,"Avr|Feb Companion
(Less travel on feb)"
480957,"Avr|Feb Companion
(Less travel on feb)"
695162,"Avr|Nov Companion
(Less travel on nov)"
950707,"Moderate travelers
(Current average)"
569677,No Traveler
315014,"Few Trips a Year
(Traveling rarely)"
128587,"Winter Traveler
(December with someone)"
576110,"Avr|Mar Companion
(Less travel on mar)"
843378,"Avr|Mar Companion
(Less travel on mar)"
477157,"Holiday traveler
(summer companions, winter alone)"
237402,"Avr|May Companion
(Less travel on may)"
353076,No Traveler
878575,"Avr|Jun Companion
(Less travel on jun)"
340802,"Avr|Dec Companion
(Less travel on dec)"
486831,"Avr|Dec Companion
(Less travel on dec)"
952696,"Holiday traveler
(summer companions, winter alone)"
173398,"Avr|Mar Companion
(Less travel on mar)"
832301,"Avr|Point Acumulator
(No companions)"
721366,"Avr|Dec Companion
(Less travel on dec)"
535151,"Avr|Nov Companion
(Less travel on nov)"
881362,"Avr|Jun Companion
(Less travel on jun)"
312744,No Traveler
910416,No Traveler
999940,No Traveler
222490,"Avr|Dec Companion
(Less travel on dec)"
550539,No Traveler
882911,"Avr|May Companion
(Less travel on may)"
751718,"Avr|Feb Companion
(Less travel on feb)"
976007,"Avr|Mar Companion
(Less travel on mar)"
647956,"Holiday traveler
(summer companions, winter alone)"
981691,"Avr|May Companion
(Less travel on may)"
145017,No Traveler
193827,"Avr|Oct Companion
(Less travel on oct)"
594672,"Avr|May Companion
(Less travel on may)"
667314,"Avr|Jan Companion
(Less travel on jan)"
452342,"Moderate travelers
(Current average)"
699751,"Avr|May Companion
(Less travel on may)"
330278,"Avr|May Companion
(Less travel on may)"
160640,"Avr|Feb Companion
(Less travel on feb)"
969165,"Holiday traveler
(summer companions, winter alone)"
601341,"Avr|Nov Companion
(Less travel on nov)"
641039,"Holiday traveler
(summer companions, winter alone)"
737542,"Moderate travelers
(Current average)"
190429,No Traveler
687401,"Avr|May Companion
(Less travel on may)"
462036,"Holiday traveler
(summer companions, winter alone)"
412880,"Avr|Feb Companion
(Less travel on feb)"
558040,"Avr|Nov Companion
(Less travel on nov)"
994940,"Avr|Point Acumulator
(No companions)"
732231,"Avr|Jan Companion
(Less travel on jan)"
395622,"Moderate travelers
(Current average)"
812894,"Avr|Point Acumulator
(No companions)"
888357,"Avr|May Companion
(Less travel on may)"
404805,No Traveler
866455,"Avr|Oct Companion
(Less travel on oct)"
164947,"Avr|Nov Companion
(Less travel on nov)"
109517,"Avr|Dec Companion
(Less travel on dec)"
801788,"Avr|Nov Companion
(Less travel on nov)"
865198,"Avr|Point Acumulator
(No companions)"
718752,"Avr|Jun Companion
(Less travel on jun)"
750199,"Moderate travelers
(Current average)"
191044,No Traveler
220822,"Moderate travelers
(Current average)"
477654,"Avr|Point Acumulator
(No companions)"
755290,"Avr|Point Acumulator
(No companions)"
790165,"Avr|Mar Companion
(Less travel on mar)"
131772,"Holiday traveler
(summer companions, winter alone)"
736220,No Traveler
184959,"Avr|Jun Companion
(Less travel on jun)"
904704,"Moderate travelers
(Current average)"
501490,"Avr|Oct Companion
(Less travel on oct)"
727348,"Moderate travelers
(Current average)"
481590,"Winter Traveler
(December with someone)"
483125,"Avr|May Companion
(Less travel on may)"
688319,"Holiday traveler
(summer companions, winter alone)"
800196,No Traveler
517739,"Avr|May Companion
(Less travel on may)"
640009,"Few Trips a Year
(Traveling rarely)"
398351,"Avr|Dec Companion
(Less travel on dec)"
770759,"Few Trips a Year
(Traveling rarely)"
669894,"Avr|Jun Companion
(Less travel on jun)"
887609,"Avr|Dec Companion
(Less travel on dec)"
993266,"Moderate travelers
(Current average)"
808096,"Avr|Jun Companion
(Less travel on jun)"
833322,"Avr|Feb Companion
(Less travel on feb)"
853438,"Holiday traveler
(summer companions, winter alone)"
887209,"Avr|Mar Companion
(Less travel on mar)"
912712,"Avr|Oct Companion
(Less travel on oct)"
479445,"Avr|Point Acumulator
(No companions)"
757696,"Avr|May Companion
(Less travel on may)"
254361,"Avr|Dec Companion
(Less travel on dec)"
380262,"Avr|Mar Companion
(Less travel on mar)"
274765,No Traveler
665024,"Avr|Dec Companion
(Less travel on dec)"
958544,"Moderate travelers
(Current average)"
350631,"Avr|Mar Companion
(Less travel on mar)"
742321,"Few Trips a Year
(Traveling rarely)"
746061,"Avr|Feb Companion
(Less travel on feb)"
933208,"Avr|May Companion
(Less travel on may)"
921624,No Traveler
312979,"Avr|Mar Companion
(Less travel on mar)"
485745,"Avr|Jun Companion
(Less travel on jun)"
476652,"Avr|Point Acumulator
(No companions)"
595083,"Avr|Jan Companion
(Less travel on jan)"
121856,"Winter Traveler
(December with someone)"
371969,"Avr|May Companion
(Less travel on may)"
428114,"Moderate travelers
(Current average)"
773571,"Winter Traveler
(December with someone)"
510865,"Avr|Feb Companion
(Less travel on feb)"
123727,"Holiday traveler
(summer companions, winter alone)"
456958,"Avr|Mar Companion
(Less travel on mar)"
508022,"Avr|Dec Companion
(Less travel on dec)"
787660,"Avr|Dec Companion
(Less travel on dec)"
329839,"Avr|Mar Companion
(Less travel on mar)"
917685,"Avr|Dec Companion
(Less travel on dec)"
352053,"Avr|Point Acumulator
(No companions)"
630338,"Avr|Dec Companion
(Less travel on dec)"
784490,"Moderate travelers
(Current average)"
175954,"Avr|Nov Companion
(Less travel on nov)"
988043,"Avr|Feb Companion
(Less travel on feb)"
536371,No Traveler
966350,"Few Trips a Year
(Traveling rarely)"
702522,"Avr|Mar Companion
(Less travel on mar)"
529085,"Moderate travelers
(Current average)"
604332,"Avr|Jun Companion
(Less travel on jun)"
442695,No Traveler
971107,"Avr|Point Acumulator
(No companions)"
838270,"Avr|Point Acumulator
(No companions)"
919329,"Moderate travelers
(Current average)"
930325,"Avr|Feb Companion
(Less travel on feb)"
375909,"Avr|Mar Companion
(Less travel on mar)"
477739,"Avr|Point Acumulator
(No companions)"
643507,"Holiday traveler
(summer companions, winter alone)"
464962,"Avr|Point Acumulator
(No companions)"
829886,"Avr|Oct Companion
(Less travel on oct)"
183948,"Avr|Oct Companion
(Less travel on oct)"
231462,"Avr|Feb Companion
(Less travel on feb)"
605500,"Avr|Point Acumulator
(No companions)"
602685,"Avr|Point Acumulator
(No companions)"
183388,"Few Trips a Year
(Traveling rarely)"
628840,"Holiday traveler
(summer companions, winter alone)"
314589,"Avr|Oct Companion
(Less travel on oct)"
892258,"Avr|Nov Companion
(Less travel on nov)"
158969,"Avr|Feb Companion
(Less travel on feb)"
101544,"Avr|Feb Companion
(Less travel on feb)"
638495,"Avr|Jun Companion
(Less travel on jun)"
815207,"Avr|Jan Companion
(Less travel on jan)"
890936,"Avr|Feb Companion
(Less travel on feb)"
666337,"Avr|May Companion
(Less travel on may)"
832566,"Moderate travelers
(Current average)"
101895,"Avr|May Companion
(Less travel on may)"
968064,"Holiday traveler
(summer companions, winter alone)"
741138,"Avr|May Companion
(Less travel on may)"
851421,"Avr|Point Acumulator
(No companions)"
396998,"Avr|May Companion
(Less travel on may)"
925573,"Avr|Jan Companion
(Less travel on jan)"
977178,"Avr|Dec Companion
(Less travel on dec)"
776547,"Avr|May Companion
(Less travel on may)"
210725,"Avr|Jun Companion
(Less travel on jun)"
434679,"Avr|Oct Companion
(Less travel on oct)"
531290,"Winter Traveler
(December with someone)"
987347,"Avr|Jun Companion
(Less travel on jun)"
116238,No Traveler
713067,No Traveler
777300,"Avr|Jan Companion
(Less travel on jan)"
518677,"Avr|Jan Companion
(Less travel on jan)"
130032,"Holiday traveler
(summer companions, winter alone)"
336665,No Traveler
949290,"Avr|Jan Companion
(Less travel on jan)"
840267,"Few Trips a Year
(Traveling rarely)"
128459,"Avr|Jan Companion
(Less travel on jan)"
150233,"Few Trips a Year
(Traveling rarely)"
203772,"Avr|Jan Companion
(Less travel on jan)"
225327,"Avr|May Companion
(Less travel on may)"
572547,"Avr|Jun Companion
(Less travel on jun)"
487070,"Avr|Dec Companion
(Less travel on dec)"
645712,"Avr|Point Acumulator
(No companions)"
308704,"Avr|Feb Companion
(Less travel on feb)"
404742,"Avr|Point Acumulator
(No companions)"
464959,"Avr|Point Acumulator
(No companions)"
555576,"Avr|Point Acumulator
(No companions)"
704709,"Avr|Point Acumulator
(No companions)"
732213,"Avr|Nov Companion
(Less travel on nov)"
112856,"Avr|Feb Companion
(Less travel on feb)"
819924,"Avr|Oct Companion
(Less travel on oct)"
340874,"Few Trips a Year
(Traveling rarely)"
728568,"Avr|Nov Companion
(Less travel on nov)"
309861,"Avr|Nov Companion
(Less travel on nov)"
113904,"Avr|Jan Companion
(Less travel on jan)"
776464,"Avr|Point Acumulator
(No companions)"
911723,No Traveler
249813,"Avr|Jun Companion
(Less travel on jun)"
913895,"Avr|Jan Companion
(Less travel on jan)"
226194,"Avr|May Companion
(Less travel on may)"
264823,"Moderate travelers
(Current average)"
398586,"Avr|Jan Companion
(Less travel on jan)"
939238,"Few Trips a Year
(Traveling rarely)"
686059,"Avr|Jun Companion
(Less travel on jun)"
266234,"Avr|Nov Companion
(Less travel on nov)"
642099,"Avr|Mar Companion
(Less travel on mar)"
680168,No Traveler
346766,No Traveler
480275,"Avr|Oct Companion
(Less travel on oct)"
218127,No Traveler
435249,"Avr|May Companion
(Less travel on may)"
480858,No Traveler
870120,"Avr|Point Acumulator
(No companions)"
925978,"Avr|Feb Companion
(Less travel on feb)"
726873,"Avr|Mar Companion
(Less travel on mar)"
539760,"Avr|Feb Companion
(Less travel on feb)"
871219,"Avr|Nov Companion
(Less travel on nov)"
545582,"Avr|Mar Companion
(Less travel on mar)"
868568,"Avr|Jan Companion
(Less travel on jan)"
803976,"Winter Traveler
(December with someone)"
622019,"Avr|Point Acumulator
(No companions)"
902083,"Avr|Point Acumulator
(No companions)"
389706,"Moderate travelers
(Current average)"
404339,"Winter Traveler
(December with someone)"
480435,"Moderate travelers
(Current average)"
592251,"Avr|Jun Companion
(Less travel on jun)"
690916,"Avr|Point Acumulator
(No companions)"
397480,"Avr|Point Acumulator
(No companions)"
827275,"Avr|May Companion
(Less travel on may)"
514403,"Avr|Dec Companion
(Less travel on dec)"
191814,"Avr|Oct Companion
(Less travel on oct)"
781293,"Few Trips a Year
(Traveling rarely)"
554983,"Moderate travelers
(Current average)"
857219,No Traveler
840659,"Winter Traveler
(December with someone)"
156868,"Avr|Point Acumulator
(No companions)"
729805,"Holiday traveler
(summer companions, winter alone)"
808524,"Avr|Feb Companion
(Less travel on feb)"
415332,"Avr|Mar Companion
(Less travel on mar)"
689275,"Avr|Nov Companion
(Less travel on nov)"
169247,"Avr|Jun Companion
(Less travel on jun)"
928734,No Traveler
320004,"Avr|May Companion
(Less travel on may)"
955652,"Avr|May Companion
(Less travel on may)"
717632,"Avr|Point Acumulator
(No companions)"
108896,"Winter Traveler
(December with someone)"
372647,"Avr|Nov Companion
(Less travel on nov)"
943647,"Avr|Point Acumulator
(No companions)"
501885,No Traveler
259734,No Traveler
561307,No Traveler
533539,"Avr|Jun Companion
(Less travel on jun)"
325490,"Avr|Point Acumulator
(No companions)"
558969,"Avr|Nov Companion
(Less travel on nov)"
863070,"Moderate travelers
(Current average)"
617296,"Avr|Jun Companion
(Less travel on jun)"
724781,"Avr|Dec Companion
(Less travel on dec)"
965751,"Winter Traveler
(December with someone)"
368981,"Avr|Jun Companion
(Less travel on jun)"
562234,"Avr|Point Acumulator
(No companions)"
998776,"Few Trips a Year
(Traveling rarely)"
139087,"Avr|Point Acumulator
(No companions)"
187876,No Traveler
218538,"Winter Traveler
(December with someone)"
822122,"Avr|Mar Companion
(Less travel on mar)"
639419,"Avr|May Companion
(Less travel on may)"
196096,No Traveler
218278,"Avr|Point Acumulator
(No companions)"
300023,"Moderate travelers
(Current average)"
795446,"Avr|Feb Companion
(Less travel on feb)"
703804,"Avr|Dec Companion
(Less travel on dec)"
671764,No Traveler
937512,"Avr|Feb Companion
(Less travel on feb)"
348681,"Avr|Point Acumulator
(No companions)"
882590,"Avr|Mar Companion
(Less travel on mar)"
232533,No Traveler
433857,"Avr|Mar Companion
(Less travel on mar)"
231080,"Few Trips a Year
(Traveling rarely)"
288384,"Avr|Point Acumulator
(No companions)"
850821,"Winter Traveler
(December with someone)"
644017,"Avr|Point Acumulator
(No companions)"
440595,"Avr|Feb Companion
(Less travel on feb)"
955463,"Avr|Mar Companion
(Less travel on mar)"
865855,"Avr|Jun Companion
(Less travel on jun)"
476273,"Winter Traveler
(December with someone)"
136121,"Avr|Mar Companion
(Less travel on mar)"
424812,"Avr|Nov Companion
(Less travel on nov)"
539505,No Traveler
210291,"Avr|Feb Companion
(Less travel on feb)"
941852,"Avr|Oct Companion
(Less travel on oct)"
188071,"Avr|Dec Companion
(Less travel on dec)"
115852,"Avr|Jan Companion
(Less travel on jan)"
467848,"Holiday traveler
(summer companions, winter alone)"
711605,"Winter Traveler
(December with someone)"
866983,"Avr|Feb Companion
(Less travel on feb)"
989837,No Traveler
700474,No Traveler
295355,"Avr|Mar Companion
(Less travel on mar)"
462174,"Avr|Nov Companion
(Less travel on nov)"
671803,"Avr|Jun Companion
(Less travel on jun)"
271675,"Avr|Feb Companion
(Less travel on feb)"
767006,"Avr|Feb Companion
(Less travel on feb)"
353455,"Avr|Jun Companion
(Less travel on jun)"
366687,"Avr|Mar Companion
(Less travel on mar)"
191065,"Avr|Oct Companion
(Less travel on oct)"
540548,"Avr|Feb Companion
(Less travel on feb)"
526094,"Avr|Jan Companion
(Less travel on jan)"
100301,"Avr|Point Acumulator
(No companions)"
430398,"Winter Traveler
(December with someone)"
877603,"Holiday traveler
(summer companions, winter alone)"
642031,No Traveler
106936,"Avr|Dec Companion
(Less travel on dec)"
173446,"Avr|Oct Companion
(Less travel on oct)"
865429,"Avr|Jun Companion
(Less travel on jun)"
618524,"Avr|Mar Companion
(Less travel on mar)"
163405,No Traveler
912633,No Traveler
424337,"Avr|Mar Companion
(Less travel on mar)"
612144,"Avr|Feb Companion
(Less travel on feb)"
495253,"Avr|Oct Companion
(Less travel on oct)"
365346,"Avr|Feb Companion
(Less travel on feb)"
975531,No Traveler
345518,"Avr|Point Acumulator
(No companions)"
717100,"Moderate travelers
(Current average)"
174666,No Traveler
678284,"Avr|Mar Companion
(Less travel on mar)"
526508,"Avr|Jan Companion
(Less travel on jan)"
932748,"Few Trips a Year
(Traveling rarely)"
748019,"Avr|Oct Companion
(Less travel on oct)"
142290,"Avr|May Companion
(Less travel on may)"
153884,"Avr|Oct Companion
(Less travel on oct)"
260714,"Avr|Nov Companion
(Less travel on nov)"
273243,"Holiday traveler
(summer companions, winter alone)"
399379,"Avr|Feb Companion
(Less travel on feb)"
401956,"Avr|May Companion
(Less travel on may)"
424837,"Avr|Jan Companion
(Less travel on jan)"
573897,"Avr|Point Acumulator
(No companions)"
574302,"Avr|Jan Companion
(Less travel on jan)"
637721,"Avr|Mar Companion
(Less travel on mar)"
880033,"Avr|Point Acumulator
(No companions)"
924787,"Avr|Feb Companion
(Less travel on feb)"
370443,"Avr|Oct Companion
(Less travel on oct)"
470022,"Avr|Dec Companion
(Less travel on dec)"
352170,"Avr|Jan Companion
(Less travel on jan)"
694915,No Traveler
127663,"Avr|May Companion
(Less travel on may)"
987921,"Avr|Point Acumulator
(No companions)"
228748,"Avr|Point Acumulator
(No companions)"
954453,"Avr|Jan Companion
(Less travel on jan)"
255546,"Avr|Jan Companion
(Less travel on jan)"
988307,"Avr|Point Acumulator
(No companions)"
727873,"Holiday traveler
(summer companions, winter alone)"
841249,"Avr|Point Acumulator
(No companions)"
300465,"Avr|Nov Companion
(Less travel on nov)"
660768,"Avr|Point Acumulator
(No companions)"
647041,"Avr|Oct Companion
(Less travel on oct)"
673301,"Avr|Mar Companion
(Less travel on mar)"
102299,"Avr|Point Acumulator
(No companions)"
483875,"Few Trips a Year
(Traveling rarely)"
520207,"Avr|Oct Companion
(Less travel on oct)"
547561,"Avr|Point Acumulator
(No companions)"
590981,"Holiday traveler
(summer companions, winter alone)"
769023,"Avr|Dec Companion
(Less travel on dec)"
300676,"Avr|May Companion
(Less travel on may)"
425779,"Few Trips a Year
(Traveling rarely)"
879260,No Traveler
366487,"Avr|Dec Companion
(Less travel on dec)"
659147,"Avr|May Companion
(Less travel on may)"
796104,"Avr|Jun Companion
(Less travel on jun)"
928438,"Winter Traveler
(December with someone)"
778952,"Avr|Oct Companion
(Less travel on oct)"
295423,"Avr|Mar Companion
(Less travel on mar)"
488872,"Avr|Feb Companion
(Less travel on feb)"
444997,"Avr|Jan Companion
(Less travel on jan)"
890447,"Avr|Mar Companion
(Less travel on mar)"
130179,"Winter Traveler
(December with someone)"
167587,"Avr|Point Acumulator
(No companions)"
495707,"Winter Traveler
(December with someone)"
431021,"Moderate travelers
(Current average)"
928868,"Avr|Feb Companion
(Less travel on feb)"
140005,"Avr|May Companion
(Less travel on may)"
187902,"Holiday traveler
(summer companions, winter alone)"
539436,"Avr|May Companion
(Less travel on may)"
298160,No Traveler
304620,"Few Trips a Year
(Traveling rarely)"
798351,"Avr|Feb Companion
(Less travel on feb)"
196812,"Avr|Feb Companion
(Less travel on feb)"
749827,"Winter Traveler
(December with someone)"
423035,"Avr|Point Acumulator
(No companions)"
726932,"Avr|May Companion
(Less travel on may)"
290356,No Traveler
777514,"Avr|Nov Companion
(Less travel on nov)"
114638,"Avr|Oct Companion
(Less travel on oct)"
612795,"Avr|Jan Companion
(Less travel on jan)"
410544,"Avr|Jan Companion
(Less travel on jan)"
667356,No Traveler
842049,"Avr|Jun Companion
(Less travel on jun)"
430048,"Avr|Dec Companion
(Less travel on dec)"
608384,"Moderate travelers
(Current average)"
397141,"Avr|Point Acumulator
(No companions)"
758165,"Avr|Jun Companion
(Less travel on jun)"
200012,"Moderate travelers
(Current average)"
689909,"Avr|Point Acumulator
(No companions)"
677141,"Avr|Dec Companion
(Less travel on dec)"
772952,"Holiday traveler
(summer companions, winter alone)"
237729,"Avr|Point Acumulator
(No companions)"
994285,"Avr|Nov Companion
(Less travel on nov)"
165443,"Avr|Jun Companion
(Less travel on jun)"
858669,"Avr|Jun Companion
(Less travel on jun)"
261787,"Avr|Jun Companion
(Less travel on jun)"
962011,"Avr|Oct Companion
(Less travel on oct)"
514493,No Traveler
731510,"Avr|May Companion
(Less travel on may)"
128210,"Avr|Jan Companion
(Less travel on jan)"
322193,"Avr|Jun Companion
(Less travel on jun)"
316308,"Avr|Oct Companion
(Less travel on oct)"
755367,"Avr|Dec Companion
(Less travel on dec)"
970639,"Avr|Point Acumulator
(No companions)"
238342,"Winter Traveler
(December with someone)"
492575,"Few Trips a Year
(Traveling rarely)"
204111,No Traveler
270909,"Avr|Jun Companion
(Less travel on jun)"
403893,"Avr|Jan Companion
(Less travel on jan)"
530833,"Avr|Feb Companion
(Less travel on feb)"
329692,"Avr|Jun Companion
(Less travel on jun)"
571964,"Avr|Mar Companion
(Less travel on mar)"
127645,"Avr|Jan Companion
(Less travel on jan)"
342554,"Avr|May Companion
(Less travel on may)"
459683,"Winter Traveler
(December with someone)"
634727,"Avr|May Companion
(Less travel on may)"
805377,"Avr|Jun Companion
(Less travel on jun)"
211549,"Avr|Point Acumulator
(No companions)"
948783,"Avr|Oct Companion
(Less travel on oct)"
630588,"Avr|Feb Companion
(Less travel on feb)"
912420,"Avr|Jan Companion
(Less travel on jan)"
439900,"Avr|Point Acumulator
(No companions)"
295205,"Avr|May Companion
(Less travel on may)"
748055,"Avr|Nov Companion
(Less travel on nov)"
163639,"Avr|Nov Companion
(Less travel on nov)"
800998,No Traveler
867532,"Winter Traveler
(December with someone)"
169948,"Avr|Point Acumulator
(No companions)"
432592,"Avr|Nov Companion
(Less travel on nov)"
697272,"Avr|Feb Companion
(Less travel on feb)"
127966,"Avr|Dec Companion
(Less travel on dec)"
623008,"Holiday traveler
(summer companions, winter alone)"
267428,"Moderate travelers
(Current average)"
498030,"Few Trips a Year
(Traveling rarely)"
194640,"Avr|Mar Companion
(Less travel on mar)"
678514,"Avr|Dec Companion
(Less travel on dec)"
803830,"Few Trips a Year
(Traveling rarely)"
986086,"Avr|Mar Companion
(Less travel on mar)"
462803,"Avr|Jun Companion
(Less travel on jun)"
614379,"Moderate travelers
(Current average)"
721377,"Avr|Jan Companion
(Less travel on jan)"
434215,"Avr|Nov Companion
(Less travel on nov)"
536671,"Avr|Point Acumulator
(No companions)"
970746,"Avr|Point Acumulator
(No companions)"
185919,"Avr|Point Acumulator
(No companions)"
128789,"Avr|Point Acumulator
(No companions)"
181423,"Avr|Jun Companion
(Less travel on jun)"
203577,"Avr|Dec Companion
(Less travel on dec)"
247680,"Avr|May Companion
(Less travel on may)"
270862,"Moderate travelers
(Current average)"
313185,"Moderate travelers
(Current average)"
360942,"Avr|May Companion
(Less travel on may)"
567412,"Avr|Point Acumulator
(No companions)"
868912,"Avr|Dec Companion
(Less travel on dec)"
930209,"Avr|May Companion
(Less travel on may)"
133732,"Avr|Oct Companion
(Less travel on oct)"
830673,"Avr|Jun Companion
(Less travel on jun)"
323043,"Avr|Feb Companion
(Less travel on feb)"
400985,"Avr|Jun Companion
(Less travel on jun)"
455941,"Avr|Dec Companion
(Less travel on dec)"
393403,"Avr|Jun Companion
(Less travel on jun)"
790943,No Traveler
137106,"Avr|Jun Companion
(Less travel on jun)"
646277,"Avr|May Companion
(Less travel on may)"
796281,"Moderate travelers
(Current average)"
807297,"Few Trips a Year
(Traveling rarely)"
150767,"Avr|Point Acumulator
(No companions)"
451080,No Traveler
290184,"Few Trips a Year
(Traveling rarely)"
569236,"Avr|Dec Companion
(Less travel on dec)"
684835,"Winter Traveler
(December with someone)"
874336,"Avr|Point Acumulator
(No companions)"
611618,"Avr|Jun Companion
(Less travel on jun)"
688139,"Avr|Jan Companion
(Less travel on jan)"
755015,"Winter Traveler
(December with someone)"
897673,"Avr|Feb Companion
(Less travel on feb)"
127725,"Avr|Oct Companion
(Less travel on oct)"
705453,"Avr|Jun Companion
(Less travel on jun)"
199809,"Avr|Mar Companion
(Less travel on mar)"
491391,"Avr|Jun Companion
(Less travel on jun)"
533470,"Avr|Jan Companion
(Less travel on jan)"
209729,"Avr|Jan Companion
(Less travel on jan)"
311946,"Avr|Oct Companion
(Less travel on oct)"
415916,"Avr|Mar Companion
(Less travel on mar)"
523110,"Avr|Point Acumulator
(No companions)"
536848,"Few Trips a Year
(Traveling rarely)"
604436,No Traveler
608974,"Avr|Point Acumulator
(No companions)"
638253,"Avr|Point Acumulator
(No companions)"
686471,"Avr|Jan Companion
(Less travel on jan)"
959514,No Traveler
504455,"Holiday traveler
(summer companions, winter alone)"
522251,"Holiday traveler
(summer companions, winter alone)"
590098,"Avr|Mar Companion
(Less travel on mar)"
341904,No Traveler
621180,"Avr|Nov Companion
(Less travel on nov)"
700245,"Avr|Point Acumulator
(No companions)"
960195,"Avr|Point Acumulator
(No companions)"
492165,"Avr|Feb Companion
(Less travel on feb)"
894041,"Moderate travelers
(Current average)"
384286,"Avr|Feb Companion
(Less travel on feb)"
693045,"Holiday traveler
(summer companions, winter alone)"
240829,"Avr|Nov Companion
(Less travel on nov)"
904300,"Avr|Oct Companion
(Less travel on oct)"
404720,"Avr|Jan Companion
(Less travel on jan)"
508080,"Avr|Jun Companion
(Less travel on jun)"
313544,"Avr|May Companion
(Less travel on may)"
557723,"Avr|Jun Companion
(Less travel on jun)"
133066,"Avr|Oct Companion
(Less travel on oct)"
469532,No Traveler
295578,"Avr|Feb Companion
(Less travel on feb)"
581682,"Avr|May Companion
(Less travel on may)"
193781,"Avr|Jan Companion
(Less travel on jan)"
595323,"Avr|Dec Companion
(Less travel on dec)"
516491,"Avr|Jun Companion
(Less travel on jun)"
287198,"Avr|Point Acumulator
(No companions)"
825336,"Avr|May Companion
(Less travel on may)"
685683,"Avr|Jun Companion
(Less travel on jun)"
937030,"Avr|Jan Companion
(Less travel on jan)"
449530,"Moderate travelers
(Current average)"
597191,"Avr|Point Acumulator
(No companions)"
153760,"Few Trips a Year
(Traveling rarely)"
429054,"Avr|Point Acumulator
(No companions)"
284621,"Avr|Point Acumulator
(No companions)"
434760,"Avr|Jun Companion
(Less travel on jun)"
663897,No Traveler
934235,"Avr|Jun Companion
(Less travel on jun)"
355102,"Few Trips a Year
(Traveling rarely)"
979135,"Avr|Feb Companion
(Less travel on feb)"
309933,"Avr|Feb Companion
(Less travel on feb)"
510537,"Winter Traveler
(December with someone)"
153656,"Few Trips a Year
(Traveling rarely)"
274141,"Avr|Point Acumulator
(No companions)"
192543,"Moderate travelers
(Current average)"
321427,"Winter Traveler
(December with someone)"
628844,"Avr|Dec Companion
(Less travel on dec)"
702800,"Avr|Mar Companion
(Less travel on mar)"
159608,"Avr|Feb Companion
(Less travel on feb)"
765518,"Avr|Point Acumulator
(No companions)"
506293,"Few Trips a Year
(Traveling rarely)"
824315,"Moderate travelers
(Current average)"
196777,"Holiday traveler
(summer companions, winter alone)"
257705,"Moderate travelers
(Current average)"
262562,"Avr|Point Acumulator
(No companions)"
338786,"Avr|Feb Companion
(Less travel on feb)"
225067,"Avr|Feb Companion
(Less travel on feb)"
794784,"Avr|Point Acumulator
(No companions)"
270022,"Few Trips a Year
(Traveling rarely)"
982017,"Moderate travelers
(Current average)"
119634,"Avr|Oct Companion
(Less travel on oct)"
212544,"Avr|Jan Companion
(Less travel on jan)"
304445,"Holiday traveler
(summer companions, winter alone)"
315869,"Avr|Mar Companion
(Less travel on mar)"
492401,"Avr|Mar Companion
(Less travel on mar)"
637760,"Avr|May Companion
(Less travel on may)"
793180,No Traveler
843212,"Avr|Jun Companion
(Less travel on jun)"
854969,No Traveler
966210,"Winter Traveler
(December with someone)"
993271,"Avr|Point Acumulator
(No companions)"
401454,"Avr|Point Acumulator
(No companions)"
709659,"Avr|Feb Companion
(Less travel on feb)"
589466,"Avr|Mar Companion
(Less travel on mar)"
804770,"Holiday traveler
(summer companions, winter alone)"
164657,"Avr|Jan Companion
(Less travel on jan)"
253825,"Avr|Mar Companion
(Less travel on mar)"
299919,"Few Trips a Year
(Traveling rarely)"
593781,"Moderate travelers
(Current average)"
731958,"Avr|Nov Companion
(Less travel on nov)"
296690,"Avr|Nov Companion
(Less travel on nov)"
863349,"Avr|Point Acumulator
(No companions)"
695107,"Avr|Jan Companion
(Less travel on jan)"
989067,No Traveler
325379,"Avr|Point Acumulator
(No companions)"
493972,"Avr|May Companion
(Less travel on may)"
624216,"Avr|Oct Companion
(Less travel on oct)"
738320,"Moderate travelers
(Current average)"
970706,"Avr|Mar Companion
(Less travel on mar)"
313424,"Avr|Jan Companion
(Less travel on jan)"
907324,No Traveler
735966,"Few Trips a Year
(Traveling rarely)"
953612,"Winter Traveler
(December with someone)"
788283,"Few Trips a Year
(Traveling rarely)"
500026,"Avr|Nov Companion
(Less travel on nov)"
771307,"Avr|Point Acumulator
(No companions)"
194571,"Avr|Oct Companion
(Less travel on oct)"
381234,"Avr|May Companion
(Less travel on may)"
416091,"Winter Traveler
(December with someone)"
677218,"Avr|Mar Companion
(Less travel on mar)"
873551,"Few Trips a Year
(Traveling rarely)"
914368,"Avr|Point Acumulator
(No companions)"
306667,"Avr|Nov Companion
(Less travel on nov)"
332466,"Avr|Feb Companion
(Less travel on feb)"
923164,"Avr|Mar Companion
(Less travel on mar)"
527434,"Avr|Mar Companion
(Less travel on mar)"
905478,"Avr|Point Acumulator
(No companions)"
402034,"Avr|May Companion
(Less travel on may)"
215626,"Avr|Dec Companion
(Less travel on dec)"
148982,No Traveler
368549,"Avr|Nov Companion
(Less travel on nov)"
925918,No Traveler
243642,"Avr|Jan Companion
(Less travel on jan)"
821202,"Avr|Jan Companion
(Less travel on jan)"
487777,"Avr|Jan Companion
(Less travel on jan)"
896372,"Holiday traveler
(summer companions, winter alone)"
711874,"Avr|Jun Companion
(Less travel on jun)"
904114,"Avr|Feb Companion
(Less travel on feb)"
246734,"Avr|Nov Companion
(Less travel on nov)"
888316,No Traveler
646187,"Holiday traveler
(summer companions, winter alone)"
799967,"Avr|Point Acumulator
(No companions)"
407119,"Avr|Nov Companion
(Less travel on nov)"
972732,"Avr|Point Acumulator
(No companions)"
108907,"Avr|Mar Companion
(Less travel on mar)"
202716,"Few Trips a Year
(Traveling rarely)"
207821,"Avr|Feb Companion
(Less travel on feb)"
464385,No Traveler
659637,"Avr|Oct Companion
(Less travel on oct)"
107719,"Avr|Jan Companion
(Less travel on jan)"
787625,"Avr|Jun Companion
(Less travel on jun)"
707588,"Avr|Oct Companion
(Less travel on oct)"
241714,"Avr|Oct Companion
(Less travel on oct)"
927975,"Avr|Point Acumulator
(No companions)"
933707,"Avr|Oct Companion
(Less travel on oct)"
981220,"Few Trips a Year
(Traveling rarely)"
180977,"Avr|Oct Companion
(Less travel on oct)"
217364,"Avr|Jun Companion
(Less travel on jun)"
852572,No Traveler
700335,"Moderate travelers
(Current average)"
521875,"Avr|Nov Companion
(Less travel on nov)"
778168,"Avr|May Companion
(Less travel on may)"
879036,"Avr|Nov Companion
(Less travel on nov)"
736414,"Avr|Jan Companion
(Less travel on jan)"
441304,"Avr|Oct Companion
(Less travel on oct)"
842982,"Avr|Nov Companion
(Less travel on nov)"
165019,"Avr|Jun Companion
(Less travel on jun)"
453494,"Avr|Nov Companion
(Less travel on nov)"
274896,"Avr|Mar Companion
(Less travel on mar)"
371532,"Avr|May Companion
(Less travel on may)"
198485,"Avr|Jun Companion
(Less travel on jun)"
392682,"Few Trips a Year
(Traveling rarely)"
641189,"Avr|Point Acumulator
(No companions)"
868250,"Avr|Oct Companion
(Less travel on oct)"
360031,No Traveler
810581,"Avr|Feb Companion
(Less travel on feb)"
261044,"Avr|Oct Companion
(Less travel on oct)"
667117,"Avr|Point Acumulator
(No companions)"
132774,"Avr|Oct Companion
(Less travel on oct)"
209058,"Avr|Jun Companion
(Less travel on jun)"
431187,No Traveler
475930,No Traveler
509669,"Winter Traveler
(December with someone)"
571409,No Traveler
658996,"Avr|Jan Companion
(Less travel on jan)"
679609,"Winter Traveler
(December with someone)"
686612,No Traveler
986217,"Avr|May Companion
(Less travel on may)"
987221,"Avr|Point Acumulator
(No companions)"
378014,"Avr|May Companion
(Less travel on may)"
676873,"Avr|Jan Companion
(Less travel on jan)"
911971,"Avr|Feb Companion
(Less travel on feb)"
704600,"Avr|Dec Companion
(Less travel on dec)"
895267,"Avr|May Companion
(Less travel on may)"
625497,"Avr|Dec Companion
(Less travel on dec)"
943775,"Avr|Feb Companion
(Less travel on feb)"
541178,"Avr|Point Acumulator
(No companions)"
932513,"Few Trips a Year
(Traveling rarely)"
563142,"Winter Traveler
(December with someone)"
979575,"Avr|Point Acumulator
(No companions)"
655892,"Avr|Feb Companion
(Less travel on feb)"
552328,"Avr|Jan Companion
(Less travel on jan)"
661050,"Avr|Oct Companion
(Less travel on oct)"
664034,"Avr|Dec Companion
(Less travel on dec)"
746520,"Avr|Dec Companion
(Less travel on dec)"
434489,"Avr|Point Acumulator
(No companions)"
933865,"Few Trips a Year
(Traveling rarely)"
139479,"Winter Traveler
(December with someone)"
153462,"Holiday traveler
(summer companions, winter alone)"
918397,No Traveler
138737,"Avr|Point Acumulator
(No companions)"
285942,"Avr|Point Acumulator
(No companions)"
522763,"Few Trips a Year
(Traveling rarely)"
713257,"Avr|Point Acumulator
(No companions)"
724168,"Avr|Dec Companion
(Less travel on dec)"
275446,"Avr|Oct Companion
(Less travel on oct)"
654225,"Few Trips a Year
(Traveling rarely)"
282872,"Avr|Nov Companion
(Less travel on nov)"
583005,"Avr|Mar Companion
(Less travel on mar)"
418636,"Few Trips a Year
(Traveling rarely)"
834544,"Avr|Point Acumulator
(No companions)"
690510,No Traveler
915846,"Avr|Nov Companion
(Less travel on nov)"
549091,"Winter Traveler
(December with someone)"
563774,"Avr|Jan Companion
(Less travel on jan)"
692841,"Winter Traveler
(December with someone)"
996254,"Avr|Point Acumulator
(No companions)"
134717,"Moderate travelers
(Current average)"
779412,"Few Trips a Year
(Traveling rarely)"
566714,"Avr|Oct Companion
(Less travel on oct)"
325661,"Avr|Mar Companion
(Less travel on mar)"
894788,"Avr|Dec Companion
(Less travel on dec)"
248752,"Winter Traveler
(December with someone)"
306880,"Avr|Oct Companion
(Less travel on oct)"
793892,No Traveler
809207,"Few Trips a Year
(Traveling rarely)"
453587,No Traveler
736970,"Avr|Jan Companion
(Less travel on jan)"
347227,"Winter Traveler
(December with someone)"
556778,"Avr|Point Acumulator
(No companions)"
845819,"Avr|Mar Companion
(Less travel on mar)"
881846,"Avr|Jan Companion
(Less travel on jan)"
308255,"Holiday traveler
(summer companions, winter alone)"
420243,No Traveler
195977,"Avr|Jan Companion
(Less travel on jan)"
693665,"Avr|Jan Companion
(Less travel on jan)"
141877,"Avr|Oct Companion
(Less travel on oct)"
928292,"Avr|May Companion
(Less travel on may)"
435129,"Avr|Point Acumulator
(No companions)"
898552,"Holiday traveler
(summer companions, winter alone)"
787833,"Avr|May Companion
(Less travel on may)"
690029,"Avr|Feb Companion
(Less travel on feb)"
215840,"Avr|Dec Companion
(Less travel on dec)"
630071,"Moderate travelers
(Current average)"
298344,"Avr|May Companion
(Less travel on may)"
243965,No Traveler
123667,"Avr|Jun Companion
(Less travel on jun)"
340723,"Winter Traveler
(December with someone)"
117975,No Traveler
300818,"Avr|Oct Companion
(Less travel on oct)"
353032,"Avr|Point Acumulator
(No companions)"
371065,"Avr|Oct Companion
(Less travel on oct)"
455892,"Avr|Mar Companion
(Less travel on mar)"
645078,No Traveler
727415,"Avr|Point Acumulator
(No companions)"
777540,"Avr|Nov Companion
(Less travel on nov)"
944855,"Moderate travelers
(Current average)"
957686,"Avr|Nov Companion
(Less travel on nov)"
118355,"Avr|Jun Companion
(Less travel on jun)"
268145,"Avr|May Companion
(Less travel on may)"
281064,"Avr|Dec Companion
(Less travel on dec)"
294849,"Holiday traveler
(summer companions, winter alone)"
534649,"Moderate travelers
(Current average)"
560024,"Avr|Jan Companion
(Less travel on jan)"
681785,"Avr|Dec Companion
(Less travel on dec)"
781227,No Traveler
944035,"Avr|Oct Companion
(Less travel on oct)"
988419,"Holiday traveler
(summer companions, winter alone)"
835683,"Moderate travelers
(Current average)"
629177,"Moderate travelers
(Current average)"
765747,"Avr|Point Acumulator
(No companions)"
110296,"Moderate travelers
(Current average)"
280641,"Avr|Point Acumulator
(No companions)"
310911,"Winter Traveler
(December with someone)"
567571,"Avr|Feb Companion
(Less travel on feb)"
601681,"Avr|Feb Companion
(Less travel on feb)"
710115,"Moderate travelers
(Current average)"
721437,"Avr|Mar Companion
(Less travel on mar)"
755533,"Avr|Nov Companion
(Less travel on nov)"
769709,"Avr|Mar Companion
(Less travel on mar)"
784380,No Traveler
860602,"Avr|Point Acumulator
(No companions)"
974758,"Few Trips a Year
(Traveling rarely)"
874614,"Avr|Point Acumulator
(No companions)"
264701,"Avr|Mar Companion
(Less travel on mar)"
367617,No Traveler
405804,"Avr|Mar Companion
(Less travel on mar)"
440213,"Avr|Jun Companion
(Less travel on jun)"
543693,"Avr|Dec Companion
(Less travel on dec)"
553389,"Avr|May Companion
(Less travel on may)"
627373,No Traveler
663659,No Traveler
816323,"Avr|May Companion
(Less travel on may)"
992769,No Traveler
996686,"Avr|May Companion
(Less travel on may)"
477468,"Avr|Feb Companion
(Less travel on feb)"
953927,"Holiday traveler
(summer companions, winter alone)"
421310,No Traveler
585850,"Avr|Point Acumulator
(No companions)"
224298,"Moderate travelers
(Current average)"
395871,"Avr|Mar Companion
(Less travel on mar)"
605320,"Avr|Dec Companion
(Less travel on dec)"
993650,"Avr|Dec Companion
(Less travel on dec)"
568786,"Avr|Point Acumulator
(No companions)"
968325,"Avr|Jun Companion
(Less travel on jun)"
516276,No Traveler
786827,"Winter Traveler
(December with someone)"
525245,No Traveler
847183,"Avr|Jun Companion
(Less travel on jun)"
441389,"Avr|Dec Companion
(Less travel on dec)"
621583,"Avr|Point Acumulator
(No companions)"
394812,"Avr|Point Acumulator
(No companions)"
689981,"Avr|Feb Companion
(Less travel on feb)"
326234,"Avr|Oct Companion
(Less travel on oct)"
742749,"Avr|Oct Companion
(Less travel on oct)"
839115,"Moderate travelers
(Current average)"
161415,"Avr|Feb Companion
(Less travel on feb)"
835133,No Traveler
585642,"Avr|Point Acumulator
(No companions)"
968632,"Avr|Point Acumulator
(No companions)"
548638,No Traveler
743849,"Moderate travelers
(Current average)"
113861,"Holiday traveler
(summer companions, winter alone)"
336138,"Avr|Mar Companion
(Less travel on mar)"
970351,"Avr|Point Acumulator
(No companions)"
289476,"Few Trips a Year
(Traveling rarely)"
592218,No Traveler
201355,"Avr|Feb Companion
(Less travel on feb)"
865352,"Winter Traveler
(December with someone)"
191508,No Traveler
432961,No Traveler
103975,No Traveler
391861,"Avr|Oct Companion
(Less travel on oct)"
434113,"Avr|May Companion
(Less travel on may)"
706510,"Avr|Point Acumulator
(No companions)"
939485,"Avr|Jan Companion
(Less travel on jan)"
577467,"Avr|Mar Companion
(Less travel on mar)"
618656,"Avr|May Companion
(Less travel on may)"
594028,"Avr|May Companion
(Less travel on may)"
815344,No Traveler
605761,"Winter Traveler
(December with someone)"
946963,"Few Trips a Year
(Traveling rarely)"
110422,"Few Trips a Year
(Traveling rarely)"
917346,"Avr|Point Acumulator
(No companions)"
506746,"Avr|Nov Companion
(Less travel on nov)"
182159,"Avr|Feb Companion
(Less travel on feb)"
436705,"Holiday traveler
(summer companions, winter alone)"
688557,"Avr|Dec Companion
(Less travel on dec)"
889061,"Avr|Dec Companion
(Less travel on dec)"
876319,"Avr|Point Acumulator
(No companions)"
334454,"Avr|Oct Companion
(Less travel on oct)"
348245,No Traveler
137744,"Holiday traveler
(summer companions, winter alone)"
734077,"Avr|Dec Companion
(Less travel on dec)"
350238,"Avr|Point Acumulator
(No companions)"
587633,"Avr|Jun Companion
(Less travel on jun)"
763761,"Avr|Nov Companion
(Less travel on nov)"
635302,"Winter Traveler
(December with someone)"
969360,"Avr|Point Acumulator
(No companions)"
699875,"Avr|Jun Companion
(Less travel on jun)"
967253,"Avr|May Companion
(Less travel on may)"
477599,No Traveler
298539,"Few Trips a Year
(Traveling rarely)"
950467,"Avr|Oct Companion
(Less travel on oct)"
936319,"Avr|Jan Companion
(Less travel on jan)"
254940,"Moderate travelers
(Current average)"
299113,"Avr|Jan Companion
(Less travel on jan)"
941122,"Avr|Jan Companion
(Less travel on jan)"
427354,"Few Trips a Year
(Traveling rarely)"
711263,"Holiday traveler
(summer companions, winter alone)"
989148,"Avr|Feb Companion
(Less travel on feb)"
594649,"Avr|Dec Companion
(Less travel on dec)"
339005,"Avr|Point Acumulator
(No companions)"
558138,"Winter Traveler
(December with someone)"
712236,"Holiday traveler
(summer companions, winter alone)"
804402,"Avr|Jun Companion
(Less travel on jun)"
167001,"Holiday traveler
(summer companions, winter alone)"
643364,"Avr|May Companion
(Less travel on may)"
896651,"Winter Traveler
(December with someone)"
522493,"Moderate travelers
(Current average)"
572890,"Winter Traveler
(December with someone)"
551710,No Traveler
600785,"Avr|Mar Companion
(Less travel on mar)"
332175,"Avr|Feb Companion
(Less travel on feb)"
700566,"Avr|Oct Companion
(Less travel on oct)"
212477,"Avr|May Companion
(Less travel on may)"
984878,"Avr|May Companion
(Less travel on may)"
497106,"Few Trips a Year
(Traveling rarely)"
795129,"Avr|Jan Companion
(Less travel on jan)"
433353,"Avr|Dec Companion
(Less travel on dec)"
497613,"Avr|Jan Companion
(Less travel on jan)"
314014,"Avr|May Companion
(Less travel on may)"
916000,"Avr|Jun Companion
(Less travel on jun)"
596327,"Avr|Point Acumulator
(No companions)"
749817,"Avr|Dec Companion
(Less travel on dec)"
308798,"Avr|May Companion
(Less travel on may)"
831693,"Winter Traveler
(December with someone)"
466865,"Avr|Jan Companion
(Less travel on jan)"
901954,"Avr|Dec Companion
(Less travel on dec)"
719242,"Avr|Jan Companion
(Less travel on jan)"
838938,"Avr|Jun Companion
(Less travel on jun)"
537914,"Winter Traveler
(December with someone)"
462232,No Traveler
136608,"Winter Traveler
(December with someone)"
750324,"Avr|Point Acumulator
(No companions)"
358020,"Avr|Point Acumulator
(No companions)"
607885,"Moderate travelers
(Current average)"
318786,"Avr|May Companion
(Less travel on may)"
752274,"Avr|Nov Companion
(Less travel on nov)"
227429,"Avr|Point Acumulator
(No companions)"
531841,"Avr|Jan Companion
(Less travel on jan)"
536132,"Few Trips a Year
(Traveling rarely)"
609667,"Avr|May Companion
(Less travel on may)"
734490,"Avr|Jun Companion
(Less travel on jun)"
969485,"Avr|Jun Companion
(Less travel on jun)"
740703,"Avr|May Companion
(Less travel on may)"
463833,"Avr|Jun Companion
(Less travel on jun)"
600664,"Avr|Oct Companion
(Less travel on oct)"
604772,"Avr|Nov Companion
(Less travel on nov)"
633162,No Traveler
905569,"Avr|Nov Companion
(Less travel on nov)"
337842,"Moderate travelers
(Current average)"
413050,"Avr|May Companion
(Less travel on may)"
216658,"Avr|Nov Companion
(Less travel on nov)"
465540,"Avr|Point Acumulator
(No companions)"
825239,"Moderate travelers
(Current average)"
254546,"Avr|Jan Companion
(Less travel on jan)"
614219,"Avr|Mar Companion
(Less travel on mar)"
453972,"Avr|Point Acumulator
(No companions)"
855559,"Avr|Point Acumulator
(No companions)"
225972,"Avr|May Companion
(Less travel on may)"
384986,"Avr|Point Acumulator
(No companions)"
786709,"Moderate travelers
(Current average)"
861095,"Avr|Point Acumulator
(No companions)"
378793,"Avr|Feb Companion
(Less travel on feb)"
555081,"Avr|Point Acumulator
(No companions)"
202156,"Avr|Point Acumulator
(No companions)"
452530,"Avr|Point Acumulator
(No companions)"
629299,"Holiday traveler
(summer companions, winter alone)"
704607,"Winter Traveler
(December with someone)"
222929,"Avr|Nov Companion
(Less travel on nov)"
242028,"Moderate travelers
(Current average)"
188828,"Avr|Point Acumulator
(No companions)"
241421,"Avr|Dec Companion
(Less travel on dec)"
258088,"Avr|May Companion
(Less travel on may)"
677527,"Avr|Jun Companion
(Less travel on jun)"
561072,"Avr|Point Acumulator
(No companions)"
210835,"Avr|Dec Companion
(Less travel on dec)"
972222,"Avr|Point Acumulator
(No companions)"
262937,No Traveler
281075,"Moderate travelers
(Current average)"
596544,"Holiday traveler
(summer companions, winter alone)"
613076,"Avr|May Companion
(Less travel on may)"
428778,"Few Trips a Year
(Traveling rarely)"
634392,"Avr|Jun Companion
(Less travel on jun)"
438707,"Avr|Mar Companion
(Less travel on mar)"
790089,"Avr|May Companion
(Less travel on may)"
684103,"Few Trips a Year
(Traveling rarely)"
891237,"Avr|Mar Companion
(Less travel on mar)"
453408,"Moderate travelers
(Current average)"
257579,"Avr|Dec Companion
(Less travel on dec)"
828735,"Avr|Point Acumulator
(No companions)"
238814,"Moderate travelers
(Current average)"
123702,"Few Trips a Year
(Traveling rarely)"
453971,"Holiday traveler
(summer companions, winter alone)"
274803,No Traveler
426530,"Avr|Nov Companion
(Less travel on nov)"
785398,"Avr|Jan Companion
(Less travel on jan)"
639807,"Avr|Oct Companion
(Less travel on oct)"
817851,"Avr|May Companion
(Less travel on may)"
435378,"Avr|Feb Companion
(Less travel on feb)"
454471,"Avr|Feb Companion
(Less travel on feb)"
374117,"Avr|May Companion
(Less travel on may)"
790094,"Avr|May Companion
(Less travel on may)"
337341,"Few Trips a Year
(Traveling rarely)"
614122,"Moderate travelers
(Current average)"
464639,"Avr|Feb Companion
(Less travel on feb)"
498149,"Avr|Feb Companion
(Less travel on feb)"
672395,"Avr|May Companion
(Less travel on may)"
410552,"Avr|Mar Companion
(Less travel on mar)"
718655,"Holiday traveler
(summer companions, winter alone)"
175342,"Avr|Point Acumulator
(No companions)"
384356,No Traveler
738732,"Few Trips a Year
(Traveling rarely)"
975767,"Avr|May Companion
(Less travel on may)"
945834,"Holiday traveler
(summer companions, winter alone)"
102730,"Holiday traveler
(summer companions, winter alone)"
120393,"Avr|May Companion
(Less travel on may)"
160266,No Traveler
195137,"Avr|Point Acumulator
(No companions)"
413620,"Avr|Oct Companion
(Less travel on oct)"
624463,"Avr|Dec Companion
(Less travel on dec)"
675848,"Avr|Point Acumulator
(No companions)"
725100,"Avr|Jun Companion
(Less travel on jun)"
798752,"Few Trips a Year
(Traveling rarely)"
895560,"Avr|Point Acumulator
(No companions)"
208586,No Traveler
791132,"Avr|Feb Companion
(Less travel on feb)"
247220,"Avr|Nov Companion
(Less travel on nov)"
329056,"Few Trips a Year
(Traveling rarely)"
367547,"Avr|Jan Companion
(Less travel on jan)"
240774,No Traveler
327320,"Avr|May Companion
(Less travel on may)"
856782,"Avr|Jan Companion
(Less travel on jan)"
951954,"Avr|Nov Companion
(Less travel on nov)"
349132,"Avr|Nov Companion
(Less travel on nov)"
672089,"Avr|Feb Companion
(Less travel on feb)"
659967,"Avr|May Companion
(Less travel on may)"
923268,No Traveler
300166,"Avr|Feb Companion
(Less travel on feb)"
380110,"Avr|Point Acumulator
(No companions)"
154680,"Avr|Dec Companion
(Less travel on dec)"
957325,No Traveler
943804,"Avr|Oct Companion
(Less travel on oct)"
513170,"Moderate travelers
(Current average)"
950390,"Few Trips a Year
(Traveling rarely)"
462815,"Winter Traveler
(December with someone)"
511568,"Avr|Point Acumulator
(No companions)"
813320,"Avr|Point Acumulator
(No companions)"
431829,"Avr|Oct Companion
(Less travel on oct)"
732113,"Winter Traveler
(December with someone)"
595320,"Avr|Point Acumulator
(No companions)"
877630,"Holiday traveler
(summer companions, winter alone)"
277610,"Avr|Mar Companion
(Less travel on mar)"
802870,"Avr|Jun Companion
(Less travel on jun)"
231614,"Avr|Point Acumulator
(No companions)"
419818,"Avr|Nov Companion
(Less travel on nov)"
440112,"Avr|Point Acumulator
(No companions)"
200991,"Avr|May Companion
(Less travel on may)"
203084,"Avr|Oct Companion
(Less travel on oct)"
467046,"Avr|Nov Companion
(Less travel on nov)"
575849,"Avr|Nov Companion
(Less travel on nov)"
100380,"Avr|Mar Companion
(Less travel on mar)"
959059,"Avr|May Companion
(Less travel on may)"
457716,"Avr|Point Acumulator
(No companions)"
528122,"Avr|Mar Companion
(Less travel on mar)"
857971,"Few Trips a Year
(Traveling rarely)"
172162,No Traveler
815498,"Avr|Point Acumulator
(No companions)"
271148,"Avr|Nov Companion
(Less travel on nov)"
614377,"Winter Traveler
(December with someone)"
176379,No Traveler
851231,"Avr|Point Acumulator
(No companions)"
312607,"Avr|Point Acumulator
(No companions)"
928916,"Avr|Jan Companion
(Less travel on jan)"
420394,"Holiday traveler
(summer companions, winter alone)"
628917,"Avr|Dec Companion
(Less travel on dec)"
802535,No Traveler
492265,"Few Trips a Year
(Traveling rarely)"
687895,"Avr|Oct Companion
(Less travel on oct)"
137040,"Few Trips a Year
(Traveling rarely)"
270575,"Avr|Jan Companion
(Less travel on jan)"
661321,"Avr|Point Acumulator
(No companions)"
908643,"Holiday traveler
(summer companions, winter alone)"
197642,"Avr|Point Acumulator
(No companions)"
345597,"Avr|Dec Companion
(Less travel on dec)"
188147,"Avr|Mar Companion
(Less travel on mar)"
761510,"Avr|Feb Companion
(Less travel on feb)"
909845,"Holiday traveler
(summer companions, winter alone)"
417274,"Avr|Feb Companion
(Less travel on feb)"
100646,"Holiday traveler
(summer companions, winter alone)"
236767,"Avr|Jun Companion
(Less travel on jun)"
327653,"Avr|Dec Companion
(Less travel on dec)"
342725,"Avr|Jun Companion
(Less travel on jun)"
509136,"Avr|May Companion
(Less travel on may)"
583754,"Winter Traveler
(December with someone)"
613747,"Avr|Point Acumulator
(No companions)"
764869,"Avr|Jan Companion
(Less travel on jan)"
905320,"Moderate travelers
(Current average)"
329162,"Avr|Nov Companion
(Less travel on nov)"
342527,"Avr|Nov Companion
(Less travel on nov)"
807681,"Avr|Nov Companion
(Less travel on nov)"
192600,"Moderate travelers
(Current average)"
575342,"Holiday traveler
(summer companions, winter alone)"
671911,"Avr|May Companion
(Less travel on may)"
690199,"Avr|Oct Companion
(Less travel on oct)"
721664,"Avr|Point Acumulator
(No companions)"
773844,"Few Trips a Year
(Traveling rarely)"
789288,"Holiday traveler
(summer companions, winter alone)"
849425,"Avr|Oct Companion
(Less travel on oct)"
687639,"Avr|Mar Companion
(Less travel on mar)"
858196,"Avr|Jan Companion
(Less travel on jan)"
194394,"Avr|Point Acumulator
(No companions)"
942681,"Avr|Nov Companion
(Less travel on nov)"
188006,"Avr|May Companion
(Less travel on may)"
838881,"Avr|May Companion
(Less travel on may)"
308171,"Avr|Dec Companion
(Less travel on dec)"
450417,No Traveler
749033,"Avr|Jun Companion
(Less travel on jun)"
851130,"Avr|Feb Companion
(Less travel on feb)"
989802,"Avr|Point Acumulator
(No companions)"
204343,"Moderate travelers
(Current average)"
516995,"Avr|Dec Companion
(Less travel on dec)"
354206,"Winter Traveler
(December with someone)"
944810,"Avr|Jun Companion
(Less travel on jun)"
175285,"Avr|Jan Companion
(Less travel on jan)"
638685,"Avr|Oct Companion
(Less travel on oct)"
497421,"Avr|Point Acumulator
(No companions)"
730561,No Traveler
458864,No Traveler
928957,"Avr|Mar Companion
(Less travel on mar)"
186901,"Avr|Oct Companion
(Less travel on oct)"
511573,"Avr|Point Acumulator
(No companions)"
614106,"Avr|Point Acumulator
(No companions)"
909503,"Avr|Point Acumulator
(No companions)"
320772,"Avr|Jan Companion
(Less travel on jan)"
740918,"Avr|Jan Companion
(Less travel on jan)"
478142,"Avr|Point Acumulator
(No companions)"
612719,"Avr|Dec Companion
(Less travel on dec)"
887117,"Few Trips a Year
(Traveling rarely)"
587420,"Avr|Nov Companion
(Less travel on nov)"
563981,"Avr|Mar Companion
(Less travel on mar)"
852323,"Avr|May Companion
(Less travel on may)"
206914,"Avr|Oct Companion
(Less travel on oct)"
583272,"Winter Traveler
(December with someone)"
702542,"Avr|Jun Companion
(Less travel on jun)"
757010,"Avr|Dec Companion
(Less travel on dec)"
463926,"Holiday traveler
(summer companions, winter alone)"
716362,"Avr|Point Acumulator
(No companions)"
257440,"Avr|Jan Companion
(Less travel on jan)"
610916,No Traveler
671383,"Avr|Mar Companion
(Less travel on mar)"
722399,"Avr|Nov Companion
(Less travel on nov)"
369795,"Holiday traveler
(summer companions, winter alone)"
527090,No Traveler
106477,"Moderate travelers
(Current average)"
690890,"Moderate travelers
(Current average)"
767894,"Avr|Jan Companion
(Less travel on jan)"
259789,"Holiday traveler
(summer companions, winter alone)"
391397,"Avr|Jun Companion
(Less travel on jun)"
973168,"Avr|Feb Companion
(Less travel on feb)"
324739,"Avr|Jan Companion
(Less travel on jan)"
530517,"Avr|Mar Companion
(Less travel on mar)"
242779,"Avr|Point Acumulator
(No companions)"
781570,"Avr|Point Acumulator
(No companions)"
426698,"Avr|Dec Companion
(Less travel on dec)"
985115,"Winter Traveler
(December with someone)"
153626,"Avr|Point Acumulator
(No companions)"
189158,"Avr|May Companion
(Less travel on may)"
163970,"Avr|Nov Companion
(Less travel on nov)"
635719,"Avr|Oct Companion
(Less travel on oct)"
500280,"Avr|Dec Companion
(Less travel on dec)"
139532,"Avr|Dec Companion
(Less travel on dec)"
169393,"Avr|Point Acumulator
(No companions)"
172259,"Avr|Jun Companion
(Less travel on jun)"
177598,"Avr|Oct Companion
(Less travel on oct)"
246405,"Avr|Oct Companion
(Less travel on oct)"
280864,"Avr|Feb Companion
(Less travel on feb)"
404314,"Avr|Oct Companion
(Less travel on oct)"
434477,"Avr|Oct Companion
(Less travel on oct)"
459345,"Avr|May Companion
(Less travel on may)"
551837,"Avr|Dec Companion
(Less travel on dec)"
632435,"Holiday traveler
(summer companions, winter alone)"
132296,"Avr|Nov Companion
(Less travel on nov)"
240132,"Avr|Feb Companion
(Less travel on feb)"
367811,No Traveler
418779,"Avr|Point Acumulator
(No companions)"
432718,"Avr|Feb Companion
(Less travel on feb)"
671119,"Avr|Feb Companion
(Less travel on feb)"
762485,"Avr|Mar Companion
(Less travel on mar)"
774272,"Avr|Point Acumulator
(No companions)"
822051,"Avr|Dec Companion
(Less travel on dec)"
952545,"Avr|Mar Companion
(Less travel on mar)"
848632,"Avr|Dec Companion
(Less travel on dec)"
989568,"Holiday traveler
(summer companions, winter alone)"
164743,"Avr|Nov Companion
(Less travel on nov)"
172724,No Traveler
419749,"Avr|Jan Companion
(Less travel on jan)"
284203,"Avr|Mar Companion
(Less travel on mar)"
914152,"Avr|Jan Companion
(Less travel on jan)"
119135,"Avr|Point Acumulator
(No companions)"
691220,"Avr|Feb Companion
(Less travel on feb)"
213246,"Avr|Feb Companion
(Less travel on feb)"
246571,"Avr|Jun Companion
(Less travel on jun)"
930502,"Avr|May Companion
(Less travel on may)"
116288,"Avr|Feb Companion
(Less travel on feb)"
857497,"Avr|Jan Companion
(Less travel on jan)"
369682,"Holiday traveler
(summer companions, winter alone)"
430107,"Moderate travelers
(Current average)"
435657,"Avr|Mar Companion
(Less travel on mar)"
515822,"Avr|May Companion
(Less travel on may)"
275358,"Avr|Oct Companion
(Less travel on oct)"
456785,"Avr|Oct Companion
(Less travel on oct)"
188318,"Avr|Feb Companion
(Less travel on feb)"
966729,"Avr|May Companion
(Less travel on may)"
922484,"Avr|Point Acumulator
(No companions)"
926300,"Winter Traveler
(December with someone)"
211891,"Avr|Jun Companion
(Less travel on jun)"
660294,"Avr|Jun Companion
(Less travel on jun)"
267291,"Avr|Point Acumulator
(No companions)"
409989,No Traveler
758738,"Holiday traveler
(summer companions, winter alone)"
708634,"Avr|Mar Companion
(Less travel on mar)"
370660,No Traveler
849587,"Avr|May Companion
(Less travel on may)"
599442,"Avr|Mar Companion
(Less travel on mar)"
752580,"Avr|Nov Companion
(Less travel on nov)"
462663,"Avr|Point Acumulator
(No companions)"
978048,"Avr|Feb Companion
(Less travel on feb)"
826975,No Traveler
420457,"Avr|Dec Companion
(Less travel on dec)"
497108,"Avr|Jan Companion
(Less travel on jan)"
238156,"Avr|May Companion
(Less travel on may)"
776317,No Traveler
250619,"Avr|Point Acumulator
(No companions)"
680376,"Winter Traveler
(December with someone)"
691855,No Traveler
833728,"Avr|Feb Companion
(Less travel on feb)"
258951,"Moderate travelers
(Current average)"
354477,"Avr|Nov Companion
(Less travel on nov)"
417001,No Traveler
626211,"Avr|Oct Companion
(Less travel on oct)"
597197,"Avr|Oct Companion
(Less travel on oct)"
986421,"Avr|Jan Companion
(Less travel on jan)"
779085,"Avr|Mar Companion
(Less travel on mar)"
921705,"Avr|Point Acumulator
(No companions)"
317888,"Avr|Point Acumulator
(No companions)"
777171,"Moderate travelers
(Current average)"
932745,"Moderate travelers
(Current average)"
947620,"Avr|May Companion
(Less travel on may)"
742509,"Avr|Jan Companion
(Less travel on jan)"
924268,"Moderate travelers
(Current average)"
202218,"Winter Traveler
(December with someone)"
612963,No Traveler
666473,"Avr|Jan Companion
(Less travel on jan)"
136715,"Moderate travelers
(Current average)"
365166,No Traveler
628952,"Avr|May Companion
(Less travel on may)"
690866,"Avr|Point Acumulator
(No companions)"
947158,"Holiday traveler
(summer companions, winter alone)"
157200,"Avr|Jun Companion
(Less travel on jun)"
392953,"Winter Traveler
(December with someone)"
395962,No Traveler
737509,"Few Trips a Year
(Traveling rarely)"
335852,"Avr|Jan Companion
(Less travel on jan)"
865727,"Holiday traveler
(summer companions, winter alone)"
659607,"Moderate travelers
(Current average)"
706884,"Moderate travelers
(Current average)"
197067,"Avr|Point Acumulator
(No companions)"
376424,"Avr|May Companion
(Less travel on may)"
490250,"Avr|May Companion
(Less travel on may)"
317827,"Moderate travelers
(Current average)"
119997,"Avr|Jun Companion
(Less travel on jun)"
356507,"Avr|Point Acumulator
(No companions)"
422496,"Avr|Oct Companion
(Less travel on oct)"
929728,"Avr|Jan Companion
(Less travel on jan)"
343879,"Few Trips a Year
(Traveling rarely)"
406176,"Avr|Nov Companion
(Less travel on nov)"
494384,"Avr|Jan Companion
(Less travel on jan)"
581661,"Avr|Dec Companion
(Less travel on dec)"
618823,"Avr|Feb Companion
(Less travel on feb)"
641050,"Avr|Jan Companion
(Less travel on jan)"
695596,No Traveler
739084,"Avr|Mar Companion
(Less travel on mar)"
743610,"Avr|Dec Companion
(Less travel on dec)"
829588,"Avr|Jun Companion
(Less travel on jun)"
878816,No Traveler
969810,"Avr|Point Acumulator
(No companions)"
565960,"Avr|Dec Companion
(Less travel on dec)"
641704,"Avr|Jun Companion
(Less travel on jun)"
108264,"Avr|Point Acumulator
(No companions)"
298601,"Avr|Point Acumulator
(No companions)"
581481,"Avr|Point Acumulator
(No companions)"
693608,"Avr|Mar Companion
(Less travel on mar)"
772370,"Avr|Jun Companion
(Less travel on jun)"
843037,"Avr|Dec Companion
(Less travel on dec)"
212189,"Avr|Mar Companion
(Less travel on mar)"
216487,"Avr|Oct Companion
(Less travel on oct)"
674118,"Moderate travelers
(Current average)"
880436,"Avr|Jun Companion
(Less travel on jun)"
387455,"Holiday traveler
(summer companions, winter alone)"
877124,"Avr|Jan Companion
(Less travel on jan)"
107461,"Avr|Nov Companion
(Less travel on nov)"
785076,"Moderate travelers
(Current average)"
510353,"Holiday traveler
(summer companions, winter alone)"
764896,"Avr|Oct Companion
(Less travel on oct)"
838845,No Traveler
929712,"Holiday traveler
(summer companions, winter alone)"
229391,No Traveler
383367,No Traveler
393101,No Traveler
276035,"Avr|Jun Companion
(Less travel on jun)"
474458,"Avr|Oct Companion
(Less travel on oct)"
968764,"Winter Traveler
(December with someone)"
200744,"Avr|Dec Companion
(Less travel on dec)"
448354,"Avr|Point Acumulator
(No companions)"
421744,"Avr|Jun Companion
(Less travel on jun)"
953892,"Few Trips a Year
(Traveling rarely)"
745901,"Avr|Mar Companion
(Less travel on mar)"
794323,"Avr|Feb Companion
(Less travel on feb)"
711571,"Avr|Oct Companion
(Less travel on oct)"
206772,"Avr|Mar Companion
(Less travel on mar)"
860099,"Avr|Mar Companion
(Less travel on mar)"
348215,"Avr|May Companion
(Less travel on may)"
966089,No Traveler
208323,"Avr|Jun Companion
(Less travel on jun)"
244296,"Avr|Point Acumulator
(No companions)"
577501,"Avr|Mar Companion
(Less travel on mar)"
961218,"Avr|Dec Companion
(Less travel on dec)"
343103,"Avr|Dec Companion
(Less travel on dec)"
454880,"Avr|Oct Companion
(Less travel on oct)"
328188,"Avr|Feb Companion
(Less travel on feb)"
401350,"Winter Traveler
(December with someone)"
486197,"Winter Traveler
(December with someone)"
625451,"Avr|May Companion
(Less travel on may)"
908882,No Traveler
979644,"Avr|Jun Companion
(Less travel on jun)"
851390,"Avr|Mar Companion
(Less travel on mar)"
887266,"Avr|May Companion
(Less travel on may)"
128032,"Winter Traveler
(December with someone)"
337066,"Avr|Jan Companion
(Less travel on jan)"
581651,No Traveler
582066,"Moderate travelers
(Current average)"
643705,"Avr|Jun Companion
(Less travel on jun)"
752107,"Avr|Jun Companion
(Less travel on jun)"
798881,"Avr|Nov Companion
(Less travel on nov)"
868025,"Avr|Jan Companion
(Less travel on jan)"
918112,"Avr|Point Acumulator
(No companions)"
977305,"Avr|Mar Companion
(Less travel on mar)"
447796,"Holiday traveler
(summer companions, winter alone)"
584845,"Avr|Point Acumulator
(No companions)"
498643,"Avr|Oct Companion
(Less travel on oct)"
489985,"Few Trips a Year
(Traveling rarely)"
909727,"Few Trips a Year
(Traveling rarely)"
190227,"Avr|Oct Companion
(Less travel on oct)"
212849,"Avr|May Companion
(Less travel on may)"
100753,"Avr|May Companion
(Less travel on may)"
794723,"Avr|Dec Companion
(Less travel on dec)"
250363,No Traveler
460349,"Moderate travelers
(Current average)"
317776,"Avr|Dec Companion
(Less travel on dec)"
543901,"Avr|Mar Companion
(Less travel on mar)"
837641,"Avr|Mar Companion
(Less travel on mar)"
292546,"Avr|Point Acumulator
(No companions)"
718962,"Avr|Oct Companion
(Less travel on oct)"
309304,"Avr|Point Acumulator
(No companions)"
834537,No Traveler
515775,"Avr|Jun Companion
(Less travel on jun)"
576363,"Avr|Oct Companion
(Less travel on oct)"
696732,"Winter Traveler
(December with someone)"
190827,"Avr|May Companion
(Less travel on may)"
599372,"Holiday traveler
(summer companions, winter alone)"
446988,"Avr|May Companion
(Less travel on may)"
863280,"Avr|Oct Companion
(Less travel on oct)"
148749,No Traveler
618719,"Avr|May Companion
(Less travel on may)"
381189,"Avr|Oct Companion
(Less travel on oct)"
575821,No Traveler
172284,No Traveler
243191,"Avr|Dec Companion
(Less travel on dec)"
269694,"Avr|Oct Companion
(Less travel on oct)"
312545,"Winter Traveler
(December with someone)"
353096,"Avr|Point Acumulator
(No companions)"
401766,"Moderate travelers
(Current average)"
446352,"Avr|Nov Companion
(Less travel on nov)"
481457,"Holiday traveler
(summer companions, winter alone)"
549686,"Avr|Nov Companion
(Less travel on nov)"
911668,"Avr|Dec Companion
(Less travel on dec)"
453032,"Avr|Point Acumulator
(No companions)"
696562,"Winter Traveler
(December with someone)"
559576,"Avr|May Companion
(Less travel on may)"
822205,No Traveler
513099,"Holiday traveler
(summer companions, winter alone)"
765655,No Traveler
316933,"Avr|Nov Companion
(Less travel on nov)"
890650,"Winter Traveler
(December with someone)"
162489,"Winter Traveler
(December with someone)"
950933,"Avr|Mar Companion
(Less travel on mar)"
139135,"Avr|Oct Companion
(Less travel on oct)"
374931,"Avr|Jun Companion
(Less travel on jun)"
713520,"Few Trips a Year
(Traveling rarely)"
779106,"Avr|Feb Companion
(Less travel on feb)"
778066,No Traveler
820204,"Moderate travelers
(Current average)"
550598,No Traveler
592350,"Avr|Jan Companion
(Less travel on jan)"
113578,"Few Trips a Year
(Traveling rarely)"
900853,"Avr|Point Acumulator
(No companions)"
318755,"Avr|May Companion
(Less travel on may)"
469660,"Avr|Mar Companion
(Less travel on mar)"
133821,"Avr|Jan Companion
(Less travel on jan)"
915156,"Avr|Nov Companion
(Less travel on nov)"
214095,"Avr|Jan Companion
(Less travel on jan)"
948714,"Avr|Dec Companion
(Less travel on dec)"
783255,"Avr|Feb Companion
(Less travel on feb)"
796544,No Traveler
134012,No Traveler
841948,"Winter Traveler
(December with someone)"
536018,"Avr|Dec Companion
(Less travel on dec)"
603545,"Avr|May Companion
(Less travel on may)"
982535,"Avr|Feb Companion
(Less travel on feb)"
138121,"Avr|Oct Companion
(Less travel on oct)"
516594,"Avr|Mar Companion
(Less travel on mar)"
844677,"Avr|May Companion
(Less travel on may)"
942355,"Avr|Dec Companion
(Less travel on dec)"
140391,"Holiday traveler
(summer companions, winter alone)"
220538,"Few Trips a Year
(Traveling rarely)"
178565,No Traveler
729173,"Avr|Point Acumulator
(No companions)"
781924,"Moderate travelers
(Current average)"
453133,"Avr|Jun Companion
(Less travel on jun)"
465421,"Avr|Mar Companion
(Less travel on mar)"
439252,No Traveler
985839,"Avr|Mar Companion
(Less travel on mar)"
321012,"Avr|May Companion
(Less travel on may)"
528331,"Avr|Mar Companion
(Less travel on mar)"
383391,No Traveler
186810,"Avr|Feb Companion
(Less travel on feb)"
771901,"Avr|Feb Companion
(Less travel on feb)"
104960,"Few Trips a Year
(Traveling rarely)"
172200,"Winter Traveler
(December with someone)"
293689,No Traveler
348400,"Avr|Jan Companion
(Less travel on jan)"
354461,"Avr|Jan Companion
(Less travel on jan)"
478986,"Moderate travelers
(Current average)"
729444,No Traveler
750649,"Avr|Nov Companion
(Less travel on nov)"
805170,"Avr|Dec Companion
(Less travel on dec)"
834790,"Winter Traveler
(December with someone)"
997434,"Avr|Feb Companion
(Less travel on feb)"
218757,"Holiday traveler
(summer companions, winter alone)"
830171,"Avr|Point Acumulator
(No companions)"
571239,"Avr|Dec Companion
(Less travel on dec)"
976529,"Avr|Nov Companion
(Less travel on nov)"
127785,"Avr|Nov Companion
(Less travel on nov)"
503357,"Avr|Jun Companion
(Less travel on jun)"
166865,"Avr|Dec Companion
(Less travel on dec)"
313732,"Moderate travelers
(Current average)"
254579,"Moderate travelers
(Current average)"
631583,"Avr|May Companion
(Less travel on may)"
799657,No Traveler
957881,"Avr|Point Acumulator
(No companions)"
649422,"Avr|Mar Companion
(Less travel on mar)"
733627,"Avr|Mar Companion
(Less travel on mar)"
515929,"Avr|Jun Companion
(Less travel on jun)"
570600,"Holiday traveler
(summer companions, winter alone)"
640614,"Avr|Point Acumulator
(No companions)"
864845,"Avr|Nov Companion
(Less travel on nov)"
431640,"Avr|Dec Companion
(Less travel on dec)"
850414,"Avr|May Companion
(Less travel on may)"
352490,"Avr|Dec Companion
(Less travel on dec)"
593327,"Winter Traveler
(December with someone)"
114214,"Winter Traveler
(December with someone)"
562644,"Avr|May Companion
(Less travel on may)"
618494,"Few Trips a Year
(Traveling rarely)"
662934,No Traveler
734458,"Avr|Feb Companion
(Less travel on feb)"
784946,"Avr|Dec Companion
(Less travel on dec)"
433477,"Winter Traveler
(December with someone)"
489244,"Avr|Feb Companion
(Less travel on feb)"
352216,No Traveler
770568,No Traveler
492496,"Avr|Feb Companion
(Less travel on feb)"
747571,"Avr|Point Acumulator
(No companions)"
843737,No Traveler
547500,"Avr|Oct Companion
(Less travel on oct)"
354084,"Moderate travelers
(Current average)"
634386,"Avr|Mar Companion
(Less travel on mar)"
482551,"Avr|Jun Companion
(Less travel on jun)"
788947,"Avr|Feb Companion
(Less travel on feb)"
753089,"Avr|May Companion
(Less travel on may)"
877419,"Few Trips a Year
(Traveling rarely)"
106616,No Traveler
618022,"Holiday traveler
(summer companions, winter alone)"
586365,"Holiday traveler
(summer companions, winter alone)"
193946,No Traveler
891128,"Avr|Oct Companion
(Less travel on oct)"
358151,"Avr|Mar Companion
(Less travel on mar)"
236129,"Moderate travelers
(Current average)"
879904,"Avr|Dec Companion
(Less travel on dec)"
726309,No Traveler
498610,"Few Trips a Year
(Traveling rarely)"
728486,"Avr|Mar Companion
(Less travel on mar)"
110394,"Avr|Oct Companion
(Less travel on oct)"
450865,"Avr|Feb Companion
(Less travel on feb)"
711510,"Avr|Point Acumulator
(No companions)"
372652,"Avr|Nov Companion
(Less travel on nov)"
294865,"Avr|Nov Companion
(Less travel on nov)"
462595,"Moderate travelers
(Current average)"
328180,"Holiday traveler
(summer companions, winter alone)"
444365,"Avr|Point Acumulator
(No companions)"
164298,"Holiday traveler
(summer companions, winter alone)"
167465,"Avr|Mar Companion
(Less travel on mar)"
722089,"Avr|Jan Companion
(Less travel on jan)"
802452,"Avr|May Companion
(Less travel on may)"
214605,"Avr|Dec Companion
(Less travel on dec)"
299107,"Avr|Feb Companion
(Less travel on feb)"
613303,"Avr|Point Acumulator
(No companions)"
602587,"Avr|Oct Companion
(Less travel on oct)"
674643,No Traveler
138810,No Traveler
314081,No Traveler
545278,"Avr|Point Acumulator
(No companions)"
625859,"Avr|Point Acumulator
(No companions)"
844556,"Avr|Mar Companion
(Less travel on mar)"
925385,"Moderate travelers
(Current average)"
351500,"Avr|Mar Companion
(Less travel on mar)"
459164,"Holiday traveler
(summer companions, winter alone)"
730246,"Holiday traveler
(summer companions, winter alone)"
999631,"Avr|Mar Companion
(Less travel on mar)"
574771,"Avr|Jan Companion
(Less travel on jan)"
975949,"Avr|Point Acumulator
(No companions)"
165224,No Traveler
237858,No Traveler
260855,"Avr|Feb Companion
(Less travel on feb)"
296567,"Avr|Oct Companion
(Less travel on oct)"
427140,"Avr|Mar Companion
(Less travel on mar)"
616083,"Avr|Mar Companion
(Less travel on mar)"
675651,"Avr|Point Acumulator
(No companions)"
717762,No Traveler
720079,"Avr|Jun Companion
(Less travel on jun)"
740090,"Avr|Jan Companion
(Less travel on jan)"
839527,"Avr|Dec Companion
(Less travel on dec)"
198900,"Avr|Dec Companion
(Less travel on dec)"
216762,"Avr|Mar Companion
(Less travel on mar)"
824351,"Avr|Point Acumulator
(No companions)"
510440,"Moderate travelers
(Current average)"
803234,"Avr|Dec Companion
(Less travel on dec)"
493598,"Avr|Dec Companion
(Less travel on dec)"
848694,"Winter Traveler
(December with someone)"
688731,"Winter Traveler
(December with someone)"
839356,"Moderate travelers
(Current average)"
141655,"Avr|May Companion
(Less travel on may)"
549751,"Avr|Dec Companion
(Less travel on dec)"
443232,"Avr|Point Acumulator
(No companions)"
588993,No Traveler
451425,"Holiday traveler
(summer companions, winter alone)"
928354,"Avr|Jan Companion
(Less travel on jan)"
534813,"Avr|Dec Companion
(Less travel on dec)"
614810,"Avr|Jun Companion
(Less travel on jun)"
103502,"Holiday traveler
(summer companions, winter alone)"
334575,"Avr|Jan Companion
(Less travel on jan)"
455896,"Avr|Nov Companion
(Less travel on nov)"
469781,"Few Trips a Year
(Traveling rarely)"
533488,"Winter Traveler
(December with someone)"
630694,"Few Trips a Year
(Traveling rarely)"
707557,"Moderate travelers
(Current average)"
738459,"Moderate travelers
(Current average)"
947863,"Avr|Jan Companion
(Less travel on jan)"
793134,"Avr|Jun Companion
(Less travel on jun)"
891903,"Avr|Mar Companion
(Less travel on mar)"
129817,"Avr|Feb Companion
(Less travel on feb)"
618300,"Avr|Feb Companion
(Less travel on feb)"
167062,"Avr|Oct Companion
(Less travel on oct)"
212735,"Avr|Oct Companion
(Less travel on oct)"
246591,No Traveler
275413,"Avr|May Companion
(Less travel on may)"
285636,"Winter Traveler
(December with someone)"
327972,"Avr|Dec Companion
(Less travel on dec)"
351292,No Traveler
375430,"Avr|Mar Companion
(Less travel on mar)"
663213,No Traveler
198785,No Traveler
695069,No Traveler
281952,No Traveler
515905,"Avr|Point Acumulator
(No companions)"
228772,"Few Trips a Year
(Traveling rarely)"
839748,"Avr|Jun Companion
(Less travel on jun)"
561801,No Traveler
540905,"Avr|Point Acumulator
(No companions)"
625599,"Avr|Dec Companion
(Less travel on dec)"
707017,"Winter Traveler
(December with someone)"
807256,"Avr|Mar Companion
(Less travel on mar)"
653191,"Avr|Jan Companion
(Less travel on jan)"
955292,"Avr|Feb Companion
(Less travel on feb)"
164500,No Traveler
587480,"Avr|Point Acumulator
(No companions)"
294283,"Avr|Oct Companion
(Less travel on oct)"
478247,"Avr|Mar Companion
(Less travel on mar)"
637249,"Avr|Mar Companion
(Less travel on mar)"
888291,"Avr|Point Acumulator
(No companions)"
456613,"Holiday traveler
(summer companions, winter alone)"
473563,"Moderate travelers
(Current average)"
432059,"Avr|Feb Companion
(Less travel on feb)"
772827,"Holiday traveler
(summer companions, winter alone)"
119845,"Avr|Nov Companion
(Less travel on nov)"
133128,"Avr|Jun Companion
(Less travel on jun)"
293137,No Traveler
608070,"Avr|Point Acumulator
(No companions)"
887995,"Avr|Feb Companion
(Less travel on feb)"
936211,"Avr|Nov Companion
(Less travel on nov)"
659767,"Avr|Jun Companion
(Less travel on jun)"
723208,No Traveler
168843,"Avr|Oct Companion
(Less travel on oct)"
278059,No Traveler
455606,"Avr|Point Acumulator
(No companions)"
826166,"Winter Traveler
(December with someone)"
167515,"Avr|Dec Companion
(Less travel on dec)"
581007,"Avr|Point Acumulator
(No companions)"
364356,"Moderate travelers
(Current average)"
375203,No Traveler
551938,"Avr|Feb Companion
(Less travel on feb)"
556808,"Avr|Point Acumulator
(No companions)"
571970,"Moderate travelers
(Current average)"
603658,"Avr|Oct Companion
(Less travel on oct)"
616650,"Avr|Jun Companion
(Less travel on jun)"
688820,"Avr|Feb Companion
(Less travel on feb)"
709472,"Avr|Dec Companion
(Less travel on dec)"
654751,"Avr|Oct Companion
(Less travel on oct)"
680945,No Traveler
224130,"Avr|Oct Companion
(Less travel on oct)"
448912,"Avr|Mar Companion
(Less travel on mar)"
813520,"Avr|Point Acumulator
(No companions)"
273177,"Avr|Jan Companion
(Less travel on jan)"
565900,"Avr|Oct Companion
(Less travel on oct)"
662392,No Traveler
605421,"Avr|Jan Companion
(Less travel on jan)"
642808,"Avr|Dec Companion
(Less travel on dec)"
992268,"Avr|May Companion
(Less travel on may)"
415372,"Moderate travelers
(Current average)"
691761,"Avr|Oct Companion
(Less travel on oct)"
287927,"Avr|Feb Companion
(Less travel on feb)"
858667,"Avr|Feb Companion
(Less travel on feb)"
137751,"Avr|Jun Companion
(Less travel on jun)"
556958,"Avr|Oct Companion
(Less travel on oct)"
689459,"Avr|Nov Companion
(Less travel on nov)"
874415,"Few Trips a Year
(Traveling rarely)"
897716,"Avr|Dec Companion
(Less travel on dec)"
853957,"Avr|Point Acumulator
(No companions)"
294071,"Few Trips a Year
(Traveling rarely)"
158508,"Avr|Jun Companion
(Less travel on jun)"
728679,"Avr|Feb Companion
(Less travel on feb)"
205430,"Avr|Feb Companion
(Less travel on feb)"
371079,"Moderate travelers
(Current average)"
574330,"Avr|Jun Companion
(Less travel on jun)"
617471,"Avr|Point Acumulator
(No companions)"
203133,"Avr|Jan Companion
(Less travel on jan)"
742064,"Few Trips a Year
(Traveling rarely)"
265665,No Traveler
605322,"Moderate travelers
(Current average)"
262683,"Avr|Nov Companion
(Less travel on nov)"
264095,"Holiday traveler
(summer companions, winter alone)"
184895,"Avr|Feb Companion
(Less travel on feb)"
268932,"Avr|Jun Companion
(Less travel on jun)"
989473,"Avr|Feb Companion
(Less travel on feb)"
282854,"Avr|Oct Companion
(Less travel on oct)"
944355,"Avr|Oct Companion
(Less travel on oct)"
171906,"Avr|Jun Companion
(Less travel on jun)"
357574,"Avr|Mar Companion
(Less travel on mar)"
768748,"Avr|Feb Companion
(Less travel on feb)"
784185,"Avr|Jun Companion
(Less travel on jun)"
117915,No Traveler
945091,"Avr|Nov Companion
(Less travel on nov)"
341907,"Avr|Feb Companion
(Less travel on feb)"
377674,"Avr|Point Acumulator
(No companions)"
478278,"Avr|Point Acumulator
(No companions)"
975309,"Avr|Point Acumulator
(No companions)"
588220,"Avr|May Companion
(Less travel on may)"
832745,"Avr|Point Acumulator
(No companions)"
580979,"Holiday traveler
(summer companions, winter alone)"
865977,"Avr|Nov Companion
(Less travel on nov)"
593710,"Avr|May Companion
(Less travel on may)"
141023,"Avr|Mar Companion
(Less travel on mar)"
576071,"Avr|Mar Companion
(Less travel on mar)"
127137,"Avr|Dec Companion
(Less travel on dec)"
432370,"Avr|Feb Companion
(Less travel on feb)"
739704,"Avr|Jun Companion
(Less travel on jun)"
971142,"Avr|Nov Companion
(Less travel on nov)"
318564,"Avr|Oct Companion
(Less travel on oct)"
495926,No Traveler
381496,"Few Trips a Year
(Traveling rarely)"
878281,"Avr|Dec Companion
(Less travel on dec)"
454718,"Avr|Mar Companion
(Less travel on mar)"
946061,"Holiday traveler
(summer companions, winter alone)"
471523,"Avr|Mar Companion
(Less travel on mar)"
644434,"Avr|Oct Companion
(Less travel on oct)"
904283,"Moderate travelers
(Current average)"
516301,"Avr|Jan Companion
(Less travel on jan)"
298865,"Moderate travelers
(Current average)"
471583,"Avr|Oct Companion
(Less travel on oct)"
363774,"Avr|Jan Companion
(Less travel on jan)"
450896,"Avr|Point Acumulator
(No companions)"
816510,No Traveler
971157,"Avr|Oct Companion
(Less travel on oct)"
951712,"Avr|Point Acumulator
(No companions)"
724987,"Moderate travelers
(Current average)"
975497,"Avr|Nov Companion
(Less travel on nov)"
562734,"Avr|May Companion
(Less travel on may)"
919889,"Avr|Jun Companion
(Less travel on jun)"
805226,"Avr|May Companion
(Less travel on may)"
956402,"Avr|Nov Companion
(Less travel on nov)"
564882,"Avr|Mar Companion
(Less travel on mar)"
952730,"Moderate travelers
(Current average)"
382889,"Holiday traveler
(summer companions, winter alone)"
422398,"Avr|Dec Companion
(Less travel on dec)"
435613,"Avr|Point Acumulator
(No companions)"
449046,"Moderate travelers
(Current average)"
456822,"Avr|Mar Companion
(Less travel on mar)"
474894,"Avr|Jan Companion
(Less travel on jan)"
629410,"Avr|Nov Companion
(Less travel on nov)"
952582,"Holiday traveler
(summer companions, winter alone)"
583223,"Avr|May Companion
(Less travel on may)"
524968,No Traveler
873886,"Avr|Feb Companion
(Less travel on feb)"
583271,No Traveler
906274,No Traveler
903006,"Avr|May Companion
(Less travel on may)"
969053,"Avr|Point Acumulator
(No companions)"
609072,"Holiday traveler
(summer companions, winter alone)"
996796,"Avr|Oct Companion
(Less travel on oct)"
214322,"Winter Traveler
(December with someone)"
224854,"Avr|Mar Companion
(Less travel on mar)"
443243,"Avr|Dec Companion
(Less travel on dec)"
472445,"Avr|Feb Companion
(Less travel on feb)"
520091,"Avr|Feb Companion
(Less travel on feb)"
531430,"Avr|Point Acumulator
(No companions)"
616722,"Moderate travelers
(Current average)"
752047,"Avr|Jan Companion
(Less travel on jan)"
911525,"Avr|Jun Companion
(Less travel on jun)"
971528,"Avr|Feb Companion
(Less travel on feb)"
988249,"Avr|Feb Companion
(Less travel on feb)"
154736,"Avr|Dec Companion
(Less travel on dec)"
903496,"Avr|Jun Companion
(Less travel on jun)"
873022,"Holiday traveler
(summer companions, winter alone)"
913340,"Avr|Jan Companion
(Less travel on jan)"
184496,"Avr|Jan Companion
(Less travel on jan)"
753533,"Avr|Point Acumulator
(No companions)"
572265,"Avr|Jan Companion
(Less travel on jan)"
938636,"Avr|Mar Companion
(Less travel on mar)"
193824,"Moderate travelers
(Current average)"
722169,"Avr|Point Acumulator
(No companions)"
129555,"Avr|Oct Companion
(Less travel on oct)"
637986,"Avr|Jun Companion
(Less travel on jun)"
185496,"Winter Traveler
(December with someone)"
858802,"Avr|Oct Companion
(Less travel on oct)"
548722,"Avr|Jun Companion
(Less travel on jun)"
421691,"Avr|Nov Companion
(Less travel on nov)"
698395,"Avr|Jan Companion
(Less travel on jan)"
828076,"Avr|May Companion
(Less travel on may)"
498319,No Traveler
618824,"Avr|May Companion
(Less travel on may)"
503832,"Avr|Nov Companion
(Less travel on nov)"
737764,"Avr|Jan Companion
(Less travel on jan)"
419732,No Traveler
389812,No Traveler
975387,"Avr|Point Acumulator
(No companions)"
842959,"Avr|Jan Companion
(Less travel on jan)"
419540,"Avr|Dec Companion
(Less travel on dec)"
749684,"Moderate travelers
(Current average)"
239182,"Avr|Mar Companion
(Less travel on mar)"
872297,"Winter Traveler
(December with someone)"
201055,"Winter Traveler
(December with someone)"
913449,"Avr|Jan Companion
(Less travel on jan)"
166011,No Traveler
739138,"Avr|Point Acumulator
(No companions)"
970014,No Traveler
275306,"Avr|May Companion
(Less travel on may)"
621093,"Avr|Jun Companion
(Less travel on jun)"
300806,"Avr|Dec Companion
(Less travel on dec)"
999982,No Traveler
344260,"Avr|Jan Companion
(Less travel on jan)"
423272,"Avr|Dec Companion
(Less travel on dec)"
241374,"Avr|May Companion
(Less travel on may)"
522234,"Avr|Oct Companion
(Less travel on oct)"
773943,"Avr|Feb Companion
(Less travel on feb)"
957452,"Moderate travelers
(Current average)"
622006,"Avr|Dec Companion
(Less travel on dec)"
963036,"Avr|May Companion
(Less travel on may)"
373554,No Traveler
814236,No Traveler
186199,"Avr|Nov Companion
(Less travel on nov)"
857682,"Avr|Mar Companion
(Less travel on mar)"
346346,"Winter Traveler
(December with someone)"
470373,"Avr|Nov Companion
(Less travel on nov)"
940822,"Avr|Jun Companion
(Less travel on jun)"
947679,No Traveler
895684,"Avr|Point Acumulator
(No companions)"
365642,"Winter Traveler
(December with someone)"
927202,"Avr|Point Acumulator
(No companions)"
344052,"Winter Traveler
(December with someone)"
787548,"Avr|Point Acumulator
(No companions)"
258248,"Avr|Point Acumulator
(No companions)"
242288,"Avr|Jun Companion
(Less travel on jun)"
652212,"Avr|May Companion
(Less travel on may)"
551510,"Avr|Jan Companion
(Less travel on jan)"
818329,No Traveler
336878,No Traveler
969616,"Avr|May Companion
(Less travel on may)"
849589,"Avr|Nov Companion
(Less travel on nov)"
474905,"Avr|May Companion
(Less travel on may)"
716294,"Avr|May Companion
(Less travel on may)"
131257,"Avr|Jun Companion
(Less travel on jun)"
628409,"Avr|Nov Companion
(Less travel on nov)"
554136,"Avr|Jun Companion
(Less travel on jun)"
557867,"Avr|Nov Companion
(Less travel on nov)"
726077,"Winter Traveler
(December with someone)"
234878,"Avr|Point Acumulator
(No companions)"
250311,"Moderate travelers
(Current average)"
759991,"Avr|Oct Companion
(Less travel on oct)"
446712,"Avr|Point Acumulator
(No companions)"
131047,"Avr|Jun Companion
(Less travel on jun)"
367562,"Avr|Feb Companion
(Less travel on feb)"
386298,"Winter Traveler
(December with someone)"
398655,No Traveler
441419,No Traveler
459017,"Avr|Jan Companion
(Less travel on jan)"
542118,"Avr|Nov Companion
(Less travel on nov)"
697905,"Avr|Point Acumulator
(No companions)"
877654,"Avr|Oct Companion
(Less travel on oct)"
532978,"Avr|Mar Companion
(Less travel on mar)"
608419,"Avr|Jan Companion
(Less travel on jan)"
375399,"Avr|Feb Companion
(Less travel on feb)"
417507,"Avr|Oct Companion
(Less travel on oct)"
565805,"Avr|Dec Companion
(Less travel on dec)"
342156,"Avr|Jun Companion
(Less travel on jun)"
584536,"Avr|Dec Companion
(Less travel on dec)"
614100,"Avr|Point Acumulator
(No companions)"
756663,"Winter Traveler
(December with someone)"
361266,"Avr|Mar Companion
(Less travel on mar)"
762562,No Traveler
852520,"Moderate travelers
(Current average)"
902742,"Winter Traveler
(December with someone)"
366537,"Avr|Nov Companion
(Less travel on nov)"
915933,"Avr|Dec Companion
(Less travel on dec)"
882084,No Traveler
155791,"Avr|Feb Companion
(Less travel on feb)"
668020,"Avr|Mar Companion
(Less travel on mar)"
386037,"Avr|Jan Companion
(Less travel on jan)"
465927,No Traveler
130823,"Avr|Point Acumulator
(No companions)"
952003,"Avr|Dec Companion
(Less travel on dec)"
353786,"Few Trips a Year
(Traveling rarely)"
762255,"Holiday traveler
(summer companions, winter alone)"
290200,"Few Trips a Year
(Traveling rarely)"
609730,"Avr|Jan Companion
(Less travel on jan)"
181140,"Avr|Jun Companion
(Less travel on jun)"
539746,No Traveler
484543,"Few Trips a Year
(Traveling rarely)"
492090,"Avr|Nov Companion
(Less travel on nov)"
106046,"Avr|Feb Companion
(Less travel on feb)"
545586,"Holiday traveler
(summer companions, winter alone)"
176115,"Avr|Oct Companion
(Less travel on oct)"
528697,"Winter Traveler
(December with someone)"
473564,"Few Trips a Year
(Traveling rarely)"
516362,"Avr|Oct Companion
(Less travel on oct)"
119198,"Avr|Point Acumulator
(No companions)"
356237,"Avr|Point Acumulator
(No companions)"
503638,"Few Trips a Year
(Traveling rarely)"
706007,"Winter Traveler
(December with someone)"
731254,No Traveler
889501,No Traveler
895994,"Winter Traveler
(December with someone)"
918341,"Few Trips a Year
(Traveling rarely)"
923761,"Moderate travelers
(Current average)"
925609,"Avr|May Companion
(Less travel on may)"
283654,"Avr|Oct Companion
(Less travel on oct)"
319304,"Holiday traveler
(summer companions, winter alone)"
846194,"Avr|Point Acumulator
(No companions)"
265226,"Avr|Jan Companion
(Less travel on jan)"
540551,"Avr|Oct Companion
(Less travel on oct)"
235882,"Avr|Jan Companion
(Less travel on jan)"
263762,"Avr|Point Acumulator
(No companions)"
255994,No Traveler
607856,"Avr|Point Acumulator
(No companions)"
295302,"Few Trips a Year
(Traveling rarely)"
837012,"Avr|Nov Companion
(Less travel on nov)"
309584,"Moderate travelers
(Current average)"
512191,"Avr|Nov Companion
(Less travel on nov)"
720765,"Avr|Dec Companion
(Less travel on dec)"
436569,"Avr|Point Acumulator
(No companions)"
599145,"Avr|Feb Companion
(Less travel on feb)"
340574,"Holiday traveler
(summer companions, winter alone)"
877101,"Avr|Nov Companion
(Less travel on nov)"
865759,"Few Trips a Year
(Traveling rarely)"
551975,"Avr|Point Acumulator
(No companions)"
821216,"Avr|Nov Companion
(Less travel on nov)"
259342,"Moderate travelers
(Current average)"
490774,"Moderate travelers
(Current average)"
906852,"Avr|Mar Companion
(Less travel on mar)"
913233,"Avr|Jan Companion
(Less travel on jan)"
573995,No Traveler
845580,"Avr|Point Acumulator
(No companions)"
262305,"Winter Traveler
(December with someone)"
453876,"Winter Traveler
(December with someone)"
956908,"Avr|Dec Companion
(Less travel on dec)"
262099,"Avr|Nov Companion
(Less travel on nov)"
500759,"Avr|Mar Companion
(Less travel on mar)"
644163,"Moderate travelers
(Current average)"
649089,No Traveler
636017,No Traveler
780423,"Avr|Dec Companion
(Less travel on dec)"
222748,"Avr|Point Acumulator
(No companions)"
839328,"Moderate travelers
(Current average)"
172987,"Avr|Oct Companion
(Less travel on oct)"
188470,"Few Trips a Year
(Traveling rarely)"
237492,"Avr|Nov Companion
(Less travel on nov)"
346390,No Traveler
375792,"Winter Traveler
(December with someone)"
616350,"Few Trips a Year
(Traveling rarely)"
652374,"Few Trips a Year
(Traveling rarely)"
724435,"Avr|Nov Companion
(Less travel on nov)"
770327,"Avr|Jun Companion
(Less travel on jun)"
851562,"Avr|Nov Companion
(Less travel on nov)"
917779,"Avr|May Companion
(Less travel on may)"
694723,"Avr|Feb Companion
(Less travel on feb)"
157731,"Avr|May Companion
(Less travel on may)"
780140,"Moderate travelers
(Current average)"
356558,"Avr|May Companion
(Less travel on may)"
890673,No Traveler
322955,No Traveler
873761,"Moderate travelers
(Current average)"
591841,"Avr|Point Acumulator
(No companions)"
827172,"Avr|Dec Companion
(Less travel on dec)"
504219,"Avr|May Companion
(Less travel on may)"
130439,No Traveler
429308,"Avr|Point Acumulator
(No companions)"
578013,"Avr|May Companion
(Less travel on may)"
772960,"Moderate travelers
(Current average)"
283326,"Moderate travelers
(Current average)"
391564,"Avr|Point Acumulator
(No companions)"
715640,"Avr|Feb Companion
(Less travel on feb)"
442282,"Avr|Dec Companion
(Less travel on dec)"
902852,"Winter Traveler
(December with someone)"
306051,"Avr|Feb Companion
(Less travel on feb)"
586191,"Avr|Feb Companion
(Less travel on feb)"
752729,"Avr|Point Acumulator
(No companions)"
103304,"Avr|Dec Companion
(Less travel on dec)"
446171,"Avr|Feb Companion
(Less travel on feb)"
763183,"Avr|Oct Companion
(Less travel on oct)"
952672,"Holiday traveler
(summer companions, winter alone)"
643099,No Traveler
711541,"Avr|Dec Companion
(Less travel on dec)"
829003,"Avr|Nov Companion
(Less travel on nov)"
901049,"Winter Traveler
(December with someone)"
444524,"Avr|Nov Companion
(Less travel on nov)"
974829,"Avr|Oct Companion
(Less travel on oct)"
499089,"Avr|Point Acumulator
(No companions)"
130086,"Avr|Nov Companion
(Less travel on nov)"
153193,"Avr|Mar Companion
(Less travel on mar)"
571643,"Avr|Feb Companion
(Less travel on feb)"
595215,"Avr|Jun Companion
(Less travel on jun)"
707999,No Traveler
101540,"Holiday traveler
(summer companions, winter alone)"
268630,"Avr|Oct Companion
(Less travel on oct)"
272114,No Traveler
634850,"Avr|Feb Companion
(Less travel on feb)"
214504,"Avr|May Companion
(Less travel on may)"
411296,No Traveler
225279,"Avr|Jan Companion
(Less travel on jan)"
370093,"Avr|Mar Companion
(Less travel on mar)"
968943,"Avr|Mar Companion
(Less travel on mar)"
184090,"Winter Traveler
(December with someone)"
867056,"Avr|Jun Companion
(Less travel on jun)"
316666,No Traveler
346678,"Avr|Nov Companion
(Less travel on nov)"
118729,"Winter Traveler
(December with someone)"
316633,"Few Trips a Year
(Traveling rarely)"
605926,"Avr|Mar Companion
(Less travel on mar)"
934212,"Avr|Oct Companion
(Less travel on oct)"
234454,"Winter Traveler
(December with someone)"
624621,"Moderate travelers
(Current average)"
298327,"Avr|May Companion
(Less travel on may)"
405442,"Avr|Point Acumulator
(No companions)"
622906,"Avr|Point Acumulator
(No companions)"
137852,"Holiday traveler
(summer companions, winter alone)"
723591,"Avr|Point Acumulator
(No companions)"
693295,"Avr|Feb Companion
(Less travel on feb)"
125969,"Avr|Mar Companion
(Less travel on mar)"
776139,"Avr|Jun Companion
(Less travel on jun)"
827546,"Avr|Oct Companion
(Less travel on oct)"
834120,"Avr|Nov Companion
(Less travel on nov)"
300845,"Avr|Nov Companion
(Less travel on nov)"
308891,"Holiday traveler
(summer companions, winter alone)"
373888,"Winter Traveler
(December with someone)"
545087,"Avr|Point Acumulator
(No companions)"
203773,"Holiday traveler
(summer companions, winter alone)"
983524,"Avr|Feb Companion
(Less travel on feb)"
478107,"Winter Traveler
(December with someone)"
684081,No Traveler
298343,"Avr|Jun Companion
(Less travel on jun)"
480239,"Avr|Point Acumulator
(No companions)"
234895,"Avr|Feb Companion
(Less travel on feb)"
262176,"Avr|May Companion
(Less travel on may)"
266148,"Avr|May Companion
(Less travel on may)"
678454,"Avr|Point Acumulator
(No companions)"
920840,"Avr|Feb Companion
(Less travel on feb)"
565242,"Few Trips a Year
(Traveling rarely)"
838482,"Avr|Jun Companion
(Less travel on jun)"
104267,"Winter Traveler
(December with someone)"
127410,"Avr|Jan Companion
(Less travel on jan)"
116703,"Avr|May Companion
(Less travel on may)"
388777,"Avr|Jun Companion
(Less travel on jun)"
536485,"Moderate travelers
(Current average)"
282532,No Traveler
601775,"Avr|Point Acumulator
(No companions)"
344627,"Avr|Jan Companion
(Less travel on jan)"
557525,"Avr|Jan Companion
(Less travel on jan)"
650377,"Avr|Jan Companion
(Less travel on jan)"
832046,"Winter Traveler
(December with someone)"
310965,"Avr|Nov Companion
(Less travel on nov)"
571215,"Avr|Dec Companion
(Less travel on dec)"
131558,"Avr|May Companion
(Less travel on may)"
680304,No Traveler
454356,No Traveler
487823,"Few Trips a Year
(Traveling rarely)"
790813,"Avr|Point Acumulator
(No companions)"
416216,"Holiday traveler
(summer companions, winter alone)"
667901,"Avr|Feb Companion
(Less travel on feb)"
813681,"Avr|Jan Companion
(Less travel on jan)"
599078,"Holiday traveler
(summer companions, winter alone)"
733350,"Moderate travelers
(Current average)"
931622,"Winter Traveler
(December with someone)"
822811,"Avr|May Companion
(Less travel on may)"
991056,"Holiday traveler
(summer companions, winter alone)"
604681,"Avr|Dec Companion
(Less travel on dec)"
777118,"Avr|Dec Companion
(Less travel on dec)"
433020,No Traveler
595236,"Holiday traveler
(summer companions, winter alone)"
275244,"Avr|May Companion
(Less travel on may)"
697917,No Traveler
615201,"Avr|Jun Companion
(Less travel on jun)"
721639,"Few Trips a Year
(Traveling rarely)"
628130,"Avr|Point Acumulator
(No companions)"
854998,"Avr|Jun Companion
(Less travel on jun)"
118628,"Avr|Oct Companion
(Less travel on oct)"
712584,"Avr|Mar Companion
(Less travel on mar)"
136334,"Avr|Feb Companion
(Less travel on feb)"
169137,"Avr|May Companion
(Less travel on may)"
184306,"Avr|Feb Companion
(Less travel on feb)"
708343,"Avr|Jan Companion
(Less travel on jan)"
746377,No Traveler
588445,"Avr|Jan Companion
(Less travel on jan)"
975412,"Avr|Point Acumulator
(No companions)"
129171,"Winter Traveler
(December with someone)"
274410,"Avr|May Companion
(Less travel on may)"
277587,"Moderate travelers
(Current average)"
389429,"Avr|May Companion
(Less travel on may)"
600302,"Avr|Oct Companion
(Less travel on oct)"
786966,"Avr|May Companion
(Less travel on may)"
836713,"Avr|Mar Companion
(Less travel on mar)"
919117,"Avr|Oct Companion
(Less travel on oct)"
940796,"Avr|Nov Companion
(Less travel on nov)"
236003,"Holiday traveler
(summer companions, winter alone)"
584458,"Avr|Point Acumulator
(No companions)"
227804,"Few Trips a Year
(Traveling rarely)"
458072,"Avr|Oct Companion
(Less travel on oct)"
832810,No Traveler
949974,"Holiday traveler
(summer companions, winter alone)"
661054,"Avr|Jun Companion
(Less travel on jun)"
901987,"Avr|Oct Companion
(Less travel on oct)"
158680,"Avr|May Companion
(Less travel on may)"
287088,"Avr|Feb Companion
(Less travel on feb)"
331078,"Avr|Mar Companion
(Less travel on mar)"
383627,"Moderate travelers
(Current average)"
411690,"Avr|May Companion
(Less travel on may)"
503025,"Avr|May Companion
(Less travel on may)"
517940,No Traveler
679607,"Avr|Jan Companion
(Less travel on jan)"
854902,"Avr|Jan Companion
(Less travel on jan)"
981664,"Avr|Point Acumulator
(No companions)"
255509,"Avr|Point Acumulator
(No companions)"
641103,"Avr|Nov Companion
(Less travel on nov)"
670210,"Avr|Dec Companion
(Less travel on dec)"
938324,"Avr|May Companion
(Less travel on may)"
653973,"Avr|Mar Companion
(Less travel on mar)"
589427,"Few Trips a Year
(Traveling rarely)"
194758,"Avr|Feb Companion
(Less travel on feb)"
973111,"Avr|Dec Companion
(Less travel on dec)"
124085,No Traveler
933968,"Avr|Mar Companion
(Less travel on mar)"
175814,"Avr|Point Acumulator
(No companions)"
180832,"Few Trips a Year
(Traveling rarely)"
334329,"Avr|Jan Companion
(Less travel on jan)"
414305,"Avr|Nov Companion
(Less travel on nov)"
650870,"Avr|Nov Companion
(Less travel on nov)"
677695,"Avr|Point Acumulator
(No companions)"
733324,"Avr|Feb Companion
(Less travel on feb)"
764305,"Avr|Feb Companion
(Less travel on feb)"
774326,"Avr|Point Acumulator
(No companions)"
853003,No Traveler
857942,"Avr|Feb Companion
(Less travel on feb)"
911744,No Traveler
102464,"Avr|Jun Companion
(Less travel on jun)"
122094,"Avr|May Companion
(Less travel on may)"
947750,"Avr|Feb Companion
(Less travel on feb)"
673054,"Avr|May Companion
(Less travel on may)"
876765,No Traveler
827731,"Avr|Nov Companion
(Less travel on nov)"
852573,"Avr|Jun Companion
(Less travel on jun)"
235885,"Avr|Jun Companion
(Less travel on jun)"
326272,"Avr|Jan Companion
(Less travel on jan)"
307619,No Traveler
844749,"Avr|Jan Companion
(Less travel on jan)"
292096,"Avr|Point Acumulator
(No companions)"
518064,"Avr|Oct Companion
(Less travel on oct)"
746314,"Few Trips a Year
(Traveling rarely)"
886227,No Traveler
565991,"Avr|Feb Companion
(Less travel on feb)"
854610,"Avr|Oct Companion
(Less travel on oct)"
419758,"Avr|Nov Companion
(Less travel on nov)"
302129,"Avr|Mar Companion
(Less travel on mar)"
824216,"Avr|Point Acumulator
(No companions)"
168316,"Avr|Jun Companion
(Less travel on jun)"
368713,No Traveler
652852,"Avr|May Companion
(Less travel on may)"
866701,"Moderate travelers
(Current average)"
517559,"Avr|Oct Companion
(Less travel on oct)"
648924,"Avr|Oct Companion
(Less travel on oct)"
633861,"Avr|Point Acumulator
(No companions)"
677174,"Avr|Nov Companion
(Less travel on nov)"
680379,"Avr|May Companion
(Less travel on may)"
750974,"Avr|Point Acumulator
(No companions)"
663422,"Holiday traveler
(summer companions, winter alone)"
141703,"Avr|Nov Companion
(Less travel on nov)"
221862,"Avr|Jan Companion
(Less travel on jan)"
412133,"Avr|Point Acumulator
(No companions)"
551154,"Holiday traveler
(summer companions, winter alone)"
611990,"Avr|May Companion
(Less travel on may)"
571123,"Avr|Jan Companion
(Less travel on jan)"
409914,"Avr|Jun Companion
(Less travel on jun)"
873945,"Avr|Feb Companion
(Less travel on feb)"
733582,"Avr|Nov Companion
(Less travel on nov)"
813931,"Avr|Point Acumulator
(No companions)"
956081,"Few Trips a Year
(Traveling rarely)"
154480,"Avr|Feb Companion
(Less travel on feb)"
930921,"Moderate travelers
(Current average)"
349115,"Avr|May Companion
(Less travel on may)"
355491,"Avr|May Companion
(Less travel on may)"
984290,"Holiday traveler
(summer companions, winter alone)"
765877,"Avr|Point Acumulator
(No companions)"
937065,"Avr|Nov Companion
(Less travel on nov)"
497070,No Traveler
379120,"Avr|Dec Companion
(Less travel on dec)"
881628,"Avr|Feb Companion
(Less travel on feb)"
388478,No Traveler
756892,"Avr|May Companion
(Less travel on may)"
727179,No Traveler
515718,No Traveler
577322,"Avr|May Companion
(Less travel on may)"
373144,"Avr|May Companion
(Less travel on may)"
790740,No Traveler
319768,No Traveler
976636,"Avr|May Companion
(Less travel on may)"
117219,"Avr|May Companion
(Less travel on may)"
388156,"Moderate travelers
(Current average)"
866168,"Avr|Jan Companion
(Less travel on jan)"
348723,"Moderate travelers
(Current average)"
724028,"Avr|Nov Companion
(Less travel on nov)"
468310,"Avr|Point Acumulator
(No companions)"
615678,No Traveler
745454,No Traveler
612294,"Avr|Feb Companion
(Less travel on feb)"
163757,"Avr|Point Acumulator
(No companions)"
962730,"Avr|Feb Companion
(Less travel on feb)"
348047,"Avr|Oct Companion
(Less travel on oct)"
474779,"Holiday traveler
(summer companions, winter alone)"
200067,"Avr|Jun Companion
(Less travel on jun)"
356578,"Avr|Nov Companion
(Less travel on nov)"
402918,"Avr|May Companion
(Less travel on may)"
739005,"Avr|Oct Companion
(Less travel on oct)"
805431,"Avr|Mar Companion
(Less travel on mar)"
442304,"Avr|Feb Companion
(Less travel on feb)"
406369,"Winter Traveler
(December with someone)"
445746,"Avr|Dec Companion
(Less travel on dec)"
860809,"Avr|Jan Companion
(Less travel on jan)"
211475,"Few Trips a Year
(Traveling rarely)"
422989,"Holiday traveler
(summer companions, winter alone)"
333773,"Avr|Point Acumulator
(No companions)"
443198,"Winter Traveler
(December with someone)"
490563,"Avr|Mar Companion
(Less travel on mar)"
501569,"Few Trips a Year
(Traveling rarely)"
927305,"Avr|Jun Companion
(Less travel on jun)"
473410,"Avr|Point Acumulator
(No companions)"
833221,"Few Trips a Year
(Traveling rarely)"
568594,"Avr|Feb Companion
(Less travel on feb)"
216946,"Avr|Jun Companion
(Less travel on jun)"
368669,"Winter Traveler
(December with someone)"
892701,"Avr|Point Acumulator
(No companions)"
980761,"Avr|Feb Companion
(Less travel on feb)"
861330,"Holiday traveler
(summer companions, winter alone)"
743018,"Avr|Jun Companion
(Less travel on jun)"
945430,"Avr|Point Acumulator
(No companions)"
996984,No Traveler
745830,"Avr|Point Acumulator
(No companions)"
187618,No Traveler
294334,"Moderate travelers
(Current average)"
631070,"Winter Traveler
(December with someone)"
143981,"Avr|Dec Companion
(Less travel on dec)"
607489,"Moderate travelers
(Current average)"
827339,"Avr|Nov Companion
(Less travel on nov)"
343383,"Avr|Dec Companion
(Less travel on dec)"
597294,No Traveler
562093,"Avr|Point Acumulator
(No companions)"
616857,"Avr|Oct Companion
(Less travel on oct)"
259878,"Avr|Feb Companion
(Less travel on feb)"
557996,"Avr|Jan Companion
(Less travel on jan)"
387648,"Avr|Point Acumulator
(No companions)"
908801,No Traveler
781621,"Avr|Nov Companion
(Less travel on nov)"
669222,"Moderate travelers
(Current average)"
481105,"Moderate travelers
(Current average)"
421923,"Avr|Oct Companion
(Less travel on oct)"
305287,No Traveler
891335,"Avr|Point Acumulator
(No companions)"
517087,"Avr|May Companion
(Less travel on may)"
166693,"Avr|Jun Companion
(Less travel on jun)"
782549,"Avr|Jun Companion
(Less travel on jun)"
418166,"Avr|Feb Companion
(Less travel on feb)"
961463,"Avr|Oct Companion
(Less travel on oct)"
162456,"Avr|Jan Companion
(Less travel on jan)"
851836,"Avr|Dec Companion
(Less travel on dec)"
981091,"Avr|Feb Companion
(Less travel on feb)"
299830,"Avr|Feb Companion
(Less travel on feb)"
399670,"Avr|May Companion
(Less travel on may)"
860172,"Avr|May Companion
(Less travel on may)"
864456,"Avr|May Companion
(Less travel on may)"
123586,"Avr|Dec Companion
(Less travel on dec)"
516255,"Winter Traveler
(December with someone)"
666381,"Avr|Dec Companion
(Less travel on dec)"
648432,"Avr|Mar Companion
(Less travel on mar)"
714939,"Avr|Point Acumulator
(No companions)"
502952,No Traveler
414318,"Avr|Dec Companion
(Less travel on dec)"
184478,"Few Trips a Year
(Traveling rarely)"
403856,No Traveler
460025,"Avr|Point Acumulator
(No companions)"
984115,"Avr|Dec Companion
(Less travel on dec)"
200877,"Avr|Jan Companion
(Less travel on jan)"
561251,"Avr|May Companion
(Less travel on may)"
419182,"Avr|Point Acumulator
(No companions)"
709726,"Avr|May Companion
(Less travel on may)"
794024,"Avr|Point Acumulator
(No companions)"
975199,"Avr|Jun Companion
(Less travel on jun)"
150656,"Winter Traveler
(December with someone)"
201816,"Avr|Point Acumulator
(No companions)"
351138,"Avr|Feb Companion
(Less travel on feb)"
860848,"Avr|Oct Companion
(Less travel on oct)"
355750,"Moderate travelers
(Current average)"
432493,"Avr|Oct Companion
(Less travel on oct)"
494600,"Avr|Feb Companion
(Less travel on feb)"
996989,"Avr|Feb Companion
(Less travel on feb)"
874374,"Avr|Point Acumulator
(No companions)"
892616,"Avr|Mar Companion
(Less travel on mar)"
532376,"Winter Traveler
(December with someone)"
274622,No Traveler
207453,"Avr|Dec Companion
(Less travel on dec)"
819077,"Avr|Jan Companion
(Less travel on jan)"
460037,"Few Trips a Year
(Traveling rarely)"
933848,"Avr|Mar Companion
(Less travel on mar)"
434802,"Holiday traveler
(summer companions, winter alone)"
640110,"Avr|Oct Companion
(Less travel on oct)"
333694,"Avr|Point Acumulator
(No companions)"
576176,No Traveler
654073,"Avr|Mar Companion
(Less travel on mar)"
392802,"Avr|Dec Companion
(Less travel on dec)"
782241,"Avr|Nov Companion
(Less travel on nov)"
377114,"Avr|Jan Companion
(Less travel on jan)"
129533,"Few Trips a Year
(Traveling rarely)"
245289,"Avr|Point Acumulator
(No companions)"
311795,"Few Trips a Year
(Traveling rarely)"
819969,"Avr|Point Acumulator
(No companions)"
177993,"Avr|May Companion
(Less travel on may)"
113184,No Traveler
802206,"Avr|Mar Companion
(Less travel on mar)"
377247,"Avr|Mar Companion
(Less travel on mar)"
589430,"Few Trips a Year
(Traveling rarely)"
500038,"Avr|Oct Companion
(Less travel on oct)"
744138,"Avr|Oct Companion
(Less travel on oct)"
500767,"Avr|Mar Companion
(Less travel on mar)"
374679,"Avr|Jan Companion
(Less travel on jan)"
283110,"Avr|Jun Companion
(Less travel on jun)"
301112,"Avr|Dec Companion
(Less travel on dec)"
358979,"Avr|Feb Companion
(Less travel on feb)"
429829,"Avr|May Companion
(Less travel on may)"
773676,No Traveler
981737,"Avr|Point Acumulator
(No companions)"
538854,"Avr|May Companion
(Less travel on may)"
973485,"Avr|Mar Companion
(Less travel on mar)"
544690,"Avr|Jun Companion
(Less travel on jun)"
810755,"Avr|Point Acumulator
(No companions)"
633202,"Avr|Dec Companion
(Less travel on dec)"
672431,"Avr|Point Acumulator
(No companions)"
680181,"Moderate travelers
(Current average)"
853603,"Avr|Oct Companion
(Less travel on oct)"
226643,"Holiday traveler
(summer companions, winter alone)"
251081,No Traveler
332711,"Avr|Oct Companion
(Less travel on oct)"
305857,No Traveler
562084,"Avr|Point Acumulator
(No companions)"
730901,No Traveler
859176,"Avr|Nov Companion
(Less travel on nov)"
354176,"Few Trips a Year
(Traveling rarely)"
547360,"Avr|Mar Companion
(Less travel on mar)"
773290,"Avr|Jun Companion
(Less travel on jun)"
569846,"Few Trips a Year
(Traveling rarely)"
763000,"Holiday traveler
(summer companions, winter alone)"
603070,"Avr|Mar Companion
(Less travel on mar)"
744789,"Avr|Oct Companion
(Less travel on oct)"
190720,"Avr|Feb Companion
(Less travel on feb)"
292516,No Traveler
355724,No Traveler
729418,"Winter Traveler
(December with someone)"
467249,"Winter Traveler
(December with someone)"
689112,"Avr|Point Acumulator
(No companions)"
415862,"Avr|Nov Companion
(Less travel on nov)"
316082,"Avr|Nov Companion
(Less travel on nov)"
671628,"Few Trips a Year
(Traveling rarely)"
632826,"Avr|Jan Companion
(Less travel on jan)"
682571,"Few Trips a Year
(Traveling rarely)"
170368,"Avr|Dec Companion
(Less travel on dec)"
301152,"Few Trips a Year
(Traveling rarely)"
993241,No Traveler
891790,"Avr|Jun Companion
(Less travel on jun)"
295510,"Avr|Jan Companion
(Less travel on jan)"
375694,"Avr|Jun Companion
(Less travel on jun)"
182519,"Few Trips a Year
(Traveling rarely)"
850170,"Avr|Point Acumulator
(No companions)"
142906,"Avr|Dec Companion
(Less travel on dec)"
871980,"Avr|Jan Companion
(Less travel on jan)"
856667,"Avr|Jan Companion
(Less travel on jan)"
556626,"Avr|Point Acumulator
(No companions)"
968447,"Avr|Nov Companion
(Less travel on nov)"
400181,"Avr|Jun Companion
(Less travel on jun)"
409102,"Avr|Oct Companion
(Less travel on oct)"
291510,"Avr|Mar Companion
(Less travel on mar)"
615385,"Avr|Jun Companion
(Less travel on jun)"
232555,"Avr|Dec Companion
(Less travel on dec)"
152740,No Traveler
652498,"Avr|Nov Companion
(Less travel on nov)"
922926,"Avr|Oct Companion
(Less travel on oct)"
565533,"Avr|Jan Companion
(Less travel on jan)"
615022,"Avr|Jan Companion
(Less travel on jan)"
778031,"Moderate travelers
(Current average)"
977363,No Traveler
618124,"Avr|Oct Companion
(Less travel on oct)"
494179,"Avr|Dec Companion
(Less travel on dec)"
963985,"Avr|Oct Companion
(Less travel on oct)"
676631,"Avr|Oct Companion
(Less travel on oct)"
677213,"Moderate travelers
(Current average)"
876755,"Avr|Oct Companion
(Less travel on oct)"
186807,"Few Trips a Year
(Traveling rarely)"
454690,"Avr|Nov Companion
(Less travel on nov)"
959478,"Avr|Nov Companion
(Less travel on nov)"
722988,"Avr|Feb Companion
(Less travel on feb)"
970092,"Avr|Jun Companion
(Less travel on jun)"
383190,"Avr|Dec Companion
(Less travel on dec)"
313254,"Avr|Point Acumulator
(No companions)"
673401,"Avr|Feb Companion
(Less travel on feb)"
144830,"Avr|Oct Companion
(Less travel on oct)"
727428,"Few Trips a Year
(Traveling rarely)"
174343,"Avr|Mar Companion
(Less travel on mar)"
339800,"Few Trips a Year
(Traveling rarely)"
362586,"Avr|Point Acumulator
(No companions)"
999731,"Avr|Nov Companion
(Less travel on nov)"
722518,"Avr|May Companion
(Less travel on may)"
750457,"Winter Traveler
(December with someone)"
905909,"Avr|Nov Companion
(Less travel on nov)"
156313,"Avr|Nov Companion
(Less travel on nov)"
501854,"Avr|Mar Companion
(Less travel on mar)"
821314,"Avr|May Companion
(Less travel on may)"
160471,No Traveler
113442,No Traveler
164794,"Holiday traveler
(summer companions, winter alone)"
231508,"Avr|Point Acumulator
(No companions)"
869164,"Avr|Mar Companion
(Less travel on mar)"
820265,No Traveler
177029,"Holiday traveler
(summer companions, winter alone)"
842855,"Avr|Oct Companion
(Less travel on oct)"
578114,"Avr|Mar Companion
(Less travel on mar)"
941127,"Avr|Mar Companion
(Less travel on mar)"
111485,"Avr|Feb Companion
(Less travel on feb)"
280087,"Avr|Dec Companion
(Less travel on dec)"
931183,"Avr|May Companion
(Less travel on may)"
506400,No Traveler
683660,"Avr|Jun Companion
(Less travel on jun)"
793473,"Avr|Feb Companion
(Less travel on feb)"
379351,"Avr|Oct Companion
(Less travel on oct)"
169054,"Avr|Mar Companion
(Less travel on mar)"
456433,"Avr|May Companion
(Less travel on may)"
862258,"Avr|Point Acumulator
(No companions)"
114927,"Avr|Mar Companion
(Less travel on mar)"
426302,No Traveler
323448,"Avr|Dec Companion
(Less travel on dec)"
515605,"Avr|Feb Companion
(Less travel on feb)"
821820,"Avr|Nov Companion
(Less travel on nov)"
237751,No Traveler
523296,"Holiday traveler
(summer companions, winter alone)"
566851,"Avr|Nov Companion
(Less travel on nov)"
420204,"Holiday traveler
(summer companions, winter alone)"
107203,"Avr|Oct Companion
(Less travel on oct)"
309480,"Avr|Feb Companion
(Less travel on feb)"
501551,"Moderate travelers
(Current average)"
774386,"Holiday traveler
(summer companions, winter alone)"
383701,"Avr|Feb Companion
(Less travel on feb)"
678341,"Avr|May Companion
(Less travel on may)"
279821,"Moderate travelers
(Current average)"
202784,"Avr|Mar Companion
(Less travel on mar)"
765542,No Traveler
646023,No Traveler
470952,No Traveler
790240,"Avr|Feb Companion
(Less travel on feb)"
881871,"Avr|Mar Companion
(Less travel on mar)"
229612,"Avr|Jan Companion
(Less travel on jan)"
852571,"Avr|Jun Companion
(Less travel on jun)"
582874,No Traveler
608493,"Avr|Jan Companion
(Less travel on jan)"
360240,"Winter Traveler
(December with someone)"
199509,"Avr|Jan Companion
(Less travel on jan)"
279883,No Traveler
292497,"Avr|Jun Companion
(Less travel on jun)"
816330,No Traveler
876426,"Avr|Jan Companion
(Less travel on jan)"
278213,"Winter Traveler
(December with someone)"
653400,"Moderate travelers
(Current average)"
285776,"Avr|Point Acumulator
(No companions)"
400470,"Avr|Dec Companion
(Less travel on dec)"
690641,"Avr|Nov Companion
(Less travel on nov)"
655325,"Avr|May Companion
(Less travel on may)"
760155,"Avr|Point Acumulator
(No companions)"
647005,No Traveler
736258,No Traveler
966227,No Traveler
177713,"Avr|Nov Companion
(Less travel on nov)"
346163,"Avr|Mar Companion
(Less travel on mar)"
966059,"Avr|Point Acumulator
(No companions)"
369853,"Avr|Mar Companion
(Less travel on mar)"
267944,"Avr|Jan Companion
(Less travel on jan)"
207110,"Holiday traveler
(summer companions, winter alone)"
348463,"Avr|Oct Companion
(Less travel on oct)"
764634,"Avr|Point Acumulator
(No companions)"
453349,"Avr|Oct Companion
(Less travel on oct)"
457489,"Avr|Jan Companion
(Less travel on jan)"
864806,"Moderate travelers
(Current average)"
340307,"Avr|Oct Companion
(Less travel on oct)"
922634,"Avr|Nov Companion
(Less travel on nov)"
458963,"Avr|Jun Companion
(Less travel on jun)"
599746,"Avr|Jun Companion
(Less travel on jun)"
631704,"Avr|Oct Companion
(Less travel on oct)"
948051,"Avr|Point Acumulator
(No companions)"
113804,"Avr|Feb Companion
(Less travel on feb)"
336076,No Traveler
607275,"Avr|Point Acumulator
(No companions)"
836374,"Avr|Oct Companion
(Less travel on oct)"
408259,"Avr|May Companion
(Less travel on may)"
812617,"Winter Traveler
(December with someone)"
617079,"Avr|Oct Companion
(Less travel on oct)"
675204,"Avr|Point Acumulator
(No companions)"
375768,"Avr|Nov Companion
(Less travel on nov)"
794496,"Avr|Mar Companion
(Less travel on mar)"
282041,"Avr|Feb Companion
(Less travel on feb)"
585947,"Avr|Feb Companion
(Less travel on feb)"
775562,"Few Trips a Year
(Traveling rarely)"
210385,"Avr|Point Acumulator
(No companions)"
758262,"Avr|Jun Companion
(Less travel on jun)"
287097,"Avr|Feb Companion
(Less travel on feb)"
751594,"Holiday traveler
(summer companions, winter alone)"
198645,"Moderate travelers
(Current average)"
948662,"Avr|Jan Companion
(Less travel on jan)"
564138,"Avr|Mar Companion
(Less travel on mar)"
668253,"Avr|May Companion
(Less travel on may)"
746837,"Avr|Mar Companion
(Less travel on mar)"
983855,"Winter Traveler
(December with someone)"
422121,"Avr|Point Acumulator
(No companions)"
135076,"Avr|Jan Companion
(Less travel on jan)"
602014,"Moderate travelers
(Current average)"
520821,"Avr|Mar Companion
(Less travel on mar)"
559519,No Traveler
562737,"Avr|Oct Companion
(Less travel on oct)"
900151,"Avr|May Companion
(Less travel on may)"
693494,"Holiday traveler
(summer companions, winter alone)"
176278,"Holiday traveler
(summer companions, winter alone)"
632103,"Avr|Feb Companion
(Less travel on feb)"
606877,"Avr|Jan Companion
(Less travel on jan)"
174743,"Avr|Dec Companion
(Less travel on dec)"
581396,"Few Trips a Year
(Traveling rarely)"
183052,"Avr|Jun Companion
(Less travel on jun)"
725326,"Avr|Point Acumulator
(No companions)"
147754,"Avr|Jan Companion
(Less travel on jan)"
564111,"Avr|Feb Companion
(Less travel on feb)"
682826,"Avr|Nov Companion
(Less travel on nov)"
461012,"Avr|Jan Companion
(Less travel on jan)"
638506,"Avr|Feb Companion
(Less travel on feb)"
605907,"Avr|Nov Companion
(Less travel on nov)"
609009,"Avr|Jan Companion
(Less travel on jan)"
747681,"Avr|Jan Companion
(Less travel on jan)"
199073,"Avr|Dec Companion
(Less travel on dec)"
998465,"Avr|Mar Companion
(Less travel on mar)"
240442,"Avr|Jan Companion
(Less travel on jan)"
631869,"Avr|May Companion
(Less travel on may)"
816763,"Avr|Oct Companion
(Less travel on oct)"
376862,"Avr|Nov Companion
(Less travel on nov)"
845699,"Avr|Feb Companion
(Less travel on feb)"
604019,"Moderate travelers
(Current average)"
688615,No Traveler
912957,"Avr|Oct Companion
(Less travel on oct)"
342044,"Avr|Dec Companion
(Less travel on dec)"
253282,"Moderate travelers
(Current average)"
858674,"Avr|May Companion
(Less travel on may)"
850721,"Avr|May Companion
(Less travel on may)"
793662,"Winter Traveler
(December with someone)"
436719,"Avr|Dec Companion
(Less travel on dec)"
629966,No Traveler
194657,No Traveler
470323,"Avr|Jun Companion
(Less travel on jun)"
896331,"Avr|Point Acumulator
(No companions)"
709747,"Avr|Point Acumulator
(No companions)"
690970,"Avr|Jun Companion
(Less travel on jun)"
710145,No Traveler
358794,"Avr|Dec Companion
(Less travel on dec)"
504638,"Avr|Point Acumulator
(No companions)"
937312,"Avr|Jan Companion
(Less travel on jan)"
957557,"Avr|Feb Companion
(Less travel on feb)"
393565,"Avr|Point Acumulator
(No companions)"
420481,"Avr|Feb Companion
(Less travel on feb)"
103043,"Avr|Point Acumulator
(No companions)"
155374,"Avr|Mar Companion
(Less travel on mar)"
235930,"Avr|Point Acumulator
(No companions)"
486048,"Avr|Jun Companion
(Less travel on jun)"
288776,"Avr|Jun Companion
(Less travel on jun)"
488679,"Avr|Dec Companion
(Less travel on dec)"
872946,"Avr|Mar Companion
(Less travel on mar)"
256013,"Moderate travelers
(Current average)"
485196,"Avr|Dec Companion
(Less travel on dec)"
318654,"Avr|Dec Companion
(Less travel on dec)"
270248,"Avr|May Companion
(Less travel on may)"
422320,"Avr|Jan Companion
(Less travel on jan)"
289116,No Traveler
920637,"Avr|May Companion
(Less travel on may)"
840184,No Traveler
620990,"Winter Traveler
(December with someone)"
196469,"Avr|Point Acumulator
(No companions)"
996639,"Moderate travelers
(Current average)"
532422,"Avr|Point Acumulator
(No companions)"
604822,"Avr|Oct Companion
(Less travel on oct)"
136906,"Avr|Point Acumulator
(No companions)"
518578,"Few Trips a Year
(Traveling rarely)"
142686,"Avr|Jan Companion
(Less travel on jan)"
717565,"Avr|Oct Companion
(Less travel on oct)"
982508,"Avr|Jun Companion
(Less travel on jun)"
290445,"Avr|Feb Companion
(Less travel on feb)"
344998,"Avr|Point Acumulator
(No companions)"
599483,"Avr|Point Acumulator
(No companions)"
716948,"Avr|Jan Companion
(Less travel on jan)"
778920,"Avr|May Companion
(Less travel on may)"
137227,"Moderate travelers
(Current average)"
223958,"Avr|May Companion
(Less travel on may)"
267245,"Avr|Feb Companion
(Less travel on feb)"
269565,No Traveler
383891,"Avr|May Companion
(Less travel on may)"
707716,"Avr|Mar Companion
(Less travel on mar)"
696609,"Avr|Oct Companion
(Less travel on oct)"
194859,No Traveler
803529,"Avr|Nov Companion
(Less travel on nov)"
290964,"Holiday traveler
(summer companions, winter alone)"
325367,"Avr|Nov Companion
(Less travel on nov)"
263055,"Avr|May Companion
(Less travel on may)"
856654,"Avr|Jan Companion
(Less travel on jan)"
721423,"Avr|Dec Companion
(Less travel on dec)"
807902,"Avr|Point Acumulator
(No companions)"
587619,"Avr|Jun Companion
(Less travel on jun)"
439675,"Avr|May Companion
(Less travel on may)"
960309,"Winter Traveler
(December with someone)"
215651,"Avr|Point Acumulator
(No companions)"
700145,"Avr|Point Acumulator
(No companions)"
478785,"Avr|May Companion
(Less travel on may)"
148453,No Traveler
790123,"Avr|Point Acumulator
(No companions)"
895778,No Traveler
283994,"Avr|Mar Companion
(Less travel on mar)"
415067,"Avr|Mar Companion
(Less travel on mar)"
278676,"Avr|Dec Companion
(Less travel on dec)"
694168,No Traveler
475713,"Avr|Jun Companion
(Less travel on jun)"
677068,"Avr|Oct Companion
(Less travel on oct)"
702284,"Avr|Feb Companion
(Less travel on feb)"
790303,"Avr|Nov Companion
(Less travel on nov)"
107835,"Winter Traveler
(December with someone)"
203950,"Avr|May Companion
(Less travel on may)"
146354,"Few Trips a Year
(Traveling rarely)"
512262,"Avr|Point Acumulator
(No companions)"
652394,"Avr|Feb Companion
(Less travel on feb)"
762355,"Avr|Feb Companion
(Less travel on feb)"
788759,"Avr|Nov Companion
(Less travel on nov)"
834081,"Avr|Dec Companion
(Less travel on dec)"
420126,No Traveler
842066,"Avr|Nov Companion
(Less travel on nov)"
714316,"Avr|Nov Companion
(Less travel on nov)"
108367,"Holiday traveler
(summer companions, winter alone)"
258102,"Avr|May Companion
(Less travel on may)"
750688,"Avr|Jun Companion
(Less travel on jun)"
833704,"Avr|Jun Companion
(Less travel on jun)"
906468,"Avr|Feb Companion
(Less travel on feb)"
944821,"Avr|Nov Companion
(Less travel on nov)"
484317,"Avr|Point Acumulator
(No companions)"
430813,"Avr|May Companion
(Less travel on may)"
982416,"Avr|Jan Companion
(Less travel on jan)"
607662,"Avr|Dec Companion
(Less travel on dec)"
748701,"Avr|Jun Companion
(Less travel on jun)"
664705,"Avr|Jan Companion
(Less travel on jan)"
520163,"Avr|Feb Companion
(Less travel on feb)"
604470,"Avr|Point Acumulator
(No companions)"
587543,No Traveler
855451,"Winter Traveler
(December with someone)"
993328,"Avr|May Companion
(Less travel on may)"
776153,No Traveler
100883,"Winter Traveler
(December with someone)"
577124,"Few Trips a Year
(Traveling rarely)"
613546,"Avr|Nov Companion
(Less travel on nov)"
826271,"Few Trips a Year
(Traveling rarely)"
505790,"Avr|Jun Companion
(Less travel on jun)"
269120,"Avr|Nov Companion
(Less travel on nov)"
302198,"Avr|Mar Companion
(Less travel on mar)"
221328,"Avr|Feb Companion
(Less travel on feb)"
195069,No Traveler
492966,"Avr|May Companion
(Less travel on may)"
875212,"Moderate travelers
(Current average)"
824133,"Avr|May Companion
(Less travel on may)"
909066,No Traveler
650358,"Avr|Jun Companion
(Less travel on jun)"
787606,"Avr|Point Acumulator
(No companions)"
338872,"Avr|Point Acumulator
(No companions)"
302657,No Traveler
686031,"Avr|Mar Companion
(Less travel on mar)"
875086,"Avr|May Companion
(Less travel on may)"
970783,"Few Trips a Year
(Traveling rarely)"
734880,"Avr|Feb Companion
(Less travel on feb)"
898000,"Avr|Jan Companion
(Less travel on jan)"
578203,"Avr|Dec Companion
(Less travel on dec)"
145688,"Winter Traveler
(December with someone)"
207865,"Avr|Jun Companion
(Less travel on jun)"
727686,"Few Trips a Year
(Traveling rarely)"
903797,"Avr|Dec Companion
(Less travel on dec)"
954231,"Avr|Nov Companion
(Less travel on nov)"
619920,"Avr|Oct Companion
(Less travel on oct)"
725575,"Avr|Dec Companion
(Less travel on dec)"
518622,"Avr|Feb Companion
(Less travel on feb)"
658407,"Avr|Dec Companion
(Less travel on dec)"
982528,No Traveler
623569,"Avr|Nov Companion
(Less travel on nov)"
193722,"Avr|Oct Companion
(Less travel on oct)"
462366,"Few Trips a Year
(Traveling rarely)"
113755,"Avr|Nov Companion
(Less travel on nov)"
567210,"Avr|Feb Companion
(Less travel on feb)"
960629,"Avr|Oct Companion
(Less travel on oct)"
606074,"Holiday traveler
(summer companions, winter alone)"
303934,"Avr|Jan Companion
(Less travel on jan)"
329355,"Avr|Jun Companion
(Less travel on jun)"
594606,"Few Trips a Year
(Traveling rarely)"
656993,No Traveler
765989,"Avr|Nov Companion
(Less travel on nov)"
810100,"Avr|Oct Companion
(Less travel on oct)"
239490,"Avr|Jun Companion
(Less travel on jun)"
555050,"Avr|Point Acumulator
(No companions)"
357466,"Avr|Point Acumulator
(No companions)"
384090,"Avr|Jan Companion
(Less travel on jan)"
641612,"Holiday traveler
(summer companions, winter alone)"
720626,"Avr|Point Acumulator
(No companions)"
105932,"Avr|Feb Companion
(Less travel on feb)"
636000,"Avr|Oct Companion
(Less travel on oct)"
623654,No Traveler
724424,"Avr|Dec Companion
(Less travel on dec)"
979330,"Few Trips a Year
(Traveling rarely)"
484592,"Avr|Point Acumulator
(No companions)"
832665,"Holiday traveler
(summer companions, winter alone)"
246517,No Traveler
449417,"Avr|Jun Companion
(Less travel on jun)"
844834,"Few Trips a Year
(Traveling rarely)"
880948,"Avr|Dec Companion
(Less travel on dec)"
324773,"Avr|Jan Companion
(Less travel on jan)"
949890,"Avr|Dec Companion
(Less travel on dec)"
136772,"Winter Traveler
(December with someone)"
942685,No Traveler
581712,"Avr|Point Acumulator
(No companions)"
154726,"Holiday traveler
(summer companions, winter alone)"
789859,"Avr|Point Acumulator
(No companions)"
213112,"Avr|Nov Companion
(Less travel on nov)"
647491,"Avr|Oct Companion
(Less travel on oct)"
440511,"Moderate travelers
(Current average)"
779184,"Avr|Jun Companion
(Less travel on jun)"
140598,"Avr|Dec Companion
(Less travel on dec)"
266365,"Avr|Oct Companion
(Less travel on oct)"
436226,"Avr|Point Acumulator
(No companions)"
469230,"Avr|Oct Companion
(Less travel on oct)"
754936,No Traveler
965674,"Avr|Jun Companion
(Less travel on jun)"
964791,"Few Trips a Year
(Traveling rarely)"
542934,"Winter Traveler
(December with someone)"
155354,"Avr|Point Acumulator
(No companions)"
828136,"Avr|May Companion
(Less travel on may)"
255767,No Traveler
216725,"Moderate travelers
(Current average)"
537387,"Avr|Point Acumulator
(No companions)"
955716,"Avr|Feb Companion
(Less travel on feb)"
217802,"Avr|Feb Companion
(Less travel on feb)"
511472,"Avr|Nov Companion
(Less travel on nov)"
720300,"Avr|Feb Companion
(Less travel on feb)"
963464,"Avr|Oct Companion
(Less travel on oct)"
899509,"Avr|Jun Companion
(Less travel on jun)"
731494,"Avr|Feb Companion
(Less travel on feb)"
738435,"Avr|Feb Companion
(Less travel on feb)"
578688,"Avr|Nov Companion
(Less travel on nov)"
184009,"Avr|Jan Companion
(Less travel on jan)"
284461,"Avr|Oct Companion
(Less travel on oct)"
371875,"Avr|Mar Companion
(Less travel on mar)"
633627,"Avr|Mar Companion
(Less travel on mar)"
414382,No Traveler
677704,"Avr|Nov Companion
(Less travel on nov)"
575487,No Traveler
317205,"Avr|Point Acumulator
(No companions)"
479509,"Winter Traveler
(December with someone)"
934529,"Few Trips a Year
(Traveling rarely)"
103916,"Avr|Jun Companion
(Less travel on jun)"
332869,"Avr|Point Acumulator
(No companions)"
394454,"Moderate travelers
(Current average)"
510264,"Few Trips a Year
(Traveling rarely)"
535944,"Avr|Point Acumulator
(No companions)"
572282,"Moderate travelers
(Current average)"
808341,"Winter Traveler
(December with someone)"
818271,"Few Trips a Year
(Traveling rarely)"
898787,"Avr|Jun Companion
(Less travel on jun)"
402082,"Avr|Nov Companion
(Less travel on nov)"
518236,"Avr|Point Acumulator
(No companions)"
405768,"Holiday traveler
(summer companions, winter alone)"
423609,"Avr|Feb Companion
(Less travel on feb)"
160993,"Avr|Point Acumulator
(No companions)"
192691,"Avr|Feb Companion
(Less travel on feb)"
661035,"Winter Traveler
(December with someone)"
243061,"Avr|Point Acumulator
(No companions)"
153072,"Winter Traveler
(December with someone)"
576692,"Avr|Mar Companion
(Less travel on mar)"
951879,"Holiday traveler
(summer companions, winter alone)"
943068,"Avr|Nov Companion
(Less travel on nov)"
179956,"Holiday traveler
(summer companions, winter alone)"
113839,"Moderate travelers
(Current average)"
977523,"Avr|Point Acumulator
(No companions)"
954952,"Avr|Mar Companion
(Less travel on mar)"
151030,"Avr|Nov Companion
(Less travel on nov)"
781495,"Avr|Jun Companion
(Less travel on jun)"
411876,"Avr|Point Acumulator
(No companions)"
865654,"Few Trips a Year
(Traveling rarely)"
385864,"Avr|Jun Companion
(Less travel on jun)"
194855,"Holiday traveler
(summer companions, winter alone)"
174702,"Winter Traveler
(December with someone)"
747604,No Traveler
476288,"Avr|Jun Companion
(Less travel on jun)"
549858,"Avr|Oct Companion
(Less travel on oct)"
647658,No Traveler
983822,"Avr|Point Acumulator
(No companions)"
292957,"Avr|Nov Companion
(Less travel on nov)"
398611,"Avr|Feb Companion
(Less travel on feb)"
206947,"Avr|Mar Companion
(Less travel on mar)"
233819,"Avr|Nov Companion
(Less travel on nov)"
603009,"Winter Traveler
(December with someone)"
402390,No Traveler
625123,"Avr|Mar Companion
(Less travel on mar)"
679132,"Winter Traveler
(December with someone)"
683751,"Avr|Mar Companion
(Less travel on mar)"
867780,"Avr|Mar Companion
(Less travel on mar)"
958274,"Moderate travelers
(Current average)"
478666,"Avr|Point Acumulator
(No companions)"
682419,"Avr|Dec Companion
(Less travel on dec)"
109896,"Avr|Jun Companion
(Less travel on jun)"
878284,No Traveler
674738,"Holiday traveler
(summer companions, winter alone)"
887748,"Moderate travelers
(Current average)"
672336,"Avr|Feb Companion
(Less travel on feb)"
394806,"Avr|Feb Companion
(Less travel on feb)"
297327,"Avr|Jan Companion
(Less travel on jan)"
658330,"Avr|Jun Companion
(Less travel on jun)"
419626,"Few Trips a Year
(Traveling rarely)"
707152,"Few Trips a Year
(Traveling rarely)"
548251,"Avr|Mar Companion
(Less travel on mar)"
375597,"Avr|Mar Companion
(Less travel on mar)"
579015,"Avr|Mar Companion
(Less travel on mar)"
954558,"Avr|May Companion
(Less travel on may)"
874104,"Avr|Oct Companion
(Less travel on oct)"
110678,"Avr|May Companion
(Less travel on may)"
175104,"Avr|Jan Companion
(Less travel on jan)"
249559,"Avr|Dec Companion
(Less travel on dec)"
422803,"Avr|Oct Companion
(Less travel on oct)"
799510,"Avr|Jun Companion
(Less travel on jun)"
953210,"Few Trips a Year
(Traveling rarely)"
134202,"Avr|Feb Companion
(Less travel on feb)"
549541,"Moderate travelers
(Current average)"
933233,"Avr|Dec Companion
(Less travel on dec)"
797326,"Winter Traveler
(December with someone)"
927721,"Winter Traveler
(December with someone)"
954750,"Avr|Jan Companion
(Less travel on jan)"
488535,"Moderate travelers
(Current average)"
925340,"Avr|Oct Companion
(Less travel on oct)"
857814,"Avr|Jun Companion
(Less travel on jun)"
671534,"Avr|May Companion
(Less travel on may)"
900460,"Avr|Nov Companion
(Less travel on nov)"
652370,"Avr|Oct Companion
(Less travel on oct)"
328349,No Traveler
738597,"Few Trips a Year
(Traveling rarely)"
607347,"Avr|Mar Companion
(Less travel on mar)"
922161,"Avr|Mar Companion
(Less travel on mar)"
832155,"Winter Traveler
(December with someone)"
868767,"Avr|Jun Companion
(Less travel on jun)"
875485,"Winter Traveler
(December with someone)"
537613,"Avr|Point Acumulator
(No companions)"
964159,"Avr|Point Acumulator
(No companions)"
128280,"Avr|Mar Companion
(Less travel on mar)"
250711,"Avr|Dec Companion
(Less travel on dec)"
806859,"Winter Traveler
(December with someone)"
184151,"Avr|Nov Companion
(Less travel on nov)"
668692,"Avr|Nov Companion
(Less travel on nov)"
233017,"Winter Traveler
(December with someone)"
219431,"Avr|Mar Companion
(Less travel on mar)"
195594,"Avr|Jun Companion
(Less travel on jun)"
309408,"Avr|Feb Companion
(Less travel on feb)"
966204,"Avr|Mar Companion
(Less travel on mar)"
366133,"Avr|Jan Companion
(Less travel on jan)"
260513,"Avr|Nov Companion
(Less travel on nov)"
397706,"Avr|May Companion
(Less travel on may)"
555102,"Avr|Point Acumulator
(No companions)"
258238,"Avr|Point Acumulator
(No companions)"
427733,"Avr|Oct Companion
(Less travel on oct)"
326174,No Traveler
571340,"Holiday traveler
(summer companions, winter alone)"
775193,"Avr|Jan Companion
(Less travel on jan)"
859218,No Traveler
251023,"Avr|Dec Companion
(Less travel on dec)"
348085,"Avr|Point Acumulator
(No companions)"
285122,"Avr|Jan Companion
(Less travel on jan)"
597189,"Avr|Point Acumulator
(No companions)"
932405,"Avr|Jun Companion
(Less travel on jun)"
351551,"Winter Traveler
(December with someone)"
551391,"Avr|Dec Companion
(Less travel on dec)"
274879,No Traveler
460091,"Avr|Jan Companion
(Less travel on jan)"
516224,"Avr|Point Acumulator
(No companions)"
805349,"Avr|May Companion
(Less travel on may)"
674689,"Holiday traveler
(summer companions, winter alone)"
908006,No Traveler
317726,"Avr|Jan Companion
(Less travel on jan)"
804784,"Avr|Feb Companion
(Less travel on feb)"
266377,No Traveler
340277,"Avr|May Companion
(Less travel on may)"
125068,"Holiday traveler
(summer companions, winter alone)"
581533,"Avr|Jan Companion
(Less travel on jan)"
472674,"Avr|Nov Companion
(Less travel on nov)"
431514,"Holiday traveler
(summer companions, winter alone)"
574723,"Holiday traveler
(summer companions, winter alone)"
794286,"Avr|May Companion
(Less travel on may)"
117618,"Moderate travelers
(Current average)"
606371,"Avr|Jan Companion
(Less travel on jan)"
573217,"Avr|May Companion
(Less travel on may)"
902015,"Avr|Point Acumulator
(No companions)"
549080,"Avr|May Companion
(Less travel on may)"
942984,"Few Trips a Year
(Traveling rarely)"
421191,"Avr|Oct Companion
(Less travel on oct)"
897728,No Traveler
810990,"Avr|Mar Companion
(Less travel on mar)"
924056,"Avr|Feb Companion
(Less travel on feb)"
592088,"Avr|Point Acumulator
(No companions)"
600756,"Avr|Point Acumulator
(No companions)"
180411,"Avr|Jun Companion
(Less travel on jun)"
572094,"Avr|Nov Companion
(Less travel on nov)"
344009,"Avr|Dec Companion
(Less travel on dec)"
144936,"Few Trips a Year
(Traveling rarely)"
302057,"Avr|May Companion
(Less travel on may)"
539106,"Avr|Dec Companion
(Less travel on dec)"
827288,No Traveler
360868,No Traveler
752874,"Avr|Point Acumulator
(No companions)"
793742,No Traveler
448774,"Avr|Point Acumulator
(No companions)"
131463,"Avr|Point Acumulator
(No companions)"
502212,"Avr|Feb Companion
(Less travel on feb)"
712130,"Avr|Oct Companion
(Less travel on oct)"
378267,"Avr|Point Acumulator
(No companions)"
926961,"Avr|Dec Companion
(Less travel on dec)"
309921,"Avr|Point Acumulator
(No companions)"
508215,No Traveler
781347,"Avr|Jun Companion
(Less travel on jun)"
905180,"Avr|Mar Companion
(Less travel on mar)"
342929,"Avr|Feb Companion
(Less travel on feb)"
820223,"Avr|Oct Companion
(Less travel on oct)"
424012,"Avr|Mar Companion
(Less travel on mar)"
314935,"Avr|Dec Companion
(Less travel on dec)"
904367,"Avr|May Companion
(Less travel on may)"
616207,No Traveler
218311,"Avr|Feb Companion
(Less travel on feb)"
316323,No Traveler
923406,"Avr|Mar Companion
(Less travel on mar)"
671928,"Moderate travelers
(Current average)"
610585,"Avr|May Companion
(Less travel on may)"
962566,No Traveler
366250,No Traveler
575015,"Few Trips a Year
(Traveling rarely)"
980478,"Moderate travelers
(Current average)"
932572,"Avr|Point Acumulator
(No companions)"
244387,"Avr|Oct Companion
(Less travel on oct)"
329215,"Avr|Dec Companion
(Less travel on dec)"
963619,"Winter Traveler
(December with someone)"
857353,"Avr|Nov Companion
(Less travel on nov)"
468138,"Avr|Nov Companion
(Less travel on nov)"
414207,"Avr|Nov Companion
(Less travel on nov)"
452976,"Avr|Oct Companion
(Less travel on oct)"
561284,"Avr|May Companion
(Less travel on may)"
149426,"Moderate travelers
(Current average)"
943048,"Avr|Point Acumulator
(No companions)"
447804,"Moderate travelers
(Current average)"
907595,No Traveler
337488,"Avr|Mar Companion
(Less travel on mar)"
552818,"Avr|Point Acumulator
(No companions)"
268439,"Avr|Nov Companion
(Less travel on nov)"
936214,"Avr|Point Acumulator
(No companions)"
642485,"Holiday traveler
(summer companions, winter alone)"
341594,"Avr|Oct Companion
(Less travel on oct)"
481902,"Holiday traveler
(summer companions, winter alone)"
898630,"Avr|Point Acumulator
(No companions)"
182058,"Moderate travelers
(Current average)"
263127,"Avr|Jan Companion
(Less travel on jan)"
709385,"Holiday traveler
(summer companions, winter alone)"
224952,"Avr|Point Acumulator
(No companions)"
326707,"Avr|May Companion
(Less travel on may)"
687525,"Avr|Jan Companion
(Less travel on jan)"
770094,"Avr|Jan Companion
(Less travel on jan)"
839659,"Avr|Nov Companion
(Less travel on nov)"
368772,"Winter Traveler
(December with someone)"
448577,"Avr|Mar Companion
(Less travel on mar)"
863259,"Avr|Oct Companion
(Less travel on oct)"
269632,"Holiday traveler
(summer companions, winter alone)"
705641,"Avr|Mar Companion
(Less travel on mar)"
133730,"Winter Traveler
(December with someone)"
960253,No Traveler
602068,"Few Trips a Year
(Traveling rarely)"
690494,"Avr|Jan Companion
(Less travel on jan)"
571498,"Avr|Oct Companion
(Less travel on oct)"
390911,"Avr|Jan Companion
(Less travel on jan)"
939289,No Traveler
133035,"Avr|Nov Companion
(Less travel on nov)"
435789,"Avr|Feb Companion
(Less travel on feb)"
502573,No Traveler
318751,"Holiday traveler
(summer companions, winter alone)"
319822,"Moderate travelers
(Current average)"
339845,"Few Trips a Year
(Traveling rarely)"
666878,"Avr|Jun Companion
(Less travel on jun)"
761150,No Traveler
786703,"Avr|Mar Companion
(Less travel on mar)"
694472,"Avr|Point Acumulator
(No companions)"
891046,"Avr|Nov Companion
(Less travel on nov)"
382738,"Avr|Oct Companion
(Less travel on oct)"
831829,"Avr|Point Acumulator
(No companions)"
385235,"Avr|Feb Companion
(Less travel on feb)"
206591,"Avr|Point Acumulator
(No companions)"
167363,"Avr|Nov Companion
(Less travel on nov)"
335755,"Avr|Dec Companion
(Less travel on dec)"
574391,"Holiday traveler
(summer companions, winter alone)"
585509,No Traveler
753977,"Few Trips a Year
(Traveling rarely)"
768518,"Avr|May Companion
(Less travel on may)"
935253,"Avr|May Companion
(Less travel on may)"
284610,"Avr|Feb Companion
(Less travel on feb)"
337815,"Avr|Jan Companion
(Less travel on jan)"
182184,"Avr|Dec Companion
(Less travel on dec)"
578944,"Avr|Point Acumulator
(No companions)"
748831,"Few Trips a Year
(Traveling rarely)"
258860,"Avr|Feb Companion
(Less travel on feb)"
314413,No Traveler
541564,"Moderate travelers
(Current average)"
791765,"Avr|Nov Companion
(Less travel on nov)"
824668,"Few Trips a Year
(Traveling rarely)"
176359,"Avr|Mar Companion
(Less travel on mar)"
408468,"Holiday traveler
(summer companions, winter alone)"
532378,"Avr|Point Acumulator
(No companions)"
756496,"Avr|May Companion
(Less travel on may)"
196798,"Avr|Point Acumulator
(No companions)"
140750,"Avr|Jun Companion
(Less travel on jun)"
584173,"Avr|Feb Companion
(Less travel on feb)"
855721,"Avr|Dec Companion
(Less travel on dec)"
456554,"Avr|Mar Companion
(Less travel on mar)"
474383,"Few Trips a Year
(Traveling rarely)"
892994,"Moderate travelers
(Current average)"
273552,"Few Trips a Year
(Traveling rarely)"
863626,"Avr|Jan Companion
(Less travel on jan)"
314250,"Avr|Feb Companion
(Less travel on feb)"
135878,"Few Trips a Year
(Traveling rarely)"
476497,"Avr|May Companion
(Less travel on may)"
909476,"Avr|Mar Companion
(Less travel on mar)"
512897,"Avr|Jun Companion
(Less travel on jun)"
537795,"Avr|Mar Companion
(Less travel on mar)"
700276,"Avr|Jun Companion
(Less travel on jun)"
708271,"Avr|Nov Companion
(Less travel on nov)"
843672,No Traveler
419237,No Traveler
645147,"Avr|Nov Companion
(Less travel on nov)"
704074,No Traveler
978654,"Avr|Oct Companion
(Less travel on oct)"
227015,"Avr|Point Acumulator
(No companions)"
165596,"Avr|Feb Companion
(Less travel on feb)"
819592,"Moderate travelers
(Current average)"
847559,"Avr|Point Acumulator
(No companions)"
523288,"Avr|Mar Companion
(Less travel on mar)"
370990,"Avr|Mar Companion
(Less travel on mar)"
433946,"Avr|Nov Companion
(Less travel on nov)"
263822,"Holiday traveler
(summer companions, winter alone)"
387650,"Avr|May Companion
(Less travel on may)"
768030,"Few Trips a Year
(Traveling rarely)"
220808,"Winter Traveler
(December with someone)"
304643,"Avr|Point Acumulator
(No companions)"
320183,"Winter Traveler
(December with someone)"
387214,"Few Trips a Year
(Traveling rarely)"
600063,"Avr|Point Acumulator
(No companions)"
846119,"Holiday traveler
(summer companions, winter alone)"
700731,"Avr|Jun Companion
(Less travel on jun)"
257391,"Avr|Jun Companion
(Less travel on jun)"
935068,"Avr|Point Acumulator
(No companions)"
628180,"Avr|Jan Companion
(Less travel on jan)"
165339,"Winter Traveler
(December with someone)"
646022,"Avr|Point Acumulator
(No companions)"
245575,"Winter Traveler
(December with someone)"
327903,"Holiday traveler
(summer companions, winter alone)"
245604,"Avr|Feb Companion
(Less travel on feb)"
649054,"Avr|Mar Companion
(Less travel on mar)"
496387,"Avr|Dec Companion
(Less travel on dec)"
928294,"Avr|Oct Companion
(Less travel on oct)"
210148,"Few Trips a Year
(Traveling rarely)"
265317,"Avr|Mar Companion
(Less travel on mar)"
765127,"Avr|May Companion
(Less travel on may)"
825809,"Avr|Jan Companion
(Less travel on jan)"
130953,"Avr|Mar Companion
(Less travel on mar)"
241144,"Avr|Dec Companion
(Less travel on dec)"
753130,No Traveler
962267,"Few Trips a Year
(Traveling rarely)"
401722,"Avr|Point Acumulator
(No companions)"
994993,"Avr|Point Acumulator
(No companions)"
142726,No Traveler
693196,"Avr|Mar Companion
(Less travel on mar)"
712248,"Avr|May Companion
(Less travel on may)"
441423,"Avr|Nov Companion
(Less travel on nov)"
901775,"Avr|Nov Companion
(Less travel on nov)"
807058,No Traveler
218425,"Avr|Oct Companion
(Less travel on oct)"
938323,"Avr|May Companion
(Less travel on may)"
638732,"Moderate travelers
(Current average)"
583601,"Winter Traveler
(December with someone)"
895185,"Avr|Point Acumulator
(No companions)"
641869,"Avr|Point Acumulator
(No companions)"
529733,No Traveler
377029,"Avr|Jun Companion
(Less travel on jun)"
638602,"Avr|Point Acumulator
(No companions)"
373501,"Avr|May Companion
(Less travel on may)"
948658,"Holiday traveler
(summer companions, winter alone)"
521176,"Avr|Mar Companion
(Less travel on mar)"
907544,"Avr|Feb Companion
(Less travel on feb)"
597228,"Avr|Oct Companion
(Less travel on oct)"
351389,"Avr|Jun Companion
(Less travel on jun)"
533742,"Avr|Nov Companion
(Less travel on nov)"
916131,"Avr|Mar Companion
(Less travel on mar)"
178036,"Avr|Point Acumulator
(No companions)"
601167,"Avr|Jun Companion
(Less travel on jun)"
662521,"Avr|Mar Companion
(Less travel on mar)"
191558,"Holiday traveler
(summer companions, winter alone)"
803084,No Traveler
100644,"Avr|Feb Companion
(Less travel on feb)"
220564,"Avr|Jan Companion
(Less travel on jan)"
753987,"Avr|Jan Companion
(Less travel on jan)"
680565,"Avr|Dec Companion
(Less travel on dec)"
268958,"Avr|Feb Companion
(Less travel on feb)"
496482,"Holiday traveler
(summer companions, winter alone)"
464137,"Avr|Nov Companion
(Less travel on nov)"
958800,"Avr|Feb Companion
(Less travel on feb)"
691520,"Avr|Dec Companion
(Less travel on dec)"
611051,"Avr|Feb Companion
(Less travel on feb)"
151183,"Avr|May Companion
(Less travel on may)"
633135,"Avr|Nov Companion
(Less travel on nov)"
487027,No Traveler
987612,"Avr|Oct Companion
(Less travel on oct)"
830071,No Traveler
905469,No Traveler
811139,"Moderate travelers
(Current average)"
617108,"Holiday traveler
(summer companions, winter alone)"
332983,No Traveler
586891,"Avr|Mar Companion
(Less travel on mar)"
660197,"Avr|Nov Companion
(Less travel on nov)"
898788,"Avr|Mar Companion
(Less travel on mar)"
411365,No Traveler
184976,"Moderate travelers
(Current average)"
952629,"Moderate travelers
(Current average)"
951226,"Avr|May Companion
(Less travel on may)"
478431,"Moderate travelers
(Current average)"
153261,"Avr|Point Acumulator
(No companions)"
455234,"Winter Traveler
(December with someone)"
441724,"Avr|Nov Companion
(Less travel on nov)"
103359,"Avr|Point Acumulator
(No companions)"
634916,"Holiday traveler
(summer companions, winter alone)"
415077,"Avr|Dec Companion
(Less travel on dec)"
556622,"Avr|Jun Companion
(Less travel on jun)"
160250,"Avr|Point Acumulator
(No companions)"
779082,"Avr|Oct Companion
(Less travel on oct)"
356980,"Holiday traveler
(summer companions, winter alone)"
617916,"Avr|Jan Companion
(Less travel on jan)"
125996,"Avr|Jan Companion
(Less travel on jan)"
135977,"Avr|Feb Companion
(Less travel on feb)"
948053,"Avr|Dec Companion
(Less travel on dec)"
165138,"Avr|Jan Companion
(Less travel on jan)"
593007,"Avr|Jun Companion
(Less travel on jun)"
207047,No Traveler
276152,"Avr|Point Acumulator
(No companions)"
780728,"Avr|Point Acumulator
(No companions)"
389995,"Avr|Nov Companion
(Less travel on nov)"
112661,"Few Trips a Year
(Traveling rarely)"
682288,"Avr|Point Acumulator
(No companions)"
271432,No Traveler
267951,"Avr|Jun Companion
(Less travel on jun)"
742886,"Avr|Jan Companion
(Less travel on jan)"
259170,No Traveler
379716,"Avr|Point Acumulator
(No companions)"
955633,"Avr|May Companion
(Less travel on may)"
902690,"Avr|Nov Companion
(Less travel on nov)"
406373,"Avr|Dec Companion
(Less travel on dec)"
186246,"Few Trips a Year
(Traveling rarely)"
467580,No Traveler
492757,"Avr|Nov Companion
(Less travel on nov)"
728655,"Moderate travelers
(Current average)"
437407,"Avr|Oct Companion
(Less travel on oct)"
436975,"Avr|Mar Companion
(Less travel on mar)"
126097,"Avr|Jan Companion
(Less travel on jan)"
779046,"Avr|Point Acumulator
(No companions)"
638618,"Avr|Mar Companion
(Less travel on mar)"
627893,"Avr|Jan Companion
(Less travel on jan)"
831780,No Traveler
836226,No Traveler
975614,"Avr|Mar Companion
(Less travel on mar)"
269960,"Avr|Jun Companion
(Less travel on jun)"
519726,"Winter Traveler
(December with someone)"
327530,"Avr|Jun Companion
(Less travel on jun)"
511342,"Avr|May Companion
(Less travel on may)"
708458,"Winter Traveler
(December with someone)"
254575,"Moderate travelers
(Current average)"
229692,"Few Trips a Year
(Traveling rarely)"
301563,"Avr|Feb Companion
(Less travel on feb)"
613234,"Avr|Mar Companion
(Less travel on mar)"
731160,"Avr|Feb Companion
(Less travel on feb)"
194959,"Avr|Oct Companion
(Less travel on oct)"
973951,"Avr|May Companion
(Less travel on may)"
770651,"Winter Traveler
(December with someone)"
910336,No Traveler
304601,"Moderate travelers
(Current average)"
553412,"Avr|Point Acumulator
(No companions)"
568484,"Avr|Mar Companion
(Less travel on mar)"
166911,"Avr|Jun Companion
(Less travel on jun)"
803747,"Avr|May Companion
(Less travel on may)"
307166,"Avr|Point Acumulator
(No companions)"
799857,"Avr|Feb Companion
(Less travel on feb)"
648648,"Avr|Nov Companion
(Less travel on nov)"
301794,"Avr|Mar Companion
(Less travel on mar)"
286954,"Avr|Jan Companion
(Less travel on jan)"
705262,"Few Trips a Year
(Traveling rarely)"
430221,"Winter Traveler
(December with someone)"
695428,"Few Trips a Year
(Traveling rarely)"
772437,"Avr|Point Acumulator
(No companions)"
834270,"Avr|May Companion
(Less travel on may)"
867840,"Winter Traveler
(December with someone)"
673934,"Avr|Oct Companion
(Less travel on oct)"
355184,"Avr|Jun Companion
(Less travel on jun)"
839295,"Avr|Nov Companion
(Less travel on nov)"
920966,"Avr|Mar Companion
(Less travel on mar)"
992072,"Avr|Point Acumulator
(No companions)"
159233,"Avr|Mar Companion
(Less travel on mar)"
145480,"Avr|Jun Companion
(Less travel on jun)"
371191,"Avr|Dec Companion
(Less travel on dec)"
514552,"Avr|Oct Companion
(Less travel on oct)"
615673,"Avr|Dec Companion
(Less travel on dec)"
692252,"Avr|Feb Companion
(Less travel on feb)"
828481,"Avr|Oct Companion
(Less travel on oct)"
210752,"Avr|Dec Companion
(Less travel on dec)"
115405,"Avr|May Companion
(Less travel on may)"
655085,"Winter Traveler
(December with someone)"
956619,"Avr|Feb Companion
(Less travel on feb)"
754774,"Avr|Feb Companion
(Less travel on feb)"
289354,"Avr|Jan Companion
(Less travel on jan)"
613908,"Avr|Point Acumulator
(No companions)"
538979,"Holiday traveler
(summer companions, winter alone)"
754264,"Avr|Jun Companion
(Less travel on jun)"
149430,"Few Trips a Year
(Traveling rarely)"
634423,"Moderate travelers
(Current average)"
342679,"Avr|Dec Companion
(Less travel on dec)"
717806,"Avr|Point Acumulator
(No companions)"
226511,"Avr|Jan Companion
(Less travel on jan)"
586100,"Avr|Point Acumulator
(No companions)"
566808,"Avr|Nov Companion
(Less travel on nov)"
665548,"Avr|Jan Companion
(Less travel on jan)"
327470,"Avr|Nov Companion
(Less travel on nov)"
584017,"Avr|Oct Companion
(Less travel on oct)"
287414,"Avr|Nov Companion
(Less travel on nov)"
227008,"Avr|Oct Companion
(Less travel on oct)"
540918,"Avr|Oct Companion
(Less travel on oct)"
408931,"Avr|Dec Companion
(Less travel on dec)"
518771,"Avr|Oct Companion
(Less travel on oct)"
148368,"Avr|Point Acumulator
(No companions)"
371164,"Avr|Point Acumulator
(No companions)"
299278,"Avr|May Companion
(Less travel on may)"
526644,"Avr|Point Acumulator
(No companions)"
898122,"Winter Traveler
(December with someone)"
681309,"Avr|Point Acumulator
(No companions)"
894620,"Avr|Mar Companion
(Less travel on mar)"
217792,"Avr|Jan Companion
(Less travel on jan)"
290024,"Avr|Mar Companion
(Less travel on mar)"
429933,"Avr|Point Acumulator
(No companions)"
920545,"Avr|Point Acumulator
(No companions)"
407173,"Few Trips a Year
(Traveling rarely)"
307321,"Winter Traveler
(December with someone)"
720007,"Avr|May Companion
(Less travel on may)"
954424,"Avr|Nov Companion
(Less travel on nov)"
258799,No Traveler
491253,"Avr|May Companion
(Less travel on may)"
144756,"Avr|Nov Companion
(Less travel on nov)"
670040,"Few Trips a Year
(Traveling rarely)"
634807,"Avr|Jan Companion
(Less travel on jan)"
129429,"Avr|Point Acumulator
(No companions)"
966285,"Holiday traveler
(summer companions, winter alone)"
340691,"Avr|Point Acumulator
(No companions)"
959364,"Holiday traveler
(summer companions, winter alone)"
597630,"Few Trips a Year
(Traveling rarely)"
630869,"Avr|Jan Companion
(Less travel on jan)"
974500,"Avr|Point Acumulator
(No companions)"
296736,"Avr|May Companion
(Less travel on may)"
438263,"Avr|Jan Companion
(Less travel on jan)"
601583,"Avr|Jan Companion
(Less travel on jan)"
352581,No Traveler
664684,No Traveler
526663,"Avr|Dec Companion
(Less travel on dec)"
707042,"Avr|Point Acumulator
(No companions)"
134180,"Avr|May Companion
(Less travel on may)"
539537,"Avr|Jun Companion
(Less travel on jun)"
260155,"Avr|Jan Companion
(Less travel on jan)"
697079,No Traveler
420222,"Avr|Nov Companion
(Less travel on nov)"
580586,"Avr|May Companion
(Less travel on may)"
833627,"Few Trips a Year
(Traveling rarely)"
110099,"Avr|Jan Companion
(Less travel on jan)"
332208,"Avr|Nov Companion
(Less travel on nov)"
709123,"Avr|Mar Companion
(Less travel on mar)"
347861,"Avr|May Companion
(Less travel on may)"
668000,"Avr|Dec Companion
(Less travel on dec)"
641123,"Avr|Dec Companion
(Less travel on dec)"
788332,"Avr|Jan Companion
(Less travel on jan)"
415327,"Holiday traveler
(summer companions, winter alone)"
531793,"Avr|May Companion
(Less travel on may)"
598016,"Moderate travelers
(Current average)"
121751,No Traveler
361892,"Avr|Point Acumulator
(No companions)"
201564,"Avr|Jun Companion
(Less travel on jun)"
550213,"Avr|Point Acumulator
(No companions)"
173485,"Avr|Point Acumulator
(No companions)"
571017,"Avr|Mar Companion
(Less travel on mar)"
455594,"Avr|Nov Companion
(Less travel on nov)"
330249,"Avr|Point Acumulator
(No companions)"
794348,"Few Trips a Year
(Traveling rarely)"
561874,"Moderate travelers
(Current average)"
319504,"Avr|Point Acumulator
(No companions)"
105835,No Traveler
372069,"Holiday traveler
(summer companions, winter alone)"
600013,"Few Trips a Year
(Traveling rarely)"
722629,"Avr|Mar Companion
(Less travel on mar)"
556266,"Avr|Mar Companion
(Less travel on mar)"
842405,"Avr|Mar Companion
(Less travel on mar)"
919668,"Winter Traveler
(December with someone)"
925433,"Moderate travelers
(Current average)"
489781,"Avr|Mar Companion
(Less travel on mar)"
462459,"Avr|Mar Companion
(Less travel on mar)"
595681,"Avr|Mar Companion
(Less travel on mar)"
680754,No Traveler
742854,"Avr|Feb Companion
(Less travel on feb)"
488130,"Avr|Point Acumulator
(No companions)"
426317,"Avr|Feb Companion
(Less travel on feb)"
485383,"Moderate travelers
(Current average)"
140077,"Holiday traveler
(summer companions, winter alone)"
264018,"Avr|Jan Companion
(Less travel on jan)"
348732,"Moderate travelers
(Current average)"
553254,"Avr|Jan Companion
(Less travel on jan)"
706918,"Holiday traveler
(summer companions, winter alone)"
790287,No Traveler
811612,No Traveler
494552,No Traveler
667615,"Holiday traveler
(summer companions, winter alone)"
754175,"Winter Traveler
(December with someone)"
755276,"Avr|Mar Companion
(Less travel on mar)"
952493,"Avr|Mar Companion
(Less travel on mar)"
815626,"Avr|Nov Companion
(Less travel on nov)"
957008,"Avr|Jun Companion
(Less travel on jun)"
124351,"Few Trips a Year
(Traveling rarely)"
895601,"Moderate travelers
(Current average)"
192651,"Avr|Nov Companion
(Less travel on nov)"
644417,"Few Trips a Year
(Traveling rarely)"
881943,"Avr|Feb Companion
(Less travel on feb)"
642409,No Traveler
234047,"Avr|Jun Companion
(Less travel on jun)"
366911,"Avr|Point Acumulator
(No companions)"
424540,"Avr|Point Acumulator
(No companions)"
255718,"Avr|Jun Companion
(Less travel on jun)"
874589,No Traveler
725705,"Avr|Nov Companion
(Less travel on nov)"
463890,"Avr|Feb Companion
(Less travel on feb)"
760842,"Avr|Feb Companion
(Less travel on feb)"
377302,"Holiday traveler
(summer companions, winter alone)"
364931,"Few Trips a Year
(Traveling rarely)"
920954,"Avr|Oct Companion
(Less travel on oct)"
103362,No Traveler
953097,"Avr|Point Acumulator
(No companions)"
146067,"Avr|Mar Companion
(Less travel on mar)"
842390,"Holiday traveler
(summer companions, winter alone)"
620741,"Winter Traveler
(December with someone)"
848003,"Avr|Nov Companion
(Less travel on nov)"
833024,"Avr|Oct Companion
(Less travel on oct)"
457525,"Avr|May Companion
(Less travel on may)"
220315,No Traveler
324881,"Avr|Mar Companion
(Less travel on mar)"
233646,"Avr|Feb Companion
(Less travel on feb)"
809016,"Avr|Mar Companion
(Less travel on mar)"
350675,"Avr|May Companion
(Less travel on may)"
773219,"Few Trips a Year
(Traveling rarely)"
129515,"Avr|Nov Companion
(Less travel on nov)"
146760,"Moderate travelers
(Current average)"
510841,"Avr|Point Acumulator
(No companions)"
261229,"Avr|Dec Companion
(Less travel on dec)"
496728,"Avr|Point Acumulator
(No companions)"
549862,"Avr|May Companion
(Less travel on may)"
277430,No Traveler
728043,"Few Trips a Year
(Traveling rarely)"
533666,"Avr|Mar Companion
(Less travel on mar)"
645600,"Avr|Oct Companion
(Less travel on oct)"
441340,"Avr|Jun Companion
(Less travel on jun)"
587591,"Avr|Nov Companion
(Less travel on nov)"
642449,"Holiday traveler
(summer companions, winter alone)"
514917,"Avr|Point Acumulator
(No companions)"
401422,No Traveler
260712,"Winter Traveler
(December with someone)"
979075,No Traveler
441359,"Avr|Jan Companion
(Less travel on jan)"
256135,"Avr|Oct Companion
(Less travel on oct)"
765261,"Avr|Feb Companion
(Less travel on feb)"
900359,No Traveler
704112,"Avr|Point Acumulator
(No companions)"
756543,"Avr|Mar Companion
(Less travel on mar)"
141497,"Holiday traveler
(summer companions, winter alone)"
643026,"Avr|Dec Companion
(Less travel on dec)"
325498,"Avr|Mar Companion
(Less travel on mar)"
287385,No Traveler
871145,"Avr|May Companion
(Less travel on may)"
843158,"Avr|Jan Companion
(Less travel on jan)"
896947,"Avr|Nov Companion
(Less travel on nov)"
453719,"Avr|Feb Companion
(Less travel on feb)"
784537,"Avr|Feb Companion
(Less travel on feb)"
346809,"Avr|Mar Companion
(Less travel on mar)"
757938,"Avr|Feb Companion
(Less travel on feb)"
950915,"Avr|Feb Companion
(Less travel on feb)"
764544,"Avr|Jan Companion
(Less travel on jan)"
745738,"Avr|Feb Companion
(Less travel on feb)"
401007,"Moderate travelers
(Current average)"
981674,"Avr|Mar Companion
(Less travel on mar)"
723055,"Avr|Dec Companion
(Less travel on dec)"
357375,"Avr|Point Acumulator
(No companions)"
958143,"Avr|Nov Companion
(Less travel on nov)"
328754,"Avr|Jun Companion
(Less travel on jun)"
946258,"Avr|Mar Companion
(Less travel on mar)"
302957,"Avr|Feb Companion
(Less travel on feb)"
774234,"Avr|Oct Companion
(Less travel on oct)"
557289,"Avr|Jun Companion
(Less travel on jun)"
603531,"Avr|Nov Companion
(Less travel on nov)"
368523,"Few Trips a Year
(Traveling rarely)"
274179,"Holiday traveler
(summer companions, winter alone)"
833679,"Holiday traveler
(summer companions, winter alone)"
742062,"Avr|Feb Companion
(Less travel on feb)"
789303,"Avr|Oct Companion
(Less travel on oct)"
299366,"Few Trips a Year
(Traveling rarely)"
666952,"Avr|Dec Companion
(Less travel on dec)"
289863,"Avr|Nov Companion
(Less travel on nov)"
773390,"Avr|Oct Companion
(Less travel on oct)"
240476,"Avr|Feb Companion
(Less travel on feb)"
865411,"Winter Traveler
(December with someone)"
727446,"Winter Traveler
(December with someone)"
858557,"Avr|Point Acumulator
(No companions)"
388639,"Holiday traveler
(summer companions, winter alone)"
317137,"Few Trips a Year
(Traveling rarely)"
925413,"Avr|Mar Companion
(Less travel on mar)"
650553,"Avr|Point Acumulator
(No companions)"
536066,"Avr|May Companion
(Less travel on may)"
286641,"Avr|Nov Companion
(Less travel on nov)"
561219,"Avr|Jun Companion
(Less travel on jun)"
154864,"Avr|May Companion
(Less travel on may)"
144565,"Avr|Dec Companion
(Less travel on dec)"
536535,"Avr|Feb Companion
(Less travel on feb)"
921563,"Avr|Point Acumulator
(No companions)"
231843,"Moderate travelers
(Current average)"
841437,"Avr|Nov Companion
(Less travel on nov)"
608601,"Holiday traveler
(summer companions, winter alone)"
694388,"Avr|Mar Companion
(Less travel on mar)"
441439,"Few Trips a Year
(Traveling rarely)"
496159,"Avr|Feb Companion
(Less travel on feb)"
804239,"Avr|Nov Companion
(Less travel on nov)"
818870,"Few Trips a Year
(Traveling rarely)"
627502,"Winter Traveler
(December with someone)"
881106,No Traveler
347997,No Traveler
530281,"Avr|Nov Companion
(Less travel on nov)"
806839,"Winter Traveler
(December with someone)"
415896,"Avr|Point Acumulator
(No companions)"
441782,"Avr|Point Acumulator
(No companions)"
109840,"Avr|Feb Companion
(Less travel on feb)"
631683,"Avr|Dec Companion
(Less travel on dec)"
980952,"Avr|Oct Companion
(Less travel on oct)"
492812,"Avr|Mar Companion
(Less travel on mar)"
969689,"Avr|Oct Companion
(Less travel on oct)"
688410,"Avr|Nov Companion
(Less travel on nov)"
102184,"Avr|May Companion
(Less travel on may)"
292084,"Avr|Feb Companion
(Less travel on feb)"
964047,"Avr|Oct Companion
(Less travel on oct)"
997370,"Holiday traveler
(summer companions, winter alone)"
277285,"Avr|Dec Companion
(Less travel on dec)"
696897,"Avr|May Companion
(Less travel on may)"
744698,"Avr|May Companion
(Less travel on may)"
374107,"Avr|Oct Companion
(Less travel on oct)"
558854,"Avr|Point Acumulator
(No companions)"
988223,No Traveler
335137,"Avr|Mar Companion
(Less travel on mar)"
347431,"Avr|Point Acumulator
(No companions)"
299397,"Few Trips a Year
(Traveling rarely)"
426791,"Avr|Mar Companion
(Less travel on mar)"
595965,"Avr|Oct Companion
(Less travel on oct)"
481893,"Avr|Point Acumulator
(No companions)"
456432,"Avr|Jan Companion
(Less travel on jan)"
326240,"Few Trips a Year
(Traveling rarely)"
500060,"Avr|Feb Companion
(Less travel on feb)"
699750,"Avr|Feb Companion
(Less travel on feb)"
754338,"Avr|Jan Companion
(Less travel on jan)"
729518,"Avr|Jan Companion
(Less travel on jan)"
146037,"Moderate travelers
(Current average)"
305687,"Avr|Dec Companion
(Less travel on dec)"
633140,"Avr|Point Acumulator
(No companions)"
326267,"Avr|Feb Companion
(Less travel on feb)"
696026,"Few Trips a Year
(Traveling rarely)"
868161,"Avr|Point Acumulator
(No companions)"
169932,"Avr|Dec Companion
(Less travel on dec)"
751829,"Avr|May Companion
(Less travel on may)"
114743,"Avr|Mar Companion
(Less travel on mar)"
488884,"Avr|May Companion
(Less travel on may)"
663150,"Avr|May Companion
(Less travel on may)"
261573,"Avr|Jan Companion
(Less travel on jan)"
126216,"Avr|Jan Companion
(Less travel on jan)"
261283,"Avr|Nov Companion
(Less travel on nov)"
247471,"Avr|Mar Companion
(Less travel on mar)"
473144,"Avr|Mar Companion
(Less travel on mar)"
652614,"Holiday traveler
(summer companions, winter alone)"
682103,"Avr|Jan Companion
(Less travel on jan)"
902693,"Avr|Point Acumulator
(No companions)"
904805,"Avr|Oct Companion
(Less travel on oct)"
703852,"Few Trips a Year
(Traveling rarely)"
497194,"Moderate travelers
(Current average)"
907950,"Moderate travelers
(Current average)"
154136,"Few Trips a Year
(Traveling rarely)"
687412,"Avr|Dec Companion
(Less travel on dec)"
183374,"Avr|Jan Companion
(Less travel on jan)"
509607,"Avr|Nov Companion
(Less travel on nov)"
997964,"Avr|Dec Companion
(Less travel on dec)"
562411,"Avr|Jun Companion
(Less travel on jun)"
121236,No Traveler
490860,"Avr|Mar Companion
(Less travel on mar)"
633458,"Avr|Jun Companion
(Less travel on jun)"
377289,"Moderate travelers
(Current average)"
463298,No Traveler
444259,"Avr|Mar Companion
(Less travel on mar)"
836984,No Traveler
660922,"Avr|Dec Companion
(Less travel on dec)"
599491,"Avr|Feb Companion
(Less travel on feb)"
732362,"Avr|Point Acumulator
(No companions)"
724510,No Traveler
967298,"Avr|Oct Companion
(Less travel on oct)"
137185,"Avr|Feb Companion
(Less travel on feb)"
528229,"Avr|Point Acumulator
(No companions)"
607696,"Avr|Dec Companion
(Less travel on dec)"
358968,"Winter Traveler
(December with someone)"
327163,"Avr|May Companion
(Less travel on may)"
883230,"Avr|Feb Companion
(Less travel on feb)"
262508,"Winter Traveler
(December with someone)"
963100,"Moderate travelers
(Current average)"
436971,"Winter Traveler
(December with someone)"
619141,"Few Trips a Year
(Traveling rarely)"
928082,"Avr|Oct Companion
(Less travel on oct)"
960934,"Avr|Oct Companion
(Less travel on oct)"
734824,"Avr|Mar Companion
(Less travel on mar)"
296689,"Avr|May Companion
(Less travel on may)"
965698,"Avr|Dec Companion
(Less travel on dec)"
742319,"Avr|Mar Companion
(Less travel on mar)"
894048,"Avr|Oct Companion
(Less travel on oct)"
103436,"Avr|Jan Companion
(Less travel on jan)"
509060,"Winter Traveler
(December with someone)"
768255,"Few Trips a Year
(Traveling rarely)"
934280,"Avr|Jun Companion
(Less travel on jun)"
310983,"Avr|Point Acumulator
(No companions)"
357971,"Moderate travelers
(Current average)"
545144,"Winter Traveler
(December with someone)"
752548,"Avr|Mar Companion
(Less travel on mar)"
402332,"Avr|Point Acumulator
(No companions)"
603082,No Traveler
131815,"Avr|Feb Companion
(Less travel on feb)"
873177,"Moderate travelers
(Current average)"
667517,"Few Trips a Year
(Traveling rarely)"
719719,"Holiday traveler
(summer companions, winter alone)"
307859,"Avr|Feb Companion
(Less travel on feb)"
750300,"Avr|Point Acumulator
(No companions)"
114924,"Winter Traveler
(December with someone)"
821944,"Few Trips a Year
(Traveling rarely)"
202052,"Avr|Dec Companion
(Less travel on dec)"
976605,"Avr|Jun Companion
(Less travel on jun)"
462974,"Avr|Jan Companion
(Less travel on jan)"
105921,"Avr|Point Acumulator
(No companions)"
192405,"Moderate travelers
(Current average)"
819448,No Traveler
273984,"Avr|Point Acumulator
(No companions)"
846033,No Traveler
556313,"Avr|Mar Companion
(Less travel on mar)"
366932,"Holiday traveler
(summer companions, winter alone)"
621279,"Avr|Jan Companion
(Less travel on jan)"
641159,"Avr|Jun Companion
(Less travel on jun)"
163002,"Avr|May Companion
(Less travel on may)"
210247,"Holiday traveler
(summer companions, winter alone)"
238939,"Few Trips a Year
(Traveling rarely)"
756636,No Traveler
224666,No Traveler
810482,"Avr|May Companion
(Less travel on may)"
976489,"Avr|Nov Companion
(Less travel on nov)"
701216,"Holiday traveler
(summer companions, winter alone)"
321666,"Avr|May Companion
(Less travel on may)"
582883,"Moderate travelers
(Current average)"
138759,No Traveler
953281,"Avr|Nov Companion
(Less travel on nov)"
690862,"Avr|Jan Companion
(Less travel on jan)"
705980,"Avr|Feb Companion
(Less travel on feb)"
105251,"Few Trips a Year
(Traveling rarely)"
474921,"Avr|May Companion
(Less travel on may)"
464166,"Avr|Mar Companion
(Less travel on mar)"
811430,No Traveler
711248,"Avr|Oct Companion
(Less travel on oct)"
691626,"Avr|May Companion
(Less travel on may)"
142812,"Avr|Jun Companion
(Less travel on jun)"
756515,"Avr|Dec Companion
(Less travel on dec)"
552945,No Traveler
847502,"Winter Traveler
(December with someone)"
962637,"Avr|Oct Companion
(Less travel on oct)"
811162,"Avr|Feb Companion
(Less travel on feb)"
247721,"Avr|Feb Companion
(Less travel on feb)"
950832,"Avr|May Companion
(Less travel on may)"
548238,"Moderate travelers
(Current average)"
383962,"Winter Traveler
(December with someone)"
512580,"Winter Traveler
(December with someone)"
430555,"Avr|Nov Companion
(Less travel on nov)"
583610,"Avr|Mar Companion
(Less travel on mar)"
199792,"Winter Traveler
(December with someone)"
481987,No Traveler
664052,"Avr|Point Acumulator
(No companions)"
212130,"Avr|Point Acumulator
(No companions)"
109903,"Avr|Nov Companion
(Less travel on nov)"
173416,"Avr|Jun Companion
(Less travel on jun)"
586056,"Few Trips a Year
(Traveling rarely)"
524379,"Avr|May Companion
(Less travel on may)"
627791,"Moderate travelers
(Current average)"
393888,"Avr|Feb Companion
(Less travel on feb)"
791678,"Avr|Point Acumulator
(No companions)"
704267,"Winter Traveler
(December with someone)"
432920,"Avr|Mar Companion
(Less travel on mar)"
168418,"Winter Traveler
(December with someone)"
996539,"Avr|Point Acumulator
(No companions)"
420786,"Few Trips a Year
(Traveling rarely)"
762951,"Avr|Jan Companion
(Less travel on jan)"
638152,"Holiday traveler
(summer companions, winter alone)"
447275,"Avr|Point Acumulator
(No companions)"
773019,No Traveler
654288,"Avr|Oct Companion
(Less travel on oct)"
573078,"Winter Traveler
(December with someone)"
623154,"Few Trips a Year
(Traveling rarely)"
205256,"Moderate travelers
(Current average)"
266604,"Avr|Oct Companion
(Less travel on oct)"
601586,"Avr|Oct Companion
(Less travel on oct)"
450698,"Avr|Point Acumulator
(No companions)"
879844,"Avr|Jan Companion
(Less travel on jan)"
745383,"Holiday traveler
(summer companions, winter alone)"
625784,"Few Trips a Year
(Traveling rarely)"
107067,"Avr|Point Acumulator
(No companions)"
812628,No Traveler
109956,"Avr|Nov Companion
(Less travel on nov)"
214020,"Avr|Feb Companion
(Less travel on feb)"
463070,No Traveler
686224,"Avr|Feb Companion
(Less travel on feb)"
564973,"Avr|Point Acumulator
(No companions)"
239970,"Moderate travelers
(Current average)"
530113,"Holiday traveler
(summer companions, winter alone)"
662209,"Avr|Jun Companion
(Less travel on jun)"
121095,"Avr|Dec Companion
(Less travel on dec)"
529746,No Traveler
240330,"Avr|Feb Companion
(Less travel on feb)"
110752,"Avr|Jun Companion
(Less travel on jun)"
737221,"Few Trips a Year
(Traveling rarely)"
637641,"Moderate travelers
(Current average)"
970976,"Avr|Oct Companion
(Less travel on oct)"
680445,"Avr|Nov Companion
(Less travel on nov)"
180219,"Holiday traveler
(summer companions, winter alone)"
170544,"Moderate travelers
(Current average)"
916634,No Traveler
817456,"Avr|Point Acumulator
(No companions)"
582646,"Holiday traveler
(summer companions, winter alone)"
651006,"Avr|Nov Companion
(Less travel on nov)"
122517,No Traveler
769560,"Avr|Point Acumulator
(No companions)"
852094,"Avr|Oct Companion
(Less travel on oct)"
550262,No Traveler
769763,"Avr|Jun Companion
(Less travel on jun)"
858957,"Avr|Jan Companion
(Less travel on jan)"
117456,"Avr|Jan Companion
(Less travel on jan)"
597267,"Avr|Nov Companion
(Less travel on nov)"
541009,"Avr|Oct Companion
(Less travel on oct)"
702686,No Traveler
707698,"Avr|Feb Companion
(Less travel on feb)"
118076,"Avr|Dec Companion
(Less travel on dec)"
674462,"Avr|Feb Companion
(Less travel on feb)"
702406,"Avr|Point Acumulator
(No companions)"
611538,"Avr|Point Acumulator
(No companions)"
163083,"Avr|Mar Companion
(Less travel on mar)"
404417,"Avr|May Companion
(Less travel on may)"
350863,"Avr|Dec Companion
(Less travel on dec)"
988921,"Avr|Oct Companion
(Less travel on oct)"
989527,"Few Trips a Year
(Traveling rarely)"
336141,"Moderate travelers
(Current average)"
451528,"Winter Traveler
(December with someone)"
397053,"Avr|Nov Companion
(Less travel on nov)"
475500,"Avr|Point Acumulator
(No companions)"
493925,"Avr|Oct Companion
(Less travel on oct)"
271365,"Avr|Oct Companion
(Less travel on oct)"
795607,No Traveler
620792,"Few Trips a Year
(Traveling rarely)"
464044,"Avr|Point Acumulator
(No companions)"
921102,"Avr|Feb Companion
(Less travel on feb)"
431521,"Avr|Oct Companion
(Less travel on oct)"
497861,"Avr|Dec Companion
(Less travel on dec)"
101594,"Avr|Jun Companion
(Less travel on jun)"
283066,"Moderate travelers
(Current average)"
800016,"Avr|Dec Companion
(Less travel on dec)"
918276,"Avr|Point Acumulator
(No companions)"
679531,"Few Trips a Year
(Traveling rarely)"
843972,"Avr|Jun Companion
(Less travel on jun)"
166333,"Avr|Dec Companion
(Less travel on dec)"
743263,"Avr|Nov Companion
(Less travel on nov)"
924493,"Moderate travelers
(Current average)"
169950,No Traveler
345978,"Holiday traveler
(summer companions, winter alone)"
569319,"Avr|Feb Companion
(Less travel on feb)"
212304,"Holiday traveler
(summer companions, winter alone)"
329300,"Avr|May Companion
(Less travel on may)"
369715,No Traveler
186146,No Traveler
348740,"Avr|Dec Companion
(Less travel on dec)"
780504,"Avr|Point Acumulator
(No companions)"
374585,"Avr|Mar Companion
(Less travel on mar)"
955773,No Traveler
276289,"Few Trips a Year
(Traveling rarely)"
417082,"Avr|Dec Companion
(Less travel on dec)"
217967,"Few Trips a Year
(Traveling rarely)"
473622,"Avr|May Companion
(Less travel on may)"
473548,"Few Trips a Year
(Traveling rarely)"
800268,"Holiday traveler
(summer companions, winter alone)"
182124,"Avr|Point Acumulator
(No companions)"
684022,"Avr|Point Acumulator
(No companions)"
161650,"Few Trips a Year
(Traveling rarely)"
329660,"Avr|Jun Companion
(Less travel on jun)"
954174,"Avr|Feb Companion
(Less travel on feb)"
934271,No Traveler
653698,"Avr|May Companion
(Less travel on may)"
997945,"Avr|Jan Companion
(Less travel on jan)"
709948,"Avr|Point Acumulator
(No companions)"
451886,"Holiday traveler
(summer companions, winter alone)"
460043,"Avr|Nov Companion
(Less travel on nov)"
150141,No Traveler
215257,"Avr|Jan Companion
(Less travel on jan)"
240135,"Few Trips a Year
(Traveling rarely)"
822507,"Avr|May Companion
(Less travel on may)"
641997,"Avr|Oct Companion
(Less travel on oct)"
759370,"Avr|Jan Companion
(Less travel on jan)"
359693,"Avr|Dec Companion
(Less travel on dec)"
786613,"Avr|Dec Companion
(Less travel on dec)"
242348,"Avr|Nov Companion
(Less travel on nov)"
902148,"Avr|Oct Companion
(Less travel on oct)"
487807,"Avr|Jun Companion
(Less travel on jun)"
855261,"Avr|Jan Companion
(Less travel on jan)"
771285,"Avr|Dec Companion
(Less travel on dec)"
499875,"Avr|Point Acumulator
(No companions)"
361434,"Avr|Point Acumulator
(No companions)"
522924,"Avr|Dec Companion
(Less travel on dec)"
807211,"Winter Traveler
(December with someone)"
330468,"Moderate travelers
(Current average)"
655715,"Avr|Dec Companion
(Less travel on dec)"
693212,"Avr|Oct Companion
(Less travel on oct)"
970154,"Avr|Point Acumulator
(No companions)"
737906,"Avr|Jan Companion
(Less travel on jan)"
542002,"Moderate travelers
(Current average)"
675541,"Avr|Jan Companion
(Less travel on jan)"
868152,"Avr|Mar Companion
(Less travel on mar)"
527337,"Avr|Mar Companion
(Less travel on mar)"
942102,"Avr|Oct Companion
(Less travel on oct)"
137973,"Winter Traveler
(December with someone)"
937385,"Avr|Dec Companion
(Less travel on dec)"
810621,"Avr|Nov Companion
(Less travel on nov)"
396984,"Avr|Mar Companion
(Less travel on mar)"
567670,No Traveler
440209,"Avr|Jun Companion
(Less travel on jun)"
796692,"Avr|Feb Companion
(Less travel on feb)"
912797,"Avr|Feb Companion
(Less travel on feb)"
874035,"Winter Traveler
(December with someone)"
490479,"Avr|Point Acumulator
(No companions)"
380099,"Avr|Jan Companion
(Less travel on jan)"
154173,"Winter Traveler
(December with someone)"
202807,"Avr|Point Acumulator
(No companions)"
593340,"Avr|Mar Companion
(Less travel on mar)"
445451,"Avr|Jun Companion
(Less travel on jun)"
729561,"Winter Traveler
(December with someone)"
792229,"Avr|Mar Companion
(Less travel on mar)"
152778,"Avr|Feb Companion
(Less travel on feb)"
476431,"Avr|Jun Companion
(Less travel on jun)"
872619,"Holiday traveler
(summer companions, winter alone)"
730771,"Avr|Point Acumulator
(No companions)"
165265,"Avr|Jan Companion
(Less travel on jan)"
128754,"Few Trips a Year
(Traveling rarely)"
232290,"Avr|Nov Companion
(Less travel on nov)"
313292,"Few Trips a Year
(Traveling rarely)"
687593,"Winter Traveler
(December with someone)"
470469,"Avr|Feb Companion
(Less travel on feb)"
624569,"Few Trips a Year
(Traveling rarely)"
203143,"Few Trips a Year
(Traveling rarely)"
500022,"Avr|Mar Companion
(Less travel on mar)"
385718,"Avr|Nov Companion
(Less travel on nov)"
519826,"Avr|May Companion
(Less travel on may)"
297101,"Avr|Jun Companion
(Less travel on jun)"
430503,"Avr|Oct Companion
(Less travel on oct)"
612074,"Avr|Feb Companion
(Less travel on feb)"
639145,"Avr|May Companion
(Less travel on may)"
701223,"Avr|Dec Companion
(Less travel on dec)"
837580,"Avr|Dec Companion
(Less travel on dec)"
792086,"Avr|Jun Companion
(Less travel on jun)"
114021,"Avr|Mar Companion
(Less travel on mar)"
740992,"Avr|Dec Companion
(Less travel on dec)"
824610,"Avr|May Companion
(Less travel on may)"
832062,"Avr|Feb Companion
(Less travel on feb)"
773112,"Avr|Point Acumulator
(No companions)"
829291,"Avr|Point Acumulator
(No companions)"
211575,"Avr|May Companion
(Less travel on may)"
201339,"Avr|Mar Companion
(Less travel on mar)"
261273,"Winter Traveler
(December with someone)"
406254,"Avr|Mar Companion
(Less travel on mar)"
517614,"Few Trips a Year
(Traveling rarely)"
547357,"Avr|Jan Companion
(Less travel on jan)"
934267,"Moderate travelers
(Current average)"
849673,"Avr|Oct Companion
(Less travel on oct)"
244925,"Avr|Jan Companion
(Less travel on jan)"
561620,"Avr|Nov Companion
(Less travel on nov)"
298883,No Traveler
979776,"Avr|Mar Companion
(Less travel on mar)"
154652,"Avr|Oct Companion
(Less travel on oct)"
326564,"Avr|Point Acumulator
(No companions)"
594997,"Few Trips a Year
(Traveling rarely)"
570116,"Avr|Point Acumulator
(No companions)"
632720,"Avr|May Companion
(Less travel on may)"
154230,"Avr|Jan Companion
(Less travel on jan)"
647894,"Avr|Jun Companion
(Less travel on jun)"
167660,"Avr|Point Acumulator
(No companions)"
950403,"Avr|Mar Companion
(Less travel on mar)"
644014,"Avr|Point Acumulator
(No companions)"
582257,"Avr|Jan Companion
(Less travel on jan)"
542180,"Avr|Feb Companion
(Less travel on feb)"
118511,No Traveler
793618,"Avr|Jan Companion
(Less travel on jan)"
682533,No Traveler
599873,No Traveler
294738,"Avr|May Companion
(Less travel on may)"
336484,"Avr|Nov Companion
(Less travel on nov)"
733906,"Avr|Jan Companion
(Less travel on jan)"
661744,"Avr|Oct Companion
(Less travel on oct)"
721088,"Moderate travelers
(Current average)"
846953,"Avr|Dec Companion
(Less travel on dec)"
827164,"Avr|Dec Companion
(Less travel on dec)"
614350,"Moderate travelers
(Current average)"
982446,"Avr|Point Acumulator
(No companions)"
256434,"Avr|Jun Companion
(Less travel on jun)"
673872,"Winter Traveler
(December with someone)"
563749,"Avr|Mar Companion
(Less travel on mar)"
788159,"Moderate travelers
(Current average)"
823628,"Holiday traveler
(summer companions, winter alone)"
799064,No Traveler
603433,No Traveler
617670,"Avr|Point Acumulator
(No companions)"
382671,"Avr|Oct Companion
(Less travel on oct)"
517405,"Avr|Dec Companion
(Less travel on dec)"
542696,"Avr|Mar Companion
(Less travel on mar)"
700260,"Avr|Jan Companion
(Less travel on jan)"
881156,"Holiday traveler
(summer companions, winter alone)"
857481,"Avr|Oct Companion
(Less travel on oct)"
792412,"Few Trips a Year
(Traveling rarely)"
734952,"Winter Traveler
(December with someone)"
428649,"Avr|May Companion
(Less travel on may)"
552576,"Avr|Nov Companion
(Less travel on nov)"
389565,"Avr|Nov Companion
(Less travel on nov)"
420148,"Moderate travelers
(Current average)"
479815,"Few Trips a Year
(Traveling rarely)"
790649,"Moderate travelers
(Current average)"
799919,"Avr|Point Acumulator
(No companions)"
903648,"Moderate travelers
(Current average)"
657668,"Holiday traveler
(summer companions, winter alone)"
859549,"Avr|Feb Companion
(Less travel on feb)"
754436,"Avr|Oct Companion
(Less travel on oct)"
138993,"Avr|Oct Companion
(Less travel on oct)"
491351,"Avr|Mar Companion
(Less travel on mar)"
481018,"Avr|Feb Companion
(Less travel on feb)"
495473,"Avr|Feb Companion
(Less travel on feb)"
789826,"Moderate travelers
(Current average)"
289968,"Avr|Feb Companion
(Less travel on feb)"
319501,"Avr|Jan Companion
(Less travel on jan)"
940711,"Avr|Mar Companion
(Less travel on mar)"
263433,"Avr|Nov Companion
(Less travel on nov)"
189817,"Avr|Feb Companion
(Less travel on feb)"
850123,"Winter Traveler
(December with someone)"
852394,"Avr|Point Acumulator
(No companions)"
414157,"Avr|Oct Companion
(Less travel on oct)"
684155,"Avr|Nov Companion
(Less travel on nov)"
777714,"Avr|May Companion
(Less travel on may)"
147891,"Avr|Mar Companion
(Less travel on mar)"
724660,"Avr|Dec Companion
(Less travel on dec)"
352078,"Avr|Oct Companion
(Less travel on oct)"
582427,"Avr|Feb Companion
(Less travel on feb)"
273198,"Avr|Oct Companion
(Less travel on oct)"
653637,"Avr|Point Acumulator
(No companions)"
217204,"Avr|Feb Companion
(Less travel on feb)"
627826,"Avr|Jan Companion
(Less travel on jan)"
481955,"Avr|Dec Companion
(Less travel on dec)"
716236,No Traveler
762474,"Winter Traveler
(December with someone)"
924793,"Avr|Dec Companion
(Less travel on dec)"
537038,"Avr|Mar Companion
(Less travel on mar)"
171257,"Avr|Feb Companion
(Less travel on feb)"
969913,"Avr|Jan Companion
(Less travel on jan)"
935738,"Avr|Dec Companion
(Less travel on dec)"
185285,"Holiday traveler
(summer companions, winter alone)"
714270,"Avr|Nov Companion
(Less travel on nov)"
562305,"Avr|Feb Companion
(Less travel on feb)"
615528,"Avr|Nov Companion
(Less travel on nov)"
420515,"Moderate travelers
(Current average)"
311952,No Traveler
320191,"Avr|Point Acumulator
(No companions)"
536603,"Few Trips a Year
(Traveling rarely)"
642000,"Avr|Mar Companion
(Less travel on mar)"
405698,No Traveler
593506,"Avr|Jun Companion
(Less travel on jun)"
496371,"Avr|Nov Companion
(Less travel on nov)"
631661,"Avr|Oct Companion
(Less travel on oct)"
207195,"Avr|May Companion
(Less travel on may)"
745290,"Avr|Nov Companion
(Less travel on nov)"
489956,"Avr|Feb Companion
(Less travel on feb)"
498793,"Avr|Mar Companion
(Less travel on mar)"
648365,"Avr|Point Acumulator
(No companions)"
709059,No Traveler
886677,"Avr|Point Acumulator
(No companions)"
889671,"Avr|May Companion
(Less travel on may)"
172135,"Few Trips a Year
(Traveling rarely)"
178403,"Avr|Jun Companion
(Less travel on jun)"
428536,"Moderate travelers
(Current average)"
969933,"Avr|Feb Companion
(Less travel on feb)"
190236,"Avr|Point Acumulator
(No companions)"
810071,"Avr|Mar Companion
(Less travel on mar)"
983900,"Avr|Nov Companion
(Less travel on nov)"
169525,"Avr|May Companion
(Less travel on may)"
270759,"Avr|Feb Companion
(Less travel on feb)"
514272,"Avr|Point Acumulator
(No companions)"
991210,No Traveler
371152,"Moderate travelers
(Current average)"
488799,"Moderate travelers
(Current average)"
766861,"Winter Traveler
(December with someone)"
744406,"Winter Traveler
(December with someone)"
171883,"Avr|Point Acumulator
(No companions)"
290902,"Avr|Nov Companion
(Less travel on nov)"
134273,"Avr|Nov Companion
(Less travel on nov)"
984545,"Avr|Jun Companion
(Less travel on jun)"
730641,"Avr|May Companion
(Less travel on may)"
502615,"Moderate travelers
(Current average)"
228151,"Avr|May Companion
(Less travel on may)"
286065,"Avr|Jun Companion
(Less travel on jun)"
385131,"Avr|Feb Companion
(Less travel on feb)"
543460,"Avr|Feb Companion
(Less travel on feb)"
668576,"Avr|Feb Companion
(Less travel on feb)"
861336,"Avr|Point Acumulator
(No companions)"
922351,"Avr|Jan Companion
(Less travel on jan)"
515663,"Avr|Mar Companion
(Less travel on mar)"
230763,"Avr|Jun Companion
(Less travel on jun)"
784356,"Few Trips a Year
(Traveling rarely)"
129510,"Few Trips a Year
(Traveling rarely)"
486812,No Traveler
640082,"Avr|Feb Companion
(Less travel on feb)"
968608,"Avr|Point Acumulator
(No companions)"
118332,"Avr|Oct Companion
(Less travel on oct)"
239892,"Avr|Point Acumulator
(No companions)"
413347,"Avr|Nov Companion
(Less travel on nov)"
269775,"Holiday traveler
(summer companions, winter alone)"
324506,"Avr|Mar Companion
(Less travel on mar)"
383202,"Avr|Point Acumulator
(No companions)"
585377,"Avr|May Companion
(Less travel on may)"
346384,"Avr|May Companion
(Less travel on may)"
183025,"Avr|Mar Companion
(Less travel on mar)"
380294,"Avr|Mar Companion
(Less travel on mar)"
602361,"Avr|Jun Companion
(Less travel on jun)"
573972,"Avr|Point Acumulator
(No companions)"
579581,"Avr|Jan Companion
(Less travel on jan)"
367774,"Avr|Point Acumulator
(No companions)"
352337,"Avr|Jun Companion
(Less travel on jun)"
123083,"Avr|May Companion
(Less travel on may)"
616641,No Traveler
872315,No Traveler
204311,No Traveler
539599,No Traveler
601597,"Few Trips a Year
(Traveling rarely)"
656639,"Avr|Nov Companion
(Less travel on nov)"
162485,"Few Trips a Year
(Traveling rarely)"
806283,"Avr|Point Acumulator
(No companions)"
298506,"Avr|Feb Companion
(Less travel on feb)"
700924,"Avr|May Companion
(Less travel on may)"
865737,"Moderate travelers
(Current average)"
141266,"Moderate travelers
(Current average)"
502585,"Avr|Feb Companion
(Less travel on feb)"
835785,"Avr|May Companion
(Less travel on may)"
211984,"Few Trips a Year
(Traveling rarely)"
763248,"Winter Traveler
(December with someone)"
159531,"Avr|Feb Companion
(Less travel on feb)"
294273,"Winter Traveler
(December with someone)"
539776,"Avr|Mar Companion
(Less travel on mar)"
451469,"Moderate travelers
(Current average)"
278345,No Traveler
106964,No Traveler
272839,"Avr|Nov Companion
(Less travel on nov)"
535320,"Avr|Jun Companion
(Less travel on jun)"
807134,"Moderate travelers
(Current average)"
834733,"Avr|Dec Companion
(Less travel on dec)"
264723,"Avr|Nov Companion
(Less travel on nov)"
543119,"Avr|Nov Companion
(Less travel on nov)"
301760,"Avr|Mar Companion
(Less travel on mar)"
857159,"Avr|May Companion
(Less travel on may)"
371739,"Avr|Jan Companion
(Less travel on jan)"
661069,"Few Trips a Year
(Traveling rarely)"
820501,"Avr|Mar Companion
(Less travel on mar)"
347982,No Traveler
614782,"Winter Traveler
(December with someone)"
289294,"Moderate travelers
(Current average)"
230429,"Avr|Jun Companion
(Less travel on jun)"
391542,"Avr|Jan Companion
(Less travel on jan)"
125300,"Avr|Nov Companion
(Less travel on nov)"
509746,"Avr|Jan Companion
(Less travel on jan)"
495773,"Avr|Mar Companion
(Less travel on mar)"
545497,"Avr|Jan Companion
(Less travel on jan)"
411116,"Few Trips a Year
(Traveling rarely)"
830777,"Avr|Point Acumulator
(No companions)"
319801,"Holiday traveler
(summer companions, winter alone)"
540628,"Avr|Dec Companion
(Less travel on dec)"
978676,"Avr|Nov Companion
(Less travel on nov)"
628096,"Avr|Nov Companion
(Less travel on nov)"
165554,"Avr|Nov Companion
(Less travel on nov)"
286225,"Moderate travelers
(Current average)"
442525,"Avr|Dec Companion
(Less travel on dec)"
694743,"Moderate travelers
(Current average)"
831854,No Traveler
809024,"Avr|Feb Companion
(Less travel on feb)"
997189,"Moderate travelers
(Current average)"
114983,"Holiday traveler
(summer companions, winter alone)"
651020,"Avr|Jun Companion
(Less travel on jun)"
117932,"Avr|Oct Companion
(Less travel on oct)"
919894,"Avr|Nov Companion
(Less travel on nov)"
270761,"Avr|Point Acumulator
(No companions)"
869116,"Avr|Dec Companion
(Less travel on dec)"
238752,"Avr|Point Acumulator
(No companions)"
480846,"Avr|Feb Companion
(Less travel on feb)"
355839,No Traveler
101547,"Few Trips a Year
(Traveling rarely)"
153645,No Traveler
196582,"Avr|Oct Companion
(Less travel on oct)"
309364,"Avr|Dec Companion
(Less travel on dec)"
591174,"Few Trips a Year
(Traveling rarely)"
772237,"Avr|Feb Companion
(Less travel on feb)"
671359,No Traveler
465603,"Avr|Jan Companion
(Less travel on jan)"
968828,No Traveler
725294,"Avr|Point Acumulator
(No companions)"
379572,"Moderate travelers
(Current average)"
202293,"Avr|Point Acumulator
(No companions)"
779211,"Avr|Jan Companion
(Less travel on jan)"
192013,"Avr|Nov Companion
(Less travel on nov)"
766562,"Few Trips a Year
(Traveling rarely)"
623478,"Holiday traveler
(summer companions, winter alone)"
819255,No Traveler
359133,"Avr|Jan Companion
(Less travel on jan)"
337945,"Avr|Oct Companion
(Less travel on oct)"
535544,"Avr|Oct Companion
(Less travel on oct)"
193775,"Avr|Dec Companion
(Less travel on dec)"
326069,"Avr|Jun Companion
(Less travel on jun)"
874939,"Avr|Dec Companion
(Less travel on dec)"
432302,"Avr|Point Acumulator
(No companions)"
951781,"Avr|Jun Companion
(Less travel on jun)"
436266,"Winter Traveler
(December with someone)"
693791,"Avr|Jun Companion
(Less travel on jun)"
611366,"Holiday traveler
(summer companions, winter alone)"
816196,"Avr|Mar Companion
(Less travel on mar)"
962801,"Avr|Feb Companion
(Less travel on feb)"
117033,"Avr|Jan Companion
(Less travel on jan)"
504078,"Avr|Jan Companion
(Less travel on jan)"
855998,"Winter Traveler
(December with someone)"
742669,"Moderate travelers
(Current average)"
494887,"Avr|Mar Companion
(Less travel on mar)"
895651,"Avr|Dec Companion
(Less travel on dec)"
857629,"Avr|May Companion
(Less travel on may)"
702327,"Avr|Mar Companion
(Less travel on mar)"
123830,"Few Trips a Year
(Traveling rarely)"
441623,"Avr|Oct Companion
(Less travel on oct)"
246911,No Traveler
120799,"Avr|Feb Companion
(Less travel on feb)"
607769,No Traveler
626664,"Avr|Mar Companion
(Less travel on mar)"
695342,"Avr|May Companion
(Less travel on may)"
696329,"Avr|Mar Companion
(Less travel on mar)"
806639,"Avr|Point Acumulator
(No companions)"
976596,"Avr|Feb Companion
(Less travel on feb)"
428523,"Avr|Oct Companion
(Less travel on oct)"
455937,"Avr|Nov Companion
(Less travel on nov)"
908301,"Few Trips a Year
(Traveling rarely)"
931135,"Avr|Point Acumulator
(No companions)"
955130,No Traveler
191638,"Avr|Jan Companion
(Less travel on jan)"
704968,"Moderate travelers
(Current average)"
473194,"Avr|Feb Companion
(Less travel on feb)"
923333,"Avr|Dec Companion
(Less travel on dec)"
371606,"Avr|Mar Companion
(Less travel on mar)"
907157,"Avr|Jan Companion
(Less travel on jan)"
611689,"Avr|Oct Companion
(Less travel on oct)"
830446,"Avr|Jun Companion
(Less travel on jun)"
741892,"Avr|Feb Companion
(Less travel on feb)"
143087,"Avr|May Companion
(Less travel on may)"
251436,"Avr|Jun Companion
(Less travel on jun)"
297568,"Avr|Dec Companion
(Less travel on dec)"
187025,"Avr|Nov Companion
(Less travel on nov)"
167177,"Winter Traveler
(December with someone)"
939752,"Avr|Mar Companion
(Less travel on mar)"
140483,"Avr|Jan Companion
(Less travel on jan)"
445338,"Avr|Point Acumulator
(No companions)"
122166,"Avr|Oct Companion
(Less travel on oct)"
892066,"Winter Traveler
(December with someone)"
820406,"Avr|Oct Companion
(Less travel on oct)"
887228,"Avr|Point Acumulator
(No companions)"
906836,"Avr|Feb Companion
(Less travel on feb)"
872335,"Avr|Jun Companion
(Less travel on jun)"
673399,"Avr|Jun Companion
(Less travel on jun)"
844540,"Avr|Jan Companion
(Less travel on jan)"
199513,"Moderate travelers
(Current average)"
294172,"Avr|Feb Companion
(Less travel on feb)"
223018,"Winter Traveler
(December with someone)"
501699,"Avr|Feb Companion
(Less travel on feb)"
909547,"Winter Traveler
(December with someone)"
210442,No Traveler
475991,"Avr|Mar Companion
(Less travel on mar)"
407340,"Avr|Point Acumulator
(No companions)"
547559,"Avr|Mar Companion
(Less travel on mar)"
893771,"Avr|Feb Companion
(Less travel on feb)"
929009,"Avr|Jun Companion
(Less travel on jun)"
646359,"Avr|Dec Companion
(Less travel on dec)"
183523,"Avr|Feb Companion
(Less travel on feb)"
533509,"Avr|May Companion
(Less travel on may)"
517702,No Traveler
414164,"Avr|Jan Companion
(Less travel on jan)"
428565,"Avr|May Companion
(Less travel on may)"
448142,"Avr|Nov Companion
(Less travel on nov)"
676289,"Avr|Feb Companion
(Less travel on feb)"
747339,"Avr|Nov Companion
(Less travel on nov)"
853871,"Avr|Point Acumulator
(No companions)"
308591,"Avr|Jun Companion
(Less travel on jun)"
972157,"Avr|Nov Companion
(Less travel on nov)"
702005,"Winter Traveler
(December with someone)"
903146,"Avr|Mar Companion
(Less travel on mar)"
183626,"Avr|May Companion
(Less travel on may)"
184206,"Avr|Dec Companion
(Less travel on dec)"
880681,"Avr|Oct Companion
(Less travel on oct)"
390546,"Avr|Point Acumulator
(No companions)"
256486,"Avr|Feb Companion
(Less travel on feb)"
349670,"Avr|May Companion
(Less travel on may)"
629995,"Winter Traveler
(December with someone)"
203409,"Avr|May Companion
(Less travel on may)"
587623,"Avr|May Companion
(Less travel on may)"
931097,"Moderate travelers
(Current average)"
955649,"Avr|May Companion
(Less travel on may)"
756668,"Few Trips a Year
(Traveling rarely)"
408863,"Avr|Point Acumulator
(No companions)"
833305,"Moderate travelers
(Current average)"
939932,"Avr|Mar Companion
(Less travel on mar)"
761114,"Moderate travelers
(Current average)"
128245,"Few Trips a Year
(Traveling rarely)"
973407,"Winter Traveler
(December with someone)"
109029,No Traveler
509514,"Avr|Dec Companion
(Less travel on dec)"
193212,"Avr|Nov Companion
(Less travel on nov)"
627970,"Avr|Mar Companion
(Less travel on mar)"
911663,"Avr|Nov Companion
(Less travel on nov)"
118365,"Avr|May Companion
(Less travel on may)"
716812,"Avr|Point Acumulator
(No companions)"
839263,"Avr|Point Acumulator
(No companions)"
862576,"Avr|Oct Companion
(Less travel on oct)"
479593,"Avr|Feb Companion
(Less travel on feb)"
521111,"Avr|Mar Companion
(Less travel on mar)"
861415,"Avr|Mar Companion
(Less travel on mar)"
256755,No Traveler
727047,No Traveler
926967,No Traveler
784962,"Avr|Mar Companion
(Less travel on mar)"
997599,"Moderate travelers
(Current average)"
367697,"Avr|Oct Companion
(Less travel on oct)"
522935,"Avr|Feb Companion
(Less travel on feb)"
982578,"Moderate travelers
(Current average)"
212695,No Traveler
497648,"Winter Traveler
(December with someone)"
890595,"Avr|Jun Companion
(Less travel on jun)"
375265,"Avr|Point Acumulator
(No companions)"
794752,"Avr|Jun Companion
(Less travel on jun)"
950391,"Avr|May Companion
(Less travel on may)"
325802,"Avr|Oct Companion
(Less travel on oct)"
900801,No Traveler
881304,"Avr|May Companion
(Less travel on may)"
780428,"Avr|Point Acumulator
(No companions)"
266861,"Avr|Dec Companion
(Less travel on dec)"
137985,"Moderate travelers
(Current average)"
620584,"Avr|Mar Companion
(Less travel on mar)"
812152,"Holiday traveler
(summer companions, winter alone)"
204926,"Moderate travelers
(Current average)"
736459,"Avr|Oct Companion
(Less travel on oct)"
335246,No Traveler
153586,"Avr|Nov Companion
(Less travel on nov)"
683910,"Moderate travelers
(Current average)"
261832,"Avr|Point Acumulator
(No companions)"
105214,"Avr|Oct Companion
(Less travel on oct)"
561041,"Avr|Dec Companion
(Less travel on dec)"
462495,"Moderate travelers
(Current average)"
994219,No Traveler
729581,"Avr|Jan Companion
(Less travel on jan)"
724513,No Traveler
672391,"Winter Traveler
(December with someone)"
130446,"Avr|May Companion
(Less travel on may)"
239457,"Avr|Mar Companion
(Less travel on mar)"
357199,"Few Trips a Year
(Traveling rarely)"
852855,"Few Trips a Year
(Traveling rarely)"
890646,"Moderate travelers
(Current average)"
114242,"Avr|Jun Companion
(Less travel on jun)"
472942,"Avr|Point Acumulator
(No companions)"
346274,"Avr|Nov Companion
(Less travel on nov)"
148289,"Few Trips a Year
(Traveling rarely)"
215719,"Winter Traveler
(December with someone)"
604471,"Few Trips a Year
(Traveling rarely)"
676409,"Moderate travelers
(Current average)"
852995,"Holiday traveler
(summer companions, winter alone)"
799437,"Avr|Dec Companion
(Less travel on dec)"
893375,"Avr|Dec Companion
(Less travel on dec)"
480200,"Avr|Dec Companion
(Less travel on dec)"
338808,"Few Trips a Year
(Traveling rarely)"
653337,"Avr|Mar Companion
(Less travel on mar)"
908759,"Avr|Oct Companion
(Less travel on oct)"
489391,"Moderate travelers
(Current average)"
249795,"Avr|Jan Companion
(Less travel on jan)"
558288,"Winter Traveler
(December with someone)"
748890,"Avr|Mar Companion
(Less travel on mar)"
517267,"Avr|Nov Companion
(Less travel on nov)"
454543,"Avr|May Companion
(Less travel on may)"
262369,"Moderate travelers
(Current average)"
314328,"Avr|Feb Companion
(Less travel on feb)"
555218,"Few Trips a Year
(Traveling rarely)"
445145,"Avr|Nov Companion
(Less travel on nov)"
657116,"Moderate travelers
(Current average)"
236165,"Avr|Mar Companion
(Less travel on mar)"
502163,"Moderate travelers
(Current average)"
551833,"Avr|Point Acumulator
(No companions)"
995812,No Traveler
355298,"Moderate travelers
(Current average)"
754292,"Avr|Nov Companion
(Less travel on nov)"
447647,"Avr|Jan Companion
(Less travel on jan)"
261331,"Holiday traveler
(summer companions, winter alone)"
582990,No Traveler
120594,"Avr|Point Acumulator
(No companions)"
315113,"Avr|Oct Companion
(Less travel on oct)"
413330,"Moderate travelers
(Current average)"
958518,No Traveler
688748,"Few Trips a Year
(Traveling rarely)"
450987,"Few Trips a Year
(Traveling rarely)"
767864,No Traveler
385190,"Avr|Jun Companion
(Less travel on jun)"
916020,"Avr|Jan Companion
(Less travel on jan)"
663975,No Traveler
548999,"Avr|Jan Companion
(Less travel on jan)"
851255,"Avr|Point Acumulator
(No companions)"
468516,"Avr|Mar Companion
(Less travel on mar)"
427980,"Avr|Nov Companion
(Less travel on nov)"
804557,"Avr|Point Acumulator
(No companions)"
900325,No Traveler
156870,No Traveler
222278,"Moderate travelers
(Current average)"
463751,"Avr|Oct Companion
(Less travel on oct)"
614221,"Few Trips a Year
(Traveling rarely)"
766777,"Avr|Nov Companion
(Less travel on nov)"
567151,"Few Trips a Year
(Traveling rarely)"
981395,"Avr|Point Acumulator
(No companions)"
572768,"Winter Traveler
(December with someone)"
612664,"Avr|Feb Companion
(Less travel on feb)"
244844,"Winter Traveler
(December with someone)"
277783,"Avr|Oct Companion
(Less travel on oct)"
917192,"Avr|Point Acumulator
(No companions)"
602346,"Avr|Dec Companion
(Less travel on dec)"
816110,"Avr|Point Acumulator
(No companions)"
928291,"Avr|Jan Companion
(Less travel on jan)"
656942,"Avr|Point Acumulator
(No companions)"
924037,"Moderate travelers
(Current average)"
856609,No Traveler
142717,"Avr|Feb Companion
(Less travel on feb)"
156457,"Winter Traveler
(December with someone)"
968450,"Avr|May Companion
(Less travel on may)"
700770,"Avr|Oct Companion
(Less travel on oct)"
712605,"Avr|Mar Companion
(Less travel on mar)"
110476,"Avr|Point Acumulator
(No companions)"
315337,No Traveler
988149,"Moderate travelers
(Current average)"
906178,"Holiday traveler
(summer companions, winter alone)"
633332,"Holiday traveler
(summer companions, winter alone)"
861162,"Avr|Point Acumulator
(No companions)"
781110,"Avr|Point Acumulator
(No companions)"
150883,"Avr|Jan Companion
(Less travel on jan)"
652741,No Traveler
275386,"Avr|Mar Companion
(Less travel on mar)"
302066,No Traveler
775304,"Avr|Feb Companion
(Less travel on feb)"
380627,"Avr|Feb Companion
(Less travel on feb)"
922741,No Traveler
652862,"Avr|Point Acumulator
(No companions)"
378153,No Traveler
852786,No Traveler
768959,No Traveler
521699,"Few Trips a Year
(Traveling rarely)"
690637,"Avr|Jun Companion
(Less travel on jun)"
136430,"Avr|Jun Companion
(Less travel on jun)"
537852,"Moderate travelers
(Current average)"
387568,"Avr|Mar Companion
(Less travel on mar)"
932599,No Traveler
151627,"Avr|Feb Companion
(Less travel on feb)"
619596,"Winter Traveler
(December with someone)"
290507,"Winter Traveler
(December with someone)"
528363,"Avr|Mar Companion
(Less travel on mar)"
778030,"Avr|Oct Companion
(Less travel on oct)"
723091,"Avr|Nov Companion
(Less travel on nov)"
782100,"Moderate travelers
(Current average)"
534464,"Avr|Mar Companion
(Less travel on mar)"
306231,"Avr|Mar Companion
(Less travel on mar)"
307296,"Avr|Jan Companion
(Less travel on jan)"
426994,"Avr|May Companion
(Less travel on may)"
321227,"Avr|Feb Companion
(Less travel on feb)"
802645,"Moderate travelers
(Current average)"
203696,"Avr|Nov Companion
(Less travel on nov)"
433510,"Avr|Oct Companion
(Less travel on oct)"
607292,"Avr|Nov Companion
(Less travel on nov)"
996301,No Traveler
918479,"Avr|Jun Companion
(Less travel on jun)"
226924,No Traveler
135392,"Avr|Point Acumulator
(No companions)"
147272,"Avr|Feb Companion
(Less travel on feb)"
356708,"Moderate travelers
(Current average)"
830811,"Avr|Point Acumulator
(No companions)"
893866,"Few Trips a Year
(Traveling rarely)"
435557,"Avr|Feb Companion
(Less travel on feb)"
271911,"Avr|Feb Companion
(Less travel on feb)"
211589,"Moderate travelers
(Current average)"
455023,"Avr|Mar Companion
(Less travel on mar)"
157911,"Avr|Dec Companion
(Less travel on dec)"
840071,"Moderate travelers
(Current average)"
992194,"Moderate travelers
(Current average)"
944750,"Avr|Nov Companion
(Less travel on nov)"
314065,"Avr|Jan Companion
(Less travel on jan)"
579093,"Winter Traveler
(December with someone)"
298098,No Traveler
811746,"Avr|Feb Companion
(Less travel on feb)"
621876,"Avr|Point Acumulator
(No companions)"
508399,"Avr|Point Acumulator
(No companions)"
523642,"Avr|May Companion
(Less travel on may)"
710598,"Holiday traveler
(summer companions, winter alone)"
115354,"Avr|Point Acumulator
(No companions)"
346529,"Avr|Feb Companion
(Less travel on feb)"
740814,"Avr|Dec Companion
(Less travel on dec)"
968484,"Avr|Dec Companion
(Less travel on dec)"
170404,"Avr|Nov Companion
(Less travel on nov)"
470123,"Moderate travelers
(Current average)"
360446,"Avr|Mar Companion
(Less travel on mar)"
471015,"Avr|Oct Companion
(Less travel on oct)"
697091,"Avr|Oct Companion
(Less travel on oct)"
926315,No Traveler
790346,No Traveler
230027,"Avr|Jan Companion
(Less travel on jan)"
877609,"Avr|May Companion
(Less travel on may)"
355669,"Avr|Point Acumulator
(No companions)"
319059,"Avr|Jan Companion
(Less travel on jan)"
466477,No Traveler
958931,"Avr|Dec Companion
(Less travel on dec)"
168123,"Winter Traveler
(December with someone)"
148942,"Avr|Nov Companion
(Less travel on nov)"
195994,"Moderate travelers
(Current average)"
319430,"Avr|Nov Companion
(Less travel on nov)"
554255,No Traveler
281550,"Avr|Mar Companion
(Less travel on mar)"
528173,"Avr|Point Acumulator
(No companions)"
773397,"Avr|Jun Companion
(Less travel on jun)"
275118,"Avr|Oct Companion
(Less travel on oct)"
434658,"Avr|Nov Companion
(Less travel on nov)"
516984,"Avr|Point Acumulator
(No companions)"
231641,"Avr|Oct Companion
(Less travel on oct)"
981150,"Avr|Jan Companion
(Less travel on jan)"
375056,"Few Trips a Year
(Traveling rarely)"
756341,"Avr|May Companion
(Less travel on may)"
357161,"Avr|May Companion
(Less travel on may)"
802470,"Avr|Point Acumulator
(No companions)"
925254,"Moderate travelers
(Current average)"
555541,"Avr|Jan Companion
(Less travel on jan)"
182459,"Avr|Jan Companion
(Less travel on jan)"
103217,"Avr|Jun Companion
(Less travel on jun)"
597837,"Avr|Nov Companion
(Less travel on nov)"
724626,"Holiday traveler
(summer companions, winter alone)"
957572,"Avr|Nov Companion
(Less travel on nov)"
585854,"Avr|Dec Companion
(Less travel on dec)"
848998,"Avr|Dec Companion
(Less travel on dec)"
822305,"Avr|Oct Companion
(Less travel on oct)"
475172,"Avr|Mar Companion
(Less travel on mar)"
906316,"Avr|Jan Companion
(Less travel on jan)"
518561,"Avr|Feb Companion
(Less travel on feb)"
141614,"Avr|Jan Companion
(Less travel on jan)"
476327,"Avr|May Companion
(Less travel on may)"
360805,"Avr|Point Acumulator
(No companions)"
798832,"Avr|Dec Companion
(Less travel on dec)"
939961,"Avr|Mar Companion
(Less travel on mar)"
501131,"Moderate travelers
(Current average)"
837517,"Avr|Mar Companion
(Less travel on mar)"
491987,"Avr|Point Acumulator
(No companions)"
664062,"Avr|Dec Companion
(Less travel on dec)"
184466,"Avr|Jan Companion
(Less travel on jan)"
660119,"Avr|Jan Companion
(Less travel on jan)"
361439,"Avr|Oct Companion
(Less travel on oct)"
178643,"Avr|Oct Companion
(Less travel on oct)"
636012,"Avr|Mar Companion
(Less travel on mar)"
714163,No Traveler
911003,"Avr|Jan Companion
(Less travel on jan)"
972671,"Few Trips a Year
(Traveling rarely)"
526736,No Traveler
382149,"Avr|Point Acumulator
(No companions)"
383399,"Avr|Nov Companion
(Less travel on nov)"
919557,"Avr|Jan Companion
(Less travel on jan)"
924794,"Avr|Point Acumulator
(No companions)"
232907,"Holiday traveler
(summer companions, winter alone)"
814748,"Avr|Point Acumulator
(No companions)"
861696,"Moderate travelers
(Current average)"
222702,"Few Trips a Year
(Traveling rarely)"
890543,"Avr|Mar Companion
(Less travel on mar)"
611673,"Moderate travelers
(Current average)"
485742,"Avr|Jan Companion
(Less travel on jan)"
933053,No Traveler
340925,"Avr|Point Acumulator
(No companions)"
862100,"Avr|Jun Companion
(Less travel on jun)"
845227,"Avr|May Companion
(Less travel on may)"
135574,"Moderate travelers
(Current average)"
137952,"Avr|Jun Companion
(Less travel on jun)"
370066,"Avr|Dec Companion
(Less travel on dec)"
921776,"Holiday traveler
(summer companions, winter alone)"
428152,No Traveler
956843,"Avr|Mar Companion
(Less travel on mar)"
180009,"Avr|Dec Companion
(Less travel on dec)"
410958,"Winter Traveler
(December with someone)"
517190,"Avr|Oct Companion
(Less travel on oct)"
793980,"Avr|Point Acumulator
(No companions)"
100272,"Avr|Oct Companion
(Less travel on oct)"
227274,No Traveler
609971,"Avr|Jun Companion
(Less travel on jun)"
829861,"Avr|Feb Companion
(Less travel on feb)"
503305,"Avr|Feb Companion
(Less travel on feb)"
735605,No Traveler
509345,"Avr|May Companion
(Less travel on may)"
575571,"Avr|May Companion
(Less travel on may)"
890051,"Avr|May Companion
(Less travel on may)"
711795,"Avr|Dec Companion
(Less travel on dec)"
723457,"Winter Traveler
(December with someone)"
507567,"Avr|Nov Companion
(Less travel on nov)"
251223,"Holiday traveler
(summer companions, winter alone)"
982715,"Avr|Jan Companion
(Less travel on jan)"
333799,"Moderate travelers
(Current average)"
159688,"Avr|Point Acumulator
(No companions)"
641879,"Few Trips a Year
(Traveling rarely)"
695686,"Avr|Jan Companion
(Less travel on jan)"
441135,"Avr|Jan Companion
(Less travel on jan)"
509809,"Holiday traveler
(summer companions, winter alone)"
192898,"Avr|Dec Companion
(Less travel on dec)"
427388,"Holiday traveler
(summer companions, winter alone)"
473636,"Avr|Point Acumulator
(No companions)"
637532,"Avr|Jan Companion
(Less travel on jan)"
618329,"Avr|Jan Companion
(Less travel on jan)"
335365,"Moderate travelers
(Current average)"
445432,"Avr|Point Acumulator
(No companions)"
159359,"Holiday traveler
(summer companions, winter alone)"
422349,"Avr|Nov Companion
(Less travel on nov)"
607117,"Avr|Oct Companion
(Less travel on oct)"
574163,"Avr|Oct Companion
(Less travel on oct)"
358513,"Avr|Oct Companion
(Less travel on oct)"
444661,No Traveler
877034,No Traveler
447092,"Avr|Dec Companion
(Less travel on dec)"
370877,"Avr|Jun Companion
(Less travel on jun)"
385593,"Avr|Oct Companion
(Less travel on oct)"
744234,"Avr|Point Acumulator
(No companions)"
503560,"Avr|Jan Companion
(Less travel on jan)"
561481,"Avr|Jun Companion
(Less travel on jun)"
245227,No Traveler
882718,"Avr|Nov Companion
(Less travel on nov)"
951116,"Few Trips a Year
(Traveling rarely)"
112393,"Avr|May Companion
(Less travel on may)"
716932,"Avr|Feb Companion
(Less travel on feb)"
528712,"Winter Traveler
(December with someone)"
648596,"Avr|Jan Companion
(Less travel on jan)"
192816,No Traveler
115805,"Avr|Oct Companion
(Less travel on oct)"
362055,"Avr|Nov Companion
(Less travel on nov)"
763618,"Few Trips a Year
(Traveling rarely)"
411897,"Avr|Nov Companion
(Less travel on nov)"
626973,"Avr|Jun Companion
(Less travel on jun)"
526629,"Few Trips a Year
(Traveling rarely)"
888901,No Traveler
174803,"Avr|May Companion
(Less travel on may)"
560505,"Avr|Oct Companion
(Less travel on oct)"
208375,"Few Trips a Year
(Traveling rarely)"
281118,"Few Trips a Year
(Traveling rarely)"
289139,"Avr|Oct Companion
(Less travel on oct)"
107212,"Avr|Nov Companion
(Less travel on nov)"
514145,"Avr|Point Acumulator
(No companions)"
172983,"Avr|Jan Companion
(Less travel on jan)"
343605,"Avr|May Companion
(Less travel on may)"
400404,"Few Trips a Year
(Traveling rarely)"
961682,"Avr|Feb Companion
(Less travel on feb)"
645072,"Avr|Feb Companion
(Less travel on feb)"
345840,"Few Trips a Year
(Traveling rarely)"
220802,"Avr|May Companion
(Less travel on may)"
543326,"Avr|May Companion
(Less travel on may)"
797675,"Avr|Nov Companion
(Less travel on nov)"
320042,"Avr|Mar Companion
(Less travel on mar)"
622610,"Avr|Mar Companion
(Less travel on mar)"
808353,"Moderate travelers
(Current average)"
275846,No Traveler
559721,"Holiday traveler
(summer companions, winter alone)"
577156,"Avr|Dec Companion
(Less travel on dec)"
787763,"Avr|Nov Companion
(Less travel on nov)"
511483,"Winter Traveler
(December with someone)"
830564,"Avr|Point Acumulator
(No companions)"
316644,"Avr|Dec Companion
(Less travel on dec)"
506776,"Moderate travelers
(Current average)"
876538,"Avr|Jun Companion
(Less travel on jun)"
217051,"Avr|Jan Companion
(Less travel on jan)"
832597,"Avr|Point Acumulator
(No companions)"
804328,"Avr|Jan Companion
(Less travel on jan)"
836665,"Avr|May Companion
(Less travel on may)"
805013,"Few Trips a Year
(Traveling rarely)"
740608,"Moderate travelers
(Current average)"
122456,"Avr|Point Acumulator
(No companions)"
366599,"Avr|Point Acumulator
(No companions)"
857914,"Avr|Point Acumulator
(No companions)"
815718,"Avr|Feb Companion
(Less travel on feb)"
597237,"Avr|May Companion
(Less travel on may)"
192556,"Winter Traveler
(December with someone)"
358384,"Avr|Feb Companion
(Less travel on feb)"
636177,"Avr|May Companion
(Less travel on may)"
445673,"Avr|Point Acumulator
(No companions)"
925767,"Winter Traveler
(December with someone)"
542089,"Few Trips a Year
(Traveling rarely)"
494062,"Holiday traveler
(summer companions, winter alone)"
392098,"Avr|Jun Companion
(Less travel on jun)"
336451,No Traveler
677976,No Traveler
240942,"Avr|Mar Companion
(Less travel on mar)"
221204,"Avr|Nov Companion
(Less travel on nov)"
473204,"Avr|Point Acumulator
(No companions)"
326823,"Avr|Jun Companion
(Less travel on jun)"
745769,"Avr|Nov Companion
(Less travel on nov)"
206890,"Avr|Feb Companion
(Less travel on feb)"
604724,"Avr|Feb Companion
(Less travel on feb)"
225262,"Avr|Point Acumulator
(No companions)"
164013,"Avr|Jan Companion
(Less travel on jan)"
392619,"Avr|Nov Companion
(Less travel on nov)"
794136,"Avr|Point Acumulator
(No companions)"
405735,"Avr|Oct Companion
(Less travel on oct)"
941109,"Avr|Point Acumulator
(No companions)"
691700,"Avr|Nov Companion
(Less travel on nov)"
208668,No Traveler
636753,"Avr|Point Acumulator
(No companions)"
191917,"Avr|Jan Companion
(Less travel on jan)"
140208,"Avr|Point Acumulator
(No companions)"
179590,"Few Trips a Year
(Traveling rarely)"
186539,"Avr|Oct Companion
(Less travel on oct)"
345099,"Avr|Dec Companion
(Less travel on dec)"
767428,"Avr|Dec Companion
(Less travel on dec)"
436475,"Avr|Jan Companion
(Less travel on jan)"
893549,"Avr|Point Acumulator
(No companions)"
751664,"Avr|Dec Companion
(Less travel on dec)"
876409,"Avr|Jan Companion
(Less travel on jan)"
781480,"Avr|May Companion
(Less travel on may)"
251521,No Traveler
488811,"Holiday traveler
(summer companions, winter alone)"
918756,"Avr|Dec Companion
(Less travel on dec)"
442609,"Avr|Point Acumulator
(No companions)"
780104,No Traveler
473758,"Avr|Feb Companion
(Less travel on feb)"
572066,No Traveler
689000,"Avr|Point Acumulator
(No companions)"
379041,No Traveler
990728,No Traveler
698443,"Holiday traveler
(summer companions, winter alone)"
500248,"Moderate travelers
(Current average)"
724989,"Avr|Oct Companion
(Less travel on oct)"
385092,"Few Trips a Year
(Traveling rarely)"
679075,"Avr|Nov Companion
(Less travel on nov)"
489335,"Moderate travelers
(Current average)"
354295,"Avr|Mar Companion
(Less travel on mar)"
805574,"Avr|Jan Companion
(Less travel on jan)"
227808,"Holiday traveler
(summer companions, winter alone)"
126239,"Avr|Mar Companion
(Less travel on mar)"
833317,"Avr|Jan Companion
(Less travel on jan)"
313673,No Traveler
499518,"Avr|Mar Companion
(Less travel on mar)"
466998,"Avr|May Companion
(Less travel on may)"
753452,"Moderate travelers
(Current average)"
652047,"Moderate travelers
(Current average)"
305807,"Avr|Feb Companion
(Less travel on feb)"
152499,"Few Trips a Year
(Traveling rarely)"
449441,No Traveler
769346,"Avr|Nov Companion
(Less travel on nov)"
150751,No Traveler
548228,"Avr|Dec Companion
(Less travel on dec)"
238649,"Avr|Dec Companion
(Less travel on dec)"
196905,"Avr|Nov Companion
(Less travel on nov)"
114700,No Traveler
107385,"Winter Traveler
(December with someone)"
228820,"Winter Traveler
(December with someone)"
342407,"Avr|Feb Companion
(Less travel on feb)"
881584,No Traveler
775158,No Traveler
507008,"Winter Traveler
(December with someone)"
187141,"Holiday traveler
(summer companions, winter alone)"
783789,"Avr|Jun Companion
(Less travel on jun)"
320784,"Avr|Jun Companion
(Less travel on jun)"
485787,"Avr|Point Acumulator
(No companions)"
608517,"Avr|Oct Companion
(Less travel on oct)"
664856,"Few Trips a Year
(Traveling rarely)"
819664,"Avr|Jun Companion
(Less travel on jun)"
698546,"Avr|May Companion
(Less travel on may)"
346532,No Traveler
287942,"Avr|Nov Companion
(Less travel on nov)"
963644,"Avr|Jan Companion
(Less travel on jan)"
199358,No Traveler
253046,"Avr|Point Acumulator
(No companions)"
402052,"Avr|Mar Companion
(Less travel on mar)"
833891,"Avr|Mar Companion
(Less travel on mar)"
192554,"Avr|Jun Companion
(Less travel on jun)"
278568,No Traveler
252082,"Avr|Jun Companion
(Less travel on jun)"
456177,No Traveler
737519,"Avr|Point Acumulator
(No companions)"
412487,"Avr|Jan Companion
(Less travel on jan)"
565171,"Avr|Nov Companion
(Less travel on nov)"
418470,"Winter Traveler
(December with someone)"
266298,"Few Trips a Year
(Traveling rarely)"
551429,"Avr|May Companion
(Less travel on may)"
172059,"Avr|Mar Companion
(Less travel on mar)"
268643,No Traveler
105063,No Traveler
620094,"Avr|Jun Companion
(Less travel on jun)"
849705,"Avr|Nov Companion
(Less travel on nov)"
695624,"Avr|Mar Companion
(Less travel on mar)"
908374,"Avr|Oct Companion
(Less travel on oct)"
978349,"Avr|Nov Companion
(Less travel on nov)"
924031,No Traveler
213432,"Avr|Dec Companion
(Less travel on dec)"
248952,"Avr|Nov Companion
(Less travel on nov)"
296579,"Few Trips a Year
(Traveling rarely)"
715947,"Avr|Mar Companion
(Less travel on mar)"
146839,"Avr|Feb Companion
(Less travel on feb)"
186754,"Avr|Dec Companion
(Less travel on dec)"
984409,"Avr|Nov Companion
(Less travel on nov)"
631051,"Avr|Jun Companion
(Less travel on jun)"
148208,"Avr|Oct Companion
(Less travel on oct)"
539704,"Avr|Nov Companion
(Less travel on nov)"
852863,"Avr|Oct Companion
(Less travel on oct)"
246722,"Few Trips a Year
(Traveling rarely)"
654249,No Traveler
689818,"Avr|Jun Companion
(Less travel on jun)"
791280,"Avr|Jan Companion
(Less travel on jan)"
211755,"Avr|Dec Companion
(Less travel on dec)"
318180,"Avr|Nov Companion
(Less travel on nov)"
602150,"Avr|Jun Companion
(Less travel on jun)"
196514,"Avr|May Companion
(Less travel on may)"
212762,"Avr|Nov Companion
(Less travel on nov)"
896075,"Avr|Oct Companion
(Less travel on oct)"
107141,"Avr|May Companion
(Less travel on may)"
124207,No Traveler
496831,"Winter Traveler
(December with someone)"
985765,"Avr|Point Acumulator
(No companions)"
605849,"Avr|Point Acumulator
(No companions)"
514395,"Moderate travelers
(Current average)"
595235,"Avr|May Companion
(Less travel on may)"
250854,"Moderate travelers
(Current average)"
974265,No Traveler
517262,No Traveler
587800,"Moderate travelers
(Current average)"
634269,"Avr|Jan Companion
(Less travel on jan)"
735790,"Avr|Point Acumulator
(No companions)"
861700,"Winter Traveler
(December with someone)"
927446,"Winter Traveler
(December with someone)"
100585,"Avr|Point Acumulator
(No companions)"
540011,"Avr|Point Acumulator
(No companions)"
854243,"Avr|Nov Companion
(Less travel on nov)"
560528,"Avr|Point Acumulator
(No companions)"
586401,"Moderate travelers
(Current average)"
857161,"Avr|Feb Companion
(Less travel on feb)"
777531,"Avr|Mar Companion
(Less travel on mar)"
841636,"Avr|Jan Companion
(Less travel on jan)"
229166,"Avr|Point Acumulator
(No companions)"
319868,"Avr|Nov Companion
(Less travel on nov)"
545010,No Traveler
394321,"Avr|Mar Companion
(Less travel on mar)"
686783,"Avr|Dec Companion
(Less travel on dec)"
777108,"Avr|May Companion
(Less travel on may)"
106038,"Avr|Point Acumulator
(No companions)"
355707,No Traveler
580493,"Winter Traveler
(December with someone)"
630920,No Traveler
439013,"Holiday traveler
(summer companions, winter alone)"
501109,"Avr|Point Acumulator
(No companions)"
517295,"Avr|Oct Companion
(Less travel on oct)"
212579,"Winter Traveler
(December with someone)"
711823,"Avr|Feb Companion
(Less travel on feb)"
759093,"Avr|Dec Companion
(Less travel on dec)"
438641,"Avr|Mar Companion
(Less travel on mar)"
687820,"Moderate travelers
(Current average)"
320996,"Few Trips a Year
(Traveling rarely)"
806196,"Avr|Mar Companion
(Less travel on mar)"
188655,"Avr|Nov Companion
(Less travel on nov)"
547342,"Few Trips a Year
(Traveling rarely)"
819498,"Winter Traveler
(December with someone)"
568769,"Avr|Feb Companion
(Less travel on feb)"
873579,"Avr|Dec Companion
(Less travel on dec)"
660047,"Avr|May Companion
(Less travel on may)"
492367,"Winter Traveler
(December with someone)"
315482,"Avr|Jan Companion
(Less travel on jan)"
121183,"Avr|Jun Companion
(Less travel on jun)"
409512,"Moderate travelers
(Current average)"
464606,"Avr|Jan Companion
(Less travel on jan)"
619916,"Avr|Dec Companion
(Less travel on dec)"
862159,"Avr|Oct Companion
(Less travel on oct)"
646519,"Avr|Jan Companion
(Less travel on jan)"
445024,"Moderate travelers
(Current average)"
846864,"Avr|Mar Companion
(Less travel on mar)"
409984,"Winter Traveler
(December with someone)"
765428,"Avr|Point Acumulator
(No companions)"
229842,"Avr|Dec Companion
(Less travel on dec)"
106637,"Avr|Mar Companion
(Less travel on mar)"
349278,"Moderate travelers
(Current average)"
991084,"Avr|Feb Companion
(Less travel on feb)"
234836,"Holiday traveler
(summer companions, winter alone)"
277788,"Avr|Point Acumulator
(No companions)"
330741,"Avr|Nov Companion
(Less travel on nov)"
341725,"Avr|Point Acumulator
(No companions)"
390343,"Avr|May Companion
(Less travel on may)"
673192,"Moderate travelers
(Current average)"
954973,"Avr|Mar Companion
(Less travel on mar)"
381901,"Avr|May Companion
(Less travel on may)"
866606,"Avr|Mar Companion
(Less travel on mar)"
835508,"Moderate travelers
(Current average)"
723476,"Avr|Feb Companion
(Less travel on feb)"
274431,"Avr|Jun Companion
(Less travel on jun)"
897293,"Avr|Point Acumulator
(No companions)"
472787,"Moderate travelers
(Current average)"
127496,No Traveler
317260,"Winter Traveler
(December with someone)"
249639,No Traveler
483631,"Moderate travelers
(Current average)"
355099,No Traveler
445073,"Avr|Jan Companion
(Less travel on jan)"
216719,"Avr|Jun Companion
(Less travel on jun)"
488009,"Few Trips a Year
(Traveling rarely)"
992538,"Avr|Jun Companion
(Less travel on jun)"
467382,"Avr|Oct Companion
(Less travel on oct)"
425411,"Avr|Dec Companion
(Less travel on dec)"
536124,"Avr|Jan Companion
(Less travel on jan)"
420627,"Avr|Jun Companion
(Less travel on jun)"
102311,"Avr|Point Acumulator
(No companions)"
405500,"Avr|Dec Companion
(Less travel on dec)"
668213,"Avr|Mar Companion
(Less travel on mar)"
294728,"Avr|Oct Companion
(Less travel on oct)"
831035,"Avr|Feb Companion
(Less travel on feb)"
887892,"Avr|Point Acumulator
(No companions)"
918048,"Avr|Oct Companion
(Less travel on oct)"
468945,"Avr|May Companion
(Less travel on may)"
692685,"Moderate travelers
(Current average)"
938093,"Avr|Oct Companion
(Less travel on oct)"
566737,"Avr|Nov Companion
(Less travel on nov)"
733889,"Avr|May Companion
(Less travel on may)"
679414,No Traveler
431533,"Avr|Point Acumulator
(No companions)"
590485,"Avr|Point Acumulator
(No companions)"
816983,"Avr|Dec Companion
(Less travel on dec)"
379752,"Avr|Jan Companion
(Less travel on jan)"
723298,"Avr|Feb Companion
(Less travel on feb)"
635907,"Winter Traveler
(December with someone)"
132045,No Traveler
393806,"Avr|Dec Companion
(Less travel on dec)"
473409,"Avr|Oct Companion
(Less travel on oct)"
369361,"Avr|Nov Companion
(Less travel on nov)"
672430,"Avr|May Companion
(Less travel on may)"
669890,"Avr|May Companion
(Less travel on may)"
579847,"Avr|Oct Companion
(Less travel on oct)"
889525,No Traveler
103340,"Avr|Mar Companion
(Less travel on mar)"
779291,"Avr|Jun Companion
(Less travel on jun)"
225891,"Avr|Oct Companion
(Less travel on oct)"
360902,"Avr|May Companion
(Less travel on may)"
573475,"Avr|Oct Companion
(Less travel on oct)"
528260,No Traveler
544752,"Avr|Point Acumulator
(No companions)"
619840,"Avr|Dec Companion
(Less travel on dec)"
972787,"Few Trips a Year
(Traveling rarely)"
756867,"Avr|Jun Companion
(Less travel on jun)"
509044,"Avr|Point Acumulator
(No companions)"
674281,"Avr|Jun Companion
(Less travel on jun)"
795908,No Traveler
766969,"Avr|May Companion
(Less travel on may)"
975218,No Traveler
491242,"Winter Traveler
(December with someone)"
526374,"Avr|Jun Companion
(Less travel on jun)"
545883,"Holiday traveler
(summer companions, winter alone)"
528055,"Avr|Oct Companion
(Less travel on oct)"
683126,"Avr|Dec Companion
(Less travel on dec)"
969924,"Avr|Jun Companion
(Less travel on jun)"
848736,"Few Trips a Year
(Traveling rarely)"
281585,"Avr|Jan Companion
(Less travel on jan)"
991419,"Avr|Mar Companion
(Less travel on mar)"
217761,"Avr|Jan Companion
(Less travel on jan)"
732488,"Avr|Jan Companion
(Less travel on jan)"
799157,"Avr|Nov Companion
(Less travel on nov)"
648653,"Avr|Point Acumulator
(No companions)"
837733,"Avr|Nov Companion
(Less travel on nov)"
326961,"Avr|Point Acumulator
(No companions)"
472540,"Avr|Dec Companion
(Less travel on dec)"
411298,"Avr|Mar Companion
(Less travel on mar)"
823761,"Avr|Jan Companion
(Less travel on jan)"
674497,"Avr|Oct Companion
(Less travel on oct)"
645653,"Avr|Point Acumulator
(No companions)"
663918,"Avr|Point Acumulator
(No companions)"
868744,"Avr|Dec Companion
(Less travel on dec)"
277281,"Avr|Oct Companion
(Less travel on oct)"
127127,"Avr|Dec Companion
(Less travel on dec)"
561640,"Avr|Mar Companion
(Less travel on mar)"
969277,"Avr|Mar Companion
(Less travel on mar)"
896853,No Traveler
557640,"Avr|Point Acumulator
(No companions)"
511922,"Winter Traveler
(December with someone)"
184045,"Avr|Dec Companion
(Less travel on dec)"
368391,"Few Trips a Year
(Traveling rarely)"
672635,No Traveler
131001,"Avr|Jun Companion
(Less travel on jun)"
209831,"Moderate travelers
(Current average)"
313815,"Avr|Dec Companion
(Less travel on dec)"
991442,"Avr|Nov Companion
(Less travel on nov)"
853621,No Traveler
173548,"Avr|Point Acumulator
(No companions)"
937430,"Avr|Jan Companion
(Less travel on jan)"
767089,"Avr|Dec Companion
(Less travel on dec)"
846950,"Avr|May Companion
(Less travel on may)"
910142,"Avr|May Companion
(Less travel on may)"
824486,"Avr|Dec Companion
(Less travel on dec)"
485258,No Traveler
525765,"Avr|Dec Companion
(Less travel on dec)"
924217,No Traveler
969626,"Avr|Mar Companion
(Less travel on mar)"
564959,"Avr|Feb Companion
(Less travel on feb)"
722154,No Traveler
736109,"Avr|Point Acumulator
(No companions)"
994225,"Avr|Oct Companion
(Less travel on oct)"
498923,"Avr|Jun Companion
(Less travel on jun)"
569880,"Moderate travelers
(Current average)"
341185,"Avr|Mar Companion
(Less travel on mar)"
858106,"Avr|Point Acumulator
(No companions)"
900133,"Avr|Feb Companion
(Less travel on feb)"
635805,"Holiday traveler
(summer companions, winter alone)"
717308,"Avr|May Companion
(Less travel on may)"
625524,"Avr|Dec Companion
(Less travel on dec)"
723347,"Moderate travelers
(Current average)"
547542,"Avr|Dec Companion
(Less travel on dec)"
685533,"Avr|Oct Companion
(Less travel on oct)"
492695,"Few Trips a Year
(Traveling rarely)"
818114,"Avr|Oct Companion
(Less travel on oct)"
505962,"Avr|Jan Companion
(Less travel on jan)"
857538,"Moderate travelers
(Current average)"
786624,"Avr|Feb Companion
(Less travel on feb)"
898427,"Avr|May Companion
(Less travel on may)"
462128,"Avr|Oct Companion
(Less travel on oct)"
976004,No Traveler
732081,"Avr|Jan Companion
(Less travel on jan)"
908519,"Avr|Point Acumulator
(No companions)"
930893,"Few Trips a Year
(Traveling rarely)"
693625,"Avr|May Companion
(Less travel on may)"
596462,"Holiday traveler
(summer companions, winter alone)"
196845,"Avr|Point Acumulator
(No companions)"
284442,"Few Trips a Year
(Traveling rarely)"
234256,"Avr|Point Acumulator
(No companions)"
182490,"Avr|Nov Companion
(Less travel on nov)"
985341,"Avr|Jan Companion
(Less travel on jan)"
537405,"Winter Traveler
(December with someone)"
193037,"Winter Traveler
(December with someone)"
277145,"Avr|May Companion
(Less travel on may)"
550769,"Avr|May Companion
(Less travel on may)"
245066,No Traveler
696431,"Moderate travelers
(Current average)"
998507,"Avr|Jan Companion
(Less travel on jan)"
283822,"Avr|Jun Companion
(Less travel on jun)"
221345,"Avr|Nov Companion
(Less travel on nov)"
530119,No Traveler
106946,"Avr|Point Acumulator
(No companions)"
493800,"Avr|Jun Companion
(Less travel on jun)"
299204,"Few Trips a Year
(Traveling rarely)"
352377,"Avr|Feb Companion
(Less travel on feb)"
680839,"Avr|Nov Companion
(Less travel on nov)"
694158,"Avr|Dec Companion
(Less travel on dec)"
310681,No Traveler
439574,"Avr|Point Acumulator
(No companions)"
610096,"Holiday traveler
(summer companions, winter alone)"
656572,"Avr|Dec Companion
(Less travel on dec)"
971488,"Avr|Jun Companion
(Less travel on jun)"
973609,"Winter Traveler
(December with someone)"
158995,No Traveler
442252,"Avr|Mar Companion
(Less travel on mar)"
365156,No Traveler
475034,No Traveler
694497,"Avr|Mar Companion
(Less travel on mar)"
644769,"Avr|Jan Companion
(Less travel on jan)"
751351,"Avr|Jun Companion
(Less travel on jun)"
699243,"Moderate travelers
(Current average)"
543449,"Winter Traveler
(December with someone)"
756833,"Moderate travelers
(Current average)"
180140,"Avr|Mar Companion
(Less travel on mar)"
108440,"Avr|Mar Companion
(Less travel on mar)"
322294,No Traveler
489856,No Traveler
702478,"Avr|Oct Companion
(Less travel on oct)"
974617,"Avr|May Companion
(Less travel on may)"
909242,"Avr|Nov Companion
(Less travel on nov)"
847609,"Avr|Point Acumulator
(No companions)"
200764,No Traveler
386936,No Traveler
313461,"Avr|Oct Companion
(Less travel on oct)"
108528,"Avr|Point Acumulator
(No companions)"
671933,"Avr|Jun Companion
(Less travel on jun)"
772438,"Avr|Point Acumulator
(No companions)"
263812,"Moderate travelers
(Current average)"
593684,"Avr|Jan Companion
(Less travel on jan)"
361827,"Avr|Jan Companion
(Less travel on jan)"
641327,"Avr|Mar Companion
(Less travel on mar)"
996794,"Avr|Nov Companion
(Less travel on nov)"
209850,No Traveler
334143,"Avr|Nov Companion
(Less travel on nov)"
839694,"Avr|Jan Companion
(Less travel on jan)"
910809,No Traveler
249723,"Avr|Point Acumulator
(No companions)"
918021,"Avr|Nov Companion
(Less travel on nov)"
473259,No Traveler
138981,"Avr|Nov Companion
(Less travel on nov)"
525202,No Traveler
178077,"Avr|Feb Companion
(Less travel on feb)"
377489,"Avr|Nov Companion
(Less travel on nov)"
515386,"Avr|Point Acumulator
(No companions)"
448823,No Traveler
559723,"Avr|Dec Companion
(Less travel on dec)"
293100,"Few Trips a Year
(Traveling rarely)"
676203,"Avr|May Companion
(Less travel on may)"
996616,"Avr|Feb Companion
(Less travel on feb)"
895085,"Avr|Point Acumulator
(No companions)"
347142,"Avr|Oct Companion
(Less travel on oct)"
142354,"Avr|Point Acumulator
(No companions)"
345682,"Avr|Point Acumulator
(No companions)"
618601,"Avr|Mar Companion
(Less travel on mar)"
252110,"Moderate travelers
(Current average)"
409454,"Avr|Dec Companion
(Less travel on dec)"
161103,"Avr|Feb Companion
(Less travel on feb)"
171047,"Avr|Jun Companion
(Less travel on jun)"
244132,"Moderate travelers
(Current average)"
855981,No Traveler
446991,"Avr|Oct Companion
(Less travel on oct)"
940187,"Winter Traveler
(December with someone)"
574674,"Avr|Point Acumulator
(No companions)"
140891,"Avr|May Companion
(Less travel on may)"
571670,"Avr|Nov Companion
(Less travel on nov)"
863599,"Avr|Nov Companion
(Less travel on nov)"
512599,"Few Trips a Year
(Traveling rarely)"
572836,No Traveler
475950,"Few Trips a Year
(Traveling rarely)"
530621,No Traveler
737756,"Avr|Point Acumulator
(No companions)"
185835,"Avr|Oct Companion
(Less travel on oct)"
113220,"Holiday traveler
(summer companions, winter alone)"
653441,"Avr|May Companion
(Less travel on may)"
860980,"Avr|Nov Companion
(Less travel on nov)"
366744,"Avr|Jun Companion
(Less travel on jun)"
748198,"Avr|Oct Companion
(Less travel on oct)"
543881,"Avr|May Companion
(Less travel on may)"
793126,"Avr|May Companion
(Less travel on may)"
551809,"Avr|Dec Companion
(Less travel on dec)"
789206,"Avr|Mar Companion
(Less travel on mar)"
128041,"Avr|Nov Companion
(Less travel on nov)"
253528,"Avr|May Companion
(Less travel on may)"
339927,"Avr|Feb Companion
(Less travel on feb)"
434470,"Avr|Jan Companion
(Less travel on jan)"
741421,"Avr|May Companion
(Less travel on may)"
863108,"Avr|Jan Companion
(Less travel on jan)"
580201,"Avr|Mar Companion
(Less travel on mar)"
459991,No Traveler
966391,"Avr|Mar Companion
(Less travel on mar)"
239749,No Traveler
600884,"Avr|May Companion
(Less travel on may)"
848250,"Moderate travelers
(Current average)"
858626,"Avr|Dec Companion
(Less travel on dec)"
377742,No Traveler
681722,"Avr|May Companion
(Less travel on may)"
745668,"Moderate travelers
(Current average)"
393206,"Few Trips a Year
(Traveling rarely)"
467143,"Avr|Feb Companion
(Less travel on feb)"
277139,"Avr|Jan Companion
(Less travel on jan)"
842210,"Few Trips a Year
(Traveling rarely)"
299412,"Avr|Oct Companion
(Less travel on oct)"
168026,"Avr|Jun Companion
(Less travel on jun)"
604645,"Moderate travelers
(Current average)"
204686,"Avr|Nov Companion
(Less travel on nov)"
614721,"Avr|Mar Companion
(Less travel on mar)"
756928,"Avr|Jan Companion
(Less travel on jan)"
884433,"Avr|Nov Companion
(Less travel on nov)"
901442,"Avr|Mar Companion
(Less travel on mar)"
871740,No Traveler
484765,No Traveler
585277,"Avr|Feb Companion
(Less travel on feb)"
503938,"Avr|Feb Companion
(Less travel on feb)"
982096,"Avr|Dec Companion
(Less travel on dec)"
813652,"Avr|Nov Companion
(Less travel on nov)"
939741,No Traveler
650704,"Avr|Jun Companion
(Less travel on jun)"
379962,"Avr|Mar Companion
(Less travel on mar)"
534510,"Holiday traveler
(summer companions, winter alone)"
649855,"Avr|Point Acumulator
(No companions)"
214354,"Moderate travelers
(Current average)"
255951,"Avr|May Companion
(Less travel on may)"
875707,"Few Trips a Year
(Traveling rarely)"
167575,"Holiday traveler
(summer companions, winter alone)"
635509,No Traveler
516791,"Avr|May Companion
(Less travel on may)"
725510,"Winter Traveler
(December with someone)"
189139,"Avr|Mar Companion
(Less travel on mar)"
109203,"Avr|Oct Companion
(Less travel on oct)"
161766,"Avr|Nov Companion
(Less travel on nov)"
798662,"Avr|Oct Companion
(Less travel on oct)"
964206,"Winter Traveler
(December with someone)"
516544,"Avr|Nov Companion
(Less travel on nov)"
513820,"Avr|May Companion
(Less travel on may)"
429921,"Avr|Point Acumulator
(No companions)"
626746,"Moderate travelers
(Current average)"
739284,"Avr|Feb Companion
(Less travel on feb)"
674375,No Traveler
457374,No Traveler
362134,No Traveler
836964,"Avr|Jan Companion
(Less travel on jan)"
952093,"Avr|Oct Companion
(Less travel on oct)"
890404,"Few Trips a Year
(Traveling rarely)"
909075,"Avr|May Companion
(Less travel on may)"
314258,"Avr|Mar Companion
(Less travel on mar)"
566767,"Avr|Mar Companion
(Less travel on mar)"
596787,"Avr|May Companion
(Less travel on may)"
465412,"Avr|Feb Companion
(Less travel on feb)"
399678,"Avr|Jun Companion
(Less travel on jun)"
701036,"Few Trips a Year
(Traveling rarely)"
647672,"Avr|May Companion
(Less travel on may)"
772019,"Avr|Point Acumulator
(No companions)"
160320,"Avr|Oct Companion
(Less travel on oct)"
987978,"Avr|Feb Companion
(Less travel on feb)"
193747,"Avr|Dec Companion
(Less travel on dec)"
883505,"Moderate travelers
(Current average)"
336025,"Avr|Nov Companion
(Less travel on nov)"
545659,"Avr|Nov Companion
(Less travel on nov)"
529390,"Holiday traveler
(summer companions, winter alone)"
617263,"Moderate travelers
(Current average)"
729394,"Avr|Jun Companion
(Less travel on jun)"
596171,"Holiday traveler
(summer companions, winter alone)"
777931,"Avr|Jun Companion
(Less travel on jun)"
434081,"Avr|Point Acumulator
(No companions)"
408651,"Avr|May Companion
(Less travel on may)"
734556,"Winter Traveler
(December with someone)"
534452,"Avr|Nov Companion
(Less travel on nov)"
443896,"Avr|Nov Companion
(Less travel on nov)"
257985,"Few Trips a Year
(Traveling rarely)"
108462,"Avr|Mar Companion
(Less travel on mar)"
492158,"Avr|Jan Companion
(Less travel on jan)"
809218,"Avr|Nov Companion
(Less travel on nov)"
244308,"Avr|Oct Companion
(Less travel on oct)"
554453,"Avr|Jun Companion
(Less travel on jun)"
299210,"Avr|Jan Companion
(Less travel on jan)"
241849,"Avr|Oct Companion
(Less travel on oct)"
164363,"Avr|Jun Companion
(Less travel on jun)"
922206,"Avr|Jan Companion
(Less travel on jan)"
651835,"Avr|Dec Companion
(Less travel on dec)"
668959,"Avr|Feb Companion
(Less travel on feb)"
371672,"Avr|Feb Companion
(Less travel on feb)"
537722,"Avr|Nov Companion
(Less travel on nov)"
732606,"Avr|May Companion
(Less travel on may)"
840741,"Avr|Jun Companion
(Less travel on jun)"
868037,"Moderate travelers
(Current average)"
230560,No Traveler
283133,"Avr|Mar Companion
(Less travel on mar)"
341897,No Traveler
823986,"Winter Traveler
(December with someone)"
606563,"Avr|Oct Companion
(Less travel on oct)"
619693,"Avr|Oct Companion
(Less travel on oct)"
547649,"Moderate travelers
(Current average)"
606396,No Traveler
313982,"Moderate travelers
(Current average)"
793838,"Avr|May Companion
(Less travel on may)"
855883,"Avr|Oct Companion
(Less travel on oct)"
154172,"Avr|Feb Companion
(Less travel on feb)"
425720,"Holiday traveler
(summer companions, winter alone)"
973104,No Traveler
421822,No Traveler
863035,"Avr|Mar Companion
(Less travel on mar)"
638264,No Traveler
249841,"Moderate travelers
(Current average)"
684133,"Holiday traveler
(summer companions, winter alone)"
563188,"Avr|Oct Companion
(Less travel on oct)"
578167,"Avr|Dec Companion
(Less travel on dec)"
649972,"Winter Traveler
(December with someone)"
588095,"Avr|Dec Companion
(Less travel on dec)"
916851,"Avr|Nov Companion
(Less travel on nov)"
946001,"Avr|May Companion
(Less travel on may)"
578020,"Avr|May Companion
(Less travel on may)"
766691,No Traveler
631839,"Avr|Point Acumulator
(No companions)"
170710,"Avr|Mar Companion
(Less travel on mar)"
734226,"Few Trips a Year
(Traveling rarely)"
241495,"Few Trips a Year
(Traveling rarely)"
829663,"Moderate travelers
(Current average)"
443231,"Avr|Feb Companion
(Less travel on feb)"
382748,"Avr|May Companion
(Less travel on may)"
291336,"Avr|Feb Companion
(Less travel on feb)"
481293,"Avr|May Companion
(Less travel on may)"
377050,"Avr|May Companion
(Less travel on may)"
481048,"Avr|Point Acumulator
(No companions)"
183305,"Avr|Jan Companion
(Less travel on jan)"
675104,"Avr|Point Acumulator
(No companions)"
814703,"Avr|Oct Companion
(Less travel on oct)"
221643,"Avr|May Companion
(Less travel on may)"
547802,"Avr|May Companion
(Less travel on may)"
733603,"Avr|Oct Companion
(Less travel on oct)"
708258,"Avr|Nov Companion
(Less travel on nov)"
212862,"Avr|Mar Companion
(Less travel on mar)"
643480,"Avr|Mar Companion
(Less travel on mar)"
234562,"Moderate travelers
(Current average)"
659536,"Moderate travelers
(Current average)"
683920,"Avr|Feb Companion
(Less travel on feb)"
138768,"Avr|Point Acumulator
(No companions)"
879185,"Avr|Feb Companion
(Less travel on feb)"
865803,"Winter Traveler
(December with someone)"
173531,"Avr|Mar Companion
(Less travel on mar)"
552755,"Few Trips a Year
(Traveling rarely)"
994877,"Few Trips a Year
(Traveling rarely)"
635715,"Moderate travelers
(Current average)"
885480,"Avr|Dec Companion
(Less travel on dec)"
786710,"Avr|Point Acumulator
(No companions)"
500782,"Avr|Point Acumulator
(No companions)"
425472,"Avr|Feb Companion
(Less travel on feb)"
445675,"Avr|Point Acumulator
(No companions)"
101644,No Traveler
115529,"Avr|Point Acumulator
(No companions)"
771932,No Traveler
820164,"Moderate travelers
(Current average)"
869284,"Avr|Dec Companion
(Less travel on dec)"
362165,"Avr|May Companion
(Less travel on may)"
898162,"Avr|Feb Companion
(Less travel on feb)"
509928,"Avr|Nov Companion
(Less travel on nov)"
821419,No Traveler
869971,"Avr|Mar Companion
(Less travel on mar)"
117342,"Avr|Dec Companion
(Less travel on dec)"
634418,"Avr|Jan Companion
(Less travel on jan)"
141742,"Winter Traveler
(December with someone)"
256574,"Avr|Feb Companion
(Less travel on feb)"
557597,No Traveler
884040,"Avr|Point Acumulator
(No companions)"
687170,"Few Trips a Year
(Traveling rarely)"
153600,"Avr|Jun Companion
(Less travel on jun)"
271929,"Avr|Point Acumulator
(No companions)"
761459,"Avr|Point Acumulator
(No companions)"
185153,"Avr|Mar Companion
(Less travel on mar)"
879542,"Avr|Oct Companion
(Less travel on oct)"
534764,"Winter Traveler
(December with someone)"
574899,"Avr|Nov Companion
(Less travel on nov)"
212484,"Winter Traveler
(December with someone)"
394569,No Traveler
969632,"Avr|May Companion
(Less travel on may)"
952938,"Avr|Jun Companion
(Less travel on jun)"
316970,No Traveler
200863,"Avr|Jun Companion
(Less travel on jun)"
308197,"Moderate travelers
(Current average)"
355994,"Moderate travelers
(Current average)"
416105,No Traveler
872774,"Avr|Nov Companion
(Less travel on nov)"
386649,"Avr|Dec Companion
(Less travel on dec)"
242387,No Traveler
484225,No Traveler
520428,"Avr|Oct Companion
(Less travel on oct)"
297520,"Avr|Dec Companion
(Less travel on dec)"
410963,"Avr|Point Acumulator
(No companions)"
382980,"Avr|Feb Companion
(Less travel on feb)"
791809,"Avr|Point Acumulator
(No companions)"
598059,"Avr|Nov Companion
(Less travel on nov)"
335421,"Avr|Point Acumulator
(No companions)"
710255,"Avr|Point Acumulator
(No companions)"
280895,"Avr|Oct Companion
(Less travel on oct)"
959453,No Traveler
565040,"Avr|Oct Companion
(Less travel on oct)"
781354,"Avr|May Companion
(Less travel on may)"
838657,"Avr|Feb Companion
(Less travel on feb)"
576576,"Avr|Jan Companion
(Less travel on jan)"
825254,No Traveler
579034,"Avr|May Companion
(Less travel on may)"
140977,"Avr|Jun Companion
(Less travel on jun)"
710069,"Avr|Oct Companion
(Less travel on oct)"
772181,"Avr|May Companion
(Less travel on may)"
838008,"Avr|Mar Companion
(Less travel on mar)"
614063,"Avr|Point Acumulator
(No companions)"
779171,"Holiday traveler
(summer companions, winter alone)"
134847,No Traveler
198123,"Avr|Mar Companion
(Less travel on mar)"
727095,"Avr|Point Acumulator
(No companions)"
243751,"Holiday traveler
(summer companions, winter alone)"
294580,"Avr|Feb Companion
(Less travel on feb)"
879964,No Traveler
406294,"Avr|Oct Companion
(Less travel on oct)"
368591,"Avr|Point Acumulator
(No companions)"
437086,"Avr|Point Acumulator
(No companions)"
579318,"Avr|Feb Companion
(Less travel on feb)"
721456,"Few Trips a Year
(Traveling rarely)"
296146,"Avr|Feb Companion
(Less travel on feb)"
165827,"Avr|Mar Companion
(Less travel on mar)"
299769,"Winter Traveler
(December with someone)"
208967,"Avr|Feb Companion
(Less travel on feb)"
667860,"Avr|Feb Companion
(Less travel on feb)"
769030,"Avr|Nov Companion
(Less travel on nov)"
966891,"Avr|Mar Companion
(Less travel on mar)"
253210,"Avr|Mar Companion
(Less travel on mar)"
368118,"Few Trips a Year
(Traveling rarely)"
368122,"Avr|Mar Companion
(Less travel on mar)"
217862,"Moderate travelers
(Current average)"
296997,"Avr|Mar Companion
(Less travel on mar)"
316752,"Avr|Mar Companion
(Less travel on mar)"
771757,"Moderate travelers
(Current average)"
482525,"Moderate travelers
(Current average)"
664183,No Traveler
963170,No Traveler
822102,"Winter Traveler
(December with someone)"
541239,"Winter Traveler
(December with someone)"
783145,"Avr|Oct Companion
(Less travel on oct)"
195806,"Avr|Mar Companion
(Less travel on mar)"
931054,No Traveler
942194,No Traveler
679994,"Holiday traveler
(summer companions, winter alone)"
792698,"Avr|Nov Companion
(Less travel on nov)"
198836,"Avr|Nov Companion
(Less travel on nov)"
838232,"Avr|Point Acumulator
(No companions)"
277494,"Avr|Point Acumulator
(No companions)"
535367,"Avr|Point Acumulator
(No companions)"
292618,"Avr|Dec Companion
(Less travel on dec)"
767416,"Moderate travelers
(Current average)"
398086,"Moderate travelers
(Current average)"
444894,"Avr|Feb Companion
(Less travel on feb)"
958687,"Avr|Jun Companion
(Less travel on jun)"
474027,No Traveler
587378,"Moderate travelers
(Current average)"
664379,"Avr|Jan Companion
(Less travel on jan)"
668968,"Avr|Point Acumulator
(No companions)"
798814,"Avr|Nov Companion
(Less travel on nov)"
439566,"Avr|Mar Companion
(Less travel on mar)"
330433,"Avr|Oct Companion
(Less travel on oct)"
951458,"Avr|Dec Companion
(Less travel on dec)"
527712,"Avr|May Companion
(Less travel on may)"
675538,"Avr|Dec Companion
(Less travel on dec)"
805545,"Few Trips a Year
(Traveling rarely)"
867070,"Winter Traveler
(December with someone)"
415341,"Avr|Jun Companion
(Less travel on jun)"
699343,"Avr|Mar Companion
(Less travel on mar)"
201561,"Few Trips a Year
(Traveling rarely)"
782719,"Avr|Mar Companion
(Less travel on mar)"
456360,"Avr|Jan Companion
(Less travel on jan)"
360017,"Avr|May Companion
(Less travel on may)"
123115,"Avr|Feb Companion
(Less travel on feb)"
136022,"Avr|Dec Companion
(Less travel on dec)"
140419,"Avr|May Companion
(Less travel on may)"
263569,"Avr|Nov Companion
(Less travel on nov)"
424208,"Avr|Jan Companion
(Less travel on jan)"
576294,"Moderate travelers
(Current average)"
328668,"Avr|Point Acumulator
(No companions)"
113864,"Holiday traveler
(summer companions, winter alone)"
554449,"Avr|May Companion
(Less travel on may)"
903641,"Moderate travelers
(Current average)"
142715,"Avr|Mar Companion
(Less travel on mar)"
763403,"Moderate travelers
(Current average)"
237303,"Avr|Nov Companion
(Less travel on nov)"
603446,"Avr|Nov Companion
(Less travel on nov)"
675616,"Avr|Dec Companion
(Less travel on dec)"
892967,"Avr|Feb Companion
(Less travel on feb)"
312568,"Avr|Mar Companion
(Less travel on mar)"
406287,"Winter Traveler
(December with someone)"
294642,"Avr|Nov Companion
(Less travel on nov)"
848159,"Avr|Point Acumulator
(No companions)"
552747,"Winter Traveler
(December with someone)"
765079,"Avr|May Companion
(Less travel on may)"
991189,No Traveler
392785,"Moderate travelers
(Current average)"
512869,"Avr|Point Acumulator
(No companions)"
659400,"Avr|Nov Companion
(Less travel on nov)"
648533,"Avr|Oct Companion
(Less travel on oct)"
326001,"Avr|Nov Companion
(Less travel on nov)"
892227,"Avr|Oct Companion
(Less travel on oct)"
940249,"Avr|May Companion
(Less travel on may)"
976330,No Traveler
367338,"Avr|Jun Companion
(Less travel on jun)"
894919,"Avr|Jan Companion
(Less travel on jan)"
662022,"Avr|Point Acumulator
(No companions)"
178540,"Avr|Point Acumulator
(No companions)"
827677,"Few Trips a Year
(Traveling rarely)"
471466,No Traveler
879265,"Avr|May Companion
(Less travel on may)"
264236,"Avr|Mar Companion
(Less travel on mar)"
767672,"Avr|Nov Companion
(Less travel on nov)"
899958,"Avr|Point Acumulator
(No companions)"
170801,"Few Trips a Year
(Traveling rarely)"
235102,"Avr|Jun Companion
(Less travel on jun)"
244475,"Avr|Point Acumulator
(No companions)"
178409,"Avr|Dec Companion
(Less travel on dec)"
349838,"Avr|May Companion
(Less travel on may)"
486139,"Avr|Mar Companion
(Less travel on mar)"
892022,"Avr|Mar Companion
(Less travel on mar)"
992499,No Traveler
214878,"Moderate travelers
(Current average)"
743766,"Avr|Point Acumulator
(No companions)"
915902,"Winter Traveler
(December with someone)"
241641,"Avr|Jan Companion
(Less travel on jan)"
838650,"Avr|May Companion
(Less travel on may)"
911812,"Avr|Oct Companion
(Less travel on oct)"
910969,"Avr|Oct Companion
(Less travel on oct)"
244414,"Avr|Dec Companion
(Less travel on dec)"
780991,No Traveler
337983,"Avr|Mar Companion
(Less travel on mar)"
705353,"Avr|Jan Companion
(Less travel on jan)"
528809,"Avr|Point Acumulator
(No companions)"
362642,"Avr|Nov Companion
(Less travel on nov)"
739767,"Winter Traveler
(December with someone)"
459735,"Avr|Feb Companion
(Less travel on feb)"
237106,"Holiday traveler
(summer companions, winter alone)"
468067,"Avr|Point Acumulator
(No companions)"
955720,"Avr|Point Acumulator
(No companions)"
980788,"Avr|Oct Companion
(Less travel on oct)"
941679,"Avr|May Companion
(Less travel on may)"
676639,"Avr|Feb Companion
(Less travel on feb)"
482561,"Avr|Mar Companion
(Less travel on mar)"
817520,"Avr|Oct Companion
(Less travel on oct)"
397242,"Holiday traveler
(summer companions, winter alone)"
868659,No Traveler
461559,"Holiday traveler
(summer companions, winter alone)"
167026,"Moderate travelers
(Current average)"
545638,No Traveler
457077,No Traveler
193564,"Avr|Dec Companion
(Less travel on dec)"
312474,"Avr|Mar Companion
(Less travel on mar)"
469767,No Traveler
656650,"Avr|Point Acumulator
(No companions)"
125606,No Traveler
625458,"Avr|Dec Companion
(Less travel on dec)"
577901,"Few Trips a Year
(Traveling rarely)"
717459,"Moderate travelers
(Current average)"
887605,No Traveler
246059,"Holiday traveler
(summer companions, winter alone)"
946525,"Avr|Point Acumulator
(No companions)"
877152,No Traveler
265575,"Avr|Feb Companion
(Less travel on feb)"
759417,"Avr|Oct Companion
(Less travel on oct)"
811569,"Moderate travelers
(Current average)"
459223,"Avr|May Companion
(Less travel on may)"
837810,"Avr|Dec Companion
(Less travel on dec)"
859821,"Avr|Nov Companion
(Less travel on nov)"
145552,"Avr|Mar Companion
(Less travel on mar)"
436901,"Moderate travelers
(Current average)"
306331,"Avr|Nov Companion
(Less travel on nov)"
241675,"Avr|Nov Companion
(Less travel on nov)"
343011,"Avr|May Companion
(Less travel on may)"
456614,"Winter Traveler
(December with someone)"
460110,"Avr|Dec Companion
(Less travel on dec)"
956071,"Avr|Dec Companion
(Less travel on dec)"
972298,"Avr|Feb Companion
(Less travel on feb)"
952641,"Avr|Point Acumulator
(No companions)"
407433,"Avr|Dec Companion
(Less travel on dec)"
412402,"Avr|Point Acumulator
(No companions)"
426384,"Avr|Oct Companion
(Less travel on oct)"
495058,"Moderate travelers
(Current average)"
956630,No Traveler
116372,"Avr|Mar Companion
(Less travel on mar)"
708519,"Avr|Mar Companion
(Less travel on mar)"
552966,"Avr|Jun Companion
(Less travel on jun)"
489609,No Traveler
735515,"Avr|Point Acumulator
(No companions)"
305243,"Avr|Feb Companion
(Less travel on feb)"
198075,"Avr|May Companion
(Less travel on may)"
224842,No Traveler
151967,"Few Trips a Year
(Traveling rarely)"
328323,"Holiday traveler
(summer companions, winter alone)"
815789,"Moderate travelers
(Current average)"
927401,"Avr|Oct Companion
(Less travel on oct)"
258202,"Avr|Jun Companion
(Less travel on jun)"
953757,"Winter Traveler
(December with someone)"
744608,"Avr|Feb Companion
(Less travel on feb)"
664277,"Avr|Dec Companion
(Less travel on dec)"
313860,"Avr|Feb Companion
(Less travel on feb)"
534734,"Holiday traveler
(summer companions, winter alone)"
821739,"Avr|Jun Companion
(Less travel on jun)"
130593,"Moderate travelers
(Current average)"
804521,"Avr|Oct Companion
(Less travel on oct)"
778310,"Avr|Feb Companion
(Less travel on feb)"
395446,"Holiday traveler
(summer companions, winter alone)"
567219,No Traveler
977377,"Avr|May Companion
(Less travel on may)"
491122,"Moderate travelers
(Current average)"
288774,No Traveler
620446,"Avr|Nov Companion
(Less travel on nov)"
388046,"Avr|Jan Companion
(Less travel on jan)"
957377,"Winter Traveler
(December with someone)"
470480,"Avr|Point Acumulator
(No companions)"
507281,"Avr|Point Acumulator
(No companions)"
180925,"Avr|Dec Companion
(Less travel on dec)"
879506,"Avr|Jun Companion
(Less travel on jun)"
707967,"Avr|Jan Companion
(Less travel on jan)"
434568,"Moderate travelers
(Current average)"
454632,"Avr|Mar Companion
(Less travel on mar)"
374293,"Winter Traveler
(December with someone)"
666933,"Avr|Point Acumulator
(No companions)"
391673,"Avr|Point Acumulator
(No companions)"
939466,"Avr|Jun Companion
(Less travel on jun)"
707023,"Avr|Oct Companion
(Less travel on oct)"
697169,"Avr|Jan Companion
(Less travel on jan)"
856818,No Traveler
296217,"Avr|Jun Companion
(Less travel on jun)"
177700,"Avr|Mar Companion
(Less travel on mar)"
307178,"Avr|May Companion
(Less travel on may)"
459936,"Moderate travelers
(Current average)"
508126,"Moderate travelers
(Current average)"
807289,"Avr|Oct Companion
(Less travel on oct)"
161180,"Avr|Nov Companion
(Less travel on nov)"
169302,"Few Trips a Year
(Traveling rarely)"
357988,"Avr|Nov Companion
(Less travel on nov)"
839412,No Traveler
145220,"Avr|Jan Companion
(Less travel on jan)"
986507,"Holiday traveler
(summer companions, winter alone)"
796705,No Traveler
235229,"Winter Traveler
(December with someone)"
535327,No Traveler
924173,"Avr|Jan Companion
(Less travel on jan)"
986208,"Avr|Mar Companion
(Less travel on mar)"
340583,"Avr|Oct Companion
(Less travel on oct)"
547442,"Winter Traveler
(December with someone)"
911906,"Avr|Nov Companion
(Less travel on nov)"
943380,"Avr|Mar Companion
(Less travel on mar)"
982433,"Few Trips a Year
(Traveling rarely)"
292021,"Avr|May Companion
(Less travel on may)"
476258,"Avr|Jan Companion
(Less travel on jan)"
979053,"Avr|Nov Companion
(Less travel on nov)"
798708,"Holiday traveler
(summer companions, winter alone)"
486200,"Few Trips a Year
(Traveling rarely)"
645057,"Avr|Feb Companion
(Less travel on feb)"
653070,"Avr|Point Acumulator
(No companions)"
626560,"Holiday traveler
(summer companions, winter alone)"
805159,"Avr|Dec Companion
(Less travel on dec)"
751602,"Avr|Nov Companion
(Less travel on nov)"
383656,"Avr|May Companion
(Less travel on may)"
900726,"Avr|Nov Companion
(Less travel on nov)"
850034,"Avr|Mar Companion
(Less travel on mar)"
477517,"Moderate travelers
(Current average)"
708692,"Moderate travelers
(Current average)"
162166,"Avr|Jun Companion
(Less travel on jun)"
503615,"Avr|Oct Companion
(Less travel on oct)"
801391,"Avr|Feb Companion
(Less travel on feb)"
266953,"Winter Traveler
(December with someone)"
515645,"Avr|Point Acumulator
(No companions)"
709595,"Avr|Oct Companion
(Less travel on oct)"
503217,"Avr|Point Acumulator
(No companions)"
940200,No Traveler
637151,"Holiday traveler
(summer companions, winter alone)"
572927,"Holiday traveler
(summer companions, winter alone)"
733497,No Traveler
550856,"Moderate travelers
(Current average)"
664084,"Avr|Mar Companion
(Less travel on mar)"
324139,"Avr|Nov Companion
(Less travel on nov)"
472356,"Moderate travelers
(Current average)"
156673,"Avr|Point Acumulator
(No companions)"
299165,No Traveler
988594,No Traveler
487799,"Holiday traveler
(summer companions, winter alone)"
194709,"Avr|Point Acumulator
(No companions)"
462638,"Avr|Oct Companion
(Less travel on oct)"
376969,"Avr|Feb Companion
(Less travel on feb)"
496820,"Avr|Jun Companion
(Less travel on jun)"
499963,"Holiday traveler
(summer companions, winter alone)"
834286,"Avr|Nov Companion
(Less travel on nov)"
622776,"Few Trips a Year
(Traveling rarely)"
167335,"Moderate travelers
(Current average)"
421252,"Winter Traveler
(December with someone)"
794552,"Avr|Nov Companion
(Less travel on nov)"
180922,"Moderate travelers
(Current average)"
358012,"Winter Traveler
(December with someone)"
937418,"Avr|Dec Companion
(Less travel on dec)"
895451,"Avr|Feb Companion
(Less travel on feb)"
429292,"Avr|Dec Companion
(Less travel on dec)"
822211,"Avr|Jun Companion
(Less travel on jun)"
165900,"Moderate travelers
(Current average)"
216683,"Avr|Jun Companion
(Less travel on jun)"
718745,"Few Trips a Year
(Traveling rarely)"
297607,"Avr|Nov Companion
(Less travel on nov)"
793619,"Winter Traveler
(December with someone)"
393380,"Avr|Point Acumulator
(No companions)"
903290,"Avr|Jan Companion
(Less travel on jan)"
994308,"Winter Traveler
(December with someone)"
441128,"Avr|Mar Companion
(Less travel on mar)"
857708,"Avr|Point Acumulator
(No companions)"
800831,"Holiday traveler
(summer companions, winter alone)"
264632,"Avr|Point Acumulator
(No companions)"
482218,"Avr|Point Acumulator
(No companions)"
145177,"Avr|Jun Companion
(Less travel on jun)"
186593,"Avr|Point Acumulator
(No companions)"
470591,"Avr|May Companion
(Less travel on may)"
374850,"Avr|Feb Companion
(Less travel on feb)"
841456,"Avr|Nov Companion
(Less travel on nov)"
746796,"Few Trips a Year
(Traveling rarely)"
677751,"Avr|Dec Companion
(Less travel on dec)"
963523,"Avr|Jun Companion
(Less travel on jun)"
279231,No Traveler
187291,"Few Trips a Year
(Traveling rarely)"
407377,"Moderate travelers
(Current average)"
822765,"Avr|May Companion
(Less travel on may)"
764980,"Avr|May Companion
(Less travel on may)"
522408,"Avr|Nov Companion
(Less travel on nov)"
696826,"Avr|Oct Companion
(Less travel on oct)"
161276,"Avr|Nov Companion
(Less travel on nov)"
235585,No Traveler
534972,"Avr|Mar Companion
(Less travel on mar)"
439819,"Avr|Mar Companion
(Less travel on mar)"
221993,"Avr|Feb Companion
(Less travel on feb)"
810899,"Avr|Point Acumulator
(No companions)"
298280,"Avr|Nov Companion
(Less travel on nov)"
424100,"Holiday traveler
(summer companions, winter alone)"
332077,"Avr|Mar Companion
(Less travel on mar)"
755337,"Avr|Nov Companion
(Less travel on nov)"
465980,"Winter Traveler
(December with someone)"
713831,"Avr|Point Acumulator
(No companions)"
747609,"Holiday traveler
(summer companions, winter alone)"
706199,"Winter Traveler
(December with someone)"
763797,"Avr|Jun Companion
(Less travel on jun)"
333213,"Avr|Jun Companion
(Less travel on jun)"
581668,"Avr|May Companion
(Less travel on may)"
550519,"Holiday traveler
(summer companions, winter alone)"
781219,"Moderate travelers
(Current average)"
920657,"Winter Traveler
(December with someone)"
589818,No Traveler
472589,"Avr|Jun Companion
(Less travel on jun)"
128611,"Moderate travelers
(Current average)"
596674,"Avr|Oct Companion
(Less travel on oct)"
702809,"Avr|Jun Companion
(Less travel on jun)"
183748,"Avr|Nov Companion
(Less travel on nov)"
910056,"Avr|Nov Companion
(Less travel on nov)"
427919,"Avr|Jan Companion
(Less travel on jan)"
205658,"Avr|Mar Companion
(Less travel on mar)"
870022,"Avr|Oct Companion
(Less travel on oct)"
853039,"Holiday traveler
(summer companions, winter alone)"
495168,"Avr|May Companion
(Less travel on may)"
113877,"Avr|Nov Companion
(Less travel on nov)"
540715,"Winter Traveler
(December with someone)"
628860,"Avr|Feb Companion
(Less travel on feb)"
953420,"Few Trips a Year
(Traveling rarely)"
349470,No Traveler
927339,"Avr|Oct Companion
(Less travel on oct)"
647684,"Avr|Feb Companion
(Less travel on feb)"
555205,"Avr|Jun Companion
(Less travel on jun)"
633330,"Avr|Point Acumulator
(No companions)"
525246,"Avr|Nov Companion
(Less travel on nov)"
777231,"Avr|Point Acumulator
(No companions)"
329364,"Avr|Feb Companion
(Less travel on feb)"
445427,No Traveler
997478,"Moderate travelers
(Current average)"
977916,"Avr|Oct Companion
(Less travel on oct)"
378454,"Avr|May Companion
(Less travel on may)"
927848,"Avr|Mar Companion
(Less travel on mar)"
287023,"Holiday traveler
(summer companions, winter alone)"
362541,"Avr|Oct Companion
(Less travel on oct)"
365404,"Avr|Dec Companion
(Less travel on dec)"
377375,No Traveler
652636,No Traveler
333825,"Avr|Dec Companion
(Less travel on dec)"
848615,"Avr|Jan Companion
(Less travel on jan)"
869672,No Traveler
606962,"Holiday traveler
(summer companions, winter alone)"
970102,"Avr|Oct Companion
(Less travel on oct)"
157092,"Avr|Feb Companion
(Less travel on feb)"
657118,"Avr|Mar Companion
(Less travel on mar)"
462355,"Avr|Mar Companion
(Less travel on mar)"
559016,"Avr|Oct Companion
(Less travel on oct)"
996152,"Few Trips a Year
(Traveling rarely)"
995777,"Avr|Point Acumulator
(No companions)"
845782,"Avr|Oct Companion
(Less travel on oct)"
908844,"Avr|Jan Companion
(Less travel on jan)"
121605,"Avr|Point Acumulator
(No companions)"
711552,"Avr|May Companion
(Less travel on may)"
117910,"Avr|Feb Companion
(Less travel on feb)"
812804,"Holiday traveler
(summer companions, winter alone)"
891413,"Avr|Point Acumulator
(No companions)"
865406,"Avr|Point Acumulator
(No companions)"
376929,No Traveler
133698,"Avr|Feb Companion
(Less travel on feb)"
913866,"Avr|Jun Companion
(Less travel on jun)"
434693,"Few Trips a Year
(Traveling rarely)"
711214,"Avr|Dec Companion
(Less travel on dec)"
867446,"Holiday traveler
(summer companions, winter alone)"
408309,"Avr|Jun Companion
(Less travel on jun)"
619337,"Winter Traveler
(December with someone)"
801483,"Avr|Point Acumulator
(No companions)"
170091,No Traveler
541953,"Avr|May Companion
(Less travel on may)"
351145,"Avr|Jun Companion
(Less travel on jun)"
726065,"Avr|Nov Companion
(Less travel on nov)"
732602,No Traveler
816608,"Avr|Point Acumulator
(No companions)"
884909,"Avr|Point Acumulator
(No companions)"
966142,"Winter Traveler
(December with someone)"
374275,"Avr|Nov Companion
(Less travel on nov)"
574726,"Avr|Jun Companion
(Less travel on jun)"
603371,"Winter Traveler
(December with someone)"
684691,"Avr|Jun Companion
(Less travel on jun)"
119690,"Winter Traveler
(December with someone)"
892630,No Traveler
234515,"Avr|Feb Companion
(Less travel on feb)"
480864,"Avr|Point Acumulator
(No companions)"
379384,"Avr|Oct Companion
(Less travel on oct)"
805816,"Avr|Feb Companion
(Less travel on feb)"
772025,No Traveler
756967,"Avr|May Companion
(Less travel on may)"
380928,"Avr|Dec Companion
(Less travel on dec)"
677335,"Few Trips a Year
(Traveling rarely)"
247180,"Avr|Dec Companion
(Less travel on dec)"
528985,"Moderate travelers
(Current average)"
920211,"Avr|Mar Companion
(Less travel on mar)"
604792,"Moderate travelers
(Current average)"
632352,"Avr|May Companion
(Less travel on may)"
713236,"Avr|May Companion
(Less travel on may)"
965079,"Avr|Oct Companion
(Less travel on oct)"
499563,No Traveler
527941,"Avr|Oct Companion
(Less travel on oct)"
906428,"Avr|Feb Companion
(Less travel on feb)"
651631,"Avr|Point Acumulator
(No companions)"
471858,"Avr|Mar Companion
(Less travel on mar)"
230070,"Winter Traveler
(December with someone)"
764555,"Avr|Jan Companion
(Less travel on jan)"
819521,No Traveler
218601,"Moderate travelers
(Current average)"
171788,No Traveler
598705,"Avr|Point Acumulator
(No companions)"
139932,"Avr|Nov Companion
(Less travel on nov)"
641734,"Avr|Point Acumulator
(No companions)"
430059,"Avr|Point Acumulator
(No companions)"
974715,No Traveler
255215,"Avr|Point Acumulator
(No companions)"
137161,"Avr|Mar Companion
(Less travel on mar)"
100853,"Avr|Jan Companion
(Less travel on jan)"
233774,No Traveler
253283,"Holiday traveler
(summer companions, winter alone)"
798525,"Avr|May Companion
(Less travel on may)"
140534,"Avr|May Companion
(Less travel on may)"
422787,"Avr|Nov Companion
(Less travel on nov)"
569769,No Traveler
490840,"Avr|Jun Companion
(Less travel on jun)"
850953,"Moderate travelers
(Current average)"
577265,"Avr|Nov Companion
(Less travel on nov)"
319664,"Avr|Jan Companion
(Less travel on jan)"
870223,No Traveler
744320,"Winter Traveler
(December with someone)"
886086,"Avr|Feb Companion
(Less travel on feb)"
626046,No Traveler
511584,"Avr|Nov Companion
(Less travel on nov)"
740105,"Avr|Point Acumulator
(No companions)"
549757,"Avr|Mar Companion
(Less travel on mar)"
968638,"Avr|Jan Companion
(Less travel on jan)"
277033,"Avr|Jun Companion
(Less travel on jun)"
646289,"Winter Traveler
(December with someone)"
941719,"Winter Traveler
(December with someone)"
991090,"Avr|Point Acumulator
(No companions)"
156684,"Avr|Point Acumulator
(No companions)"
247714,"Avr|Point Acumulator
(No companions)"
143422,"Avr|Oct Companion
(Less travel on oct)"
220131,"Few Trips a Year
(Traveling rarely)"
420339,"Avr|Feb Companion
(Less travel on feb)"
244245,"Avr|Point Acumulator
(No companions)"
821296,"Avr|Jun Companion
(Less travel on jun)"
440198,"Avr|Oct Companion
(Less travel on oct)"
123668,"Avr|Point Acumulator
(No companions)"
866995,"Few Trips a Year
(Traveling rarely)"
702863,"Moderate travelers
(Current average)"
329720,"Avr|Jun Companion
(Less travel on jun)"
171937,"Avr|Point Acumulator
(No companions)"
454628,"Avr|Feb Companion
(Less travel on feb)"
484422,"Avr|May Companion
(Less travel on may)"
521684,"Avr|Point Acumulator
(No companions)"
620563,"Avr|Mar Companion
(Less travel on mar)"
679311,"Avr|Jan Companion
(Less travel on jan)"
774321,"Avr|May Companion
(Less travel on may)"
806157,No Traveler
846055,"Avr|Point Acumulator
(No companions)"
312148,"Avr|Dec Companion
(Less travel on dec)"
810503,"Winter Traveler
(December with someone)"
712636,No Traveler
716863,"Avr|Feb Companion
(Less travel on feb)"
445176,"Avr|Jan Companion
(Less travel on jan)"
615244,"Holiday traveler
(summer companions, winter alone)"
735341,"Avr|Nov Companion
(Less travel on nov)"
459835,No Traveler
864318,"Avr|Mar Companion
(Less travel on mar)"
640418,"Avr|Point Acumulator
(No companions)"
379238,"Moderate travelers
(Current average)"
445915,No Traveler
578234,"Few Trips a Year
(Traveling rarely)"
569972,No Traveler
417929,"Avr|Mar Companion
(Less travel on mar)"
726701,"Avr|Jun Companion
(Less travel on jun)"
426027,"Avr|Point Acumulator
(No companions)"
965116,"Few Trips a Year
(Traveling rarely)"
482345,"Avr|Jan Companion
(Less travel on jan)"
232579,"Winter Traveler
(December with someone)"
378968,"Avr|Feb Companion
(Less travel on feb)"
668235,No Traveler
725795,"Avr|Jan Companion
(Less travel on jan)"
268281,"Moderate travelers
(Current average)"
335545,"Avr|Point Acumulator
(No companions)"
999272,"Avr|Jun Companion
(Less travel on jun)"
800499,"Avr|Mar Companion
(Less travel on mar)"
336469,"Avr|Mar Companion
(Less travel on mar)"
785129,No Traveler
753038,"Avr|Jun Companion
(Less travel on jun)"
902421,"Few Trips a Year
(Traveling rarely)"
871022,"Holiday traveler
(summer companions, winter alone)"
558258,"Few Trips a Year
(Traveling rarely)"
172233,"Winter Traveler
(December with someone)"
231592,"Avr|Oct Companion
(Less travel on oct)"
577374,"Avr|Jun Companion
(Less travel on jun)"
325134,"Avr|Dec Companion
(Less travel on dec)"
403118,"Moderate travelers
(Current average)"
921530,"Avr|Jun Companion
(Less travel on jun)"
616137,"Winter Traveler
(December with someone)"
916594,"Avr|Oct Companion
(Less travel on oct)"
486226,"Avr|Oct Companion
(Less travel on oct)"
805977,"Avr|Nov Companion
(Less travel on nov)"
534571,No Traveler
692856,"Avr|Point Acumulator
(No companions)"
646935,"Avr|Jun Companion
(Less travel on jun)"
202248,"Avr|Jan Companion
(Less travel on jan)"
853417,"Avr|Point Acumulator
(No companions)"
139600,"Winter Traveler
(December with someone)"
883702,"Avr|Jan Companion
(Less travel on jan)"
660098,No Traveler
839461,"Holiday traveler
(summer companions, winter alone)"
425294,"Avr|Dec Companion
(Less travel on dec)"
503573,"Avr|Feb Companion
(Less travel on feb)"
473093,"Avr|Jun Companion
(Less travel on jun)"
173798,"Avr|Nov Companion
(Less travel on nov)"
925850,"Winter Traveler
(December with someone)"
570318,"Avr|Oct Companion
(Less travel on oct)"
185573,"Avr|Point Acumulator
(No companions)"
744228,No Traveler
213545,No Traveler
225205,No Traveler
412793,"Avr|May Companion
(Less travel on may)"
527235,"Avr|Oct Companion
(Less travel on oct)"
486955,"Avr|Jan Companion
(Less travel on jan)"
626474,"Avr|Jun Companion
(Less travel on jun)"
870169,No Traveler
873297,No Traveler
323424,"Avr|Point Acumulator
(No companions)"
686561,No Traveler
563094,No Traveler
248196,"Few Trips a Year
(Traveling rarely)"
375297,"Avr|Jan Companion
(Less travel on jan)"
598360,"Avr|Dec Companion
(Less travel on dec)"
721688,"Avr|Jun Companion
(Less travel on jun)"
753219,"Avr|Jan Companion
(Less travel on jan)"
835779,"Avr|Jan Companion
(Less travel on jan)"
233969,"Avr|Jun Companion
(Less travel on jun)"
640238,"Avr|Jun Companion
(Less travel on jun)"
256627,No Traveler
716068,"Avr|Jun Companion
(Less travel on jun)"
369084,"Avr|Jan Companion
(Less travel on jan)"
711853,"Holiday traveler
(summer companions, winter alone)"
577860,"Holiday traveler
(summer companions, winter alone)"
709279,"Avr|Oct Companion
(Less travel on oct)"
921298,"Avr|Oct Companion
(Less travel on oct)"
282140,"Winter Traveler
(December with someone)"
963473,"Avr|Oct Companion
(Less travel on oct)"
210761,"Few Trips a Year
(Traveling rarely)"
649052,"Avr|Jun Companion
(Less travel on jun)"
138894,"Avr|Point Acumulator
(No companions)"
582364,"Avr|Oct Companion
(Less travel on oct)"
788292,"Avr|Dec Companion
(Less travel on dec)"
737602,No Traveler
563410,"Avr|Point Acumulator
(No companions)"
154175,"Moderate travelers
(Current average)"
739021,"Avr|May Companion
(Less travel on may)"
418938,"Avr|May Companion
(Less travel on may)"
204484,"Avr|Point Acumulator
(No companions)"
701391,"Avr|Mar Companion
(Less travel on mar)"
827309,"Avr|Mar Companion
(Less travel on mar)"
584377,"Avr|May Companion
(Less travel on may)"
542085,"Avr|Dec Companion
(Less travel on dec)"
729537,"Holiday traveler
(summer companions, winter alone)"
175360,"Avr|Point Acumulator
(No companions)"
305380,"Avr|Mar Companion
(Less travel on mar)"
961213,"Winter Traveler
(December with someone)"
868230,"Avr|Jan Companion
(Less travel on jan)"
802305,"Avr|Jan Companion
(Less travel on jan)"
106048,No Traveler
244039,"Avr|Point Acumulator
(No companions)"
698159,No Traveler
437158,"Avr|Feb Companion
(Less travel on feb)"
331301,"Avr|Nov Companion
(Less travel on nov)"
321388,"Avr|May Companion
(Less travel on may)"
124119,"Avr|Jun Companion
(Less travel on jun)"
132592,"Avr|Feb Companion
(Less travel on feb)"
216072,No Traveler
580159,"Holiday traveler
(summer companions, winter alone)"
756862,"Holiday traveler
(summer companions, winter alone)"
748635,"Moderate travelers
(Current average)"
243444,"Avr|Jan Companion
(Less travel on jan)"
831928,"Winter Traveler
(December with someone)"
791466,"Holiday traveler
(summer companions, winter alone)"
831696,"Avr|Nov Companion
(Less travel on nov)"
594681,"Few Trips a Year
(Traveling rarely)"
148381,"Moderate travelers
(Current average)"
297382,"Avr|Mar Companion
(Less travel on mar)"
145193,No Traveler
194737,"Holiday traveler
(summer companions, winter alone)"
272097,"Avr|Feb Companion
(Less travel on feb)"
679623,"Avr|Dec Companion
(Less travel on dec)"
416973,"Avr|Dec Companion
(Less travel on dec)"
935274,"Avr|May Companion
(Less travel on may)"
630034,"Avr|Jan Companion
(Less travel on jan)"
207500,"Avr|Point Acumulator
(No companions)"
494213,"Moderate travelers
(Current average)"
893120,"Winter Traveler
(December with someone)"
732863,"Avr|Jun Companion
(Less travel on jun)"
326603,"Avr|Feb Companion
(Less travel on feb)"
579785,No Traveler
232924,"Avr|Nov Companion
(Less travel on nov)"
674781,"Avr|Jan Companion
(Less travel on jan)"
883968,"Avr|Point Acumulator
(No companions)"
277594,"Avr|Jun Companion
(Less travel on jun)"
811802,"Avr|Jun Companion
(Less travel on jun)"
739617,"Few Trips a Year
(Traveling rarely)"
449843,"Avr|Oct Companion
(Less travel on oct)"
559726,"Avr|Feb Companion
(Less travel on feb)"
935328,"Avr|May Companion
(Less travel on may)"
518305,"Avr|Feb Companion
(Less travel on feb)"
135381,"Avr|May Companion
(Less travel on may)"
281449,"Moderate travelers
(Current average)"
751779,"Avr|Point Acumulator
(No companions)"
937956,"Avr|Jun Companion
(Less travel on jun)"
344372,"Holiday traveler
(summer companions, winter alone)"
976700,"Avr|Jun Companion
(Less travel on jun)"
838771,"Avr|May Companion
(Less travel on may)"
408047,"Avr|Point Acumulator
(No companions)"
397065,"Avr|May Companion
(Less travel on may)"
876232,"Avr|Dec Companion
(Less travel on dec)"
597313,"Avr|Mar Companion
(Less travel on mar)"
180231,No Traveler
541435,"Avr|Point Acumulator
(No companions)"
616342,"Avr|Point Acumulator
(No companions)"
920162,"Avr|May Companion
(Less travel on may)"
856502,"Avr|Mar Companion
(Less travel on mar)"
178864,"Avr|Mar Companion
(Less travel on mar)"
669493,No Traveler
445137,"Avr|Point Acumulator
(No companions)"
318285,"Holiday traveler
(summer companions, winter alone)"
765924,"Avr|Point Acumulator
(No companions)"
812513,"Avr|Feb Companion
(Less travel on feb)"
841916,"Avr|Nov Companion
(Less travel on nov)"
971608,"Few Trips a Year
(Traveling rarely)"
141456,"Holiday traveler
(summer companions, winter alone)"
369646,"Avr|Mar Companion
(Less travel on mar)"
377968,"Avr|May Companion
(Less travel on may)"
432579,No Traveler
634181,"Avr|Oct Companion
(Less travel on oct)"
863516,"Avr|Dec Companion
(Less travel on dec)"
154889,"Few Trips a Year
(Traveling rarely)"
496191,"Avr|Jan Companion
(Less travel on jan)"
788997,"Avr|Dec Companion
(Less travel on dec)"
365761,"Avr|May Companion
(Less travel on may)"
641160,"Avr|Oct Companion
(Less travel on oct)"
541037,"Avr|Point Acumulator
(No companions)"
678616,"Avr|Jan Companion
(Less travel on jan)"
380795,"Avr|Point Acumulator
(No companions)"
156948,"Avr|Oct Companion
(Less travel on oct)"
370300,"Avr|Dec Companion
(Less travel on dec)"
772834,"Avr|Point Acumulator
(No companions)"
346295,"Few Trips a Year
(Traveling rarely)"
633787,"Moderate travelers
(Current average)"
264365,No Traveler
211030,"Winter Traveler
(December with someone)"
244595,No Traveler
431034,"Avr|May Companion
(Less travel on may)"
505988,"Avr|Feb Companion
(Less travel on feb)"
766733,"Moderate travelers
(Current average)"
945133,"Avr|Point Acumulator
(No companions)"
517797,"Holiday traveler
(summer companions, winter alone)"
997539,"Avr|Nov Companion
(Less travel on nov)"
671173,"Avr|Nov Companion
(Less travel on nov)"
462253,No Traveler
729154,"Avr|Mar Companion
(Less travel on mar)"
546997,"Few Trips a Year
(Traveling rarely)"
393329,"Winter Traveler
(December with someone)"
481931,"Avr|Feb Companion
(Less travel on feb)"
707146,"Avr|Point Acumulator
(No companions)"
173834,"Holiday traveler
(summer companions, winter alone)"
503988,No Traveler
863884,"Avr|Point Acumulator
(No companions)"
652034,"Avr|Jan Companion
(Less travel on jan)"
601105,"Avr|Feb Companion
(Less travel on feb)"
502353,"Avr|Feb Companion
(Less travel on feb)"
696486,"Avr|Mar Companion
(Less travel on mar)"
562677,"Avr|Oct Companion
(Less travel on oct)"
612311,"Avr|May Companion
(Less travel on may)"
920792,"Avr|Point Acumulator
(No companions)"
777861,"Winter Traveler
(December with someone)"
283770,No Traveler
576947,"Avr|Mar Companion
(Less travel on mar)"
138853,"Few Trips a Year
(Traveling rarely)"
325593,No Traveler
861675,"Avr|Jan Companion
(Less travel on jan)"
634328,No Traveler
553061,"Moderate travelers
(Current average)"
689389,"Avr|Nov Companion
(Less travel on nov)"
558598,"Avr|Point Acumulator
(No companions)"
532832,"Avr|Jan Companion
(Less travel on jan)"
727847,"Avr|May Companion
(Less travel on may)"
156305,"Avr|Nov Companion
(Less travel on nov)"
237888,"Avr|Mar Companion
(Less travel on mar)"
260515,"Avr|Point Acumulator
(No companions)"
617348,"Avr|Mar Companion
(Less travel on mar)"
728021,"Avr|Jan Companion
(Less travel on jan)"
764513,"Avr|May Companion
(Less travel on may)"
957764,"Avr|May Companion
(Less travel on may)"
937788,"Avr|Feb Companion
(Less travel on feb)"
704423,"Avr|Point Acumulator
(No companions)"
100737,"Moderate travelers
(Current average)"
881983,"Avr|Point Acumulator
(No companions)"
321954,"Avr|Point Acumulator
(No companions)"
379110,"Avr|Nov Companion
(Less travel on nov)"
270160,No Traveler
330053,"Avr|Dec Companion
(Less travel on dec)"
482882,"Few Trips a Year
(Traveling rarely)"
337857,"Avr|Nov Companion
(Less travel on nov)"
676941,"Avr|Point Acumulator
(No companions)"
835062,"Avr|Mar Companion
(Less travel on mar)"
236093,"Moderate travelers
(Current average)"
607588,No Traveler
101363,"Avr|Feb Companion
(Less travel on feb)"
188559,"Moderate travelers
(Current average)"
591377,"Avr|Jun Companion
(Less travel on jun)"
717521,"Moderate travelers
(Current average)"
302188,No Traveler
686509,"Avr|Point Acumulator
(No companions)"
394195,No Traveler
581294,"Avr|Oct Companion
(Less travel on oct)"
447439,No Traveler
199507,"Avr|Jun Companion
(Less travel on jun)"
619483,"Avr|Nov Companion
(Less travel on nov)"
190465,"Avr|Jan Companion
(Less travel on jan)"
925164,No Traveler
341169,"Avr|Jun Companion
(Less travel on jun)"
278916,"Avr|Nov Companion
(Less travel on nov)"
265284,"Avr|Nov Companion
(Less travel on nov)"
305843,"Winter Traveler
(December with someone)"
507112,"Avr|Feb Companion
(Less travel on feb)"
574835,"Avr|Jan Companion
(Less travel on jan)"
608605,"Avr|Dec Companion
(Less travel on dec)"
832983,"Winter Traveler
(December with someone)"
708539,"Avr|Oct Companion
(Less travel on oct)"
467945,"Avr|Jan Companion
(Less travel on jan)"
747227,"Winter Traveler
(December with someone)"
223534,"Avr|Point Acumulator
(No companions)"
387721,"Moderate travelers
(Current average)"
887730,"Avr|Nov Companion
(Less travel on nov)"
948576,"Moderate travelers
(Current average)"
883773,"Avr|Jun Companion
(Less travel on jun)"
243696,"Avr|Mar Companion
(Less travel on mar)"
217124,"Moderate travelers
(Current average)"
185101,"Avr|May Companion
(Less travel on may)"
611817,"Moderate travelers
(Current average)"
665646,"Holiday traveler
(summer companions, winter alone)"
726499,"Avr|May Companion
(Less travel on may)"
921375,"Avr|Nov Companion
(Less travel on nov)"
968807,"Avr|Feb Companion
(Less travel on feb)"
471098,"Avr|Point Acumulator
(No companions)"
365863,"Avr|Dec Companion
(Less travel on dec)"
565008,No Traveler
871606,"Avr|May Companion
(Less travel on may)"
346456,"Avr|May Companion
(Less travel on may)"
251779,"Avr|Jun Companion
(Less travel on jun)"
236001,"Avr|Dec Companion
(Less travel on dec)"
306708,"Avr|Feb Companion
(Less travel on feb)"
689912,"Avr|Feb Companion
(Less travel on feb)"
204000,"Holiday traveler
(summer companions, winter alone)"
591272,"Avr|Nov Companion
(Less travel on nov)"
957628,"Avr|Feb Companion
(Less travel on feb)"
825465,"Avr|Jun Companion
(Less travel on jun)"
358997,No Traveler
929885,"Avr|Dec Companion
(Less travel on dec)"
692729,"Avr|Point Acumulator
(No companions)"
649442,"Avr|Feb Companion
(Less travel on feb)"
679485,"Avr|Oct Companion
(Less travel on oct)"
512615,"Avr|Point Acumulator
(No companions)"
754599,"Avr|Mar Companion
(Less travel on mar)"
521702,"Avr|May Companion
(Less travel on may)"
546994,"Few Trips a Year
(Traveling rarely)"
972954,No Traveler
768072,"Avr|May Companion
(Less travel on may)"
914937,"Avr|Jun Companion
(Less travel on jun)"
227303,No Traveler
367680,"Moderate travelers
(Current average)"
372865,"Winter Traveler
(December with someone)"
200552,"Avr|Nov Companion
(Less travel on nov)"
549402,"Avr|Mar Companion
(Less travel on mar)"
891012,"Avr|Mar Companion
(Less travel on mar)"
294048,"Avr|Feb Companion
(Less travel on feb)"
467455,"Few Trips a Year
(Traveling rarely)"
134148,"Holiday traveler
(summer companions, winter alone)"
513590,"Avr|May Companion
(Less travel on may)"
648043,"Avr|Dec Companion
(Less travel on dec)"
995734,"Avr|Mar Companion
(Less travel on mar)"
904512,"Winter Traveler
(December with someone)"
926129,"Avr|Mar Companion
(Less travel on mar)"
999550,"Avr|Point Acumulator
(No companions)"
478770,"Avr|Jan Companion
(Less travel on jan)"
205671,"Avr|Oct Companion
(Less travel on oct)"
298543,"Holiday traveler
(summer companions, winter alone)"
322000,"Avr|Nov Companion
(Less travel on nov)"
483436,"Avr|Oct Companion
(Less travel on oct)"
536823,"Avr|Nov Companion
(Less travel on nov)"
782818,"Avr|Jan Companion
(Less travel on jan)"
928964,"Avr|Point Acumulator
(No companions)"
603744,"Avr|Jan Companion
(Less travel on jan)"
495381,"Avr|Mar Companion
(Less travel on mar)"
413459,"Avr|Jan Companion
(Less travel on jan)"
801227,"Avr|Jun Companion
(Less travel on jun)"
551981,"Avr|Point Acumulator
(No companions)"
576217,"Avr|Jun Companion
(Less travel on jun)"
633938,"Avr|May Companion
(Less travel on may)"
645450,"Moderate travelers
(Current average)"
919748,"Avr|Feb Companion
(Less travel on feb)"
540142,"Avr|Feb Companion
(Less travel on feb)"
296104,"Few Trips a Year
(Traveling rarely)"
160143,"Avr|Feb Companion
(Less travel on feb)"
230124,"Winter Traveler
(December with someone)"
663067,"Avr|Jan Companion
(Less travel on jan)"
795230,"Avr|Nov Companion
(Less travel on nov)"
813455,"Moderate travelers
(Current average)"
392575,"Avr|Nov Companion
(Less travel on nov)"
386926,"Avr|Nov Companion
(Less travel on nov)"
801542,No Traveler
261789,"Avr|Jun Companion
(Less travel on jun)"
359011,"Avr|Jan Companion
(Less travel on jan)"
194297,"Avr|May Companion
(Less travel on may)"
330680,"Avr|Jun Companion
(Less travel on jun)"
201343,"Avr|Jan Companion
(Less travel on jan)"
363743,"Avr|Mar Companion
(Less travel on mar)"
477869,"Avr|Point Acumulator
(No companions)"
924405,"Winter Traveler
(December with someone)"
575147,"Avr|Nov Companion
(Less travel on nov)"
596818,"Avr|Nov Companion
(Less travel on nov)"
575818,"Moderate travelers
(Current average)"
436827,"Avr|Mar Companion
(Less travel on mar)"
955424,"Avr|Jun Companion
(Less travel on jun)"
828026,"Few Trips a Year
(Traveling rarely)"
842848,No Traveler
106979,"Avr|Nov Companion
(Less travel on nov)"
599369,"Holiday traveler
(summer companions, winter alone)"
531052,"Avr|May Companion
(Less travel on may)"
354483,"Avr|May Companion
(Less travel on may)"
941324,No Traveler
988345,"Avr|Mar Companion
(Less travel on mar)"
341942,"Avr|May Companion
(Less travel on may)"
430475,"Avr|Nov Companion
(Less travel on nov)"
166825,No Traveler
230942,"Avr|Point Acumulator
(No companions)"
264331,"Avr|Oct Companion
(Less travel on oct)"
651250,"Moderate travelers
(Current average)"
440320,"Avr|Point Acumulator
(No companions)"
333039,"Avr|Point Acumulator
(No companions)"
288015,No Traveler
995527,"Avr|Jan Companion
(Less travel on jan)"
419493,"Avr|May Companion
(Less travel on may)"
781519,"Avr|Nov Companion
(Less travel on nov)"
473772,"Avr|Feb Companion
(Less travel on feb)"
458041,"Avr|Oct Companion
(Less travel on oct)"
329094,"Avr|Jun Companion
(Less travel on jun)"
143389,"Avr|Dec Companion
(Less travel on dec)"
252136,"Avr|Feb Companion
(Less travel on feb)"
255087,"Avr|Oct Companion
(Less travel on oct)"
869471,"Avr|Nov Companion
(Less travel on nov)"
961533,"Few Trips a Year
(Traveling rarely)"
352306,"Avr|May Companion
(Less travel on may)"
167879,"Winter Traveler
(December with someone)"
678837,"Avr|Nov Companion
(Less travel on nov)"
795468,"Avr|Jan Companion
(Less travel on jan)"
441313,"Avr|Mar Companion
(Less travel on mar)"
909880,"Few Trips a Year
(Traveling rarely)"
649770,"Avr|Feb Companion
(Less travel on feb)"
368566,"Avr|Point Acumulator
(No companions)"
636045,"Avr|Jan Companion
(Less travel on jan)"
665701,"Few Trips a Year
(Traveling rarely)"
321074,"Avr|Jun Companion
(Less travel on jun)"
507128,No Traveler
764167,"Avr|Nov Companion
(Less travel on nov)"
885386,No Traveler
359575,"Moderate travelers
(Current average)"
253609,"Avr|Jun Companion
(Less travel on jun)"
157766,"Avr|Jan Companion
(Less travel on jan)"
320728,"Winter Traveler
(December with someone)"
374721,"Avr|Mar Companion
(Less travel on mar)"
880619,"Holiday traveler
(summer companions, winter alone)"
103758,No Traveler
667718,No Traveler
924643,"Avr|Nov Companion
(Less travel on nov)"
497836,"Avr|Jan Companion
(Less travel on jan)"
910716,"Avr|Jun Companion
(Less travel on jun)"
229530,"Avr|Feb Companion
(Less travel on feb)"
338291,No Traveler
555301,"Avr|Feb Companion
(Less travel on feb)"
691542,"Avr|Jun Companion
(Less travel on jun)"
160181,"Avr|Nov Companion
(Less travel on nov)"
972964,"Few Trips a Year
(Traveling rarely)"
567048,"Avr|Mar Companion
(Less travel on mar)"
707513,"Avr|Mar Companion
(Less travel on mar)"
935570,"Few Trips a Year
(Traveling rarely)"
287211,No Traveler
696444,"Avr|Oct Companion
(Less travel on oct)"
745420,"Avr|May Companion
(Less travel on may)"
204220,"Avr|Point Acumulator
(No companions)"
365451,"Avr|Feb Companion
(Less travel on feb)"
652642,"Few Trips a Year
(Traveling rarely)"
676585,"Avr|Nov Companion
(Less travel on nov)"
721707,"Avr|Nov Companion
(Less travel on nov)"
761423,"Avr|Oct Companion
(Less travel on oct)"
813567,"Avr|Feb Companion
(Less travel on feb)"
125393,"Avr|Nov Companion
(Less travel on nov)"
702868,"Avr|Mar Companion
(Less travel on mar)"
287254,"Holiday traveler
(summer companions, winter alone)"
869504,"Avr|Feb Companion
(Less travel on feb)"
586753,"Avr|Nov Companion
(Less travel on nov)"
657492,"Avr|Point Acumulator
(No companions)"
200168,"Holiday traveler
(summer companions, winter alone)"
918631,"Moderate travelers
(Current average)"
976307,"Avr|May Companion
(Less travel on may)"
433815,"Avr|Mar Companion
(Less travel on mar)"
622794,No Traveler
858228,"Winter Traveler
(December with someone)"
789573,"Avr|Mar Companion
(Less travel on mar)"
458199,"Holiday traveler
(summer companions, winter alone)"
170232,No Traveler
806995,"Avr|Mar Companion
(Less travel on mar)"
295387,"Avr|Point Acumulator
(No companions)"
389225,"Avr|May Companion
(Less travel on may)"
530235,"Avr|Nov Companion
(Less travel on nov)"
531398,"Holiday traveler
(summer companions, winter alone)"
727595,"Avr|May Companion
(Less travel on may)"
173092,"Avr|Point Acumulator
(No companions)"
263402,"Winter Traveler
(December with someone)"
912396,"Avr|Point Acumulator
(No companions)"
151655,"Avr|Mar Companion
(Less travel on mar)"
412394,"Avr|Point Acumulator
(No companions)"
775160,"Avr|Jan Companion
(Less travel on jan)"
465990,"Moderate travelers
(Current average)"
745028,No Traveler
942189,"Winter Traveler
(December with someone)"
869190,"Avr|Jan Companion
(Less travel on jan)"
527004,"Avr|Mar Companion
(Less travel on mar)"
502977,"Avr|Jun Companion
(Less travel on jun)"
736219,"Winter Traveler
(December with someone)"
289665,"Avr|Point Acumulator
(No companions)"
149462,"Avr|Mar Companion
(Less travel on mar)"
632981,"Holiday traveler
(summer companions, winter alone)"
561228,"Avr|Dec Companion
(Less travel on dec)"
830903,No Traveler
477993,"Avr|Point Acumulator
(No companions)"
811748,No Traveler
246935,"Avr|Mar Companion
(Less travel on mar)"
772628,"Avr|Jan Companion
(Less travel on jan)"
104353,"Avr|Mar Companion
(Less travel on mar)"
526222,"Avr|May Companion
(Less travel on may)"
150754,"Avr|Jun Companion
(Less travel on jun)"
824462,"Avr|Point Acumulator
(No companions)"
638733,"Moderate travelers
(Current average)"
362201,"Avr|Oct Companion
(Less travel on oct)"
272144,"Avr|Feb Companion
(Less travel on feb)"
216095,"Avr|Mar Companion
(Less travel on mar)"
851021,"Few Trips a Year
(Traveling rarely)"
413052,"Avr|Mar Companion
(Less travel on mar)"
836486,"Moderate travelers
(Current average)"
751223,No Traveler
244271,"Avr|Point Acumulator
(No companions)"
114399,No Traveler
362742,"Winter Traveler
(December with someone)"
396446,"Avr|Point Acumulator
(No companions)"
935862,No Traveler
529458,"Avr|Point Acumulator
(No companions)"
214123,No Traveler
925979,No Traveler
133429,"Avr|Nov Companion
(Less travel on nov)"
134857,"Holiday traveler
(summer companions, winter alone)"
236026,"Avr|May Companion
(Less travel on may)"
426414,"Avr|Point Acumulator
(No companions)"
605787,"Avr|Point Acumulator
(No companions)"
752663,"Avr|Nov Companion
(Less travel on nov)"
812057,"Avr|Jan Companion
(Less travel on jan)"
977236,"Winter Traveler
(December with someone)"
995695,"Avr|Point Acumulator
(No companions)"
708654,"Avr|Jun Companion
(Less travel on jun)"
938914,"Avr|Dec Companion
(Less travel on dec)"
671849,"Avr|Feb Companion
(Less travel on feb)"
209102,"Avr|Point Acumulator
(No companions)"
574930,No Traveler
656454,No Traveler
338059,"Avr|Dec Companion
(Less travel on dec)"
544182,"Avr|Point Acumulator
(No companions)"
688627,"Avr|May Companion
(Less travel on may)"
762389,"Avr|Oct Companion
(Less travel on oct)"
791202,"Avr|Point Acumulator
(No companions)"
697766,"Avr|Nov Companion
(Less travel on nov)"
428129,"Avr|Oct Companion
(Less travel on oct)"
352747,"Few Trips a Year
(Traveling rarely)"
556188,"Avr|Jun Companion
(Less travel on jun)"
576587,"Avr|Jan Companion
(Less travel on jan)"
468970,"Avr|Dec Companion
(Less travel on dec)"
840984,"Avr|Point Acumulator
(No companions)"
285220,"Avr|Oct Companion
(Less travel on oct)"
904304,"Avr|Point Acumulator
(No companions)"
858563,"Avr|Jan Companion
(Less travel on jan)"
951746,"Holiday traveler
(summer companions, winter alone)"
323720,"Avr|Nov Companion
(Less travel on nov)"
134241,"Avr|Feb Companion
(Less travel on feb)"
125493,No Traveler
564838,"Winter Traveler
(December with someone)"
414239,"Avr|Jan Companion
(Less travel on jan)"
922210,"Avr|Jun Companion
(Less travel on jun)"
627915,"Avr|Jun Companion
(Less travel on jun)"
132928,"Few Trips a Year
(Traveling rarely)"
102740,No Traveler
642247,No Traveler
247645,"Avr|Jun Companion
(Less travel on jun)"
303445,No Traveler
730370,"Avr|May Companion
(Less travel on may)"
692936,"Winter Traveler
(December with someone)"
909483,"Avr|Feb Companion
(Less travel on feb)"
237434,"Avr|Mar Companion
(Less travel on mar)"
961331,"Avr|Jan Companion
(Less travel on jan)"
318595,No Traveler
436805,"Winter Traveler
(December with someone)"
504208,"Avr|Jan Companion
(Less travel on jan)"
410343,No Traveler
192098,"Avr|May Companion
(Less travel on may)"
411744,"Avr|Jan Companion
(Less travel on jan)"
271463,"Moderate travelers
(Current average)"
313996,"Few Trips a Year
(Traveling rarely)"
258849,"Avr|Feb Companion
(Less travel on feb)"
683875,"Winter Traveler
(December with someone)"
559127,"Few Trips a Year
(Traveling rarely)"
566991,"Few Trips a Year
(Traveling rarely)"
105841,"Avr|Point Acumulator
(No companions)"
652790,"Moderate travelers
(Current average)"
159525,"Avr|Point Acumulator
(No companions)"
148753,"Avr|Oct Companion
(Less travel on oct)"
179707,No Traveler
202055,"Avr|May Companion
(Less travel on may)"
945765,"Avr|Oct Companion
(Less travel on oct)"
136879,"Few Trips a Year
(Traveling rarely)"
428710,"Avr|May Companion
(Less travel on may)"
111507,"Avr|May Companion
(Less travel on may)"
281108,No Traveler
675442,"Avr|Jun Companion
(Less travel on jun)"
599778,"Moderate travelers
(Current average)"
893725,"Avr|May Companion
(Less travel on may)"
581596,"Avr|Point Acumulator
(No companions)"
656415,"Avr|Oct Companion
(Less travel on oct)"
483899,"Avr|Mar Companion
(Less travel on mar)"
329736,"Avr|Dec Companion
(Less travel on dec)"
490053,"Moderate travelers
(Current average)"
685720,"Avr|May Companion
(Less travel on may)"
229677,"Avr|May Companion
(Less travel on may)"
295078,"Avr|Feb Companion
(Less travel on feb)"
819267,"Avr|Feb Companion
(Less travel on feb)"
527194,"Avr|Point Acumulator
(No companions)"
255028,No Traveler
465241,"Avr|Jun Companion
(Less travel on jun)"
881828,"Avr|Point Acumulator
(No companions)"
674327,"Avr|Oct Companion
(Less travel on oct)"
218241,"Avr|Point Acumulator
(No companions)"
703937,"Avr|Jan Companion
(Less travel on jan)"
160203,"Avr|Jan Companion
(Less travel on jan)"
555517,No Traveler
964151,"Avr|May Companion
(Less travel on may)"
470076,"Avr|May Companion
(Less travel on may)"
113293,"Holiday traveler
(summer companions, winter alone)"
602213,"Avr|Nov Companion
(Less travel on nov)"
723691,"Moderate travelers
(Current average)"
836720,"Winter Traveler
(December with someone)"
835920,"Avr|Point Acumulator
(No companions)"
893632,"Avr|Mar Companion
(Less travel on mar)"
405351,"Avr|Jan Companion
(Less travel on jan)"
924936,"Avr|May Companion
(Less travel on may)"
685375,"Avr|Jun Companion
(Less travel on jun)"
175320,"Avr|Nov Companion
(Less travel on nov)"
155118,"Avr|Jan Companion
(Less travel on jan)"
602574,"Avr|Jun Companion
(Less travel on jun)"
407933,"Avr|Point Acumulator
(No companions)"
940213,"Moderate travelers
(Current average)"
999758,No Traveler
945037,"Avr|Oct Companion
(Less travel on oct)"
861629,No Traveler
312180,"Moderate travelers
(Current average)"
506193,"Winter Traveler
(December with someone)"
232871,"Avr|Point Acumulator
(No companions)"
365887,No Traveler
937071,No Traveler
181033,"Holiday traveler
(summer companions, winter alone)"
267352,"Avr|Dec Companion
(Less travel on dec)"
670836,No Traveler
276650,"Avr|Nov Companion
(Less travel on nov)"
944541,"Avr|Point Acumulator
(No companions)"
142621,"Avr|May Companion
(Less travel on may)"
600746,"Avr|Feb Companion
(Less travel on feb)"
802556,"Avr|Jun Companion
(Less travel on jun)"
909068,No Traveler
171638,"Avr|Jun Companion
(Less travel on jun)"
461859,"Avr|Jun Companion
(Less travel on jun)"
403500,"Avr|Feb Companion
(Less travel on feb)"
612269,"Avr|Oct Companion
(Less travel on oct)"
755867,"Avr|Jun Companion
(Less travel on jun)"
384599,"Avr|Oct Companion
(Less travel on oct)"
420202,"Winter Traveler
(December with someone)"
106776,"Avr|Jan Companion
(Less travel on jan)"
194786,"Avr|Feb Companion
(Less travel on feb)"
102851,"Avr|Dec Companion
(Less travel on dec)"
250921,"Avr|Nov Companion
(Less travel on nov)"
584796,No Traveler
159745,"Moderate travelers
(Current average)"
252954,"Avr|Jan Companion
(Less travel on jan)"
324048,"Avr|Jun Companion
(Less travel on jun)"
759310,No Traveler
969764,"Avr|Jan Companion
(Less travel on jan)"
330131,"Avr|Point Acumulator
(No companions)"
632199,"Avr|Mar Companion
(Less travel on mar)"
774931,No Traveler
958299,"Holiday traveler
(summer companions, winter alone)"
231992,"Winter Traveler
(December with someone)"
555298,"Moderate travelers
(Current average)"
507998,"Avr|Point Acumulator
(No companions)"
840008,"Holiday traveler
(summer companions, winter alone)"
802478,"Avr|Nov Companion
(Less travel on nov)"
280292,"Avr|Feb Companion
(Less travel on feb)"
514559,"Avr|Point Acumulator
(No companions)"
558511,"Avr|Point Acumulator
(No companions)"
942601,"Avr|May Companion
(Less travel on may)"
605184,"Moderate travelers
(Current average)"
765408,"Holiday traveler
(summer companions, winter alone)"
869133,"Avr|Oct Companion
(Less travel on oct)"
981851,"Moderate travelers
(Current average)"
634503,"Avr|Point Acumulator
(No companions)"
827668,"Few Trips a Year
(Traveling rarely)"
742732,"Avr|Oct Companion
(Less travel on oct)"
183235,"Moderate travelers
(Current average)"
336247,"Avr|Dec Companion
(Less travel on dec)"
937662,"Avr|Point Acumulator
(No companions)"
117939,"Few Trips a Year
(Traveling rarely)"
831964,"Avr|Mar Companion
(Less travel on mar)"
944506,"Avr|Dec Companion
(Less travel on dec)"
248356,"Avr|Mar Companion
(Less travel on mar)"
420590,"Avr|Jan Companion
(Less travel on jan)"
970195,"Avr|Feb Companion
(Less travel on feb)"
512177,"Avr|Jun Companion
(Less travel on jun)"
275807,"Winter Traveler
(December with someone)"
928116,"Avr|Point Acumulator
(No companions)"
328303,"Avr|Jan Companion
(Less travel on jan)"
983130,"Holiday traveler
(summer companions, winter alone)"
313763,"Avr|Mar Companion
(Less travel on mar)"
240209,"Avr|Jun Companion
(Less travel on jun)"
670000,"Avr|Jun Companion
(Less travel on jun)"
867301,"Avr|Dec Companion
(Less travel on dec)"
137529,"Few Trips a Year
(Traveling rarely)"
276648,"Holiday traveler
(summer companions, winter alone)"
398506,"Avr|Jan Companion
(Less travel on jan)"
300960,"Avr|Feb Companion
(Less travel on feb)"
280828,"Avr|Point Acumulator
(No companions)"
622883,"Avr|Mar Companion
(Less travel on mar)"
419522,"Avr|Oct Companion
(Less travel on oct)"
588015,"Avr|Feb Companion
(Less travel on feb)"
782515,"Avr|Jun Companion
(Less travel on jun)"
109478,"Moderate travelers
(Current average)"
541557,"Avr|Point Acumulator
(No companions)"
665403,"Avr|Point Acumulator
(No companions)"
774103,"Avr|Point Acumulator
(No companions)"
505390,"Moderate travelers
(Current average)"
867112,"Avr|Mar Companion
(Less travel on mar)"
942535,"Avr|Jun Companion
(Less travel on jun)"
475132,"Avr|May Companion
(Less travel on may)"
468520,No Traveler
571163,"Avr|Point Acumulator
(No companions)"
317919,"Avr|May Companion
(Less travel on may)"
615826,"Avr|Jun Companion
(Less travel on jun)"
720939,"Avr|Point Acumulator
(No companions)"
343218,"Avr|Point Acumulator
(No companions)"
274535,"Few Trips a Year
(Traveling rarely)"
265557,"Avr|Feb Companion
(Less travel on feb)"
563945,"Avr|Oct Companion
(Less travel on oct)"
919823,"Avr|Jan Companion
(Less travel on jan)"
335143,"Avr|Dec Companion
(Less travel on dec)"
880065,"Avr|May Companion
(Less travel on may)"
713406,"Avr|Jan Companion
(Less travel on jan)"
404475,"Avr|May Companion
(Less travel on may)"
423598,"Avr|May Companion
(Less travel on may)"
519442,"Avr|Mar Companion
(Less travel on mar)"
415381,"Avr|Mar Companion
(Less travel on mar)"
273020,"Avr|Feb Companion
(Less travel on feb)"
262211,"Avr|Oct Companion
(Less travel on oct)"
511765,"Avr|Jun Companion
(Less travel on jun)"
165188,"Avr|May Companion
(Less travel on may)"
180488,"Avr|Nov Companion
(Less travel on nov)"
543422,"Avr|Jun Companion
(Less travel on jun)"
859553,"Few Trips a Year
(Traveling rarely)"
819375,"Avr|Point Acumulator
(No companions)"
391611,"Avr|May Companion
(Less travel on may)"
864327,"Avr|Dec Companion
(Less travel on dec)"
920197,No Traveler
684201,"Avr|Mar Companion
(Less travel on mar)"
807553,"Avr|Dec Companion
(Less travel on dec)"
211802,"Few Trips a Year
(Traveling rarely)"
270901,"Avr|Mar Companion
(Less travel on mar)"
145323,"Avr|Point Acumulator
(No companions)"
138421,"Avr|Dec Companion
(Less travel on dec)"
332962,"Avr|Oct Companion
(Less travel on oct)"
442103,"Avr|May Companion
(Less travel on may)"
801146,"Avr|May Companion
(Less travel on may)"
823453,"Holiday traveler
(summer companions, winter alone)"
122357,"Moderate travelers
(Current average)"
360981,"Holiday traveler
(summer companions, winter alone)"
802621,"Avr|Mar Companion
(Less travel on mar)"
251641,"Avr|Feb Companion
(Less travel on feb)"
895433,"Avr|Point Acumulator
(No companions)"
317774,"Avr|Mar Companion
(Less travel on mar)"
630265,"Avr|Dec Companion
(Less travel on dec)"
222743,"Avr|Nov Companion
(Less travel on nov)"
707592,No Traveler
849616,No Traveler
817288,No Traveler
511253,"Avr|May Companion
(Less travel on may)"
167257,"Avr|Dec Companion
(Less travel on dec)"
433307,No Traveler
860528,No Traveler
507514,"Moderate travelers
(Current average)"
207543,"Avr|Feb Companion
(Less travel on feb)"
553261,"Avr|Oct Companion
(Less travel on oct)"
882409,"Winter Traveler
(December with someone)"
952326,"Avr|Jan Companion
(Less travel on jan)"
117782,"Avr|Oct Companion
(Less travel on oct)"
739345,"Avr|Oct Companion
(Less travel on oct)"
480760,"Avr|Jan Companion
(Less travel on jan)"
486708,"Avr|Oct Companion
(Less travel on oct)"
486897,"Avr|Oct Companion
(Less travel on oct)"
752217,"Avr|Nov Companion
(Less travel on nov)"
606846,"Avr|Point Acumulator
(No companions)"
939094,"Avr|Jun Companion
(Less travel on jun)"
324404,No Traveler
713094,"Moderate travelers
(Current average)"
850694,"Avr|Nov Companion
(Less travel on nov)"
251950,"Avr|May Companion
(Less travel on may)"
926451,"Avr|Nov Companion
(Less travel on nov)"
866073,"Avr|Oct Companion
(Less travel on oct)"
117333,"Avr|Point Acumulator
(No companions)"
668865,"Moderate travelers
(Current average)"
467361,"Moderate travelers
(Current average)"
881413,"Avr|Jun Companion
(Less travel on jun)"
981304,"Avr|Dec Companion
(Less travel on dec)"
254372,"Avr|Dec Companion
(Less travel on dec)"
134085,"Moderate travelers
(Current average)"
213013,"Avr|Point Acumulator
(No companions)"
238367,"Few Trips a Year
(Traveling rarely)"
686709,"Avr|Oct Companion
(Less travel on oct)"
542976,"Few Trips a Year
(Traveling rarely)"
769521,"Avr|Dec Companion
(Less travel on dec)"
835295,No Traveler
852006,"Avr|Point Acumulator
(No companions)"
870039,"Avr|Feb Companion
(Less travel on feb)"
991050,"Avr|Oct Companion
(Less travel on oct)"
246273,"Avr|Oct Companion
(Less travel on oct)"
278836,"Holiday traveler
(summer companions, winter alone)"
863392,No Traveler
741801,"Avr|Mar Companion
(Less travel on mar)"
867289,"Avr|Nov Companion
(Less travel on nov)"
718227,"Moderate travelers
(Current average)"
140130,"Avr|Dec Companion
(Less travel on dec)"
519087,"Avr|Oct Companion
(Less travel on oct)"
590514,"Avr|Jan Companion
(Less travel on jan)"
422164,No Traveler
418784,No Traveler
502670,"Avr|Point Acumulator
(No companions)"
719824,"Holiday traveler
(summer companions, winter alone)"
723968,"Holiday traveler
(summer companions, winter alone)"
641884,"Avr|Feb Companion
(Less travel on feb)"
472376,No Traveler
274858,"Avr|Feb Companion
(Less travel on feb)"
698573,"Avr|Feb Companion
(Less travel on feb)"
567420,"Avr|Jan Companion
(Less travel on jan)"
526020,No Traveler
502152,No Traveler
536699,"Few Trips a Year
(Traveling rarely)"
265677,"Avr|Jun Companion
(Less travel on jun)"
221205,"Avr|Dec Companion
(Less travel on dec)"
302313,"Moderate travelers
(Current average)"
337932,"Winter Traveler
(December with someone)"
348835,"Moderate travelers
(Current average)"
719135,"Avr|Point Acumulator
(No companions)"
747578,"Avr|Feb Companion
(Less travel on feb)"
498514,No Traveler
504260,"Holiday traveler
(summer companions, winter alone)"
815796,"Few Trips a Year
(Traveling rarely)"
704149,"Avr|Dec Companion
(Less travel on dec)"
339371,No Traveler
413853,"Holiday traveler
(summer companions, winter alone)"
586734,"Avr|Mar Companion
(Less travel on mar)"
689353,"Avr|Oct Companion
(Less travel on oct)"
840088,"Avr|Oct Companion
(Less travel on oct)"
254567,"Winter Traveler
(December with someone)"
254745,No Traveler
563977,"Avr|May Companion
(Less travel on may)"
361944,"Holiday traveler
(summer companions, winter alone)"
903679,No Traveler
988691,"Avr|Jun Companion
(Less travel on jun)"
149993,"Avr|May Companion
(Less travel on may)"
961961,"Avr|Jan Companion
(Less travel on jan)"
677513,"Avr|Jun Companion
(Less travel on jun)"
810668,"Avr|Point Acumulator
(No companions)"
946816,"Avr|Dec Companion
(Less travel on dec)"
917870,"Avr|Jan Companion
(Less travel on jan)"
711680,"Moderate travelers
(Current average)"
554442,"Avr|Oct Companion
(Less travel on oct)"
512426,"Avr|Nov Companion
(Less travel on nov)"
945996,"Avr|Nov Companion
(Less travel on nov)"
609778,"Avr|Jun Companion
(Less travel on jun)"
356240,"Holiday traveler
(summer companions, winter alone)"
813620,"Avr|Jan Companion
(Less travel on jan)"
685171,"Avr|Mar Companion
(Less travel on mar)"
797902,"Avr|Jan Companion
(Less travel on jan)"
718491,No Traveler
648575,"Avr|Jan Companion
(Less travel on jan)"
818864,"Moderate travelers
(Current average)"
805932,"Avr|Mar Companion
(Less travel on mar)"
558097,"Avr|Jun Companion
(Less travel on jun)"
489842,"Avr|Point Acumulator
(No companions)"
733903,"Avr|Point Acumulator
(No companions)"
579424,"Holiday traveler
(summer companions, winter alone)"
210815,"Avr|Mar Companion
(Less travel on mar)"
590778,"Holiday traveler
(summer companions, winter alone)"
971581,"Avr|Jun Companion
(Less travel on jun)"
210100,No Traveler
316548,No Traveler
329088,"Avr|Jan Companion
(Less travel on jan)"
355795,"Avr|Nov Companion
(Less travel on nov)"
476477,"Avr|Nov Companion
(Less travel on nov)"
893127,No Traveler
748299,"Moderate travelers
(Current average)"
508488,"Avr|Jun Companion
(Less travel on jun)"
919888,"Avr|Nov Companion
(Less travel on nov)"
166966,"Avr|Jan Companion
(Less travel on jan)"
610465,"Avr|Jan Companion
(Less travel on jan)"
765338,"Avr|May Companion
(Less travel on may)"
907858,"Avr|May Companion
(Less travel on may)"
546736,No Traveler
954836,"Avr|Nov Companion
(Less travel on nov)"
414211,"Avr|Point Acumulator
(No companions)"
164983,"Holiday traveler
(summer companions, winter alone)"
319742,No Traveler
662489,"Few Trips a Year
(Traveling rarely)"
739781,"Avr|Point Acumulator
(No companions)"
537907,"Avr|Mar Companion
(Less travel on mar)"
767752,"Avr|Feb Companion
(Less travel on feb)"
768365,"Avr|Jan Companion
(Less travel on jan)"
371148,No Traveler
739227,"Holiday traveler
(summer companions, winter alone)"
740422,"Avr|Feb Companion
(Less travel on feb)"
944702,"Avr|Feb Companion
(Less travel on feb)"
248445,No Traveler
528413,"Moderate travelers
(Current average)"
122519,"Avr|Dec Companion
(Less travel on dec)"
412817,"Avr|Point Acumulator
(No companions)"
959793,"Avr|Dec Companion
(Less travel on dec)"
893863,"Avr|Point Acumulator
(No companions)"
857292,"Avr|Jun Companion
(Less travel on jun)"
605723,"Avr|Jun Companion
(Less travel on jun)"
275670,"Avr|Jan Companion
(Less travel on jan)"
554636,"Moderate travelers
(Current average)"
803587,"Few Trips a Year
(Traveling rarely)"
937946,"Avr|Oct Companion
(Less travel on oct)"
275949,No Traveler
294016,"Avr|Mar Companion
(Less travel on mar)"
651281,"Avr|Jan Companion
(Less travel on jan)"
131990,"Avr|Jun Companion
(Less travel on jun)"
837833,"Avr|Point Acumulator
(No companions)"
755668,"Winter Traveler
(December with someone)"
344527,"Avr|Jan Companion
(Less travel on jan)"
460673,"Few Trips a Year
(Traveling rarely)"
598760,"Avr|May Companion
(Less travel on may)"
265383,"Avr|Dec Companion
(Less travel on dec)"
817714,"Avr|Jun Companion
(Less travel on jun)"
106754,"Avr|Mar Companion
(Less travel on mar)"
250315,"Avr|Point Acumulator
(No companions)"
557880,"Avr|Oct Companion
(Less travel on oct)"
662406,"Avr|Point Acumulator
(No companions)"
401710,"Avr|May Companion
(Less travel on may)"
945015,"Avr|May Companion
(Less travel on may)"
219984,No Traveler
662272,"Few Trips a Year
(Traveling rarely)"
873965,"Holiday traveler
(summer companions, winter alone)"
892797,"Avr|Point Acumulator
(No companions)"
661502,"Avr|Nov Companion
(Less travel on nov)"
340931,"Avr|Dec Companion
(Less travel on dec)"
149841,"Few Trips a Year
(Traveling rarely)"
489523,"Avr|Jan Companion
(Less travel on jan)"
714840,No Traveler
768313,"Winter Traveler
(December with someone)"
933251,No Traveler
300733,"Avr|Mar Companion
(Less travel on mar)"
434385,"Avr|Jun Companion
(Less travel on jun)"
486075,"Avr|Oct Companion
(Less travel on oct)"
737604,"Avr|Nov Companion
(Less travel on nov)"
435223,"Avr|May Companion
(Less travel on may)"
100590,No Traveler
553956,"Avr|Point Acumulator
(No companions)"
316793,"Avr|Jan Companion
(Less travel on jan)"
504867,"Winter Traveler
(December with someone)"
544167,"Avr|Jun Companion
(Less travel on jun)"
552776,No Traveler
842582,"Avr|Mar Companion
(Less travel on mar)"
912864,"Avr|Point Acumulator
(No companions)"
544301,"Avr|May Companion
(Less travel on may)"
798279,"Few Trips a Year
(Traveling rarely)"
376299,"Moderate travelers
(Current average)"
342570,"Avr|Point Acumulator
(No companions)"
583670,"Avr|Mar Companion
(Less travel on mar)"
588917,"Avr|Nov Companion
(Less travel on nov)"
635334,"Avr|Mar Companion
(Less travel on mar)"
112678,"Avr|Dec Companion
(Less travel on dec)"
987205,"Avr|Point Acumulator
(No companions)"
398924,"Avr|Point Acumulator
(No companions)"
640285,"Avr|Feb Companion
(Less travel on feb)"
487195,"Avr|Mar Companion
(Less travel on mar)"
755073,"Avr|Oct Companion
(Less travel on oct)"
128156,"Avr|Point Acumulator
(No companions)"
773546,"Avr|Jun Companion
(Less travel on jun)"
336722,"Avr|Feb Companion
(Less travel on feb)"
954587,No Traveler
323660,No Traveler
464394,"Holiday traveler
(summer companions, winter alone)"
154981,"Avr|Point Acumulator
(No companions)"
235683,"Avr|Nov Companion
(Less travel on nov)"
465347,"Holiday traveler
(summer companions, winter alone)"
247433,"Few Trips a Year
(Traveling rarely)"
419973,"Avr|Oct Companion
(Less travel on oct)"
403675,"Avr|Nov Companion
(Less travel on nov)"
532419,No Traveler
488675,"Avr|Point Acumulator
(No companions)"
351296,"Holiday traveler
(summer companions, winter alone)"
481028,"Avr|Jan Companion
(Less travel on jan)"
786442,"Avr|Oct Companion
(Less travel on oct)"
753864,No Traveler
969719,No Traveler
612140,"Avr|Dec Companion
(Less travel on dec)"
427177,"Avr|Oct Companion
(Less travel on oct)"
670666,"Avr|Jun Companion
(Less travel on jun)"
702528,"Avr|Jan Companion
(Less travel on jan)"
310700,"Avr|Jan Companion
(Less travel on jan)"
118864,"Avr|Point Acumulator
(No companions)"
632951,"Winter Traveler
(December with someone)"
217054,"Avr|Dec Companion
(Less travel on dec)"
262467,"Avr|Feb Companion
(Less travel on feb)"
497854,"Avr|Jan Companion
(Less travel on jan)"
755977,"Avr|Oct Companion
(Less travel on oct)"
344232,"Avr|Point Acumulator
(No companions)"
546773,"Avr|Nov Companion
(Less travel on nov)"
302628,"Avr|Dec Companion
(Less travel on dec)"
302460,"Few Trips a Year
(Traveling rarely)"
900501,"Avr|Jun Companion
(Less travel on jun)"
823768,"Avr|Point Acumulator
(No companions)"
680886,"Avr|Point Acumulator
(No companions)"
776187,"Avr|Oct Companion
(Less travel on oct)"
615459,"Holiday traveler
(summer companions, winter alone)"
201574,No_transactions
834891,No_transactions
329382,No_transactions
357549,No_transactions
283314,No_transactions
322102,No_transactions
566033,No_transactions
174896,No_transactions
912220,No_transactions
520321,No_transactions
695755,No_transactions
603248,No_transactions
203809,No_transactions
553936,No_transactions
914255,No_transactions
242377,No_transactions
645742,No_transactions
436498,No_transactions
176885,No_transactions
474172,No_transactions
971902,No_transactions
474757,No_transactions
236300,No_transactions
531201,No_transactions
606076,No_transactions
485189,No_transactions
471018,No_transactions
430521,No_transactions
591576,No_transactions
566343,No_transactions
263729,No_transactions
321557,No_transactions
390719,No_transactions
517612,No_transactions
446968,No_transactions
123928,No_transactions
842064,No_transactions
149542,No_transactions
676676,No_transactions
761007,No_transactions
202761,No_transactions
411242,No_transactions
871329,No_transactions
626326,No_transactions
197529,No_transactions
534794,No_transactions
464471,No_transactions
574560,No_transactions
687108,No_transactions
745336,No_transactions
872408,No_transactions
217284,No_transactions
348299,No_transactions
105145,No_transactions
999143,No_transactions
988839,No_transactions
340934,No_transactions
883349,No_transactions
703882,No_transactions
528074,No_transactions
765973,No_transactions
655614,No_transactions
622269,No_transactions
368830,No_transactions
600820,No_transactions
290517,No_transactions
428590,No_transactions
342738,No_transactions
692097,No_transactions
203258,No_transactions
351513,No_transactions
460711,No_transactions
421855,No_transactions
787172,No_transactions
226176,No_transactions
472726,No_transactions
887705,No_transactions
420464,No_transactions
905497,No_transactions
820187,No_transactions
527944,No_transactions
487536,No_transactions
834522,No_transactions
508443,No_transactions
232426,No_transactions
879600,No_transactions
382045,No_transactions
776830,No_transactions
598258,No_transactions
384905,No_transactions
149981,No_transactions
395189,No_transactions
256945,No_transactions
216500,No_transactions
759132,No_transactions
706185,No_transactions
272123,No_transactions
797391,No_transactions
572062,No_transactions
922665,No_transactions
757127,No_transactions
503096,No_transactions
662723,No_transactions
393975,No_transactions
153968,No_transactions
171027,No_transactions
103352,No_transactions
240299,No_transactions
319766,No_transactions
638528,No_transactions
423711,No_transactions
281777,No_transactions
952859,No_transactions
593885,No_transactions
665763,No_transactions
489443,No_transactions
390651,No_transactions
613709,No_transactions
915927,No_transactions
607266,No_transactions
415292,No_transactions
272686,No_transactions
761444,No_transactions
173178,No_transactions
121469,No_transactions
904317,No_transactions
216445,No_transactions
525866,No_transactions
742356,No_transactions
445008,No_transactions
243726,No_transactions
477867,No_transactions
271987,No_transactions
229636,No_transactions
979168,No_transactions
444904,No_transactions
458773,No_transactions
606811,No_transactions
238063,No_transactions
582244,No_transactions
988927,No_transactions
756592,No_transactions
872158,No_transactions
215314,No_transactions
557469,No_transactions
892517,No_transactions
583165,No_transactions
741470,No_transactions
543599,No_transactions
300678,No_transactions
261767,No_transactions
515315,No_transactions
804510,No_transactions
939593,No_transactions
927165,No_transactions
730008,No_transactions
348173,No_transactions
746235,No_transactions
181498,No_transactions
748105,No_transactions
940874,No_transactions
410373,No_transactions
384737,No_transactions
384818,No_transactions
611247,No_transactions
140042,No_transactions
869712,No_transactions
950961,No_transactions
990122,No_transactions
706425,No_transactions
369188,No_transactions
252135,No_transactions
294184,No_transactions
315242,No_transactions
938830,No_transactions
914959,No_transactions
554572,No_transactions
741657,No_transactions
851845,No_transactions
787249,No_transactions
389430,No_transactions
170655,No_transactions
407641,No_transactions
223638,No_transactions
332855,No_transactions
826984,No_transactions
184207,No_transactions
767774,No_transactions
878327,No_transactions
854742,No_transactions
600923,No_transactions
803252,No_transactions
361710,No_transactions
967233,No_transactions
965691,No_transactions
244734,No_transactions
887069,No_transactions
506149,No_transactions
670230,No_transactions
642784,No_transactions
136464,No_transactions
969800,No_transactions
110073,No_transactions
436318,No_transactions
493337,No_transactions
434965,No_transactions
152936,No_transactions
601068,No_transactions
362823,No_transactions
318845,No_transactions
207484,No_transactions
445282,No_transactions
500437,No_transactions
534505,No_transactions
242980,No_transactions
319464,No_transactions
901582,No_transactions
680553,No_transactions
570668,No_transactions
482424,No_transactions
466384,No_transactions
294278,No_transactions
339274,No_transactions
632816,No_transactions
281032,No_transactions
857949,No_transactions
129071,No_transactions
252531,No_transactions
126308,No_transactions
882443,No_transactions
427804,No_transactions
580592,No_transactions
847283,No_transactions
924796,No_transactions
765223,No_transactions
654919,No_transactions
139270,No_transactions
575145,No_transactions
542636,No_transactions
892000,No_transactions
626510,No_transactions
155623,No_transactions
257393,No_transactions
400513,No_transactions
608504,No_transactions
665031,No_transactions
505871,No_transactions
973070,No_transactions
223081,No_transactions
140735,No_transactions
311857,No_transactions
112894,No_transactions
524951,No_transactions
912984,No_transactions
821712,No_transactions
978934,No_transactions
438698,No_transactions
233877,No_transactions
160779,No_transactions
787018,No_transactions
222644,No_transactions
233831,No_transactions
286614,No_transactions
679155,No_transactions
470739,No_transactions
700958,No_transactions
139356,No_transactions
579584,No_transactions
937254,No_transactions
113656,No_transactions
108481,No_transactions
585495,No_transactions
711285,No_transactions
988552,No_transactions
657980,No_transactions
635026,No_transactions
470450,No_transactions
278464,No_transactions
343884,No_transactions
782804,No_transactions
766012,No_transactions
663098,No_transactions
221361,No_transactions
675240,No_transactions
852012,No_transactions
655995,No_transactions
757416,No_transactions
124931,No_transactions
103383,No_transactions
829316,No_transactions
187835,No_transactions
954454,No_transactions
430670,No_transactions
408170,No_transactions
334192,No_transactions
276484,No_transactions
265784,No_transactions
221709,No_transactions
991275,No_transactions
445599,No_transactions
594200,No_transactions
691365,No_transactions
469702,No_transactions
884570,No_transactions
978907,No_transactions
178459,No_transactions
907945,No_transactions
898887,No_transactions
800945,No_transactions
659731,No_transactions
204840,No_transactions
807942,No_transactions
533388,No_transactions
703972,No_transactions
219160,No_transactions
731286,No_transactions
745870,No_transactions
695564,No_transactions
792277,No_transactions
842835,No_transactions
863374,No_transactions
905161,No_transactions
652431,No_transactions
961264,No_transactions
596173,No_transactions
512169,No_transactions
216666,No_transactions
296095,No_transactions
744746,No_transactions
162155,No_transactions
876243,No_transactions
881428,No_transactions
465476,No_transactions
375371,No_transactions
324049,No_transactions
942952,No_transactions
983440,No_transactions
155348,No_transactions
825730,No_transactions
844477,No_transactions
436282,No_transactions
237107,No_transactions
448751,No_transactions
733467,No_transactions
605768,No_transactions
196757,No_transactions
841324,No_transactions
574688,No_transactions
915009,No_transactions
375467,No_transactions
750153,No_transactions
813352,No_transactions
960959,No_transactions
167491,No_transactions
243273,No_transactions
946439,No_transactions
483274,No_transactions
961440,No_transactions
224178,No_transactions
688132,No_transactions
728009,No_transactions
302827,No_transactions
675419,No_transactions
767971,No_transactions
248497,No_transactions
529331,No_transactions
838263,No_transactions
551533,No_transactions
142763,No_transactions
161557,No_transactions
823663,No_transactions
627869,No_transactions
780525,No_transactions
397891,No_transactions
122206,No_transactions
612370,No_transactions
437262,No_transactions
435883,No_transactions
684296,No_transactions
767494,No_transactions
210485,No_transactions
626070,No_transactions
831987,No_transactions
565074,No_transactions
651210,No_transactions
240861,No_transactions
329446,No_transactions
801607,No_transactions
671906,No_transactions
264034,No_transactions
499583,No_transactions
846215,No_transactions
872340,No_transactions
417841,No_transactions
318291,No_transactions
349447,No_transactions
194065,No_transactions
857235,No_transactions
344768,No_transactions
638085,No_transactions
490387,No_transactions
397272,No_transactions
940901,No_transactions
913809,No_transactions
192772,No_transactions
363513,No_transactions
641903,No_transactions
818040,No_transactions
219646,No_transactions
976831,No_transactions
515023,No_transactions
191780,No_transactions
628452,No_transactions
927559,No_transactions
796429,No_transactions
229075,No_transactions
983810,No_transactions
661546,No_transactions
612595,No_transactions
300106,No_transactions
833165,No_transactions
164064,No_transactions
830394,No_transactions
469545,No_transactions
750154,No_transactions
515142,No_transactions
349695,No_transactions
983450,No_transactions
418233,No_transactions
491704,No_transactions
822653,No_transactions
235220,No_transactions
654983,No_transactions
638740,No_transactions
485486,No_transactions
256467,No_transactions
370979,No_transactions
645635,No_transactions
245671,No_transactions
974189,No_transactions
405030,No_transactions
300454,No_transactions
855351,No_transactions
126181,No_transactions
854855,No_transactions
497030,No_transactions
215751,No_transactions
124536,No_transactions
264053,No_transactions
265612,No_transactions
481262,No_transactions
119917,No_transactions
939074,No_transactions
276931,No_transactions
223238,No_transactions
247103,No_transactions
989081,No_transactions
241990,No_transactions
545514,No_transactions
550303,No_transactions
893376,No_transactions
399917,No_transactions
683250,No_transactions
197239,No_transactions
683550,No_transactions
140375,No_transactions
759983,No_transactions
597522,No_transactions
445418,No_transactions
802023,No_transactions
631442,No_transactions
126148,No_transactions
131637,No_transactions
590012,No_transactions
208585,No_transactions
665374,No_transactions
164211,No_transactions
252472,No_transactions
181434,No_transactions
697824,No_transactions
299367,No_transactions
373665,No_transactions
145542,No_transactions
865213,No_transactions
277607,No_transactions
889964,No_transactions
248886,No_transactions
515298,No_transactions
891233,No_transactions
633067,No_transactions
454223,No_transactions
570531,No_transactions
633490,No_transactions
224132,No_transactions
672582,No_transactions
803357,No_transactions
766766,No_transactions
327565,No_transactions
161525,No_transactions
727197,No_transactions
880099,No_transactions
264050,No_transactions
121999,No_transactions
472283,No_transactions
302792,No_transactions
304887,No_transactions
962480,No_transactions
729752,No_transactions
256189,No_transactions
239221,No_transactions
278227,No_transactions
983353,No_transactions
465950,No_transactions
984180,No_transactions
823212,No_transactions
884654,No_transactions
387203,No_transactions
703160,No_transactions
698915,No_transactions
692741,No_transactions
782606,No_transactions
558248,No_transactions
939760,No_transactions
307159,No_transactions
142122,No_transactions
338837,No_transactions
684699,No_transactions
622953,No_transactions
573347,No_transactions
451042,No_transactions
641827,No_transactions
434430,No_transactions
872669,No_transactions
695385,No_transactions
746863,No_transactions
706970,No_transactions
924736,No_transactions
752885,No_transactions
975692,No_transactions
966688,No_transactions
656858,No_transactions
747816,No_transactions
568667,No_transactions
930887,No_transactions
646262,No_transactions
257509,No_transactions
724599,No_transactions
167670,No_transactions
138449,No_transactions
934577,No_transactions
637453,No_transactions
745080,No_transactions
901478,No_transactions
168641,No_transactions
243153,No_transactions
610860,No_transactions
468522,No_transactions
233051,No_transactions
377858,No_transactions
902833,No_transactions
607752,No_transactions
659454,No_transactions
546037,No_transactions
340156,No_transactions
161774,No_transactions
208630,No_transactions
475313,No_transactions
692291,No_transactions
228469,No_transactions
366576,No_transactions
910028,No_transactions
241069,No_transactions
923766,No_transactions
197491,No_transactions
629341,No_transactions
375162,No_transactions
493606,No_transactions
486880,No_transactions
597124,No_transactions
706876,No_transactions
982895,No_transactions
334574,No_transactions
787322,No_transactions
650957,No_transactions
787651,No_transactions
997008,No_transactions
928188,No_transactions
104739,No_transactions
966949,No_transactions
363483,No_transactions
908994,No_transactions
604039,No_transactions
841957,No_transactions
226847,No_transactions
199493,No_transactions
721364,No_transactions
154958,No_transactions
278054,No_transactions
827815,No_transactions
828328,No_transactions
542208,No_transactions
697962,No_transactions
260112,No_transactions
665533,No_transactions
915164,No_transactions
144301,No_transactions
534324,No_transactions
663641,No_transactions
418626,No_transactions
905288,No_transactions
296457,No_transactions
252165,No_transactions
318537,No_transactions
612742,No_transactions
859196,No_transactions
444050,No_transactions
750247,No_transactions
547764,No_transactions
704308,No_transactions
967738,No_transactions
916003,No_transactions
132563,No_transactions
709844,No_transactions
855510,No_transactions
582166,No_transactions
940523,No_transactions
899734,No_transactions
314441,No_transactions
266326,No_transactions
206332,No_transactions
390562,No_transactions
936860,No_transactions
274107,No_transactions
552546,No_transactions
649404,No_transactions
177677,No_transactions
229308,No_transactions
939333,No_transactions
735171,No_transactions
340604,No_transactions
485705,No_transactions
494536,No_transactions
175832,No_transactions
236794,No_transactions
851370,No_transactions
769602,No_transactions
563428,No_transactions
711775,No_transactions
331992,No_transactions
932100,No_transactions
205195,No_transactions
950947,No_transactions
720536,No_transactions
616611,No_transactions
653890,No_transactions
255623,No_transactions
517129,No_transactions
747655,No_transactions
733434,No_transactions
446662,No_transactions
712132,No_transactions
729542,No_transactions
837327,No_transactions
242839,No_transactions
663072,No_transactions
222425,No_transactions
594626,No_transactions
793801,No_transactions
117725,No_transactions
548883,No_transactions
444218,No_transactions
895180,No_transactions
574745,No_transactions
862543,No_transactions
931238,No_transactions
288164,No_transactions
144695,No_transactions
782503,No_transactions
501189,No_transactions
846717,No_transactions
853037,No_transactions
101356,No_transactions
743320,No_transactions
134827,No_transactions
955138,No_transactions
970401,No_transactions
863490,No_transactions
771753,No_transactions
359138,No_transactions
306203,No_transactions
217497,No_transactions
255183,No_transactions
401943,No_transactions
117351,No_transactions
202271,No_transactions
769166,No_transactions
253082,No_transactions
737451,No_transactions
892556,No_transactions
546171,No_transactions
700011,No_transactions
931828,No_transactions
397848,No_transactions
766909,No_transactions
322435,No_transactions
438511,No_transactions
166110,No_transactions
948961,No_transactions
105700,No_transactions
327498,No_transactions
415640,No_transactions
303049,No_transactions
902993,No_transactions
482796,No_transactions
488891,No_transactions
212493,No_transactions
600220,No_transactions
426022,No_transactions
225529,No_transactions
417553,No_transactions
799622,No_transactions
454665,No_transactions
743481,No_transactions
824076,No_transactions
227433,No_transactions
650801,No_transactions
952244,No_transactions
647393,No_transactions
142649,No_transactions
221627,No_transactions
760077,No_transactions
904410,No_transactions
148111,No_transactions
547217,No_transactions
118298,No_transactions
844046,No_transactions
891218,No_transactions
204535,No_transactions
754850,No_transactions
999911,No_transactions
582256,No_transactions
918350,No_transactions
934150,No_transactions
350269,No_transactions
872341,No_transactions
622632,No_transactions
252628,No_transactions
394200,No_transactions
528095,No_transactions
989429,No_transactions
231319,No_transactions
652781,No_transactions
235030,No_transactions
177199,No_transactions
431286,No_transactions
898119,No_transactions
879812,No_transactions
128615,No_transactions
382678,No_transactions
491495,No_transactions
562501,No_transactions
486422,No_transactions
280602,No_transactions
385747,No_transactions
540901,No_transactions
289134,No_transactions
364372,No_transactions
140769,No_transactions
883606,No_transactions
716371,No_transactions
242637,No_transactions
610631,No_transactions
552235,No_transactions
606117,No_transactions
756043,No_transactions
809301,No_transactions
468380,No_transactions
329833,No_transactions
529988,No_transactions
395300,No_transactions
391091,No_transactions
952434,No_transactions
381471,No_transactions
738253,No_transactions
727072,No_transactions
314558,No_transactions
414661,No_transactions
553018,No_transactions
575089,No_transactions
844949,No_transactions
423844,No_transactions
194762,No_transactions
896685,No_transactions
545889,No_transactions
681961,No_transactions
678858,No_transactions
920068,No_transactions
187958,No_transactions
352034,No_transactions
891927,No_transactions
858125,No_transactions
250194,No_transactions
622801,No_transactions
683685,No_transactions
565227,No_transactions
651277,No_transactions
972462,No_transactions
126526,No_transactions
232317,No_transactions
891105,No_transactions
711129,No_transactions
489459,No_transactions
323792,No_transactions
360744,No_transactions
406988,No_transactions
719850,No_transactions
445783,No_transactions
170534,No_transactions
174925,No_transactions
873426,No_transactions
865798,No_transactions
921903,No_transactions
389081,No_transactions
220139,No_transactions
425477,No_transactions
451961,No_transactions
712874,No_transactions
290109,No_transactions
794625,No_transactions
122173,No_transactions
320377,No_transactions
936044,No_transactions
277826,No_transactions
450125,No_transactions
761305,No_transactions
994803,No_transactions
310833,No_transactions
931701,No_transactions
815381,No_transactions
956233,No_transactions
471944,No_transactions
687984,No_transactions
565634,No_transactions
163137,No_transactions
837615,No_transactions
272289,No_transactions
291831,No_transactions
123151,No_transactions
148677,No_transactions
678991,No_transactions
895821,No_transactions
830836,No_transactions
670981,No_transactions
552568,No_transactions
818886,No_transactions
170982,No_transactions
120635,No_transactions
631714,No_transactions
697323,No_transactions
400844,No_transactions
152685,No_transactions
804911,No_transactions
756280,No_transactions
467139,No_transactions
577998,No_transactions
667800,No_transactions
574492,No_transactions
328602,No_transactions
967819,No_transactions
243272,No_transactions
294289,No_transactions
148810,No_transactions
515790,No_transactions
257194,No_transactions
943393,No_transactions
737027,No_transactions
844145,No_transactions
488346,No_transactions
440758,No_transactions
347733,No_transactions
709212,No_transactions
518210,No_transactions
879638,No_transactions
286388,No_transactions
892273,No_transactions
842047,No_transactions
737676,No_transactions
303621,No_transactions
242203,No_transactions
763806,No_transactions
169865,No_transactions
180484,No_transactions
417721,No_transactions
287224,No_transactions
792094,No_transactions
373429,No_transactions
278719,No_transactions
525476,No_transactions
773593,No_transactions
837408,No_transactions
852629,No_transactions
762446,No_transactions
743108,No_transactions
828884,No_transactions
297954,No_transactions
989040,No_transactions
191189,No_transactions
754163,No_transactions
868327,No_transactions
483802,No_transactions
184490,No_transactions
992542,No_transactions
397376,No_transactions
815603,No_transactions
229861,No_transactions
317689,No_transactions
637100,No_transactions
929231,No_transactions
595775,No_transactions
313571,No_transactions
685653,No_transactions
128753,No_transactions
355628,No_transactions
648286,No_transactions
661442,No_transactions
202108,No_transactions
771220,No_transactions
348718,No_transactions
786330,No_transactions
255019,No_transactions
300376,No_transactions
946956,No_transactions
502047,No_transactions
873578,No_transactions
581380,No_transactions
926531,No_transactions
963921,No_transactions
789431,No_transactions
995404,No_transactions
779444,No_transactions
562703,No_transactions
883693,No_transactions
392781,No_transactions
807262,No_transactions
195131,No_transactions
496052,No_transactions
870960,No_transactions
932323,No_transactions
511626,No_transactions
677925,No_transactions
740509,No_transactions
943056,No_transactions
996159,No_transactions
592532,No_transactions
429689,No_transactions
432729,No_transactions
732862,No_transactions
639346,No_transactions
741384,No_transactions
920102,No_transactions
968867,No_transactions
304528,No_transactions
858427,No_transactions
539941,No_transactions
123780,No_transactions
782318,No_transactions
201550,No_transactions
576654,No_transactions
574627,No_transactions
445679,No_transactions
622992,No_transactions
604076,No_transactions
171042,No_transactions
457127,No_transactions
474047,No_transactions
651469,No_transactions
798352,No_transactions
641121,No_transactions
338750,No_transactions
796943,No_transactions
528782,No_transactions
253412,No_transactions
483969,No_transactions
677153,No_transactions
430559,No_transactions
592515,No_transactions
458029,No_transactions
340881,No_transactions
897734,No_transactions
935836,No_transactions
660349,No_transactions
744837,No_transactions
990947,No_transactions
989220,No_transactions
400873,No_transactions
900331,No_transactions
910092,No_transactions
150596,No_transactions
270203,No_transactions
939474,No_transactions
699220,No_transactions
496830,No_transactions
604839,No_transactions
682064,No_transactions
882874,No_transactions
443770,No_transactions
378498,No_transactions
144261,No_transactions
381176,No_transactions
384907,No_transactions
914514,No_transactions
566663,No_transactions
880897,No_transactions
183339,No_transactions
742673,No_transactions
481531,No_transactions
623341,No_transactions
874938,No_transactions
539705,No_transactions
720178,No_transactions
397962,No_transactions
811429,No_transactions
592213,No_transactions
790366,No_transactions
764227,No_transactions
585066,No_transactions
167569,No_transactions
218373,No_transactions
204848,No_transactions
930337,No_transactions
340492,No_transactions
377364,No_transactions
624485,No_transactions
910373,No_transactions
939204,No_transactions
350910,No_transactions
801832,No_transactions
382983,No_transactions
589394,No_transactions
604328,No_transactions
479359,No_transactions
795155,No_transactions
992631,No_transactions
392558,No_transactions
136065,No_transactions
658257,No_transactions
755582,No_transactions
364247,No_transactions
578751,No_transactions
135635,No_transactions
954773,No_transactions
993350,No_transactions
802958,No_transactions
462497,No_transactions
369388,No_transactions
680193,No_transactions
532334,No_transactions
321656,No_transactions
384296,No_transactions
677669,No_transactions
424027,No_transactions
918404,No_transactions
297218,No_transactions
150671,No_transactions
908201,No_transactions
989658,No_transactions
707860,No_transactions
596033,No_transactions
567082,No_transactions
254161,No_transactions
224530,No_transactions
740349,No_transactions
996231,No_transactions
744731,No_transactions
506793,No_transactions
156071,No_transactions
251020,No_transactions
493827,No_transactions
991371,No_transactions
997857,No_transactions
115198,No_transactions
172731,No_transactions
426141,No_transactions
162568,No_transactions
614428,No_transactions
971030,No_transactions
860553,No_transactions
727363,No_transactions
626312,No_transactions
702325,No_transactions
892639,No_transactions
183885,No_transactions
346554,No_transactions
825920,No_transactions
157971,No_transactions
689993,No_transactions
412362,No_transactions
280790,No_transactions
105352,No_transactions
457652,No_transactions
377796,No_transactions
885210,No_transactions
861917,No_transactions
571479,No_transactions
395512,No_transactions
441719,No_transactions
995943,No_transactions
403258,No_transactions
144702,No_transactions
710203,No_transactions
243001,No_transactions
900977,No_transactions
960678,No_transactions
167219,No_transactions
734119,No_transactions
413305,No_transactions
701708,No_transactions
353535,No_transactions
580628,No_transactions
821705,No_transactions
749362,No_transactions
858814,No_transactions
962055,No_transactions
509614,No_transactions
407648,No_transactions
571845,No_transactions
129743,No_transactions
146572,No_transactions
637235,No_transactions
960555,No_transactions
421432,No_transactions
124987,No_transactions
784787,No_transactions
620587,No_transactions
314182,No_transactions
220601,No_transactions
198407,No_transactions
508728,No_transactions
405465,No_transactions
985622,No_transactions
631232,No_transactions
887026,No_transactions
547994,No_transactions
448483,No_transactions
909854,No_transactions
756973,No_transactions
210746,No_transactions
682337,No_transactions
945050,No_transactions
519213,No_transactions
429448,No_transactions
206576,No_transactions
202227,No_transactions
536959,No_transactions
574613,No_transactions
572463,No_transactions
604825,No_transactions
842190,No_transactions
248664,No_transactions
716435,No_transactions
750922,No_transactions
185288,No_transactions
702938,No_transactions
557852,No_transactions
282181,No_transactions
756559,No_transactions
629267,No_transactions
767456,No_transactions
683458,No_transactions
552221,No_transactions
575411,No_transactions
419491,No_transactions
961455,No_transactions
481699,No_transactions
298967,No_transactions
609878,No_transactions
936232,No_transactions
203517,No_transactions
285386,No_transactions
310236,No_transactions
890839,No_transactions
225743,No_transactions
236037,No_transactions
826312,No_transactions
766401,No_transactions
433881,No_transactions
374113,No_transactions
616522,No_transactions
872706,No_transactions
110603,No_transactions
710473,No_transactions
462078,No_transactions
717772,No_transactions
655473,No_transactions
568681,No_transactions
428872,No_transactions
627913,No_transactions
377642,No_transactions
931834,No_transactions
636206,No_transactions
118688,No_transactions
216937,No_transactions
357166,No_transactions
579245,No_transactions
863942,No_transactions
635398,No_transactions
527414,No_transactions
250089,No_transactions
204507,No_transactions
368878,No_transactions
139682,No_transactions
299448,No_transactions
532752,No_transactions
614720,No_transactions
310867,No_transactions
565787,No_transactions
795554,No_transactions
780855,No_transactions
650366,No_transactions
463947,No_transactions
324713,No_transactions
954599,No_transactions
337812,No_transactions
553944,No_transactions
127052,No_transactions
402624,No_transactions
405740,No_transactions
708151,No_transactions
585162,No_transactions
430519,No_transactions
338295,No_transactions
246581,No_transactions
215294,No_transactions
524536,No_transactions
111387,No_transactions
961512,No_transactions
757060,No_transactions
942287,No_transactions
306112,No_transactions
225748,No_transactions
253056,No_transactions
271059,No_transactions
452150,No_transactions
507360,No_transactions
198456,No_transactions
639584,No_transactions
352734,No_transactions
292035,No_transactions
332003,No_transactions
986126,No_transactions
802519,No_transactions
843816,No_transactions
686474,No_transactions
163481,No_transactions
311008,No_transactions
652809,No_transactions
595529,No_transactions
522851,No_transactions
360485,No_transactions
501037,No_transactions
829863,No_transactions
659792,No_transactions
277370,No_transactions
686432,No_transactions
145192,No_transactions
914920,No_transactions
787911,No_transactions
340736,No_transactions
584426,No_transactions
407924,No_transactions
748174,No_transactions
745565,No_transactions
688902,No_transactions
932261,No_transactions
884992,No_transactions
959027,No_transactions
133463,No_transactions
123538,No_transactions
302980,No_transactions
242719,No_transactions
175191,No_transactions
526975,No_transactions
169270,No_transactions
767678,No_transactions
197063,No_transactions
732880,No_transactions
129328,No_transactions
743953,No_transactions
435777,No_transactions
627244,No_transactions
835975,No_transactions
373118,No_transactions
744441,No_transactions
558469,No_transactions
657777,No_transactions
930041,No_transactions
358255,No_transactions
296088,No_transactions
969860,No_transactions
398074,No_transactions
795714,No_transactions
819246,No_transactions
433116,No_transactions
921410,No_transactions
358586,No_transactions
633339,No_transactions
757704,No_transactions
142800,No_transactions
515639,No_transactions
706747,No_transactions
906884,No_transactions
445247,No_transactions
440671,No_transactions
475249,No_transactions
626217,No_transactions
285074,No_transactions
355781,No_transactions
692121,No_transactions
771133,No_transactions
451448,No_transactions
780389,No_transactions
938126,No_transactions
467013,No_transactions
257864,No_transactions
566802,No_transactions
550834,No_transactions
581419,No_transactions
358375,No_transactions
548202,No_transactions
847938,No_transactions
540291,No_transactions
461325,No_transactions
745938,No_transactions
675710,No_transactions
697840,No_transactions
117832,No_transactions
297427,No_transactions
726472,No_transactions
899543,No_transactions
198354,No_transactions
801241,No_transactions
655263,No_transactions
123784,No_transactions
185815,No_transactions
582097,No_transactions
848498,No_transactions
624528,No_transactions
728687,No_transactions
120206,No_transactions
246399,No_transactions
707710,No_transactions
984968,No_transactions
677292,No_transactions
899271,No_transactions
559657,No_transactions
678544,No_transactions
287962,No_transactions
219806,No_transactions
787899,No_transactions
980145,No_transactions
217235,No_transactions
703278,No_transactions
587769,No_transactions
305618,No_transactions
153075,No_transactions
137383,No_transactions
765446,No_transactions
631369,No_transactions
816406,No_transactions
667678,No_transactions
209107,No_transactions
652357,No_transactions
468534,No_transactions
758322,No_transactions
161546,No_transactions
749418,No_transactions
693393,No_transactions
163723,No_transactions
652300,No_transactions
974738,No_transactions
988234,No_transactions
958869,No_transactions
238070,No_transactions
131717,No_transactions
372169,No_transactions
106589,No_transactions
407233,No_transactions
802974,No_transactions
999460,No_transactions
140223,No_transactions
833169,No_transactions
908248,No_transactions
604630,No_transactions
358948,No_transactions
952163,No_transactions
375115,No_transactions
102308,No_transactions
995079,No_transactions
241165,No_transactions
112797,No_transactions
203245,No_transactions
931170,No_transactions
266884,No_transactions
328394,No_transactions
373321,No_transactions
881399,No_transactions
975212,No_transactions
743257,No_transactions
260285,No_transactions
960761,No_transactions
424317,No_transactions
842523,No_transactions
602043,No_transactions
962600,No_transactions
846718,No_transactions
750893,No_transactions
776399,No_transactions
504319,No_transactions
136345,No_transactions
353614,No_transactions
756526,No_transactions
188218,No_transactions
540836,No_transactions
209846,No_transactions
705756,No_transactions
826930,No_transactions
997912,No_transactions
919463,No_transactions
181770,No_transactions
794334,No_transactions
645333,No_transactions
367006,No_transactions
244527,No_transactions
138777,No_transactions
538308,No_transactions
594468,No_transactions
269434,No_transactions
145292,No_transactions
382971,No_transactions
730768,No_transactions
785389,No_transactions
458640,No_transactions
562324,No_transactions
817041,No_transactions
148766,No_transactions
571406,No_transactions
601997,No_transactions
883916,No_transactions
348350,No_transactions
128405,No_transactions
730795,No_transactions
423313,No_transactions
402136,No_transactions
714161,No_transactions
530712,No_transactions
411651,No_transactions
475009,No_transactions
561722,No_transactions
902200,No_transactions
484939,No_transactions
656958,No_transactions
741926,No_transactions
935665,No_transactions
323341,No_transactions
784597,No_transactions
350486,No_transactions
959179,No_transactions
851979,No_transactions
795743,No_transactions
672917,No_transactions
652627,No_transactions
