Loyalty#,Demographic_Cluster,Demographic_Cluster_Name
480934,3,High-Income East
549612,2,Low-Income West
429460,2,Low-Income West
608370,0,Low-Income East
530508,3,High-Income East
927943,0,Low-Income East
188893,3,High-Income East
852392,3,High-Income East
866307,3,High-Income East
932823,1,High-Income West
144514,2,Low-Income West
611765,3,High-Income East
988178,0,Low-Income East
286114,0,Low-Income East
205785,0,Low-Income East
735304,2,Low-Income West
438936,3,High-Income East
243713,0,Low-Income East
354730,0,Low-Income East
413741,0,Low-Income East
552965,0,Low-Income East
642313,2,Low-Income West
263080,2,Low-Income West
109767,3,High-Income East
217754,3,High-Income East
157005,1,High-Income West
557752,3,High-Income East
608758,3,High-Income East
599341,0,Low-Income East
333502,2,Low-Income West
201574,0,Low-Income East
403361,1,High-Income West
543918,0,Low-Income East
806030,1,High-Income West
119200,1,High-Income West
175967,1,High-Income West
238119,3,High-Income East
730388,0,Low-Income East
834891,2,Low-Income West
127400,2,Low-Income West
324557,0,Low-Income East
742002,0,Low-Income East
536567,1,High-Income West
704835,1,High-Income West
733338,3,High-Income East
758635,3,High-Income East
823048,1,High-Income West
612905,0,Low-Income East
679908,3,High-Income East
704150,1,High-Income West
869743,3,High-Income East
596179,0,Low-Income East
370450,0,Low-Income East
501030,1,High-Income West
878633,0,Low-Income East
285938,3,High-Income East
588237,3,High-Income East
645280,1,High-Income West
864324,3,High-Income East
124678,0,Low-Income East
186015,2,Low-Income West
461108,0,Low-Income East
589580,2,Low-Income West
623688,0,Low-Income East
751616,0,Low-Income East
256147,0,Low-Income East
329382,0,Low-Income East
140392,1,High-Income West
541008,0,Low-Income East
230908,2,Low-Income West
972581,2,Low-Income West
357549,1,High-Income West
157729,1,High-Income West
910875,3,High-Income East
501704,0,Low-Income East
529098,2,Low-Income West
265297,2,Low-Income West
567875,3,High-Income East
688524,1,High-Income West
269070,2,Low-Income West
387705,0,Low-Income East
923293,1,High-Income West
283314,3,High-Income East
322102,2,Low-Income West
789157,2,Low-Income West
654748,3,High-Income East
984713,0,Low-Income East
114835,0,Low-Income East
328936,0,Low-Income East
845864,2,Low-Income West
645265,3,High-Income East
223587,1,High-Income West
158560,2,Low-Income West
417584,2,Low-Income West
566033,0,Low-Income East
957912,3,High-Income East
425854,0,Low-Income East
174896,2,Low-Income West
695855,0,Low-Income East
699511,2,Low-Income West
377322,1,High-Income West
511053,3,High-Income East
890753,0,Low-Income East
796670,2,Low-Income West
556136,0,Low-Income East
513081,1,High-Income West
930718,0,Low-Income East
235872,0,Low-Income East
881142,2,Low-Income West
295147,1,High-Income West
306110,3,High-Income East
295217,0,Low-Income East
711363,0,Low-Income East
591731,0,Low-Income East
326905,2,Low-Income West
375511,0,Low-Income East
485283,3,High-Income East
760158,0,Low-Income East
797685,2,Low-Income West
216467,0,Low-Income East
958839,0,Low-Income East
539673,0,Low-Income East
484718,1,High-Income West
528492,0,Low-Income East
995091,2,Low-Income West
632793,0,Low-Income East
912220,2,Low-Income West
382197,1,High-Income West
705196,2,Low-Income West
123094,1,High-Income West
821515,2,Low-Income West
119488,0,Low-Income East
287750,0,Low-Income East
735846,3,High-Income East
606026,2,Low-Income West
460291,2,Low-Income West
743001,1,High-Income West
869799,3,High-Income East
520321,0,Low-Income East
170585,3,High-Income East
188340,3,High-Income East
670817,3,High-Income East
509513,2,Low-Income West
779247,1,High-Income West
111255,0,Low-Income East
763061,0,Low-Income East
509108,2,Low-Income West
428919,0,Low-Income East
139863,3,High-Income East
695755,1,High-Income West
355331,0,Low-Income East
578837,0,Low-Income East
603248,2,Low-Income West
467182,1,High-Income West
601407,3,High-Income East
700871,3,High-Income East
203809,2,Low-Income West
705589,0,Low-Income East
746060,2,Low-Income West
469718,3,High-Income East
164429,2,Low-Income West
708373,0,Low-Income East
225088,1,High-Income West
100214,1,High-Income West
459999,0,Low-Income East
553936,0,Low-Income East
268128,0,Low-Income East
930584,2,Low-Income West
327796,0,Low-Income East
947467,2,Low-Income West
743510,2,Low-Income West
580324,2,Low-Income West
845613,0,Low-Income East
936088,2,Low-Income West
423324,3,High-Income East
101945,3,High-Income East
713636,0,Low-Income East
302509,2,Low-Income West
789421,2,Low-Income West
914255,0,Low-Income East
242377,0,Low-Income East
404426,2,Low-Income West
260106,1,High-Income West
154643,0,Low-Income East
438023,2,Low-Income West
397518,1,High-Income West
645742,3,High-Income East
872932,0,Low-Income East
407945,3,High-Income East
211714,2,Low-Income West
410982,0,Low-Income East
905213,2,Low-Income West
147898,0,Low-Income East
530105,0,Low-Income East
610946,2,Low-Income West
383108,1,High-Income West
836343,3,High-Income East
398535,0,Low-Income East
585357,0,Low-Income East
784804,2,Low-Income West
715764,2,Low-Income West
753473,0,Low-Income East
980856,0,Low-Income East
271660,2,Low-Income West
377471,2,Low-Income West
830547,2,Low-Income West
264936,2,Low-Income West
436498,0,Low-Income East
976513,3,High-Income East
828776,0,Low-Income East
240362,0,Low-Income East
137845,1,High-Income West
430569,3,High-Income East
317001,0,Low-Income East
625870,0,Low-Income East
660554,2,Low-Income West
917630,0,Low-Income East
670686,0,Low-Income East
717660,2,Low-Income West
450621,3,High-Income East
939562,3,High-Income East
135250,3,High-Income East
714555,3,High-Income East
947868,3,High-Income East
573661,3,High-Income East
228580,0,Low-Income East
557500,0,Low-Income East
238233,3,High-Income East
979309,3,High-Income East
885497,0,Low-Income East
833569,2,Low-Income West
120046,0,Low-Income East
816881,0,Low-Income East
717700,2,Low-Income West
962278,0,Low-Income East
245465,0,Low-Income East
510372,0,Low-Income East
709920,1,High-Income West
143784,3,High-Income East
602176,3,High-Income East
870998,1,High-Income West
958224,1,High-Income West
837628,2,Low-Income West
395460,2,Low-Income West
136547,1,High-Income West
780631,3,High-Income East
166712,2,Low-Income West
217695,0,Low-Income East
263707,0,Low-Income East
638368,0,Low-Income East
695529,2,Low-Income West
871203,0,Low-Income East
915571,2,Low-Income West
642109,1,High-Income West
833701,2,Low-Income West
275442,3,High-Income East
374345,1,High-Income West
384825,3,High-Income East
559233,3,High-Income East
564650,1,High-Income West
277649,3,High-Income East
176885,1,High-Income West
732013,3,High-Income East
793318,2,Low-Income West
830024,0,Low-Income East
223684,3,High-Income East
723262,1,High-Income West
879892,3,High-Income East
966117,1,High-Income West
258358,0,Low-Income East
265836,3,High-Income East
474174,0,Low-Income East
474172,0,Low-Income East
202299,0,Low-Income East
497467,0,Low-Income East
971902,0,Low-Income East
134279,3,High-Income East
474757,3,High-Income East
635225,1,High-Income West
980198,3,High-Income East
995693,1,High-Income West
861924,0,Low-Income East
639383,0,Low-Income East
769731,0,Low-Income East
884530,2,Low-Income West
207372,1,High-Income West
236300,0,Low-Income East
543553,0,Low-Income East
639701,0,Low-Income East
998090,2,Low-Income West
283747,0,Low-Income East
863122,0,Low-Income East
816593,2,Low-Income West
440939,2,Low-Income West
531201,2,Low-Income West
585629,0,Low-Income East
347932,3,High-Income East
417886,1,High-Income West
514900,3,High-Income East
203550,0,Low-Income East
181825,1,High-Income West
261582,3,High-Income East
679859,1,High-Income West
924724,3,High-Income East
122958,0,Low-Income East
274698,2,Low-Income West
149549,1,High-Income West
652291,1,High-Income West
603775,0,Low-Income East
948404,2,Low-Income West
605877,0,Low-Income East
994377,2,Low-Income West
766927,3,High-Income East
172610,0,Low-Income East
702588,2,Low-Income West
798248,2,Low-Income West
641448,1,High-Income West
406047,0,Low-Income East
538902,2,Low-Income West
805110,0,Low-Income East
883242,0,Low-Income East
909134,2,Low-Income West
294753,0,Low-Income East
606076,1,High-Income West
120613,0,Low-Income East
520094,0,Low-Income East
754539,0,Low-Income East
189611,2,Low-Income West
971599,2,Low-Income West
485189,0,Low-Income East
521384,1,High-Income West
128039,1,High-Income West
565133,0,Low-Income East
947876,3,High-Income East
138746,2,Low-Income West
564707,0,Low-Income East
383898,0,Low-Income East
174996,2,Low-Income West
798854,2,Low-Income West
800075,0,Low-Income East
410384,0,Low-Income East
692304,0,Low-Income East
991672,0,Low-Income East
344180,2,Low-Income West
703338,0,Low-Income East
922388,1,High-Income West
471018,0,Low-Income East
655743,0,Low-Income East
787472,0,Low-Income East
667687,0,Low-Income East
348920,3,High-Income East
523394,1,High-Income West
430521,2,Low-Income West
981581,2,Low-Income West
639510,2,Low-Income West
744675,0,Low-Income East
289177,0,Low-Income East
420890,0,Low-Income East
357149,0,Low-Income East
876207,3,High-Income East
224384,3,High-Income East
650445,3,High-Income East
399982,2,Low-Income West
228984,2,Low-Income West
221388,0,Low-Income East
710053,0,Low-Income East
591576,0,Low-Income East
296412,3,High-Income East
836475,1,High-Income West
901002,2,Low-Income West
450979,0,Low-Income East
392235,2,Low-Income West
529218,2,Low-Income West
549132,2,Low-Income West
782523,0,Low-Income East
566343,0,Low-Income East
263729,3,High-Income East
326561,1,High-Income West
604116,1,High-Income West
313837,0,Low-Income East
561092,0,Low-Income East
234866,0,Low-Income East
721984,0,Low-Income East
772397,0,Low-Income East
685792,2,Low-Income West
344199,0,Low-Income East
909385,0,Low-Income East
211043,2,Low-Income West
459801,0,Low-Income East
958243,0,Low-Income East
517758,2,Low-Income West
712062,0,Low-Income East
845945,1,High-Income West
324707,0,Low-Income East
184635,3,High-Income East
947123,0,Low-Income East
432598,3,High-Income East
524483,1,High-Income West
413445,3,High-Income East
257575,3,High-Income East
352834,0,Low-Income East
127590,3,High-Income East
846374,0,Low-Income East
651054,3,High-Income East
776956,0,Low-Income East
130368,3,High-Income East
752331,3,High-Income East
986825,1,High-Income West
882024,2,Low-Income West
981343,0,Low-Income East
101581,3,High-Income East
321557,1,High-Income West
390719,1,High-Income West
329358,3,High-Income East
497494,0,Low-Income East
821379,2,Low-Income West
361816,2,Low-Income West
517612,0,Low-Income East
734192,0,Low-Income East
774724,2,Low-Income West
874161,0,Low-Income East
906396,0,Low-Income East
722976,2,Low-Income West
747304,2,Low-Income West
613804,0,Low-Income East
995877,0,Low-Income East
446968,1,High-Income West
123928,0,Low-Income East
237105,0,Low-Income East
395026,0,Low-Income East
702493,2,Low-Income West
894466,3,High-Income East
610393,3,High-Income East
800726,3,High-Income East
111171,2,Low-Income West
199959,0,Low-Income East
842064,0,Low-Income East
149542,3,High-Income East
779434,2,Low-Income West
203184,0,Low-Income East
225077,2,Low-Income West
365816,0,Low-Income East
781463,0,Low-Income East
644786,3,High-Income East
441440,2,Low-Income West
756791,2,Low-Income West
676676,0,Low-Income East
401858,0,Low-Income East
819569,0,Low-Income East
428826,1,High-Income West
779435,0,Low-Income East
518533,0,Low-Income East
568547,0,Low-Income East
761007,0,Low-Income East
830931,3,High-Income East
229204,2,Low-Income West
437269,2,Low-Income West
202761,2,Low-Income West
723390,2,Low-Income West
956005,3,High-Income East
683361,0,Low-Income East
370486,0,Low-Income East
279919,3,High-Income East
635249,2,Low-Income West
849415,0,Low-Income East
334003,1,High-Income West
256323,3,High-Income East
553567,3,High-Income East
612555,3,High-Income East
411242,0,Low-Income East
353128,1,High-Income West
367961,0,Low-Income East
431899,0,Low-Income East
835491,3,High-Income East
791355,1,High-Income West
331258,0,Low-Income East
713329,3,High-Income East
422805,3,High-Income East
660376,3,High-Income East
841677,3,High-Income East
871329,0,Low-Income East
626326,3,High-Income East
412854,2,Low-Income West
187010,2,Low-Income West
333621,0,Low-Income East
270570,2,Low-Income West
305171,0,Low-Income East
715668,0,Low-Income East
197529,2,Low-Income West
496325,0,Low-Income East
873180,2,Low-Income West
630320,3,High-Income East
304944,2,Low-Income West
615662,0,Low-Income East
887192,0,Low-Income East
540497,0,Low-Income East
673061,0,Low-Income East
534794,1,High-Income West
336341,0,Low-Income East
465530,0,Low-Income East
600598,0,Low-Income East
724720,2,Low-Income West
627489,2,Low-Income West
264064,2,Low-Income West
740762,3,High-Income East
527622,0,Low-Income East
984636,2,Low-Income West
110691,2,Low-Income West
737791,0,Low-Income East
219413,0,Low-Income East
260685,2,Low-Income West
501363,2,Low-Income West
982202,0,Low-Income East
218529,0,Low-Income East
691645,0,Low-Income East
881157,2,Low-Income West
426185,3,High-Income East
546758,0,Low-Income East
270723,3,High-Income East
275387,1,High-Income West
504715,2,Low-Income West
380183,0,Low-Income East
654817,3,High-Income East
541078,3,High-Income East
555112,0,Low-Income East
726732,2,Low-Income West
948327,1,High-Income West
384269,3,High-Income East
791852,3,High-Income East
372183,0,Low-Income East
481857,3,High-Income East
765252,0,Low-Income East
539358,0,Low-Income East
697837,2,Low-Income West
464471,0,Low-Income East
410921,0,Low-Income East
826304,3,High-Income East
200077,0,Low-Income East
597897,2,Low-Income West
119408,2,Low-Income West
241167,3,High-Income East
159275,0,Low-Income East
458697,2,Low-Income West
620465,0,Low-Income East
654578,3,High-Income East
432451,2,Low-Income West
251116,3,High-Income East
381786,0,Low-Income East
440967,0,Low-Income East
368292,2,Low-Income West
493677,2,Low-Income West
500374,2,Low-Income West
850418,0,Low-Income East
574560,0,Low-Income East
406574,0,Low-Income East
532925,0,Low-Income East
119837,2,Low-Income West
546039,0,Low-Income East
950914,2,Low-Income West
387129,2,Low-Income West
876006,1,High-Income West
230311,0,Low-Income East
955991,3,High-Income East
279409,2,Low-Income West
293531,2,Low-Income West
886127,0,Low-Income East
687108,2,Low-Income West
579005,2,Low-Income West
758372,2,Low-Income West
436087,3,High-Income East
471460,1,High-Income West
605505,2,Low-Income West
745336,0,Low-Income East
413185,0,Low-Income East
715462,0,Low-Income East
739933,3,High-Income East
675106,2,Low-Income West
767728,0,Low-Income East
244032,1,High-Income West
872408,2,Low-Income West
583648,0,Low-Income East
250380,0,Low-Income East
935504,2,Low-Income West
311943,0,Low-Income East
811684,1,High-Income West
672103,2,Low-Income West
657339,2,Low-Income West
433812,0,Low-Income East
217284,2,Low-Income West
559304,2,Low-Income West
290249,3,High-Income East
948815,3,High-Income East
513229,3,High-Income East
501278,0,Low-Income East
348299,2,Low-Income West
500455,2,Low-Income West
277356,2,Low-Income West
615394,0,Low-Income East
936723,2,Low-Income West
158314,0,Low-Income East
418090,0,Low-Income East
769623,0,Low-Income East
685314,0,Low-Income East
413282,0,Low-Income East
884088,0,Low-Income East
445867,0,Low-Income East
568286,0,Low-Income East
965066,3,High-Income East
105145,0,Low-Income East
516329,2,Low-Income West
945479,2,Low-Income West
363925,2,Low-Income West
798216,0,Low-Income East
822694,0,Low-Income East
747483,0,Low-Income East
784838,0,Low-Income East
405597,0,Low-Income East
502592,0,Low-Income East
999143,0,Low-Income East
420010,0,Low-Income East
416620,0,Low-Income East
198424,2,Low-Income West
244099,0,Low-Income East
814653,2,Low-Income West
636505,0,Low-Income East
110142,2,Low-Income West
685346,3,High-Income East
967634,3,High-Income East
919506,2,Low-Income West
272944,0,Low-Income East
512906,0,Low-Income East
490984,0,Low-Income East
812042,1,High-Income West
366719,3,High-Income East
192177,2,Low-Income West
273353,0,Low-Income East
249555,0,Low-Income East
103862,0,Low-Income East
121935,2,Low-Income West
224402,3,High-Income East
988839,1,High-Income West
416768,0,Low-Income East
667767,1,High-Income West
955178,0,Low-Income East
534716,0,Low-Income East
565041,3,High-Income East
596004,2,Low-Income West
340934,0,Low-Income East
335839,3,High-Income East
621940,2,Low-Income West
308379,1,High-Income West
683791,0,Low-Income East
715015,2,Low-Income West
835796,0,Low-Income East
564201,3,High-Income East
572410,0,Low-Income East
306288,0,Low-Income East
568111,2,Low-Income West
201220,1,High-Income West
533766,2,Low-Income West
990933,0,Low-Income East
806850,3,High-Income East
613265,3,High-Income East
163608,2,Low-Income West
237984,0,Low-Income East
288419,0,Low-Income East
285738,2,Low-Income West
666556,0,Low-Income East
698180,2,Low-Income West
807589,3,High-Income East
135382,0,Low-Income East
444778,2,Low-Income West
502534,3,High-Income East
589840,0,Low-Income East
551300,0,Low-Income East
990204,2,Low-Income West
148299,2,Low-Income West
412902,0,Low-Income East
602694,0,Low-Income East
655721,3,High-Income East
205445,3,High-Income East
883349,3,High-Income East
773293,1,High-Income West
957127,0,Low-Income East
176611,0,Low-Income East
848248,2,Low-Income West
162013,3,High-Income East
706628,0,Low-Income East
495027,1,High-Income West
731001,3,High-Income East
692096,2,Low-Income West
544569,0,Low-Income East
616220,0,Low-Income East
778426,3,High-Income East
211083,0,Low-Income East
693256,0,Low-Income East
343377,2,Low-Income West
608739,0,Low-Income East
421497,3,High-Income East
268094,0,Low-Income East
982608,2,Low-Income West
703882,2,Low-Income West
821404,3,High-Income East
544561,0,Low-Income East
528074,1,High-Income West
709550,3,High-Income East
601448,0,Low-Income East
264234,0,Low-Income East
989048,2,Low-Income West
788460,3,High-Income East
765973,0,Low-Income East
831087,3,High-Income East
750776,0,Low-Income East
401336,0,Low-Income East
936612,3,High-Income East
785836,2,Low-Income West
161437,1,High-Income West
654187,3,High-Income East
801821,0,Low-Income East
655044,0,Low-Income East
223946,3,High-Income East
531286,0,Low-Income East
655614,3,High-Income East
101876,0,Low-Income East
908729,0,Low-Income East
622269,2,Low-Income West
929701,0,Low-Income East
622171,0,Low-Income East
708020,3,High-Income East
919922,0,Low-Income East
479872,0,Low-Income East
277091,0,Low-Income East
386363,3,High-Income East
307233,0,Low-Income East
199342,0,Low-Income East
810257,2,Low-Income West
252341,0,Low-Income East
485397,0,Low-Income East
799399,0,Low-Income East
687748,1,High-Income West
368830,2,Low-Income West
249224,3,High-Income East
444684,3,High-Income East
181726,1,High-Income West
164559,2,Low-Income West
530978,0,Low-Income East
372261,0,Low-Income East
738427,2,Low-Income West
295929,3,High-Income East
381717,3,High-Income East
437022,3,High-Income East
582861,3,High-Income East
945014,3,High-Income East
809728,0,Low-Income East
460207,2,Low-Income West
567256,0,Low-Income East
543956,2,Low-Income West
290599,3,High-Income East
878909,0,Low-Income East
941194,3,High-Income East
600820,0,Low-Income East
430228,1,High-Income West
646168,3,High-Income East
866302,1,High-Income West
998192,1,High-Income West
189146,3,High-Income East
290517,1,High-Income West
513000,1,High-Income West
917352,3,High-Income East
277910,0,Low-Income East
345014,2,Low-Income West
398305,0,Low-Income East
484194,0,Low-Income East
618309,3,High-Income East
160686,3,High-Income East
355995,1,High-Income West
519203,3,High-Income East
306402,0,Low-Income East
428590,2,Low-Income West
446315,3,High-Income East
576716,3,High-Income East
111646,3,High-Income East
685982,3,High-Income East
166037,1,High-Income West
236593,0,Low-Income East
784113,2,Low-Income West
896790,2,Low-Income West
990595,0,Low-Income East
773261,2,Low-Income West
756907,3,High-Income East
455287,1,High-Income West
633999,1,High-Income West
285484,0,Low-Income East
342738,0,Low-Income East
907743,0,Low-Income East
484733,1,High-Income West
981848,0,Low-Income East
399575,1,High-Income West
852310,3,High-Income East
885007,0,Low-Income East
692097,3,High-Income East
532813,0,Low-Income East
425445,1,High-Income West
410460,0,Low-Income East
508854,0,Low-Income East
141233,2,Low-Income West
277769,2,Low-Income West
340479,1,High-Income West
980651,3,High-Income East
513708,1,High-Income West
796508,3,High-Income East
304770,3,High-Income East
729762,3,High-Income East
203258,2,Low-Income West
654890,0,Low-Income East
716393,1,High-Income West
751612,0,Low-Income East
493427,1,High-Income West
152016,0,Low-Income East
577151,3,High-Income East
204042,1,High-Income West
254683,3,High-Income East
824259,3,High-Income East
259634,2,Low-Income West
730742,0,Low-Income East
287593,1,High-Income West
481450,3,High-Income East
503598,3,High-Income East
591608,1,High-Income West
800923,0,Low-Income East
127128,2,Low-Income West
518249,1,High-Income West
682308,0,Low-Income East
974114,3,High-Income East
179719,0,Low-Income East
780944,0,Low-Income East
369458,2,Low-Income West
202585,0,Low-Income East
924719,2,Low-Income West
345608,1,High-Income West
662268,3,High-Income East
526747,3,High-Income East
395121,3,High-Income East
331698,2,Low-Income West
336539,2,Low-Income West
351513,0,Low-Income East
586542,0,Low-Income East
792383,0,Low-Income East
274264,0,Low-Income East
460711,0,Low-Income East
117408,2,Low-Income West
498644,3,High-Income East
231273,2,Low-Income West
329587,0,Low-Income East
206992,0,Low-Income East
421855,0,Low-Income East
469684,2,Low-Income West
763520,0,Low-Income East
823112,0,Low-Income East
768012,2,Low-Income West
399418,0,Low-Income East
734035,0,Low-Income East
468542,1,High-Income West
894340,0,Low-Income East
192096,1,High-Income West
787172,1,High-Income West
400702,3,High-Income East
416124,0,Low-Income East
456752,0,Low-Income East
466147,0,Low-Income East
226176,2,Low-Income West
837646,0,Low-Income East
559279,1,High-Income West
733693,3,High-Income East
602900,3,High-Income East
543978,3,High-Income East
287212,1,High-Income West
660436,0,Low-Income East
472726,3,High-Income East
887705,3,High-Income East
220358,3,High-Income East
590301,1,High-Income West
420464,2,Low-Income West
640244,0,Low-Income East
384920,3,High-Income East
573332,1,High-Income West
458320,3,High-Income East
101663,3,High-Income East
873458,2,Low-Income West
502745,3,High-Income East
866815,2,Low-Income West
439296,0,Low-Income East
521311,1,High-Income West
683909,3,High-Income East
856229,1,High-Income West
235629,0,Low-Income East
173212,3,High-Income East
476875,0,Low-Income East
330464,3,High-Income East
743768,1,High-Income West
595325,2,Low-Income West
881198,0,Low-Income East
415090,3,High-Income East
748286,0,Low-Income East
949175,2,Low-Income West
437810,3,High-Income East
297869,3,High-Income East
182587,0,Low-Income East
818391,3,High-Income East
272812,0,Low-Income East
273357,0,Low-Income East
302908,0,Low-Income East
217616,3,High-Income East
905497,2,Low-Income West
166577,0,Low-Income East
820187,2,Low-Income West
315851,3,High-Income East
469977,3,High-Income East
784570,0,Low-Income East
465931,1,High-Income West
482256,3,High-Income East
733746,0,Low-Income East
526064,1,High-Income West
655453,3,High-Income East
130326,2,Low-Income West
845275,0,Low-Income East
527944,2,Low-Income West
757634,1,High-Income West
135808,0,Low-Income East
418281,3,High-Income East
487536,1,High-Income West
508115,1,High-Income West
834522,3,High-Income East
842379,2,Low-Income West
508443,1,High-Income West
613925,3,High-Income East
653304,3,High-Income East
821325,0,Low-Income East
400478,3,High-Income East
436081,3,High-Income East
812282,3,High-Income East
431277,0,Low-Income East
631821,0,Low-Income East
282930,2,Low-Income West
577405,2,Low-Income West
753149,0,Low-Income East
222960,3,High-Income East
232426,2,Low-Income West
397248,3,High-Income East
785185,3,High-Income East
879600,1,High-Income West
418990,3,High-Income East
205465,0,Low-Income East
382045,2,Low-Income West
738141,0,Low-Income East
751820,0,Low-Income East
956191,0,Low-Income East
359188,3,High-Income East
342958,0,Low-Income East
776830,0,Low-Income East
842236,1,High-Income West
444686,2,Low-Income West
627107,0,Low-Income East
728748,3,High-Income East
746677,3,High-Income East
630396,0,Low-Income East
833765,3,High-Income East
462077,1,High-Income West
728586,3,High-Income East
246775,0,Low-Income East
471440,3,High-Income East
784945,3,High-Income East
438120,3,High-Income East
650290,2,Low-Income West
755538,0,Low-Income East
430712,3,High-Income East
724818,3,High-Income East
660030,0,Low-Income East
102982,1,High-Income West
630880,3,High-Income East
803796,2,Low-Income West
917972,1,High-Income West
906623,3,High-Income East
161373,0,Low-Income East
241038,0,Low-Income East
541898,3,High-Income East
235391,0,Low-Income East
272250,0,Low-Income East
293266,0,Low-Income East
391357,2,Low-Income West
328173,2,Low-Income West
559005,0,Low-Income East
165056,1,High-Income West
847359,3,High-Income East
596390,1,High-Income West
913981,3,High-Income East
727175,0,Low-Income East
437197,2,Low-Income West
879462,0,Low-Income East
483747,3,High-Income East
993054,1,High-Income West
598258,1,High-Income West
941361,3,High-Income East
280603,2,Low-Income West
445370,1,High-Income West
750710,0,Low-Income East
746171,0,Low-Income East
947641,1,High-Income West
276746,1,High-Income West
819765,3,High-Income East
672170,0,Low-Income East
990268,3,High-Income East
989256,2,Low-Income West
384905,0,Low-Income East
203864,3,High-Income East
221014,1,High-Income West
349342,0,Low-Income East
963410,3,High-Income East
163445,0,Low-Income East
901231,2,Low-Income West
149981,1,High-Income West
727053,3,High-Income East
132319,3,High-Income East
629642,1,High-Income West
378181,1,High-Income West
188668,2,Low-Income West
628169,2,Low-Income West
290362,0,Low-Income East
395189,3,High-Income East
786525,1,High-Income West
598398,2,Low-Income West
113316,2,Low-Income West
426351,3,High-Income East
423201,3,High-Income East
401036,3,High-Income East
896792,1,High-Income West
831948,2,Low-Income West
794202,2,Low-Income West
447962,0,Low-Income East
871094,2,Low-Income West
628258,0,Low-Income East
782654,0,Low-Income East
736813,1,High-Income West
485330,3,High-Income East
428249,2,Low-Income West
483768,0,Low-Income East
837237,2,Low-Income West
170903,3,High-Income East
624929,1,High-Income West
349539,0,Low-Income East
508821,0,Low-Income East
172755,2,Low-Income West
742612,0,Low-Income East
675535,2,Low-Income West
797120,3,High-Income East
118632,0,Low-Income East
711567,3,High-Income East
752704,0,Low-Income East
343001,0,Low-Income East
618100,2,Low-Income West
335554,2,Low-Income West
569603,0,Low-Income East
672679,3,High-Income East
183020,0,Low-Income East
749566,3,High-Income East
358900,0,Low-Income East
765323,0,Low-Income East
766355,2,Low-Income West
827147,2,Low-Income West
855026,0,Low-Income East
817136,0,Low-Income East
711577,0,Low-Income East
250696,1,High-Income West
436247,0,Low-Income East
763113,0,Low-Income East
817191,0,Low-Income East
861877,3,High-Income East
493358,0,Low-Income East
853894,0,Low-Income East
729094,3,High-Income East
256945,2,Low-Income West
646038,1,High-Income West
981160,1,High-Income West
276494,1,High-Income West
644938,3,High-Income East
938981,2,Low-Income West
749459,1,High-Income West
275694,3,High-Income East
216500,0,Low-Income East
360435,3,High-Income East
393604,1,High-Income West
608241,3,High-Income East
638754,2,Low-Income West
195368,3,High-Income East
877945,3,High-Income East
577535,1,High-Income West
572263,0,Low-Income East
750739,3,High-Income East
392774,2,Low-Income West
458202,0,Low-Income East
506190,2,Low-Income West
906564,0,Low-Income East
841219,3,High-Income East
196779,3,High-Income East
596586,1,High-Income West
831253,3,High-Income East
759132,0,Low-Income East
258141,1,High-Income West
787525,1,High-Income West
612650,0,Low-Income East
956861,1,High-Income West
343978,3,High-Income East
328576,0,Low-Income East
637655,0,Low-Income East
529106,3,High-Income East
584285,1,High-Income West
344749,3,High-Income East
495632,1,High-Income West
252147,0,Low-Income East
503494,1,High-Income West
695250,3,High-Income East
535525,3,High-Income East
480732,0,Low-Income East
989666,0,Low-Income East
883574,0,Low-Income East
623144,3,High-Income East
386082,2,Low-Income West
748717,2,Low-Income West
314941,2,Low-Income West
804710,2,Low-Income West
706185,3,High-Income East
380031,3,High-Income East
937163,1,High-Income West
280545,3,High-Income East
223354,3,High-Income East
591579,0,Low-Income East
609184,0,Low-Income East
661274,1,High-Income West
607548,2,Low-Income West
901857,0,Low-Income East
511642,0,Low-Income East
670371,0,Low-Income East
272123,0,Low-Income East
957061,3,High-Income East
772532,3,High-Income East
372290,2,Low-Income West
451839,0,Low-Income East
334273,0,Low-Income East
263763,2,Low-Income West
324801,0,Low-Income East
543478,0,Low-Income East
553558,0,Low-Income East
797391,2,Low-Income West
576690,2,Low-Income West
572062,3,High-Income East
922665,3,High-Income East
308629,0,Low-Income East
276990,0,Low-Income East
912293,2,Low-Income West
994676,1,High-Income West
527640,3,High-Income East
564141,0,Low-Income East
908123,0,Low-Income East
222453,1,High-Income West
580356,0,Low-Income East
771713,1,High-Income West
118418,0,Low-Income East
392989,2,Low-Income West
430817,3,High-Income East
910157,1,High-Income West
405739,0,Low-Income East
831180,0,Low-Income East
144633,3,High-Income East
918564,1,High-Income West
347515,3,High-Income East
444931,2,Low-Income West
347955,3,High-Income East
458074,0,Low-Income East
734307,1,High-Income West
991568,3,High-Income East
174439,2,Low-Income West
719192,1,High-Income West
757127,3,High-Income East
503096,0,Low-Income East
915638,3,High-Income East
792514,1,High-Income West
352582,3,High-Income East
107519,3,High-Income East
186729,3,High-Income East
197855,1,High-Income West
202864,1,High-Income West
845273,3,High-Income East
930900,3,High-Income East
165022,3,High-Income East
447544,1,High-Income West
343994,1,High-Income West
330316,0,Low-Income East
662723,1,High-Income West
685408,3,High-Income East
773598,1,High-Income West
374266,2,Low-Income West
912757,1,High-Income West
175249,3,High-Income East
306068,1,High-Income West
233084,0,Low-Income East
298999,0,Low-Income East
372737,0,Low-Income East
484495,2,Low-Income West
595978,0,Low-Income East
836603,2,Low-Income West
227906,3,High-Income East
701954,0,Low-Income East
846277,2,Low-Income West
549238,1,High-Income West
209172,0,Low-Income East
346633,0,Low-Income East
983872,2,Low-Income West
143730,1,High-Income West
105688,2,Low-Income West
235063,2,Low-Income West
325082,0,Low-Income East
393975,3,High-Income East
636745,1,High-Income West
587284,0,Low-Income East
282542,3,High-Income East
153968,0,Low-Income East
244676,3,High-Income East
749328,0,Low-Income East
621750,1,High-Income West
524234,0,Low-Income East
344121,3,High-Income East
451240,3,High-Income East
171027,3,High-Income East
370744,3,High-Income East
182130,0,Low-Income East
154194,0,Low-Income East
231047,0,Low-Income East
391313,2,Low-Income West
422358,0,Low-Income East
612233,2,Low-Income West
324295,1,High-Income West
957276,3,High-Income East
392430,0,Low-Income East
343425,1,High-Income West
152423,1,High-Income West
962472,3,High-Income East
588516,3,High-Income East
793549,1,High-Income West
171137,3,High-Income East
189666,1,High-Income West
258408,3,High-Income East
441509,3,High-Income East
386446,3,High-Income East
955567,0,Low-Income East
218362,3,High-Income East
137251,0,Low-Income East
902634,1,High-Income West
103352,3,High-Income East
237770,3,High-Income East
359091,1,High-Income West
645986,3,High-Income East
845947,1,High-Income West
851871,3,High-Income East
937976,2,Low-Income West
905907,0,Low-Income East
128475,1,High-Income West
958026,3,High-Income East
431201,3,High-Income East
665373,1,High-Income West
240299,1,High-Income West
802316,3,High-Income East
640833,3,High-Income East
317094,0,Low-Income East
917725,2,Low-Income West
953307,0,Low-Income East
670289,3,High-Income East
707276,1,High-Income West
451819,2,Low-Income West
761966,3,High-Income East
968370,3,High-Income East
472314,3,High-Income East
767385,0,Low-Income East
576498,0,Low-Income East
799992,3,High-Income East
225482,3,High-Income East
249381,2,Low-Income West
319766,0,Low-Income East
635531,2,Low-Income West
345657,1,High-Income West
354150,1,High-Income West
325830,0,Low-Income East
306965,1,High-Income West
895972,0,Low-Income East
195848,3,High-Income East
111912,3,High-Income East
686838,1,High-Income West
178331,1,High-Income West
198167,3,High-Income East
202859,1,High-Income West
319901,3,High-Income East
450802,3,High-Income East
714123,1,High-Income West
715514,1,High-Income West
536082,0,Low-Income East
302669,0,Low-Income East
476080,2,Low-Income West
898423,0,Low-Income East
391402,3,High-Income East
902040,1,High-Income West
688058,2,Low-Income West
844582,0,Low-Income East
934912,0,Low-Income East
177345,0,Low-Income East
991356,2,Low-Income West
981920,1,High-Income West
282896,3,High-Income East
169661,0,Low-Income East
113919,2,Low-Income West
738005,3,High-Income East
638528,3,High-Income East
866604,0,Low-Income East
546665,2,Low-Income West
701622,0,Low-Income East
943236,0,Low-Income East
423711,2,Low-Income West
836405,0,Low-Income East
690554,1,High-Income West
943668,3,High-Income East
197138,3,High-Income East
752462,1,High-Income West
172593,3,High-Income East
403185,1,High-Income West
585780,0,Low-Income East
112522,2,Low-Income West
281777,1,High-Income West
701732,0,Low-Income East
349046,3,High-Income East
646502,1,High-Income West
678786,1,High-Income West
952859,1,High-Income West
159344,2,Low-Income West
351461,1,High-Income West
614787,2,Low-Income West
499932,1,High-Income West
451446,1,High-Income West
626149,3,High-Income East
911655,0,Low-Income East
408091,0,Low-Income East
486359,1,High-Income West
666597,3,High-Income East
372961,1,High-Income West
373898,3,High-Income East
370405,3,High-Income East
697680,0,Low-Income East
818484,3,High-Income East
285909,0,Low-Income East
997322,2,Low-Income West
457536,2,Low-Income West
805890,2,Low-Income West
679437,0,Low-Income East
842980,3,High-Income East
303682,0,Low-Income East
849178,3,High-Income East
873554,2,Low-Income West
427329,1,High-Income West
505680,2,Low-Income West
510513,1,High-Income West
231530,1,High-Income West
178160,0,Low-Income East
423096,0,Low-Income East
593885,2,Low-Income West
616835,2,Low-Income West
699194,3,High-Income East
857946,3,High-Income East
848973,0,Low-Income East
997359,2,Low-Income West
550839,1,High-Income West
279408,3,High-Income East
126262,3,High-Income East
946932,0,Low-Income East
691332,3,High-Income East
422750,3,High-Income East
633734,2,Low-Income West
665763,3,High-Income East
745792,0,Low-Income East
951616,3,High-Income East
161728,3,High-Income East
286883,1,High-Income West
693138,1,High-Income West
824414,1,High-Income West
773648,3,High-Income East
950252,3,High-Income East
484625,3,High-Income East
798375,3,High-Income East
489443,2,Low-Income West
276673,0,Low-Income East
733226,2,Low-Income West
855153,3,High-Income East
162472,3,High-Income East
723186,3,High-Income East
835693,1,High-Income West
910093,1,High-Income West
947367,1,High-Income West
762715,1,High-Income West
351966,2,Low-Income West
501209,3,High-Income East
390651,0,Low-Income East
528693,0,Low-Income East
745600,3,High-Income East
613709,0,Low-Income East
922703,2,Low-Income West
156959,1,High-Income West
690971,1,High-Income West
837704,1,High-Income West
607847,3,High-Income East
771056,0,Low-Income East
881741,3,High-Income East
741313,1,High-Income West
717232,3,High-Income East
234973,0,Low-Income East
254853,1,High-Income West
917423,0,Low-Income East
630290,2,Low-Income West
171902,3,High-Income East
415441,3,High-Income East
672893,2,Low-Income West
226191,1,High-Income West
797432,3,High-Income East
171908,1,High-Income West
478792,3,High-Income East
675385,1,High-Income West
434620,1,High-Income West
833436,1,High-Income West
915927,3,High-Income East
173666,1,High-Income West
693659,0,Low-Income East
607266,2,Low-Income West
415292,0,Low-Income East
668624,2,Low-Income West
243294,3,High-Income East
471170,2,Low-Income West
531514,0,Low-Income East
667692,1,High-Income West
490824,3,High-Income East
238607,3,High-Income East
448896,3,High-Income East
657865,1,High-Income West
100428,1,High-Income West
272686,1,High-Income West
761444,0,Low-Income East
598369,0,Low-Income East
389996,1,High-Income West
833844,3,High-Income East
776795,0,Low-Income East
173178,3,High-Income East
146215,3,High-Income East
747704,1,High-Income West
254428,0,Low-Income East
951941,0,Low-Income East
565841,0,Low-Income East
561621,0,Low-Income East
107649,1,High-Income West
425687,0,Low-Income East
758113,0,Low-Income East
229094,3,High-Income East
508824,1,High-Income West
121469,3,High-Income East
456839,2,Low-Income West
912064,3,High-Income East
961177,1,High-Income West
171582,3,High-Income East
485845,1,High-Income West
273179,1,High-Income West
135016,3,High-Income East
582930,3,High-Income East
200663,2,Low-Income West
266541,3,High-Income East
340782,3,High-Income East
904317,1,High-Income West
556453,3,High-Income East
583415,1,High-Income West
317664,1,High-Income West
216445,0,Low-Income East
307785,2,Low-Income West
525866,0,Low-Income East
532333,0,Low-Income East
857912,0,Low-Income East
884089,0,Low-Income East
285202,0,Low-Income East
478566,2,Low-Income West
892079,1,High-Income West
742356,0,Low-Income East
971582,3,High-Income East
122797,3,High-Income East
717026,1,High-Income West
568953,1,High-Income West
968666,3,High-Income East
445008,3,High-Income East
123393,1,High-Income West
521217,3,High-Income East
311363,3,High-Income East
330988,1,High-Income West
696090,3,High-Income East
989154,3,High-Income East
243726,1,High-Income West
403463,1,High-Income West
775176,3,High-Income East
891931,3,High-Income East
424403,3,High-Income East
283929,1,High-Income West
477867,3,High-Income East
996896,3,High-Income East
376367,3,High-Income East
892219,3,High-Income East
929880,0,Low-Income East
390434,0,Low-Income East
644551,0,Low-Income East
300008,2,Low-Income West
354002,2,Low-Income West
389387,2,Low-Income West
409768,0,Low-Income East
515969,2,Low-Income West
595027,0,Low-Income East
642102,0,Low-Income East
109023,0,Low-Income East
199494,2,Low-Income West
271987,2,Low-Income West
351753,0,Low-Income East
408347,2,Low-Income West
735770,3,High-Income East
369141,0,Low-Income East
690563,0,Low-Income East
229636,3,High-Income East
304726,0,Low-Income East
187041,2,Low-Income West
510644,0,Low-Income East
488268,3,High-Income East
452439,2,Low-Income West
441964,2,Low-Income West
381308,2,Low-Income West
718409,0,Low-Income East
979168,0,Low-Income East
395887,3,High-Income East
348448,0,Low-Income East
736004,0,Low-Income East
878568,0,Low-Income East
608116,2,Low-Income West
825569,0,Low-Income East
705496,0,Low-Income East
772395,2,Low-Income West
153987,0,Low-Income East
444904,2,Low-Income West
759223,0,Low-Income East
793178,2,Low-Income West
114493,0,Low-Income East
896592,0,Low-Income East
873415,2,Low-Income West
804259,3,High-Income East
906346,1,High-Income West
212230,1,High-Income West
391761,0,Low-Income East
760645,2,Low-Income West
485280,3,High-Income East
818454,1,High-Income West
591476,2,Low-Income West
593868,3,High-Income East
136230,2,Low-Income West
749441,0,Low-Income East
392582,3,High-Income East
458773,1,High-Income West
713981,0,Low-Income East
567865,0,Low-Income East
292049,3,High-Income East
606811,3,High-Income East
444202,3,High-Income East
353486,0,Low-Income East
952393,2,Low-Income West
729677,0,Low-Income East
450888,0,Low-Income East
238063,3,High-Income East
853826,1,High-Income West
864967,3,High-Income East
312863,0,Low-Income East
582244,3,High-Income East
412944,0,Low-Income East
330694,1,High-Income West
846732,3,High-Income East
505522,3,High-Income East
766091,1,High-Income West
988927,2,Low-Income West
417564,0,Low-Income East
708337,0,Low-Income East
703711,1,High-Income West
136473,2,Low-Income West
669373,0,Low-Income East
836443,3,High-Income East
485557,0,Low-Income East
504589,0,Low-Income East
840326,0,Low-Income East
514369,0,Low-Income East
756592,0,Low-Income East
455991,1,High-Income West
625621,3,High-Income East
603079,2,Low-Income West
388448,3,High-Income East
832663,1,High-Income West
454440,0,Low-Income East
902515,2,Low-Income West
876569,2,Low-Income West
839967,1,High-Income West
151571,3,High-Income East
570784,3,High-Income East
170027,0,Low-Income East
464771,0,Low-Income East
292164,2,Low-Income West
738432,0,Low-Income East
463606,2,Low-Income West
472521,2,Low-Income West
872158,0,Low-Income East
352424,2,Low-Income West
100816,0,Low-Income East
986461,0,Low-Income East
183754,0,Low-Income East
931537,0,Low-Income East
215314,2,Low-Income West
221287,2,Low-Income West
797845,0,Low-Income East
391106,1,High-Income West
519766,3,High-Income East
442956,0,Low-Income East
241967,2,Low-Income West
419648,1,High-Income West
557469,3,High-Income East
253601,2,Low-Income West
941170,0,Low-Income East
333680,3,High-Income East
545917,1,High-Income West
444060,0,Low-Income East
572647,0,Low-Income East
311684,0,Low-Income East
357173,2,Low-Income West
489501,3,High-Income East
759603,0,Low-Income East
418958,2,Low-Income West
746502,0,Low-Income East
719213,1,High-Income West
774275,2,Low-Income West
158401,0,Low-Income East
472879,0,Low-Income East
382243,2,Low-Income West
178335,3,High-Income East
967300,1,High-Income West
263766,3,High-Income East
702915,3,High-Income East
979449,3,High-Income East
993170,3,High-Income East
142371,2,Low-Income West
887464,0,Low-Income East
892517,0,Low-Income East
428130,0,Low-Income East
583165,3,High-Income East
605343,1,High-Income West
204994,2,Low-Income West
260838,0,Low-Income East
565811,3,High-Income East
801953,1,High-Income West
241391,0,Low-Income East
331706,1,High-Income West
287979,2,Low-Income West
566696,3,High-Income East
954329,2,Low-Income West
168887,3,High-Income East
894799,0,Low-Income East
401055,3,High-Income East
498694,3,High-Income East
113558,3,High-Income East
781187,2,Low-Income West
452417,2,Low-Income West
741470,0,Low-Income East
323311,0,Low-Income East
519300,2,Low-Income West
522618,0,Low-Income East
583227,0,Low-Income East
222280,0,Low-Income East
927937,2,Low-Income West
790450,3,High-Income East
650420,2,Low-Income West
543599,0,Low-Income East
482673,1,High-Income West
708210,3,High-Income East
169129,0,Low-Income East
300678,0,Low-Income East
700918,1,High-Income West
307256,0,Low-Income East
378857,2,Low-Income West
448136,2,Low-Income West
791978,0,Low-Income East
474272,3,High-Income East
274817,0,Low-Income East
368675,0,Low-Income East
261767,3,High-Income East
584463,0,Low-Income East
159800,3,High-Income East
160773,3,High-Income East
496014,1,High-Income West
515315,3,High-Income East
623222,1,High-Income West
270266,0,Low-Income East
775407,0,Low-Income East
796627,2,Low-Income West
777561,1,High-Income West
731540,2,Low-Income West
455319,0,Low-Income East
318199,0,Low-Income East
804510,2,Low-Income West
637396,3,High-Income East
663133,2,Low-Income West
678722,0,Low-Income East
616183,0,Low-Income East
356618,2,Low-Income West
934893,2,Low-Income West
491369,0,Low-Income East
939593,2,Low-Income West
744304,1,High-Income West
950336,2,Low-Income West
721786,0,Low-Income East
344570,0,Low-Income East
927165,0,Low-Income East
197192,0,Low-Income East
711864,3,High-Income East
576051,0,Low-Income East
272551,1,High-Income West
385861,3,High-Income East
551961,0,Low-Income East
730008,3,High-Income East
313708,1,High-Income West
807970,3,High-Income East
502023,1,High-Income West
713039,0,Low-Income East
937476,2,Low-Income West
792332,2,Low-Income West
857516,3,High-Income East
180216,3,High-Income East
301793,1,High-Income West
802196,3,High-Income East
465095,1,High-Income West
639117,3,High-Income East
942779,3,High-Income East
151554,0,Low-Income East
290091,0,Low-Income East
280216,2,Low-Income West
348173,0,Low-Income East
452684,2,Low-Income West
399555,1,High-Income West
958941,2,Low-Income West
475233,0,Low-Income East
715184,0,Low-Income East
583565,0,Low-Income East
907038,0,Low-Income East
204375,0,Low-Income East
788515,0,Low-Income East
580508,0,Low-Income East
746235,0,Low-Income East
926106,2,Low-Income West
531976,2,Low-Income West
686397,0,Low-Income East
899287,0,Low-Income East
642901,2,Low-Income West
916478,3,High-Income East
658310,3,High-Income East
267474,1,High-Income West
822555,2,Low-Income West
675057,3,High-Income East
849330,1,High-Income West
796541,0,Low-Income East
183224,3,High-Income East
283709,3,High-Income East
319092,2,Low-Income West
845488,0,Low-Income East
181498,0,Low-Income East
337818,2,Low-Income West
271043,3,High-Income East
451183,2,Low-Income West
659882,2,Low-Income West
734727,0,Low-Income East
939103,0,Low-Income East
981434,2,Low-Income West
939319,2,Low-Income West
211524,1,High-Income West
404920,0,Low-Income East
380059,0,Low-Income East
159680,2,Low-Income West
748105,1,High-Income West
428383,0,Low-Income East
109612,0,Low-Income East
703621,2,Low-Income West
940874,0,Low-Income East
985757,0,Low-Income East
708160,0,Low-Income East
127185,0,Low-Income East
318945,0,Low-Income East
694021,0,Low-Income East
408990,0,Low-Income East
595624,0,Low-Income East
730715,0,Low-Income East
353648,2,Low-Income West
967241,0,Low-Income East
314713,2,Low-Income West
367685,2,Low-Income West
207576,1,High-Income West
252450,2,Low-Income West
866417,3,High-Income East
392206,2,Low-Income West
967727,0,Low-Income East
462833,0,Low-Income East
971097,0,Low-Income East
338346,2,Low-Income West
550173,1,High-Income West
950896,2,Low-Income West
354442,1,High-Income West
410373,0,Low-Income East
884505,0,Low-Income East
723707,1,High-Income West
795820,2,Low-Income West
155795,2,Low-Income West
452279,2,Low-Income West
431392,2,Low-Income West
449084,3,High-Income East
489549,3,High-Income East
530613,0,Low-Income East
293685,0,Low-Income East
213979,3,High-Income East
442980,0,Low-Income East
438383,0,Low-Income East
470802,0,Low-Income East
932453,3,High-Income East
153953,0,Low-Income East
384737,2,Low-Income West
137999,3,High-Income East
838553,1,High-Income West
771943,0,Low-Income East
201115,2,Low-Income West
384602,0,Low-Income East
281328,0,Low-Income East
784271,0,Low-Income East
983242,2,Low-Income West
714206,0,Low-Income East
279468,2,Low-Income West
760166,0,Low-Income East
616667,2,Low-Income West
881818,1,High-Income West
677963,2,Low-Income West
944454,0,Low-Income East
932270,2,Low-Income West
133065,2,Low-Income West
775724,2,Low-Income West
270730,3,High-Income East
938482,1,High-Income West
181852,0,Low-Income East
321457,3,High-Income East
992986,0,Low-Income East
215952,0,Low-Income East
662973,0,Low-Income East
800450,0,Low-Income East
926494,0,Low-Income East
262574,0,Low-Income East
983809,2,Low-Income West
552364,2,Low-Income West
428922,2,Low-Income West
399973,2,Low-Income West
563386,0,Low-Income East
814067,2,Low-Income West
592145,3,High-Income East
632974,1,High-Income West
559622,0,Low-Income East
680569,0,Low-Income East
384818,0,Low-Income East
278928,0,Low-Income East
572448,2,Low-Income West
861480,2,Low-Income West
146086,3,High-Income East
580341,2,Low-Income West
526349,1,High-Income West
262351,3,High-Income East
506418,1,High-Income West
543852,3,High-Income East
307631,0,Low-Income East
350059,2,Low-Income West
486776,0,Low-Income East
611247,3,High-Income East
251095,1,High-Income West
242812,3,High-Income East
822727,0,Low-Income East
526344,1,High-Income West
870522,3,High-Income East
337925,3,High-Income East
874363,1,High-Income West
507555,0,Low-Income East
920716,2,Low-Income West
956558,2,Low-Income West
966580,3,High-Income East
462993,3,High-Income East
601027,1,High-Income West
266536,0,Low-Income East
390924,2,Low-Income West
184035,1,High-Income West
632398,3,High-Income East
290994,0,Low-Income East
760672,3,High-Income East
483212,0,Low-Income East
489108,2,Low-Income West
450995,0,Low-Income East
430323,3,High-Income East
883055,3,High-Income East
762117,0,Low-Income East
309352,0,Low-Income East
631853,1,High-Income West
470272,0,Low-Income East
140042,3,High-Income East
486117,0,Low-Income East
472702,0,Low-Income East
188328,3,High-Income East
328543,1,High-Income West
129372,2,Low-Income West
483627,2,Low-Income West
493061,0,Low-Income East
802425,2,Low-Income West
986792,0,Low-Income East
268139,3,High-Income East
933642,2,Low-Income West
399214,0,Low-Income East
289921,3,High-Income East
910492,0,Low-Income East
456140,0,Low-Income East
760876,0,Low-Income East
884611,3,High-Income East
862979,3,High-Income East
498587,3,High-Income East
654389,3,High-Income East
262526,2,Low-Income West
155820,1,High-Income West
163260,2,Low-Income West
213177,0,Low-Income East
482681,2,Low-Income West
869712,0,Low-Income East
327365,2,Low-Income West
725182,3,High-Income East
865494,1,High-Income West
119633,0,Low-Income East
979355,0,Low-Income East
471204,3,High-Income East
278539,3,High-Income East
903327,1,High-Income West
723015,0,Low-Income East
661118,0,Low-Income East
661587,0,Low-Income East
902192,0,Low-Income East
568880,0,Low-Income East
994374,0,Low-Income East
208234,0,Low-Income East
874601,0,Low-Income East
588943,0,Low-Income East
950961,2,Low-Income West
368045,1,High-Income West
374421,3,High-Income East
990122,1,High-Income West
706425,0,Low-Income East
586686,3,High-Income East
180024,1,High-Income West
616875,1,High-Income West
642043,3,High-Income East
736646,1,High-Income West
871627,1,High-Income West
829505,3,High-Income East
607538,3,High-Income East
723112,1,High-Income West
366540,1,High-Income West
157212,3,High-Income East
999902,0,Low-Income East
576911,2,Low-Income West
717150,0,Low-Income East
833397,1,High-Income West
279380,0,Low-Income East
187459,0,Low-Income East
176688,3,High-Income East
274473,1,High-Income West
760111,2,Low-Income West
847312,0,Low-Income East
312490,3,High-Income East
551248,1,High-Income West
636413,3,High-Income East
706962,1,High-Income West
618871,0,Low-Income East
325778,3,High-Income East
236395,1,High-Income West
908246,3,High-Income East
980575,0,Low-Income East
706125,0,Low-Income East
906158,2,Low-Income West
977303,0,Low-Income East
593190,3,High-Income East
369188,0,Low-Income East
323776,1,High-Income West
279777,3,High-Income East
224691,0,Low-Income East
246690,2,Low-Income West
359029,0,Low-Income East
989262,2,Low-Income West
252135,2,Low-Income West
902277,1,High-Income West
193020,2,Low-Income West
823319,0,Low-Income East
664008,1,High-Income West
893266,2,Low-Income West
606875,2,Low-Income West
797216,2,Low-Income West
464117,2,Low-Income West
723438,0,Low-Income East
917191,2,Low-Income West
294184,3,High-Income East
349577,3,High-Income East
938031,3,High-Income East
146702,1,High-Income West
906946,0,Low-Income East
284782,1,High-Income West
962455,3,High-Income East
929455,2,Low-Income West
182205,0,Low-Income East
530770,2,Low-Income West
141047,0,Low-Income East
413243,3,High-Income East
211842,0,Low-Income East
567319,0,Low-Income East
349220,3,High-Income East
162180,3,High-Income East
297702,3,High-Income East
994707,3,High-Income East
796213,3,High-Income East
883841,1,High-Income West
244762,0,Low-Income East
271357,2,Low-Income West
338285,3,High-Income East
855007,1,High-Income West
614830,0,Low-Income East
664799,2,Low-Income West
381539,0,Low-Income East
609532,3,High-Income East
666680,0,Low-Income East
789148,0,Low-Income East
404846,3,High-Income East
315242,1,High-Income West
455474,0,Low-Income East
650529,3,High-Income East
938830,3,High-Income East
915194,1,High-Income West
738874,1,High-Income West
288500,0,Low-Income East
554888,3,High-Income East
352280,1,High-Income West
599184,3,High-Income East
196202,3,High-Income East
164388,1,High-Income West
317683,3,High-Income East
224661,0,Low-Income East
239276,3,High-Income East
123944,0,Low-Income East
258123,2,Low-Income West
822901,0,Low-Income East
229436,0,Low-Income East
178157,0,Low-Income East
438525,2,Low-Income West
574640,1,High-Income West
914959,3,High-Income East
352242,1,High-Income West
443557,1,High-Income West
456128,3,High-Income East
429849,0,Low-Income East
728135,0,Low-Income East
373044,3,High-Income East
762681,0,Low-Income East
150383,2,Low-Income West
540316,3,High-Income East
942413,3,High-Income East
766335,1,High-Income West
645919,1,High-Income West
379414,1,High-Income West
249270,1,High-Income West
107571,2,Low-Income West
549034,2,Low-Income West
603739,0,Low-Income East
210298,0,Low-Income East
536409,2,Low-Income West
726940,3,High-Income East
557633,2,Low-Income West
345959,3,High-Income East
349108,1,High-Income West
554572,3,High-Income East
663573,3,High-Income East
871380,3,High-Income East
308214,0,Low-Income East
396048,0,Low-Income East
147241,0,Low-Income East
951389,0,Low-Income East
390190,1,High-Income West
433300,3,High-Income East
604783,1,High-Income West
638237,3,High-Income East
744117,3,High-Income East
948950,3,High-Income East
106838,2,Low-Income West
145449,0,Low-Income East
611667,1,High-Income West
674876,2,Low-Income West
488151,2,Low-Income West
898698,2,Low-Income West
536092,3,High-Income East
120583,2,Low-Income West
761674,1,High-Income West
544421,0,Low-Income East
537701,2,Low-Income West
372622,3,High-Income East
601332,3,High-Income East
741657,0,Low-Income East
948616,2,Low-Income West
883816,0,Low-Income East
834012,2,Low-Income West
922786,0,Low-Income East
105073,0,Low-Income East
296915,3,High-Income East
250391,0,Low-Income East
249019,3,High-Income East
928153,2,Low-Income West
681984,2,Low-Income West
155965,3,High-Income East
619548,1,High-Income West
647933,1,High-Income West
804438,3,High-Income East
877384,1,High-Income West
404431,3,High-Income East
615214,1,High-Income West
499913,1,High-Income West
952573,3,High-Income East
851845,2,Low-Income West
102615,2,Low-Income West
861104,3,High-Income East
201709,2,Low-Income West
490487,0,Low-Income East
787249,1,High-Income West
301094,2,Low-Income West
779468,3,High-Income East
442792,0,Low-Income East
748810,3,High-Income East
120434,3,High-Income East
251432,0,Low-Income East
256731,2,Low-Income West
294005,0,Low-Income East
401769,0,Low-Income East
759785,3,High-Income East
902241,3,High-Income East
389430,2,Low-Income West
623537,1,High-Income West
892502,3,High-Income East
718199,0,Low-Income East
170655,3,High-Income East
766024,1,High-Income West
760508,0,Low-Income East
763615,0,Low-Income East
605341,0,Low-Income East
292843,2,Low-Income West
792707,0,Low-Income East
270389,1,High-Income West
786230,2,Low-Income West
213303,1,High-Income West
230687,2,Low-Income West
696502,1,High-Income West
991213,1,High-Income West
715678,3,High-Income East
843919,1,High-Income West
481660,3,High-Income East
950193,3,High-Income East
698937,0,Low-Income East
557739,1,High-Income West
170443,0,Low-Income East
407768,3,High-Income East
132914,3,High-Income East
942819,0,Low-Income East
240141,3,High-Income East
173938,3,High-Income East
263302,3,High-Income East
594044,3,High-Income East
896951,1,High-Income West
302056,3,High-Income East
982542,3,High-Income East
223380,0,Low-Income East
583513,0,Low-Income East
958005,3,High-Income East
858417,0,Low-Income East
282759,3,High-Income East
189914,0,Low-Income East
384928,1,High-Income West
407641,2,Low-Income West
127882,0,Low-Income East
934134,2,Low-Income West
223638,2,Low-Income West
224607,0,Low-Income East
611873,0,Low-Income East
316307,3,High-Income East
332855,1,High-Income West
923108,1,High-Income West
472009,0,Low-Income East
162658,0,Low-Income East
670939,0,Low-Income East
861079,2,Low-Income West
809681,2,Low-Income West
614634,3,High-Income East
649680,1,High-Income West
440928,3,High-Income East
835484,0,Low-Income East
621072,3,High-Income East
767507,1,High-Income West
104586,3,High-Income East
387880,1,High-Income West
484243,2,Low-Income West
873436,0,Low-Income East
633299,3,High-Income East
826984,1,High-Income West
817527,3,High-Income East
345090,3,High-Income East
579726,2,Low-Income West
922614,0,Low-Income East
388985,0,Low-Income East
399397,0,Low-Income East
263781,1,High-Income West
456294,2,Low-Income West
131680,2,Low-Income West
433678,0,Low-Income East
933656,0,Low-Income East
979262,0,Low-Income East
544890,2,Low-Income West
298795,2,Low-Income West
135312,3,High-Income East
551313,3,High-Income East
476571,2,Low-Income West
568442,0,Low-Income East
417838,3,High-Income East
941092,1,High-Income West
952955,3,High-Income East
994609,3,High-Income East
433017,1,High-Income West
842054,0,Low-Income East
149884,0,Low-Income East
184207,2,Low-Income West
957214,0,Low-Income East
909262,2,Low-Income West
295795,2,Low-Income West
556879,2,Low-Income West
616920,0,Low-Income East
725086,3,High-Income East
391939,2,Low-Income West
787001,0,Low-Income East
426720,2,Low-Income West
891516,3,High-Income East
663757,0,Low-Income East
830503,2,Low-Income West
106397,2,Low-Income West
883212,0,Low-Income East
829684,1,High-Income West
806168,1,High-Income West
621951,3,High-Income East
439350,0,Low-Income East
837215,2,Low-Income West
419776,3,High-Income East
313538,0,Low-Income East
797854,0,Low-Income East
100018,1,High-Income West
767774,3,High-Income East
383969,1,High-Income West
611436,3,High-Income East
552936,2,Low-Income West
127311,2,Low-Income West
132705,0,Low-Income East
384336,3,High-Income East
828353,0,Low-Income East
502708,1,High-Income West
535233,0,Low-Income East
276937,3,High-Income East
857878,1,High-Income West
730726,2,Low-Income West
749257,0,Low-Income East
298813,2,Low-Income West
878327,3,High-Income East
817168,3,High-Income East
425436,2,Low-Income West
620858,0,Low-Income East
170799,2,Low-Income West
442879,0,Low-Income East
507503,1,High-Income West
952717,3,High-Income East
119009,3,High-Income East
734459,0,Low-Income East
554712,1,High-Income West
307848,1,High-Income West
581913,3,High-Income East
159272,2,Low-Income West
914352,0,Low-Income East
675879,1,High-Income West
181139,2,Low-Income West
969313,1,High-Income West
702884,1,High-Income West
357381,0,Low-Income East
464447,2,Low-Income West
823740,2,Low-Income West
950660,2,Low-Income West
854742,2,Low-Income West
935420,0,Low-Income East
119015,1,High-Income West
153998,1,High-Income West
299359,0,Low-Income East
474342,2,Low-Income West
157902,0,Low-Income East
383421,2,Low-Income West
670294,3,High-Income East
874044,3,High-Income East
167016,3,High-Income East
131036,3,High-Income East
253635,1,High-Income West
169699,3,High-Income East
886299,1,High-Income West
442831,2,Low-Income West
600923,0,Low-Income East
803252,3,High-Income East
184754,2,Low-Income West
644945,2,Low-Income West
797714,3,High-Income East
419893,0,Low-Income East
509223,2,Low-Income West
883255,3,High-Income East
371511,0,Low-Income East
558451,1,High-Income West
638004,3,High-Income East
204935,0,Low-Income East
799690,2,Low-Income West
485281,3,High-Income East
146560,2,Low-Income West
157674,3,High-Income East
330343,3,High-Income East
828817,1,High-Income West
953795,3,High-Income East
255333,3,High-Income East
412803,3,High-Income East
515165,1,High-Income West
119460,2,Low-Income West
491244,0,Low-Income East
209022,3,High-Income East
691262,0,Low-Income East
480909,3,High-Income East
690797,3,High-Income East
635084,3,High-Income East
614307,3,High-Income East
992476,3,High-Income East
215955,0,Low-Income East
436235,0,Low-Income East
566961,2,Low-Income West
517867,3,High-Income East
457535,3,High-Income East
361710,2,Low-Income West
205111,1,High-Income West
733370,3,High-Income East
791282,1,High-Income West
352092,3,High-Income East
120126,0,Low-Income East
585978,3,High-Income East
516474,0,Low-Income East
463971,3,High-Income East
365468,0,Low-Income East
967233,2,Low-Income West
965691,0,Low-Income East
478912,1,High-Income West
748033,3,High-Income East
638207,2,Low-Income West
691077,3,High-Income East
203698,0,Low-Income East
293343,0,Low-Income East
545421,2,Low-Income West
621006,0,Low-Income East
799630,3,High-Income East
534905,0,Low-Income East
244734,2,Low-Income West
275287,0,Low-Income East
205197,3,High-Income East
499482,1,High-Income West
748682,2,Low-Income West
230101,3,High-Income East
916317,1,High-Income West
744711,2,Low-Income West
146028,0,Low-Income East
330783,0,Low-Income East
887069,2,Low-Income West
226804,0,Low-Income East
575574,2,Low-Income West
259532,0,Low-Income East
506149,2,Low-Income West
831545,0,Low-Income East
246421,1,High-Income West
625183,2,Low-Income West
901819,1,High-Income West
752826,0,Low-Income East
443595,2,Low-Income West
116164,1,High-Income West
612703,0,Low-Income East
444300,1,High-Income West
449223,3,High-Income East
651959,1,High-Income West
763702,3,High-Income East
876326,2,Low-Income West
726980,3,High-Income East
652499,3,High-Income East
863432,1,High-Income West
661451,1,High-Income West
384548,1,High-Income West
928238,3,High-Income East
943756,3,High-Income East
680444,3,High-Income East
205413,0,Low-Income East
285767,0,Low-Income East
786287,0,Low-Income East
298063,2,Low-Income West
756646,1,High-Income West
996745,0,Low-Income East
670230,0,Low-Income East
995662,0,Low-Income East
272568,3,High-Income East
276255,3,High-Income East
390203,2,Low-Income West
943602,0,Low-Income East
549415,0,Low-Income East
716690,0,Low-Income East
406564,1,High-Income West
581999,0,Low-Income East
328198,3,High-Income East
642784,1,High-Income West
436874,0,Low-Income East
169131,2,Low-Income West
381472,3,High-Income East
149912,3,High-Income East
564841,1,High-Income West
136464,3,High-Income East
416783,0,Low-Income East
452464,2,Low-Income West
590621,2,Low-Income West
827194,1,High-Income West
389741,3,High-Income East
522866,1,High-Income West
103970,2,Low-Income West
115322,0,Low-Income East
578788,0,Low-Income East
725129,2,Low-Income West
849549,0,Low-Income East
680878,0,Low-Income East
303246,0,Low-Income East
523979,0,Low-Income East
898514,2,Low-Income West
487228,0,Low-Income East
857619,1,High-Income West
393130,3,High-Income East
238434,1,High-Income West
276100,3,High-Income East
733181,3,High-Income East
276967,3,High-Income East
971318,1,High-Income West
350271,2,Low-Income West
838993,1,High-Income West
232450,2,Low-Income West
704559,1,High-Income West
885474,3,High-Income East
804890,3,High-Income East
752140,1,High-Income West
164224,2,Low-Income West
522572,0,Low-Income East
963502,2,Low-Income West
429238,2,Low-Income West
647133,0,Low-Income East
165759,0,Low-Income East
393309,3,High-Income East
969800,1,High-Income West
311907,3,High-Income East
437074,1,High-Income West
200065,3,High-Income East
910391,1,High-Income West
548565,3,High-Income East
795283,3,High-Income East
137968,3,High-Income East
836550,0,Low-Income East
840515,0,Low-Income East
649802,2,Low-Income West
110073,3,High-Income East
435156,2,Low-Income West
663270,0,Low-Income East
436318,0,Low-Income East
465424,0,Low-Income East
355126,2,Low-Income West
258184,0,Low-Income East
279693,2,Low-Income West
336817,0,Low-Income East
390980,0,Low-Income East
493337,0,Low-Income East
669065,2,Low-Income West
267566,2,Low-Income West
711319,3,High-Income East
683239,2,Low-Income West
387834,1,High-Income West
101709,3,High-Income East
200321,3,High-Income East
620480,2,Low-Income West
926277,3,High-Income East
216517,3,High-Income East
345238,3,High-Income East
434965,1,High-Income West
515981,0,Low-Income East
270337,0,Low-Income East
117169,2,Low-Income West
652194,2,Low-Income West
193917,0,Low-Income East
813868,3,High-Income East
152936,3,High-Income East
364137,3,High-Income East
454668,1,High-Income West
493088,3,High-Income East
601068,0,Low-Income East
508402,3,High-Income East
843233,3,High-Income East
106444,2,Low-Income West
833576,0,Low-Income East
782284,3,High-Income East
574542,2,Low-Income West
623903,1,High-Income West
175711,0,Low-Income East
239606,3,High-Income East
272225,0,Low-Income East
334224,2,Low-Income West
314718,2,Low-Income West
830975,0,Low-Income East
258323,3,High-Income East
117240,0,Low-Income East
362823,2,Low-Income West
312074,0,Low-Income East
700705,2,Low-Income West
281979,2,Low-Income West
318845,2,Low-Income West
670606,0,Low-Income East
551055,0,Low-Income East
666761,2,Low-Income West
207484,0,Low-Income East
777875,3,High-Income East
803407,1,High-Income West
128534,2,Low-Income West
513446,3,High-Income East
445282,1,High-Income West
607555,0,Low-Income East
709415,0,Low-Income East
855198,2,Low-Income West
261957,2,Low-Income West
210734,1,High-Income West
425940,2,Low-Income West
541410,2,Low-Income West
561321,0,Low-Income East
186942,0,Low-Income East
250280,2,Low-Income West
500437,0,Low-Income East
163301,3,High-Income East
742822,0,Low-Income East
697477,1,High-Income West
364067,3,High-Income East
534505,3,High-Income East
242980,3,High-Income East
878582,1,High-Income West
444646,1,High-Income West
799655,3,High-Income East
677717,0,Low-Income East
756065,0,Low-Income East
956438,3,High-Income East
244652,2,Low-Income West
366654,0,Low-Income East
461937,0,Low-Income East
319464,0,Low-Income East
758210,0,Low-Income East
262366,3,High-Income East
575844,1,High-Income West
577795,1,High-Income West
644630,3,High-Income East
779066,1,High-Income West
901582,3,High-Income East
914088,0,Low-Income East
974630,3,High-Income East
680553,3,High-Income East
426981,3,High-Income East
539322,2,Low-Income West
570668,1,High-Income West
171691,0,Low-Income East
732524,0,Low-Income East
701235,1,High-Income West
178081,2,Low-Income West
679638,0,Low-Income East
199810,3,High-Income East
411533,1,High-Income West
747939,2,Low-Income West
641970,3,High-Income East
924153,1,High-Income West
625557,3,High-Income East
906615,0,Low-Income East
682819,0,Low-Income East
179944,3,High-Income East
457605,3,High-Income East
795235,1,High-Income West
482424,0,Low-Income East
168385,0,Low-Income East
157300,1,High-Income West
472225,3,High-Income East
331598,1,High-Income West
311636,3,High-Income East
496668,1,High-Income West
153439,0,Low-Income East
402251,3,High-Income East
511226,1,High-Income West
525918,1,High-Income West
782282,3,High-Income East
341728,0,Low-Income East
155253,1,High-Income West
258067,0,Low-Income East
950437,0,Low-Income East
243734,2,Low-Income West
613185,1,High-Income West
809733,3,High-Income East
547407,1,High-Income West
169603,1,High-Income West
275954,3,High-Income East
538877,1,High-Income West
812899,3,High-Income East
875232,3,High-Income East
572812,2,Low-Income West
834306,0,Low-Income East
256483,2,Low-Income West
466384,0,Low-Income East
565452,1,High-Income West
638389,3,High-Income East
809216,1,High-Income West
203815,0,Low-Income East
997395,2,Low-Income West
426439,3,High-Income East
465891,3,High-Income East
380247,1,High-Income West
662380,3,High-Income East
753814,3,High-Income East
917585,1,High-Income West
294278,1,High-Income West
496686,3,High-Income East
544493,2,Low-Income West
919055,0,Low-Income East
290638,0,Low-Income East
632556,2,Low-Income West
815541,1,High-Income West
840120,3,High-Income East
177814,1,High-Income West
339274,2,Low-Income West
817822,0,Low-Income East
248461,0,Low-Income East
636293,2,Low-Income West
210205,3,High-Income East
262336,3,High-Income East
583718,1,High-Income West
927887,0,Low-Income East
166537,2,Low-Income West
632816,3,High-Income East
281032,1,High-Income West
586076,1,High-Income West
233958,0,Low-Income East
523188,2,Low-Income West
675405,2,Low-Income West
705633,0,Low-Income East
203033,3,High-Income East
427036,1,High-Income West
549982,1,High-Income West
857949,1,High-Income West
184735,1,High-Income West
298712,3,High-Income East
453448,2,Low-Income West
608159,2,Low-Income West
416940,3,High-Income East
455068,1,High-Income West
139974,1,High-Income West
794951,3,High-Income East
942703,0,Low-Income East
655016,3,High-Income East
129071,0,Low-Income East
252531,0,Low-Income East
688168,0,Low-Income East
530051,3,High-Income East
917998,0,Low-Income East
288735,0,Low-Income East
529579,2,Low-Income West
891179,3,High-Income East
882353,0,Low-Income East
899883,3,High-Income East
597981,0,Low-Income East
391927,1,High-Income West
454022,3,High-Income East
784608,1,High-Income West
357138,3,High-Income East
538770,1,High-Income West
670215,0,Low-Income East
794502,1,High-Income West
327098,1,High-Income West
963757,3,High-Income East
640163,3,High-Income East
398819,2,Low-Income West
369091,2,Low-Income West
716961,0,Low-Income East
250586,0,Low-Income East
769361,1,High-Income West
735666,2,Low-Income West
190791,3,High-Income East
126308,1,High-Income West
390022,3,High-Income East
416575,1,High-Income West
500788,3,High-Income East
882443,3,High-Income East
427804,3,High-Income East
396267,3,High-Income East
952222,3,High-Income East
873045,1,High-Income West
990598,3,High-Income East
384750,1,High-Income West
665100,0,Low-Income East
235454,3,High-Income East
833998,3,High-Income East
175804,1,High-Income West
861879,3,High-Income East
443985,3,High-Income East
701617,0,Low-Income East
394979,3,High-Income East
464220,3,High-Income East
245800,0,Low-Income East
952959,1,High-Income West
617484,2,Low-Income West
430618,0,Low-Income East
276947,0,Low-Income East
580592,0,Low-Income East
417825,3,High-Income East
622302,0,Low-Income East
397947,1,High-Income West
139518,0,Low-Income East
592966,3,High-Income East
321734,3,High-Income East
912128,1,High-Income West
135578,1,High-Income West
933807,3,High-Income East
847283,0,Low-Income East
142190,3,High-Income East
574506,0,Low-Income East
408886,3,High-Income East
101664,3,High-Income East
307049,0,Low-Income East
726544,0,Low-Income East
337453,1,High-Income West
166239,1,High-Income West
711625,3,High-Income East
223313,2,Low-Income West
924796,0,Low-Income East
833052,3,High-Income East
194009,3,High-Income East
288636,0,Low-Income East
391900,0,Low-Income East
499128,0,Low-Income East
743798,0,Low-Income East
779159,0,Low-Income East
899825,0,Low-Income East
756355,2,Low-Income West
175584,0,Low-Income East
435097,2,Low-Income West
612162,0,Low-Income East
797991,2,Low-Income West
996086,2,Low-Income West
499945,2,Low-Income West
878929,0,Low-Income East
362841,1,High-Income West
921489,2,Low-Income West
166705,3,High-Income East
927676,1,High-Income West
439068,3,High-Income East
926058,3,High-Income East
765223,0,Low-Income East
880580,0,Low-Income East
970637,2,Low-Income West
979703,0,Low-Income East
213480,1,High-Income West
921403,3,High-Income East
216040,2,Low-Income West
981536,2,Low-Income West
404801,3,High-Income East
400272,2,Low-Income West
772081,2,Low-Income West
817074,0,Low-Income East
756317,2,Low-Income West
950593,2,Low-Income West
794677,0,Low-Income East
123344,3,High-Income East
149318,2,Low-Income West
199374,0,Low-Income East
713465,2,Low-Income West
716533,0,Low-Income East
411583,0,Low-Income East
572505,3,High-Income East
236701,3,High-Income East
394927,3,High-Income East
523210,1,High-Income West
532592,3,High-Income East
116016,2,Low-Income West
376072,1,High-Income West
494498,3,High-Income East
618409,3,High-Income East
201365,3,High-Income East
206108,3,High-Income East
997121,3,High-Income East
379446,0,Low-Income East
337980,0,Low-Income East
654919,2,Low-Income West
876269,3,High-Income East
322606,3,High-Income East
342583,1,High-Income West
770634,0,Low-Income East
139270,1,High-Income West
191869,0,Low-Income East
138565,1,High-Income West
420439,3,High-Income East
575145,3,High-Income East
991638,0,Low-Income East
850828,0,Low-Income East
950356,3,High-Income East
212848,0,Low-Income East
208584,2,Low-Income West
401645,0,Low-Income East
135554,1,High-Income West
422204,3,High-Income East
663402,1,High-Income West
908120,0,Low-Income East
327285,3,High-Income East
454073,1,High-Income West
778865,3,High-Income East
542636,1,High-Income West
593651,2,Low-Income West
152007,1,High-Income West
195684,1,High-Income West
737477,3,High-Income East
975749,3,High-Income East
966512,0,Low-Income East
255818,2,Low-Income West
396018,0,Low-Income East
854835,3,High-Income East
550575,1,High-Income West
917983,3,High-Income East
555947,3,High-Income East
879177,1,High-Income West
892000,1,High-Income West
936010,3,High-Income East
116332,3,High-Income East
313681,1,High-Income West
118514,0,Low-Income East
624065,3,High-Income East
589765,3,High-Income East
812149,2,Low-Income West
820541,0,Low-Income East
509149,3,High-Income East
496233,0,Low-Income East
579438,0,Low-Income East
955479,3,High-Income East
159856,3,High-Income East
113476,3,High-Income East
707754,2,Low-Income West
626510,3,High-Income East
918042,2,Low-Income West
972994,0,Low-Income East
110262,2,Low-Income West
304764,3,High-Income East
923680,1,High-Income West
261468,1,High-Income West
240761,3,High-Income East
689477,1,High-Income West
959977,1,High-Income West
858013,2,Low-Income West
941380,0,Low-Income East
773986,1,High-Income West
464114,0,Low-Income East
268293,3,High-Income East
929097,0,Low-Income East
492159,0,Low-Income East
565876,3,High-Income East
248885,2,Low-Income West
768010,0,Low-Income East
817573,0,Low-Income East
263339,3,High-Income East
848804,0,Low-Income East
871045,0,Low-Income East
123420,1,High-Income West
155623,3,High-Income East
179042,0,Low-Income East
883002,3,High-Income East
693852,2,Low-Income West
618817,3,High-Income East
446096,2,Low-Income West
201898,0,Low-Income East
243455,2,Low-Income West
514235,2,Low-Income West
858453,1,High-Income West
257393,0,Low-Income East
972795,2,Low-Income West
875560,0,Low-Income East
980494,2,Low-Income West
699397,0,Low-Income East
561053,3,High-Income East
898229,1,High-Income West
173356,2,Low-Income West
663382,0,Low-Income East
462247,0,Low-Income East
533365,0,Low-Income East
619404,2,Low-Income West
370014,2,Low-Income West
672308,0,Low-Income East
855190,1,High-Income West
647726,3,High-Income East
112026,2,Low-Income West
853540,2,Low-Income West
400513,0,Low-Income East
755014,2,Low-Income West
212707,3,High-Income East
120192,1,High-Income West
201475,3,High-Income East
374941,0,Low-Income East
502141,2,Low-Income West
332430,2,Low-Income West
941882,0,Low-Income East
872814,1,High-Income West
969378,3,High-Income East
608504,1,High-Income West
902562,3,High-Income East
998580,0,Low-Income East
606600,3,High-Income East
329826,3,High-Income East
723912,0,Low-Income East
491513,0,Low-Income East
665031,0,Low-Income East
192355,2,Low-Income West
651645,0,Low-Income East
147602,2,Low-Income West
514042,3,High-Income East
945703,3,High-Income East
828852,2,Low-Income West
505871,2,Low-Income West
381748,3,High-Income East
533950,2,Low-Income West
973070,0,Low-Income East
131721,3,High-Income East
314842,1,High-Income West
138873,3,High-Income East
223081,0,Low-Income East
135872,0,Low-Income East
863093,2,Low-Income West
812373,1,High-Income West
618523,0,Low-Income East
705113,2,Low-Income West
659112,1,High-Income West
765955,3,High-Income East
375814,0,Low-Income East
969687,2,Low-Income West
289732,3,High-Income East
585275,0,Low-Income East
710364,2,Low-Income West
419275,3,High-Income East
264145,0,Low-Income East
658726,0,Low-Income East
256920,2,Low-Income West
314898,0,Low-Income East
140735,0,Low-Income East
284362,2,Low-Income West
792932,0,Low-Income East
198713,2,Low-Income West
713853,1,High-Income West
349490,0,Low-Income East
369242,0,Low-Income East
985320,2,Low-Income West
921886,3,High-Income East
189836,1,High-Income West
788870,3,High-Income East
753456,1,High-Income West
759847,1,High-Income West
605790,2,Low-Income West
984086,3,High-Income East
442249,3,High-Income East
858222,0,Low-Income East
866295,2,Low-Income West
546827,2,Low-Income West
938822,3,High-Income East
300606,3,High-Income East
392335,1,High-Income West
189822,2,Low-Income West
678243,2,Low-Income West
138025,0,Low-Income East
290554,0,Low-Income East
681593,2,Low-Income West
705006,0,Low-Income East
907077,0,Low-Income East
842793,0,Low-Income East
273144,3,High-Income East
311857,0,Low-Income East
112894,0,Low-Income East
895346,2,Low-Income West
826149,0,Low-Income East
459128,3,High-Income East
524951,3,High-Income East
649994,0,Low-Income East
413101,1,High-Income West
165893,2,Low-Income West
206207,1,High-Income West
697162,3,High-Income East
222102,3,High-Income East
752259,3,High-Income East
577278,0,Low-Income East
685546,2,Low-Income West
931657,1,High-Income West
486143,2,Low-Income West
148767,1,High-Income West
696864,3,High-Income East
437403,0,Low-Income East
672649,2,Low-Income West
894532,1,High-Income West
767648,2,Low-Income West
521225,0,Low-Income East
521486,0,Low-Income East
912984,2,Low-Income West
956477,1,High-Income West
225920,1,High-Income West
821712,3,High-Income East
365596,0,Low-Income East
251874,0,Low-Income East
660684,2,Low-Income West
839494,0,Low-Income East
432200,3,High-Income East
467631,3,High-Income East
540109,1,High-Income West
893294,1,High-Income West
919285,1,High-Income West
684491,0,Low-Income East
978934,2,Low-Income West
405318,0,Low-Income East
266757,3,High-Income East
643912,3,High-Income East
593386,1,High-Income West
654122,3,High-Income East
668843,0,Low-Income East
707424,0,Low-Income East
725962,2,Low-Income West
411686,1,High-Income West
481860,0,Low-Income East
164017,2,Low-Income West
812417,0,Low-Income East
473786,1,High-Income West
438698,1,High-Income West
732368,3,High-Income East
124761,3,High-Income East
126581,3,High-Income East
502390,0,Low-Income East
940760,2,Low-Income West
914609,3,High-Income East
717250,3,High-Income East
233877,1,High-Income West
768996,3,High-Income East
932526,3,High-Income East
323542,3,High-Income East
637580,3,High-Income East
183208,2,Low-Income West
131342,3,High-Income East
331094,3,High-Income East
424126,3,High-Income East
869226,0,Low-Income East
437357,0,Low-Income East
485040,0,Low-Income East
840376,2,Low-Income West
187887,3,High-Income East
113679,0,Low-Income East
188542,1,High-Income West
579990,3,High-Income East
295412,3,High-Income East
523904,3,High-Income East
702269,3,High-Income East
561917,3,High-Income East
169665,3,High-Income East
178720,3,High-Income East
813725,1,High-Income West
160779,3,High-Income East
819315,1,High-Income West
882544,3,High-Income East
853704,2,Low-Income West
521252,1,High-Income West
538550,1,High-Income West
851931,3,High-Income East
704603,3,High-Income East
787018,3,High-Income East
872079,1,High-Income West
622527,0,Low-Income East
992488,2,Low-Income West
616746,0,Low-Income East
714379,2,Low-Income West
242917,3,High-Income East
986055,2,Low-Income West
601940,0,Low-Income East
740754,2,Low-Income West
222644,3,High-Income East
882466,1,High-Income West
233831,3,High-Income East
216139,1,High-Income West
286614,2,Low-Income West
759899,0,Low-Income East
122283,3,High-Income East
227293,1,High-Income West
669368,1,High-Income West
696199,3,High-Income East
904920,2,Low-Income West
781777,3,High-Income East
344671,3,High-Income East
274204,0,Low-Income East
312933,2,Low-Income West
576184,1,High-Income West
682356,3,High-Income East
861470,3,High-Income East
904736,1,High-Income West
539739,0,Low-Income East
213934,2,Low-Income West
461199,0,Low-Income East
719162,0,Low-Income East
818940,2,Low-Income West
563217,3,High-Income East
679155,1,High-Income West
362293,0,Low-Income East
564305,0,Low-Income East
659205,2,Low-Income West
329302,1,High-Income West
280588,2,Low-Income West
470739,2,Low-Income West
694512,0,Low-Income East
680485,1,High-Income West
744612,3,High-Income East
444154,1,High-Income West
828040,0,Low-Income East
127279,0,Low-Income East
584564,2,Low-Income West
460943,2,Low-Income West
296141,0,Low-Income East
176521,3,High-Income East
314317,3,High-Income East
357567,2,Low-Income West
734791,0,Low-Income East
977274,2,Low-Income West
202182,0,Low-Income East
522758,2,Low-Income West
389488,2,Low-Income West
700958,3,High-Income East
139356,0,Low-Income East
355515,2,Low-Income West
979983,1,High-Income West
974606,1,High-Income West
360730,3,High-Income East
221775,0,Low-Income East
116045,0,Low-Income East
492433,3,High-Income East
516133,1,High-Income West
351897,0,Low-Income East
399704,2,Low-Income West
423254,0,Low-Income East
579584,0,Low-Income East
946645,3,High-Income East
687463,1,High-Income West
915286,2,Low-Income West
696504,1,High-Income West
954293,3,High-Income East
225576,0,Low-Income East
605269,2,Low-Income West
726688,0,Low-Income East
795840,0,Low-Income East
802002,2,Low-Income West
883155,2,Low-Income West
664493,2,Low-Income West
967502,0,Low-Income East
560990,3,High-Income East
530955,2,Low-Income West
929302,0,Low-Income East
515134,3,High-Income East
645244,3,High-Income East
937254,1,High-Income West
959673,2,Low-Income West
856830,1,High-Income West
113656,0,Low-Income East
339573,3,High-Income East
267717,2,Low-Income West
108481,0,Low-Income East
676408,2,Low-Income West
423228,3,High-Income East
307033,0,Low-Income East
484774,0,Low-Income East
573458,0,Low-Income East
372755,1,High-Income West
909260,0,Low-Income East
811335,2,Low-Income West
460770,0,Low-Income East
742281,0,Low-Income East
238442,1,High-Income West
535482,0,Low-Income East
131321,0,Low-Income East
645114,2,Low-Income West
429244,2,Low-Income West
951719,1,High-Income West
336281,2,Low-Income West
673424,0,Low-Income East
927703,2,Low-Income West
636813,0,Low-Income East
967490,2,Low-Income West
256360,2,Low-Income West
658076,3,High-Income East
933682,2,Low-Income West
241468,0,Low-Income East
728386,0,Low-Income East
738890,0,Low-Income East
405928,0,Low-Income East
475532,0,Low-Income East
198147,0,Low-Income East
234435,3,High-Income East
302839,1,High-Income West
566182,3,High-Income East
721973,0,Low-Income East
458745,1,High-Income West
246736,2,Low-Income West
703374,3,High-Income East
275637,1,High-Income West
148487,2,Low-Income West
581531,2,Low-Income West
585495,0,Low-Income East
685631,0,Low-Income East
711285,0,Low-Income East
863223,2,Low-Income West
988552,2,Low-Income West
519742,1,High-Income West
526481,1,High-Income West
517538,0,Low-Income East
707762,0,Low-Income East
261125,2,Low-Income West
108666,1,High-Income West
560149,1,High-Income West
624487,3,High-Income East
657980,1,High-Income West
884875,3,High-Income East
635026,3,High-Income East
199603,0,Low-Income East
444652,2,Low-Income West
698510,0,Low-Income East
470450,3,High-Income East
565602,0,Low-Income East
891604,0,Low-Income East
356828,0,Low-Income East
478890,2,Low-Income West
930774,0,Low-Income East
789892,3,High-Income East
856348,1,High-Income West
932623,1,High-Income West
436041,1,High-Income West
372111,2,Low-Income West
278464,0,Low-Income East
878518,2,Low-Income West
872752,1,High-Income West
432941,3,High-Income East
607997,3,High-Income East
720131,1,High-Income West
913153,1,High-Income West
263592,1,High-Income West
472719,1,High-Income West
924630,1,High-Income West
786255,0,Low-Income East
857771,3,High-Income East
803177,0,Low-Income East
717891,2,Low-Income West
946070,3,High-Income East
580554,1,High-Income West
891727,0,Low-Income East
208517,0,Low-Income East
354547,2,Low-Income West
941683,0,Low-Income East
412429,2,Low-Income West
912252,0,Low-Income East
343884,0,Low-Income East
628475,0,Low-Income East
201273,2,Low-Income West
733728,0,Low-Income East
733096,2,Low-Income West
776453,0,Low-Income East
761613,0,Low-Income East
932244,1,High-Income West
630711,3,High-Income East
589101,3,High-Income East
782804,0,Low-Income East
980338,2,Low-Income West
828731,2,Low-Income West
456367,3,High-Income East
242304,1,High-Income West
929913,3,High-Income East
709238,2,Low-Income West
606214,0,Low-Income East
295327,2,Low-Income West
419748,2,Low-Income West
540380,0,Low-Income East
851981,2,Low-Income West
948693,0,Low-Income East
247391,0,Low-Income East
937228,2,Low-Income West
667634,3,High-Income East
840059,3,High-Income East
884522,3,High-Income East
102376,0,Low-Income East
259110,2,Low-Income West
470671,0,Low-Income East
189775,0,Low-Income East
646189,2,Low-Income West
253466,0,Low-Income East
283807,1,High-Income West
312630,2,Low-Income West
918017,2,Low-Income West
766012,0,Low-Income East
663098,2,Low-Income West
939856,0,Low-Income East
515826,1,High-Income West
475535,2,Low-Income West
725120,0,Low-Income East
151036,3,High-Income East
845820,3,High-Income East
887511,3,High-Income East
254230,0,Low-Income East
439361,0,Low-Income East
362471,3,High-Income East
928644,3,High-Income East
185830,0,Low-Income East
187318,2,Low-Income West
389928,0,Low-Income East
444366,0,Low-Income East
939098,2,Low-Income West
418793,0,Low-Income East
445496,1,High-Income West
773865,2,Low-Income West
329735,1,High-Income West
151327,2,Low-Income West
347231,0,Low-Income East
835973,2,Low-Income West
372663,3,High-Income East
672904,3,High-Income East
841373,1,High-Income West
579931,1,High-Income West
157704,2,Low-Income West
319052,0,Low-Income East
229265,3,High-Income East
741244,1,High-Income West
618390,1,High-Income West
814112,3,High-Income East
221361,0,Low-Income East
277565,2,Low-Income West
900753,1,High-Income West
377928,1,High-Income West
328116,3,High-Income East
609664,1,High-Income West
192994,2,Low-Income West
298671,0,Low-Income East
805598,1,High-Income West
301603,2,Low-Income West
675240,2,Low-Income West
852012,2,Low-Income West
307047,1,High-Income West
847772,0,Low-Income East
683503,0,Low-Income East
220794,2,Low-Income West
655995,0,Low-Income East
757416,2,Low-Income West
826589,0,Low-Income East
703104,2,Low-Income West
523399,3,High-Income East
648586,3,High-Income East
124931,3,High-Income East
575833,1,High-Income West
161956,0,Low-Income East
489279,2,Low-Income West
880805,0,Low-Income East
867757,0,Low-Income East
652518,3,High-Income East
207001,1,High-Income West
975846,3,High-Income East
198010,2,Low-Income West
543285,2,Low-Income West
432843,0,Low-Income East
373242,0,Low-Income East
263246,3,High-Income East
110065,1,High-Income West
172491,0,Low-Income East
788001,2,Low-Income West
103383,0,Low-Income East
600712,2,Low-Income West
666189,0,Low-Income East
738473,2,Low-Income West
256003,2,Low-Income West
881000,0,Low-Income East
889569,1,High-Income West
165742,2,Low-Income West
576074,3,High-Income East
942017,3,High-Income East
315235,2,Low-Income West
426429,0,Low-Income East
602275,3,High-Income East
116732,1,High-Income West
436010,0,Low-Income East
745920,0,Low-Income East
988638,2,Low-Income West
285335,2,Low-Income West
722003,0,Low-Income East
770452,0,Low-Income East
195960,3,High-Income East
390297,3,High-Income East
655957,2,Low-Income West
257417,2,Low-Income West
599394,1,High-Income West
953198,3,High-Income East
728228,3,High-Income East
863459,2,Low-Income West
901461,3,High-Income East
460894,0,Low-Income East
307032,1,High-Income West
486909,0,Low-Income East
160740,0,Low-Income East
326028,2,Low-Income West
573681,0,Low-Income East
815841,0,Low-Income East
981195,0,Low-Income East
333064,1,High-Income West
792103,3,High-Income East
426223,2,Low-Income West
545410,3,High-Income East
990218,1,High-Income West
614000,2,Low-Income West
377444,1,High-Income West
721406,3,High-Income East
302258,0,Low-Income East
101487,3,High-Income East
397934,3,High-Income East
406252,3,High-Income East
555118,1,High-Income West
874267,1,High-Income West
182235,1,High-Income West
290620,3,High-Income East
697393,3,High-Income East
829316,0,Low-Income East
397099,0,Low-Income East
886439,2,Low-Income West
161338,0,Low-Income East
594598,0,Low-Income East
237312,3,High-Income East
728302,0,Low-Income East
212602,0,Low-Income East
929871,3,High-Income East
645508,3,High-Income East
116999,0,Low-Income East
631854,1,High-Income West
762671,0,Low-Income East
969938,0,Low-Income East
290564,2,Low-Income West
634615,2,Low-Income West
999524,0,Low-Income East
478284,2,Low-Income West
111573,3,High-Income East
975477,1,High-Income West
581513,3,High-Income East
145322,3,High-Income East
243005,0,Low-Income East
306400,0,Low-Income East
823590,2,Low-Income West
121139,1,High-Income West
187835,3,High-Income East
307623,3,High-Income East
331697,1,High-Income West
719736,3,High-Income East
656036,3,High-Income East
155020,2,Low-Income West
954454,0,Low-Income East
430670,2,Low-Income West
408170,0,Low-Income East
919338,0,Low-Income East
905787,3,High-Income East
536794,2,Low-Income West
665679,0,Low-Income East
340927,3,High-Income East
809107,2,Low-Income West
218917,0,Low-Income East
334192,2,Low-Income West
739808,0,Low-Income East
855635,0,Low-Income East
969617,0,Low-Income East
645145,0,Low-Income East
681399,2,Low-Income West
986623,0,Low-Income East
211058,3,High-Income East
104673,0,Low-Income East
330562,3,High-Income East
209994,0,Low-Income East
611084,0,Low-Income East
200708,0,Low-Income East
907252,0,Low-Income East
893040,0,Low-Income East
251012,0,Low-Income East
276484,0,Low-Income East
377464,0,Low-Income East
462701,1,High-Income West
715797,3,High-Income East
445251,0,Low-Income East
772484,0,Low-Income East
858817,1,High-Income West
182543,0,Low-Income East
228557,2,Low-Income West
968225,3,High-Income East
886876,1,High-Income West
368027,0,Low-Income East
384409,2,Low-Income West
257506,0,Low-Income East
299464,0,Low-Income East
117053,1,High-Income West
265784,2,Low-Income West
136106,0,Low-Income East
221709,0,Low-Income East
545127,3,High-Income East
128975,3,High-Income East
991275,1,High-Income West
866403,3,High-Income East
742009,3,High-Income East
332823,0,Low-Income East
356613,2,Low-Income West
952911,3,High-Income East
967637,0,Low-Income East
445704,3,High-Income East
332027,2,Low-Income West
778027,1,High-Income West
225363,2,Low-Income West
571180,0,Low-Income East
321213,3,High-Income East
190405,0,Low-Income East
619537,3,High-Income East
780298,1,High-Income West
968312,3,High-Income East
487486,0,Low-Income East
807769,0,Low-Income East
945455,0,Low-Income East
287266,3,High-Income East
445599,1,High-Income West
738096,2,Low-Income West
703109,1,High-Income West
512358,2,Low-Income West
380843,3,High-Income East
633640,0,Low-Income East
194886,3,High-Income East
594200,0,Low-Income East
691365,0,Low-Income East
616374,3,High-Income East
776931,3,High-Income East
768415,2,Low-Income West
469702,3,High-Income East
485795,2,Low-Income West
308362,3,High-Income East
350692,3,High-Income East
850359,3,High-Income East
107420,0,Low-Income East
366500,2,Low-Income West
860032,3,High-Income East
135134,1,High-Income West
456632,1,High-Income West
459517,3,High-Income East
708807,1,High-Income West
474846,0,Low-Income East
441631,2,Low-Income West
612186,0,Low-Income East
828232,0,Low-Income East
884570,0,Low-Income East
130077,1,High-Income West
695978,0,Low-Income East
488044,0,Low-Income East
998085,1,High-Income West
916880,3,High-Income East
328111,2,Low-Income West
928922,0,Low-Income East
939431,3,High-Income East
112863,1,High-Income West
978907,3,High-Income East
178459,1,High-Income West
907945,0,Low-Income East
497784,2,Low-Income West
651694,0,Low-Income East
952602,2,Low-Income West
219555,2,Low-Income West
828862,0,Low-Income East
487727,1,High-Income West
493819,3,High-Income East
746296,0,Low-Income East
709982,3,High-Income East
511437,0,Low-Income East
227398,0,Low-Income East
520660,2,Low-Income West
732694,0,Low-Income East
898887,0,Low-Income East
800945,0,Low-Income East
855530,2,Low-Income West
513123,3,High-Income East
139022,1,High-Income West
973728,1,High-Income West
504919,2,Low-Income West
263069,1,High-Income West
885176,3,High-Income East
659731,1,High-Income West
914074,1,High-Income West
204840,1,High-Income West
696128,3,High-Income East
729084,1,High-Income West
188136,3,High-Income East
364596,3,High-Income East
390377,0,Low-Income East
807942,0,Low-Income East
438593,0,Low-Income East
935161,2,Low-Income West
577360,0,Low-Income East
958915,3,High-Income East
197890,1,High-Income West
984429,2,Low-Income West
615411,0,Low-Income East
843665,0,Low-Income East
732813,0,Low-Income East
376144,3,High-Income East
432655,3,High-Income East
740763,0,Low-Income East
894448,3,High-Income East
881749,1,High-Income West
199478,3,High-Income East
533388,0,Low-Income East
350979,0,Low-Income East
436419,3,High-Income East
232884,2,Low-Income West
572663,0,Low-Income East
212350,0,Low-Income East
352501,1,High-Income West
634900,0,Low-Income East
824712,3,High-Income East
115705,3,High-Income East
396471,3,High-Income East
408915,1,High-Income West
491310,3,High-Income East
505798,1,High-Income West
252271,0,Low-Income East
428765,0,Low-Income East
703972,0,Low-Income East
824163,2,Low-Income West
757834,0,Low-Income East
244398,0,Low-Income East
868154,0,Low-Income East
107037,1,High-Income West
219160,3,High-Income East
448273,3,High-Income East
731286,3,High-Income East
755145,1,High-Income West
208961,0,Low-Income East
546177,0,Low-Income East
937911,0,Low-Income East
667157,1,High-Income West
472692,0,Low-Income East
566951,1,High-Income West
716548,0,Low-Income East
936273,3,High-Income East
424216,2,Low-Income West
962989,0,Low-Income East
823998,0,Low-Income East
745870,3,High-Income East
363983,0,Low-Income East
189613,0,Low-Income East
494515,1,High-Income West
695564,0,Low-Income East
553879,1,High-Income West
573830,2,Low-Income West
968497,2,Low-Income West
792277,2,Low-Income West
793384,0,Low-Income East
430197,0,Low-Income East
447387,0,Low-Income East
772362,0,Low-Income East
447675,3,High-Income East
413659,0,Low-Income East
675956,0,Low-Income East
396920,0,Low-Income East
319947,0,Low-Income East
276037,1,High-Income West
758840,3,High-Income East
166846,2,Low-Income West
314372,3,High-Income East
727573,2,Low-Income West
153395,1,High-Income West
522677,2,Low-Income West
184678,2,Low-Income West
449555,2,Low-Income West
528226,0,Low-Income East
644265,0,Low-Income East
842835,0,Low-Income East
953614,0,Low-Income East
390880,1,High-Income West
676877,3,High-Income East
415446,0,Low-Income East
282678,2,Low-Income West
815850,0,Low-Income East
828182,2,Low-Income West
687262,2,Low-Income West
472373,0,Low-Income East
131253,3,High-Income East
194480,2,Low-Income West
376484,0,Low-Income East
684305,0,Low-Income East
863374,3,High-Income East
905161,1,High-Income West
278164,0,Low-Income East
342980,1,High-Income West
652431,0,Low-Income East
277375,0,Low-Income East
678925,0,Low-Income East
703507,3,High-Income East
961264,1,High-Income West
400802,1,High-Income West
640831,3,High-Income East
670002,0,Low-Income East
550434,3,High-Income East
492505,3,High-Income East
548037,0,Low-Income East
596173,0,Low-Income East
569940,3,High-Income East
987530,3,High-Income East
396155,2,Low-Income West
605134,0,Low-Income East
137850,1,High-Income West
512169,3,High-Income East
661411,3,High-Income East
711565,1,High-Income West
241677,2,Low-Income West
825484,3,High-Income East
216666,0,Low-Income East
721494,1,High-Income West
118376,2,Low-Income West
905806,0,Low-Income East
197086,3,High-Income East
304080,1,High-Income West
775520,0,Low-Income East
409051,0,Low-Income East
590280,0,Low-Income East
737842,0,Low-Income East
296095,2,Low-Income West
430097,0,Low-Income East
432366,0,Low-Income East
175169,3,High-Income East
784710,0,Low-Income East
406411,1,High-Income West
258166,0,Low-Income East
357298,0,Low-Income East
730214,0,Low-Income East
811333,3,High-Income East
157751,0,Low-Income East
789149,1,High-Income West
667398,0,Low-Income East
540112,3,High-Income East
744746,2,Low-Income West
823113,2,Low-Income West
482922,2,Low-Income West
467222,0,Low-Income East
204424,0,Low-Income East
477219,0,Low-Income East
817298,0,Low-Income East
106757,2,Low-Income West
210755,0,Low-Income East
272476,0,Low-Income East
476648,0,Low-Income East
676669,3,High-Income East
922815,1,High-Income West
947026,0,Low-Income East
162155,2,Low-Income West
234807,0,Low-Income East
715271,2,Low-Income West
876243,1,High-Income West
496329,3,High-Income East
881428,0,Low-Income East
259446,2,Low-Income West
695987,3,High-Income East
465476,1,High-Income West
375371,1,High-Income West
414433,1,High-Income West
107296,3,High-Income East
521043,1,High-Income West
481851,3,High-Income East
885763,2,Low-Income West
488647,3,High-Income East
324049,0,Low-Income East
968842,3,High-Income East
745354,2,Low-Income West
686232,0,Low-Income East
835240,0,Low-Income East
916269,2,Low-Income West
942952,0,Low-Income East
965713,0,Low-Income East
604510,1,High-Income West
504564,1,High-Income West
519419,3,High-Income East
671115,0,Low-Income East
471000,1,High-Income West
677404,0,Low-Income East
772194,3,High-Income East
869804,0,Low-Income East
983440,2,Low-Income West
851901,2,Low-Income West
337148,3,High-Income East
847704,3,High-Income East
295561,2,Low-Income West
248265,2,Low-Income West
875789,0,Low-Income East
822995,1,High-Income West
219779,0,Low-Income East
155348,2,Low-Income West
205697,2,Low-Income West
827215,0,Low-Income East
411420,1,High-Income West
179153,3,High-Income East
205826,1,High-Income West
602931,3,High-Income East
346560,3,High-Income East
277855,0,Low-Income East
348600,2,Low-Income West
863219,0,Low-Income East
524055,3,High-Income East
825730,1,High-Income West
859516,1,High-Income West
737534,3,High-Income East
677217,3,High-Income East
600432,3,High-Income East
170152,1,High-Income West
958283,3,High-Income East
705020,3,High-Income East
194722,1,High-Income West
225486,3,High-Income East
885871,3,High-Income East
670751,2,Low-Income West
347914,0,Low-Income East
336902,3,High-Income East
709656,3,High-Income East
796900,3,High-Income East
823567,3,High-Income East
921777,1,High-Income West
342483,2,Low-Income West
107993,0,Low-Income East
412186,0,Low-Income East
670131,1,High-Income West
143151,0,Low-Income East
643643,0,Low-Income East
955750,0,Low-Income East
577398,1,High-Income West
736685,1,High-Income West
844477,3,High-Income East
781963,1,High-Income West
398965,0,Low-Income East
410202,0,Low-Income East
555745,2,Low-Income West
977550,2,Low-Income West
448812,2,Low-Income West
436282,0,Low-Income East
636213,0,Low-Income East
864128,0,Low-Income East
424098,2,Low-Income West
740083,1,High-Income West
292384,2,Low-Income West
596911,1,High-Income West
636749,0,Low-Income East
681032,3,High-Income East
237107,3,High-Income East
896095,0,Low-Income East
448751,1,High-Income West
719300,0,Low-Income East
767175,2,Low-Income West
733467,0,Low-Income East
605768,0,Low-Income East
963067,1,High-Income West
348994,0,Low-Income East
376725,0,Low-Income East
324997,2,Low-Income West
160905,2,Low-Income West
365557,0,Low-Income East
196757,0,Low-Income East
321027,2,Low-Income West
113779,0,Low-Income East
624881,3,High-Income East
219270,3,High-Income East
282259,3,High-Income East
529544,1,High-Income West
870281,1,High-Income West
399943,3,High-Income East
763406,1,High-Income West
280822,0,Low-Income East
572073,3,High-Income East
683901,0,Low-Income East
790008,0,Low-Income East
841324,0,Low-Income East
699281,3,High-Income East
667275,2,Low-Income West
953693,0,Low-Income East
150301,0,Low-Income East
606004,1,High-Income West
268414,1,High-Income West
643669,3,High-Income East
267306,1,High-Income West
846313,1,High-Income West
266640,0,Low-Income East
107730,0,Low-Income East
649194,0,Low-Income East
450665,2,Low-Income West
574688,1,High-Income West
403764,1,High-Income West
999513,1,High-Income West
833148,2,Low-Income West
915009,2,Low-Income West
375467,1,High-Income West
600541,3,High-Income East
116735,1,High-Income West
247551,3,High-Income East
675409,0,Low-Income East
144615,3,High-Income East
933187,3,High-Income East
239476,0,Low-Income East
568870,0,Low-Income East
750153,0,Low-Income East
717229,2,Low-Income West
996900,0,Low-Income East
260000,2,Low-Income West
615131,3,High-Income East
813352,2,Low-Income West
121351,3,High-Income East
206925,0,Low-Income East
467359,2,Low-Income West
191626,3,High-Income East
644865,3,High-Income East
821918,0,Low-Income East
972129,2,Low-Income West
149348,2,Low-Income West
960959,0,Low-Income East
837269,2,Low-Income West
611029,2,Low-Income West
602585,0,Low-Income East
960441,2,Low-Income West
709724,0,Low-Income East
355578,0,Low-Income East
740063,0,Low-Income East
961965,0,Low-Income East
167491,3,High-Income East
651377,3,High-Income East
680738,1,High-Income West
108430,2,Low-Income West
776443,0,Low-Income East
398839,0,Low-Income East
243273,1,High-Income West
187838,2,Low-Income West
946439,0,Low-Income East
530880,2,Low-Income West
904397,0,Low-Income East
939399,3,High-Income East
300371,1,High-Income West
532997,3,High-Income East
103969,0,Low-Income East
173673,0,Low-Income East
562510,1,High-Income West
183129,0,Low-Income East
483274,3,High-Income East
880402,2,Low-Income West
525612,3,High-Income East
103151,1,High-Income West
961440,3,High-Income East
171350,3,High-Income East
944636,0,Low-Income East
300460,2,Low-Income West
224178,0,Low-Income East
212301,3,High-Income East
798533,1,High-Income West
905854,1,High-Income West
571992,3,High-Income East
191656,3,High-Income East
193519,0,Low-Income East
255320,0,Low-Income East
688132,2,Low-Income West
498028,1,High-Income West
339880,3,High-Income East
181184,0,Low-Income East
906217,2,Low-Income West
273054,2,Low-Income West
728009,2,Low-Income West
401824,1,High-Income West
278013,3,High-Income East
759551,1,High-Income West
512471,3,High-Income East
402966,2,Low-Income West
834576,0,Low-Income East
867561,0,Low-Income East
578998,2,Low-Income West
863262,0,Low-Income East
744181,2,Low-Income West
380001,3,High-Income East
648455,1,High-Income West
545534,0,Low-Income East
923527,2,Low-Income West
491481,2,Low-Income West
309041,0,Low-Income East
187077,0,Low-Income East
939571,3,High-Income East
912940,0,Low-Income East
302827,3,High-Income East
797704,1,High-Income West
168290,0,Low-Income East
856496,3,High-Income East
491907,0,Low-Income East
675419,0,Low-Income East
447771,2,Low-Income West
849510,0,Low-Income East
687533,2,Low-Income West
767971,0,Low-Income East
683276,0,Low-Income East
225746,3,High-Income East
248497,1,High-Income West
379562,2,Low-Income West
343139,1,High-Income West
345765,3,High-Income East
123525,1,High-Income West
175528,3,High-Income East
374967,3,High-Income East
607565,3,High-Income East
749430,1,High-Income West
902966,3,High-Income East
559111,0,Low-Income East
190524,3,High-Income East
266561,0,Low-Income East
563086,2,Low-Income West
625033,3,High-Income East
643300,1,High-Income West
353369,3,High-Income East
309456,0,Low-Income East
923959,2,Low-Income West
651097,3,High-Income East
570299,3,High-Income East
258296,3,High-Income East
710029,0,Low-Income East
760424,0,Low-Income East
746031,0,Low-Income East
529331,3,High-Income East
364710,0,Low-Income East
566374,0,Low-Income East
333051,3,High-Income East
642323,0,Low-Income East
798869,0,Low-Income East
977244,3,High-Income East
801738,1,High-Income West
219139,1,High-Income West
228030,2,Low-Income West
592992,0,Low-Income East
179870,0,Low-Income East
838263,3,High-Income East
592003,0,Low-Income East
767366,0,Low-Income East
433172,2,Low-Income West
697356,0,Low-Income East
225318,2,Low-Income West
551533,2,Low-Income West
926083,1,High-Income West
240044,3,High-Income East
583327,1,High-Income West
586944,1,High-Income West
856406,2,Low-Income West
946771,0,Low-Income East
994044,1,High-Income West
262422,0,Low-Income East
864485,1,High-Income West
571942,1,High-Income West
298853,3,High-Income East
343547,0,Low-Income East
434922,3,High-Income East
804816,3,High-Income East
302921,1,High-Income West
973897,3,High-Income East
142763,0,Low-Income East
291148,3,High-Income East
302804,3,High-Income East
746853,2,Low-Income West
332780,3,High-Income East
373204,1,High-Income West
751270,3,High-Income East
602384,0,Low-Income East
758432,0,Low-Income East
203745,3,High-Income East
156138,3,High-Income East
373950,1,High-Income West
161557,3,High-Income East
326699,1,High-Income West
823663,3,High-Income East
854812,3,High-Income East
890232,2,Low-Income West
559619,0,Low-Income East
627869,2,Low-Income West
780525,3,High-Income East
346205,3,High-Income East
985427,1,High-Income West
850245,0,Low-Income East
915948,1,High-Income West
479015,2,Low-Income West
659251,0,Low-Income East
949829,3,High-Income East
426536,0,Low-Income East
621695,3,High-Income East
370090,3,High-Income East
653636,1,High-Income West
663514,1,High-Income West
260726,3,High-Income East
397891,1,High-Income West
405339,3,High-Income East
508456,1,High-Income West
576057,1,High-Income West
614373,1,High-Income West
724272,3,High-Income East
582067,3,High-Income East
628596,3,High-Income East
113363,0,Low-Income East
172345,0,Low-Income East
103985,0,Low-Income East
357903,3,High-Income East
860684,2,Low-Income West
531515,1,High-Income West
653539,3,High-Income East
150134,2,Low-Income West
316527,2,Low-Income West
825464,0,Low-Income East
123697,0,Low-Income East
467151,2,Low-Income West
613195,0,Low-Income East
976834,0,Low-Income East
136049,0,Low-Income East
122206,3,High-Income East
173873,3,High-Income East
203973,3,High-Income East
276204,1,High-Income West
291595,1,High-Income West
606852,1,High-Income West
952532,2,Low-Income West
971637,0,Low-Income East
746772,3,High-Income East
454750,3,High-Income East
141139,0,Low-Income East
308144,2,Low-Income West
632515,1,High-Income West
612370,0,Low-Income East
840882,0,Low-Income East
437262,0,Low-Income East
825315,0,Low-Income East
760061,0,Low-Income East
603005,3,High-Income East
127289,2,Low-Income West
435883,0,Low-Income East
537124,3,High-Income East
849884,0,Low-Income East
523246,1,High-Income West
684296,1,High-Income West
859972,3,High-Income East
833783,3,High-Income East
779929,1,High-Income West
196583,0,Low-Income East
735627,2,Low-Income West
549537,0,Low-Income East
461353,1,High-Income West
920321,3,High-Income East
185129,1,High-Income West
891097,3,High-Income East
443130,0,Low-Income East
607480,2,Low-Income West
365421,3,High-Income East
369943,1,High-Income West
727497,0,Low-Income East
600792,1,High-Income West
688691,3,High-Income East
623946,1,High-Income West
302134,2,Low-Income West
767494,0,Low-Income East
637765,3,High-Income East
647791,3,High-Income East
278987,0,Low-Income East
695076,2,Low-Income West
384146,2,Low-Income West
456167,0,Low-Income East
488303,2,Low-Income West
895537,0,Low-Income East
529415,3,High-Income East
591547,0,Low-Income East
142224,2,Low-Income West
106689,0,Low-Income East
410341,2,Low-Income West
948825,1,High-Income West
525525,1,High-Income West
683699,3,High-Income East
210485,1,High-Income West
717780,3,High-Income East
546869,3,High-Income East
261423,3,High-Income East
715369,1,High-Income West
173506,3,High-Income East
579943,1,High-Income West
174923,3,High-Income East
105074,3,High-Income East
724222,1,High-Income West
327019,2,Low-Income West
451740,0,Low-Income East
987482,3,High-Income East
555398,1,High-Income West
778317,3,High-Income East
176848,0,Low-Income East
626070,0,Low-Income East
323735,3,High-Income East
958743,3,High-Income East
137209,3,High-Income East
390209,1,High-Income West
286975,0,Low-Income East
919832,1,High-Income West
387553,1,High-Income West
867801,1,High-Income West
609650,1,High-Income West
298535,2,Low-Income West
424139,2,Low-Income West
459163,0,Low-Income East
593116,0,Low-Income East
668970,2,Low-Income West
707974,2,Low-Income West
831987,2,Low-Income West
372522,1,High-Income West
675506,3,High-Income East
816705,0,Low-Income East
527067,1,High-Income West
802200,3,High-Income East
565074,3,High-Income East
853421,1,High-Income West
651210,1,High-Income West
574005,1,High-Income West
377173,3,High-Income East
706792,1,High-Income West
346828,0,Low-Income East
370959,2,Low-Income West
104849,3,High-Income East
339220,3,High-Income East
836523,1,High-Income West
526579,3,High-Income East
331184,2,Low-Income West
479950,0,Low-Income East
371368,3,High-Income East
780150,3,High-Income East
849569,3,High-Income East
684826,0,Low-Income East
862932,2,Low-Income West
104431,2,Low-Income West
822723,0,Low-Income East
243018,0,Low-Income East
718922,0,Low-Income East
472405,0,Low-Income East
240861,1,High-Income West
305100,3,High-Income East
329446,1,High-Income West
648231,2,Low-Income West
810028,0,Low-Income East
331857,2,Low-Income West
456117,0,Low-Income East
873977,2,Low-Income West
480872,1,High-Income West
515634,3,High-Income East
801607,2,Low-Income West
249811,0,Low-Income East
671906,2,Low-Income West
530214,0,Low-Income East
826230,2,Low-Income West
480203,1,High-Income West
486890,3,High-Income East
190570,0,Low-Income East
273070,3,High-Income East
444748,2,Low-Income West
526479,0,Low-Income East
945166,3,High-Income East
396996,0,Low-Income East
639466,3,High-Income East
732144,1,High-Income West
998078,2,Low-Income West
100140,2,Low-Income West
646225,0,Low-Income East
279580,3,High-Income East
664771,3,High-Income East
482940,3,High-Income East
662045,2,Low-Income West
666877,3,High-Income East
444371,3,High-Income East
512640,1,High-Income West
952026,2,Low-Income West
264034,2,Low-Income West
509962,0,Low-Income East
950216,3,High-Income East
868719,1,High-Income West
400958,0,Low-Income East
641586,3,High-Income East
496403,1,High-Income West
737755,3,High-Income East
234630,3,High-Income East
641162,0,Low-Income East
614441,0,Low-Income East
652756,2,Low-Income West
463882,3,High-Income East
904669,1,High-Income West
955666,1,High-Income West
225930,0,Low-Income East
574081,2,Low-Income West
712521,3,High-Income East
369867,3,High-Income East
181377,1,High-Income West
407468,2,Low-Income West
882263,0,Low-Income East
499583,3,High-Income East
376618,3,High-Income East
154644,0,Low-Income East
683356,2,Low-Income West
753637,1,High-Income West
923062,3,High-Income East
723969,0,Low-Income East
846215,0,Low-Income East
231084,3,High-Income East
765793,3,High-Income East
562358,0,Low-Income East
550352,2,Low-Income West
746554,0,Low-Income East
336541,3,High-Income East
872340,3,High-Income East
967838,1,High-Income West
429471,1,High-Income West
544619,3,High-Income East
829627,1,High-Income West
417841,0,Low-Income East
392713,3,High-Income East
213086,3,High-Income East
735964,1,High-Income West
216596,1,High-Income West
887328,3,High-Income East
911585,1,High-Income West
708933,3,High-Income East
102877,0,Low-Income East
546456,2,Low-Income West
272148,0,Low-Income East
939992,0,Low-Income East
318291,2,Low-Income West
403052,0,Low-Income East
349447,2,Low-Income West
931247,1,High-Income West
466781,0,Low-Income East
700225,3,High-Income East
894608,3,High-Income East
140381,2,Low-Income West
262774,2,Low-Income West
315736,0,Low-Income East
549064,0,Low-Income East
608537,0,Low-Income East
808206,2,Low-Income West
813739,2,Low-Income West
939683,0,Low-Income East
188120,2,Low-Income West
117482,0,Low-Income East
897229,0,Low-Income East
889687,3,High-Income East
427976,0,Low-Income East
497756,1,High-Income West
916300,3,High-Income East
294027,3,High-Income East
982543,0,Low-Income East
267739,3,High-Income East
535413,3,High-Income East
629706,2,Low-Income West
132552,3,High-Income East
336770,1,High-Income West
159486,0,Low-Income East
576345,2,Low-Income West
561570,0,Low-Income East
573290,2,Low-Income West
497891,2,Low-Income West
755374,1,High-Income West
321762,0,Low-Income East
612955,3,High-Income East
260464,0,Low-Income East
963595,0,Low-Income East
193150,3,High-Income East
369416,1,High-Income West
888506,0,Low-Income East
410790,3,High-Income East
865401,3,High-Income East
894099,1,High-Income West
797158,3,High-Income East
918272,3,High-Income East
297684,0,Low-Income East
687186,2,Low-Income West
458614,1,High-Income West
231013,0,Low-Income East
277884,2,Low-Income West
452873,0,Low-Income East
465741,0,Low-Income East
515860,0,Low-Income East
777549,2,Low-Income West
916358,2,Low-Income West
100102,0,Low-Income East
977693,2,Low-Income West
675516,3,High-Income East
751823,1,High-Income West
194065,3,High-Income East
375683,3,High-Income East
631406,1,High-Income West
864161,3,High-Income East
976423,1,High-Income West
959280,2,Low-Income West
531619,3,High-Income East
728563,1,High-Income West
552016,2,Low-Income West
982296,3,High-Income East
113874,0,Low-Income East
562404,2,Low-Income West
135841,0,Low-Income East
926611,0,Low-Income East
426958,1,High-Income West
442479,0,Low-Income East
870687,3,High-Income East
569347,3,High-Income East
831860,1,High-Income West
857235,0,Low-Income East
465729,2,Low-Income West
240963,0,Low-Income East
336831,3,High-Income East
942083,1,High-Income West
851549,3,High-Income East
333207,1,High-Income West
677560,3,High-Income East
757420,2,Low-Income West
344768,0,Low-Income East
347634,0,Low-Income East
421752,0,Low-Income East
663416,2,Low-Income West
221813,1,High-Income West
747187,3,High-Income East
283980,0,Low-Income East
487212,2,Low-Income West
288612,3,High-Income East
921746,3,High-Income East
638085,3,High-Income East
835440,0,Low-Income East
700207,3,High-Income East
747668,3,High-Income East
203607,0,Low-Income East
260245,2,Low-Income West
417904,2,Low-Income West
973059,0,Low-Income East
459563,1,High-Income West
332289,1,High-Income West
400313,3,High-Income East
373886,1,High-Income West
490387,3,High-Income East
409908,3,High-Income East
210647,2,Low-Income West
904602,0,Low-Income East
346704,1,High-Income West
926867,3,High-Income East
485062,3,High-Income East
635517,0,Low-Income East
906780,0,Low-Income East
715255,1,High-Income West
948489,3,High-Income East
397272,3,High-Income East
478700,3,High-Income East
789052,1,High-Income West
453887,3,High-Income East
991893,3,High-Income East
972648,0,Low-Income East
500058,3,High-Income East
940901,2,Low-Income West
960005,0,Low-Income East
267020,3,High-Income East
283338,1,High-Income West
872234,3,High-Income East
408500,0,Low-Income East
762259,2,Low-Income West
804930,0,Low-Income East
877008,2,Low-Income West
913809,0,Low-Income East
445169,3,High-Income East
795492,3,High-Income East
744567,3,High-Income East
651605,3,High-Income East
945379,3,High-Income East
132209,1,High-Income West
826113,3,High-Income East
682709,3,High-Income East
662164,0,Low-Income East
189854,1,High-Income West
309727,3,High-Income East
700286,0,Low-Income East
859258,0,Low-Income East
938603,0,Low-Income East
192772,3,High-Income East
744135,1,High-Income West
478050,3,High-Income East
607115,3,High-Income East
347212,0,Low-Income East
236710,3,High-Income East
208256,0,Low-Income East
224000,0,Low-Income East
767331,2,Low-Income West
844193,2,Low-Income West
135279,0,Low-Income East
433496,2,Low-Income West
604526,3,High-Income East
645081,3,High-Income East
932233,1,High-Income West
806598,3,High-Income East
105789,2,Low-Income West
158901,0,Low-Income East
398603,3,High-Income East
287690,1,High-Income West
352068,3,High-Income East
418718,3,High-Income East
709499,1,High-Income West
336271,3,High-Income East
401834,1,High-Income West
649656,3,High-Income East
406099,0,Low-Income East
961427,3,High-Income East
470381,1,High-Income West
728085,3,High-Income East
600651,0,Low-Income East
164094,3,High-Income East
841631,1,High-Income West
363513,1,High-Income West
561413,3,High-Income East
332225,0,Low-Income East
170531,2,Low-Income West
561873,3,High-Income East
279634,2,Low-Income West
641903,2,Low-Income West
694648,3,High-Income East
491690,0,Low-Income East
641164,2,Low-Income West
247833,0,Low-Income East
464248,3,High-Income East
811471,1,High-Income West
569188,1,High-Income West
818040,3,High-Income East
434751,3,High-Income East
878510,1,High-Income West
653542,2,Low-Income West
831812,0,Low-Income East
219646,0,Low-Income East
843101,0,Low-Income East
335306,1,High-Income West
976831,3,High-Income East
670430,0,Low-Income East
278932,3,High-Income East
561107,3,High-Income East
990905,0,Low-Income East
846291,3,High-Income East
578811,0,Low-Income East
741677,2,Low-Income West
785965,0,Low-Income East
972791,3,High-Income East
109022,0,Low-Income East
904501,2,Low-Income West
985266,2,Low-Income West
138065,2,Low-Income West
528332,0,Low-Income East
603407,0,Low-Income East
607405,3,High-Income East
809449,2,Low-Income West
834615,0,Low-Income East
330858,3,High-Income East
504525,0,Low-Income East
716360,1,High-Income West
687589,0,Low-Income East
619268,3,High-Income East
923234,1,High-Income West
138204,0,Low-Income East
753306,0,Low-Income East
918326,0,Low-Income East
678493,3,High-Income East
781355,3,High-Income East
371737,1,High-Income West
391034,3,High-Income East
273414,0,Low-Income East
515023,0,Low-Income East
746536,2,Low-Income West
864288,1,High-Income West
702147,0,Low-Income East
724723,0,Low-Income East
772152,0,Low-Income East
173227,1,High-Income West
413088,0,Low-Income East
667293,2,Low-Income West
140290,1,High-Income West
994571,3,High-Income East
191780,2,Low-Income West
575948,0,Low-Income East
144641,1,High-Income West
192250,3,High-Income East
628452,2,Low-Income West
940904,0,Low-Income East
195895,3,High-Income East
758389,2,Low-Income West
870764,0,Low-Income East
636533,0,Low-Income East
817245,0,Low-Income East
977676,2,Low-Income West
523170,0,Low-Income East
239956,2,Low-Income West
918807,0,Low-Income East
423473,2,Low-Income West
702048,0,Low-Income East
181830,0,Low-Income East
362680,2,Low-Income West
347850,3,High-Income East
808498,3,High-Income East
927559,3,High-Income East
450323,0,Low-Income East
756481,0,Low-Income East
796429,2,Low-Income West
930620,0,Low-Income East
442838,1,High-Income West
336037,0,Low-Income East
479198,2,Low-Income West
552441,0,Low-Income East
152406,3,High-Income East
447925,1,High-Income West
884691,3,High-Income East
197608,2,Low-Income West
802336,0,Low-Income East
229075,2,Low-Income West
983810,3,High-Income East
153003,3,High-Income East
199405,3,High-Income East
495403,1,High-Income West
156945,3,High-Income East
783363,3,High-Income East
443967,2,Low-Income West
992985,0,Low-Income East
737949,2,Low-Income West
846046,0,Low-Income East
379506,2,Low-Income West
423941,2,Low-Income West
303396,0,Low-Income East
798954,0,Low-Income East
493640,2,Low-Income West
661546,0,Low-Income East
196367,3,High-Income East
573649,1,High-Income West
337235,1,High-Income West
706820,3,High-Income East
620406,2,Low-Income West
502943,0,Low-Income East
473674,0,Low-Income East
624704,2,Low-Income West
686769,0,Low-Income East
690671,0,Low-Income East
733515,2,Low-Income West
841674,0,Low-Income East
974041,0,Low-Income East
556492,2,Low-Income West
820344,0,Low-Income East
235398,0,Low-Income East
514632,3,High-Income East
581079,1,High-Income West
324242,3,High-Income East
669066,3,High-Income East
616956,0,Low-Income East
779882,0,Low-Income East
415915,0,Low-Income East
299454,0,Low-Income East
429354,1,High-Income West
612595,3,High-Income East
708230,0,Low-Income East
224664,3,High-Income East
873116,3,High-Income East
701012,3,High-Income East
851563,3,High-Income East
977080,1,High-Income West
973060,0,Low-Income East
293663,3,High-Income East
248433,2,Low-Income West
314108,0,Low-Income East
358201,2,Low-Income West
480158,0,Low-Income East
576658,2,Low-Income West
824990,0,Low-Income East
992002,2,Low-Income West
384744,3,High-Income East
808920,0,Low-Income East
611356,3,High-Income East
133859,1,High-Income West
212128,3,High-Income East
692129,2,Low-Income West
855602,1,High-Income West
946998,3,High-Income East
300106,3,High-Income East
973524,1,High-Income West
316290,0,Low-Income East
338838,0,Low-Income East
413115,0,Low-Income East
588789,3,High-Income East
686044,1,High-Income West
820341,0,Low-Income East
833165,2,Low-Income West
149655,1,High-Income West
164064,0,Low-Income East
893574,0,Low-Income East
192115,3,High-Income East
570971,3,High-Income East
548682,3,High-Income East
705806,2,Low-Income West
962657,0,Low-Income East
139511,3,High-Income East
830394,0,Low-Income East
922000,0,Low-Income East
533391,0,Low-Income East
681328,2,Low-Income West
610684,0,Low-Income East
766775,2,Low-Income West
998072,0,Low-Income East
327203,3,High-Income East
570806,1,High-Income West
797992,3,High-Income East
801368,3,High-Income East
348672,0,Low-Income East
469545,2,Low-Income West
438526,0,Low-Income East
502946,2,Low-Income West
188307,0,Low-Income East
215567,2,Low-Income West
169418,2,Low-Income West
376983,1,High-Income West
801948,3,High-Income East
546025,2,Low-Income West
674372,0,Low-Income East
248950,3,High-Income East
700096,3,High-Income East
815804,1,High-Income West
205087,0,Low-Income East
979634,2,Low-Income West
546231,3,High-Income East
990918,1,High-Income West
967772,2,Low-Income West
286718,3,High-Income East
750154,3,High-Income East
404012,3,High-Income East
949134,3,High-Income East
446403,3,High-Income East
822066,2,Low-Income West
375757,2,Low-Income West
652816,1,High-Income West
669028,0,Low-Income East
503673,1,High-Income West
950029,3,High-Income East
511444,0,Low-Income East
818995,1,High-Income West
257981,2,Low-Income West
203293,1,High-Income West
281305,0,Low-Income East
136232,0,Low-Income East
348475,0,Low-Income East
399514,1,High-Income West
919340,3,High-Income East
974330,2,Low-Income West
895544,3,High-Income East
272893,3,High-Income East
835149,1,High-Income West
366049,2,Low-Income West
515142,0,Low-Income East
879416,1,High-Income West
999120,3,High-Income East
521431,0,Low-Income East
349695,1,High-Income West
522261,2,Low-Income West
454609,1,High-Income West
707273,3,High-Income East
331325,0,Low-Income East
682528,3,High-Income East
937862,1,High-Income West
488071,3,High-Income East
499346,3,High-Income East
620078,3,High-Income East
757387,1,High-Income West
786391,3,High-Income East
837273,1,High-Income West
841204,3,High-Income East
844348,3,High-Income East
261964,0,Low-Income East
712114,1,High-Income West
323593,0,Low-Income East
790341,0,Low-Income East
910576,3,High-Income East
132756,3,High-Income East
246800,3,High-Income East
298156,3,High-Income East
375722,1,High-Income West
411715,1,High-Income West
532848,1,High-Income West
816122,3,High-Income East
894691,3,High-Income East
976695,3,High-Income East
991230,3,High-Income East
383842,3,High-Income East
459948,3,High-Income East
664054,0,Low-Income East
264409,0,Low-Income East
248487,1,High-Income West
507486,3,High-Income East
385638,3,High-Income East
662166,0,Low-Income East
299573,3,High-Income East
839422,1,High-Income West
250609,1,High-Income West
131673,1,High-Income West
728316,3,High-Income East
983450,0,Low-Income East
530436,2,Low-Income West
653340,0,Low-Income East
271641,2,Low-Income West
745636,0,Low-Income East
852597,3,High-Income East
418233,0,Low-Income East
491704,2,Low-Income West
724033,0,Low-Income East
130548,2,Low-Income West
198813,2,Low-Income West
270011,2,Low-Income West
344990,2,Low-Income West
369121,0,Low-Income East
591758,0,Low-Income East
628320,2,Low-Income West
741725,0,Low-Income East
562655,2,Low-Income West
164973,0,Low-Income East
394363,0,Low-Income East
577195,2,Low-Income West
822653,0,Low-Income East
317060,0,Low-Income East
511302,3,High-Income East
682654,0,Low-Income East
365635,1,High-Income West
616739,3,High-Income East
835760,1,High-Income West
777990,2,Low-Income West
867833,0,Low-Income East
245419,2,Low-Income West
731819,0,Low-Income East
235220,0,Low-Income East
296626,0,Low-Income East
553954,2,Low-Income West
108381,2,Low-Income West
176284,2,Low-Income West
510505,0,Low-Income East
639258,0,Low-Income East
446135,3,High-Income East
557138,3,High-Income East
664666,0,Low-Income East
654983,2,Low-Income West
675243,0,Low-Income East
825333,0,Low-Income East
685208,0,Low-Income East
638740,1,High-Income West
485486,3,High-Income East
787571,1,High-Income West
339941,3,High-Income East
539370,1,High-Income West
547213,2,Low-Income West
722538,0,Low-Income East
535436,0,Low-Income East
885739,0,Low-Income East
256467,0,Low-Income East
297379,0,Low-Income East
921899,2,Low-Income West
511541,2,Low-Income West
122685,3,High-Income East
401760,1,High-Income West
247514,3,High-Income East
992028,1,High-Income West
782078,1,High-Income West
710005,0,Low-Income East
546163,0,Low-Income East
838283,1,High-Income West
281737,3,High-Income East
344669,1,High-Income West
128325,2,Low-Income West
370979,1,High-Income West
146400,3,High-Income East
855394,0,Low-Income East
573964,0,Low-Income East
369739,1,High-Income West
667262,2,Low-Income West
758656,2,Low-Income West
286927,0,Low-Income East
552278,2,Low-Income West
632130,0,Low-Income East
645635,3,High-Income East
789624,3,High-Income East
706497,3,High-Income East
963487,3,High-Income East
343247,2,Low-Income West
657748,0,Low-Income East
186295,3,High-Income East
112733,1,High-Income West
781647,3,High-Income East
157771,1,High-Income West
103860,3,High-Income East
245671,1,High-Income West
538341,3,High-Income East
672255,3,High-Income East
991529,3,High-Income East
363178,0,Low-Income East
974189,0,Low-Income East
529471,3,High-Income East
549404,3,High-Income East
874984,2,Low-Income West
170079,2,Low-Income West
405030,0,Low-Income East
467401,3,High-Income East
803656,0,Low-Income East
495148,1,High-Income West
300454,3,High-Income East
965254,0,Low-Income East
286551,3,High-Income East
123908,0,Low-Income East
289472,1,High-Income West
692628,0,Low-Income East
803956,2,Low-Income West
608850,1,High-Income West
788091,3,High-Income East
110030,0,Low-Income East
307136,2,Low-Income West
277025,1,High-Income West
484894,3,High-Income East
252476,2,Low-Income West
512071,0,Low-Income East
789004,3,High-Income East
948325,1,High-Income West
210416,2,Low-Income West
349153,0,Low-Income East
855351,1,High-Income West
328213,0,Low-Income East
554104,2,Low-Income West
260622,3,High-Income East
692671,1,High-Income West
725807,3,High-Income East
308991,0,Low-Income East
330365,2,Low-Income West
873488,1,High-Income West
126181,1,High-Income West
278898,2,Low-Income West
597209,0,Low-Income East
560104,3,High-Income East
941064,0,Low-Income East
347466,3,High-Income East
448654,1,High-Income West
423432,3,High-Income East
854855,3,High-Income East
395168,0,Low-Income East
464799,0,Low-Income East
600309,3,High-Income East
810338,1,High-Income West
153582,0,Low-Income East
349001,2,Low-Income West
748649,2,Low-Income West
815248,0,Low-Income East
963814,2,Low-Income West
999498,0,Low-Income East
870857,0,Low-Income East
640588,3,High-Income East
310853,3,High-Income East
579710,1,High-Income West
426533,0,Low-Income East
309277,0,Low-Income East
850092,2,Low-Income West
611046,0,Low-Income East
921191,0,Low-Income East
218277,0,Low-Income East
232703,2,Low-Income West
559261,3,High-Income East
987425,0,Low-Income East
553453,2,Low-Income West
738467,0,Low-Income East
862096,3,High-Income East
420738,1,High-Income West
106978,3,High-Income East
985183,2,Low-Income West
224740,3,High-Income East
440885,1,High-Income West
590246,2,Low-Income West
497030,2,Low-Income West
519984,0,Low-Income East
215751,2,Low-Income West
716197,0,Low-Income East
413815,3,High-Income East
499658,2,Low-Income West
213723,0,Low-Income East
232203,1,High-Income West
663746,0,Low-Income East
986143,2,Low-Income West
764302,0,Low-Income East
124536,0,Low-Income East
161574,2,Low-Income West
494899,0,Low-Income East
371402,2,Low-Income West
628669,0,Low-Income East
979639,1,High-Income West
220616,3,High-Income East
840038,1,High-Income West
986288,0,Low-Income East
264053,3,High-Income East
265612,0,Low-Income East
638162,3,High-Income East
642976,0,Low-Income East
208649,0,Low-Income East
623861,2,Low-Income West
481262,2,Low-Income West
977037,0,Low-Income East
216269,2,Low-Income West
817158,2,Low-Income West
937645,0,Low-Income East
721225,3,High-Income East
723978,0,Low-Income East
742493,0,Low-Income East
298232,0,Low-Income East
348065,2,Low-Income West
967017,1,High-Income West
119917,0,Low-Income East
347276,2,Low-Income West
456887,2,Low-Income West
506372,0,Low-Income East
506749,0,Low-Income East
527773,2,Low-Income West
605127,0,Low-Income East
728837,0,Low-Income East
877251,2,Low-Income West
939074,2,Low-Income West
820542,0,Low-Income East
247247,0,Low-Income East
276931,0,Low-Income East
434136,3,High-Income East
781970,0,Low-Income East
223238,1,High-Income West
737474,3,High-Income East
540966,0,Low-Income East
470334,0,Low-Income East
247103,3,High-Income East
420434,1,High-Income West
515579,2,Low-Income West
523722,0,Low-Income East
617960,0,Low-Income East
911372,0,Low-Income East
199021,2,Low-Income West
989081,0,Low-Income East
375890,2,Low-Income West
785114,0,Low-Income East
875657,0,Low-Income East
742359,2,Low-Income West
877595,0,Low-Income East
241990,2,Low-Income West
470738,0,Low-Income East
219714,0,Low-Income East
411094,3,High-Income East
545514,2,Low-Income West
824917,0,Low-Income East
109660,2,Low-Income West
202358,0,Low-Income East
924132,0,Low-Income East
177518,0,Low-Income East
304824,2,Low-Income West
677322,0,Low-Income East
550303,1,High-Income West
817066,0,Low-Income East
237018,0,Low-Income East
719576,2,Low-Income West
893376,0,Low-Income East
579890,0,Low-Income East
855922,0,Low-Income East
386790,3,High-Income East
399917,3,High-Income East
441670,1,High-Income West
455651,3,High-Income East
488549,3,High-Income East
626542,1,High-Income West
683250,3,High-Income East
854077,3,High-Income East
854704,3,High-Income East
310396,0,Low-Income East
319469,2,Low-Income West
957419,0,Low-Income East
201276,1,High-Income West
949612,3,High-Income East
765481,0,Low-Income East
325935,0,Low-Income East
982969,2,Low-Income West
293496,0,Low-Income East
501552,2,Low-Income West
515049,0,Low-Income East
641384,2,Low-Income West
734801,0,Low-Income East
833683,0,Low-Income East
880849,0,Low-Income East
960708,2,Low-Income West
247607,2,Low-Income West
390350,0,Low-Income East
924089,3,High-Income East
410702,0,Low-Income East
937484,1,High-Income West
548335,3,High-Income East
567805,0,Low-Income East
631801,1,High-Income West
921392,3,High-Income East
197239,0,Low-Income East
502848,0,Low-Income East
195150,0,Low-Income East
396997,0,Low-Income East
904802,1,High-Income West
129030,1,High-Income West
329039,1,High-Income West
521576,3,High-Income East
683550,1,High-Income West
111329,0,Low-Income East
454327,2,Low-Income West
747395,0,Low-Income East
989816,3,High-Income East
131893,0,Low-Income East
900894,1,High-Income West
277367,3,High-Income East
807152,0,Low-Income East
140375,0,Low-Income East
354464,2,Low-Income West
359360,0,Low-Income East
606060,0,Low-Income East
997439,0,Low-Income East
113831,0,Low-Income East
643854,1,High-Income West
858352,3,High-Income East
133608,1,High-Income West
224924,2,Low-Income West
759983,0,Low-Income East
205505,0,Low-Income East
305102,0,Low-Income East
369000,1,High-Income West
837175,3,High-Income East
632638,0,Low-Income East
876757,2,Low-Income West
187161,0,Low-Income East
948145,2,Low-Income West
133518,0,Low-Income East
716750,0,Low-Income East
671368,3,High-Income East
877242,0,Low-Income East
975613,2,Low-Income West
130419,1,High-Income West
454663,3,High-Income East
523194,3,High-Income East
628211,3,High-Income East
690984,3,High-Income East
871124,1,High-Income West
890882,2,Low-Income West
311556,0,Low-Income East
969732,2,Low-Income West
597522,0,Low-Income East
866242,0,Low-Income East
445418,2,Low-Income West
821137,0,Low-Income East
495787,0,Low-Income East
836706,3,High-Income East
494284,2,Low-Income West
156355,2,Low-Income West
521653,0,Low-Income East
412203,0,Low-Income East
603968,2,Low-Income West
485300,1,High-Income West
904992,3,High-Income East
213813,2,Low-Income West
556982,0,Low-Income East
213113,3,High-Income East
355908,1,High-Income West
138369,1,High-Income West
845994,3,High-Income East
811959,0,Low-Income East
568172,3,High-Income East
971670,1,High-Income West
336139,0,Low-Income East
750454,3,High-Income East
655082,3,High-Income East
206773,0,Low-Income East
214639,0,Low-Income East
543456,0,Low-Income East
451711,3,High-Income East
998934,2,Low-Income West
795512,2,Low-Income West
116897,0,Low-Income East
715689,0,Low-Income East
865066,2,Low-Income West
305556,0,Low-Income East
970964,0,Low-Income East
654941,2,Low-Income West
746402,0,Low-Income East
460629,3,High-Income East
768354,2,Low-Income West
238640,3,High-Income East
745908,3,High-Income East
360537,3,High-Income East
679253,0,Low-Income East
386825,2,Low-Income West
583252,0,Low-Income East
568171,0,Low-Income East
885848,0,Low-Income East
734938,2,Low-Income West
780973,0,Low-Income East
128633,0,Low-Income East
511588,0,Low-Income East
536577,0,Low-Income East
580068,0,Low-Income East
661088,0,Low-Income East
114553,2,Low-Income West
736829,0,Low-Income East
737940,3,High-Income East
189294,0,Low-Income East
349638,2,Low-Income West
577386,0,Low-Income East
504663,2,Low-Income West
756929,0,Low-Income East
782485,3,High-Income East
196016,3,High-Income East
604077,1,High-Income West
520137,2,Low-Income West
692151,0,Low-Income East
188033,0,Low-Income East
634185,2,Low-Income West
374881,0,Low-Income East
800800,0,Low-Income East
676622,0,Low-Income East
894175,2,Low-Income West
492789,2,Low-Income West
586164,0,Low-Income East
243557,0,Low-Income East
802023,2,Low-Income West
422436,2,Low-Income West
295884,0,Low-Income East
631442,3,High-Income East
845319,3,High-Income East
440618,1,High-Income West
299585,0,Low-Income East
540796,2,Low-Income West
771872,0,Low-Income East
883489,2,Low-Income West
945761,0,Low-Income East
958709,2,Low-Income West
465692,3,High-Income East
586711,0,Low-Income East
126148,2,Low-Income West
555001,0,Low-Income East
196442,0,Low-Income East
131637,0,Low-Income East
650486,2,Low-Income West
830385,0,Low-Income East
627485,0,Low-Income East
467510,2,Low-Income West
766530,0,Low-Income East
131997,0,Low-Income East
174669,1,High-Income West
999891,3,High-Income East
645566,3,High-Income East
675457,1,High-Income West
122858,0,Low-Income East
127946,2,Low-Income West
474945,2,Low-Income West
509965,2,Low-Income West
590012,0,Low-Income East
669812,0,Low-Income East
695965,0,Low-Income East
925819,2,Low-Income West
941865,0,Low-Income East
793645,0,Low-Income East
445839,3,High-Income East
708555,1,High-Income West
159960,0,Low-Income East
963541,2,Low-Income West
218383,0,Low-Income East
696577,2,Low-Income West
602783,3,High-Income East
208585,2,Low-Income West
575612,0,Low-Income East
196467,3,High-Income East
665374,1,High-Income West
838885,3,High-Income East
444022,0,Low-Income East
838784,3,High-Income East
701803,1,High-Income West
802797,3,High-Income East
832431,1,High-Income West
157712,0,Low-Income East
381307,2,Low-Income West
562661,1,High-Income West
209134,1,High-Income West
121410,3,High-Income East
668599,3,High-Income East
195419,0,Low-Income East
198625,2,Low-Income West
261426,3,High-Income East
435049,1,High-Income West
789797,2,Low-Income West
898587,1,High-Income West
122577,0,Low-Income East
197320,1,High-Income West
776613,3,High-Income East
249408,2,Low-Income West
582929,0,Low-Income East
122049,2,Low-Income West
559362,0,Low-Income East
785223,2,Low-Income West
197514,0,Low-Income East
539144,2,Low-Income West
803586,0,Low-Income East
164211,2,Low-Income West
561933,0,Low-Income East
475690,0,Low-Income East
744778,2,Low-Income West
612060,0,Low-Income East
859508,0,Low-Income East
261780,0,Low-Income East
252472,3,High-Income East
482938,1,High-Income West
944093,3,High-Income East
796099,0,Low-Income East
807074,2,Low-Income West
530206,0,Low-Income East
915287,0,Low-Income East
471188,0,Low-Income East
454041,3,High-Income East
220806,0,Low-Income East
789190,1,High-Income West
925198,3,High-Income East
984798,3,High-Income East
311619,0,Low-Income East
545744,2,Low-Income West
438875,1,High-Income West
898149,0,Low-Income East
537829,0,Low-Income East
747315,2,Low-Income West
496759,0,Low-Income East
181434,0,Low-Income East
697824,2,Low-Income West
686223,2,Low-Income West
904974,0,Low-Income East
215089,0,Low-Income East
299367,0,Low-Income East
437545,0,Low-Income East
987171,2,Low-Income West
152148,1,High-Income West
932363,3,High-Income East
808721,1,High-Income West
155488,0,Low-Income East
969483,2,Low-Income West
948591,0,Low-Income East
548752,3,High-Income East
818567,1,High-Income West
190149,0,Low-Income East
563587,2,Low-Income West
264107,0,Low-Income East
211217,0,Low-Income East
169857,1,High-Income West
373665,1,High-Income West
482351,3,High-Income East
793094,3,High-Income East
848562,1,High-Income West
330779,3,High-Income East
687962,3,High-Income East
145542,0,Low-Income East
450205,2,Low-Income West
100727,0,Low-Income East
363866,0,Low-Income East
743241,2,Low-Income West
701645,0,Low-Income East
435358,0,Low-Income East
686371,2,Low-Income West
464105,1,High-Income West
152681,0,Low-Income East
367492,0,Low-Income East
568734,0,Low-Income East
883056,2,Low-Income West
352617,1,High-Income West
131956,1,High-Income West
395912,0,Low-Income East
572045,3,High-Income East
865213,1,High-Income West
575030,0,Low-Income East
211715,3,High-Income East
554761,3,High-Income East
566165,0,Low-Income East
124195,1,High-Income West
400079,3,High-Income East
946172,3,High-Income East
957901,3,High-Income East
995142,1,High-Income West
157879,0,Low-Income East
441741,0,Low-Income East
461354,0,Low-Income East
582690,0,Low-Income East
751990,2,Low-Income West
743121,3,High-Income East
773805,2,Low-Income West
166953,3,High-Income East
235428,3,High-Income East
238556,1,High-Income West
657946,3,High-Income East
839362,1,High-Income West
938719,1,High-Income West
978130,1,High-Income West
707470,1,High-Income West
950445,0,Low-Income East
140768,2,Low-Income West
857845,0,Low-Income East
277607,2,Low-Income West
193928,0,Low-Income East
755070,2,Low-Income West
801338,2,Low-Income West
889964,0,Low-Income East
274354,2,Low-Income West
834571,0,Low-Income East
206871,0,Low-Income East
242789,2,Low-Income West
958791,3,High-Income East
134760,3,High-Income East
874612,1,High-Income West
283290,2,Low-Income West
616447,0,Low-Income East
653851,0,Low-Income East
929980,2,Low-Income West
810448,0,Low-Income East
959728,0,Low-Income East
515444,0,Low-Income East
953784,1,High-Income West
536186,1,High-Income West
390874,0,Low-Income East
509909,0,Low-Income East
923560,3,High-Income East
421001,2,Low-Income West
917610,0,Low-Income East
285579,0,Low-Income East
769976,2,Low-Income West
837705,0,Low-Income East
614164,3,High-Income East
248886,3,High-Income East
944261,3,High-Income East
432564,0,Low-Income East
653354,0,Low-Income East
750162,0,Low-Income East
757047,2,Low-Income West
808005,0,Low-Income East
515298,0,Low-Income East
614246,2,Low-Income West
103731,1,High-Income West
453578,0,Low-Income East
771035,2,Low-Income West
893427,0,Low-Income East
232609,2,Low-Income West
191057,0,Low-Income East
844152,3,High-Income East
460929,2,Low-Income West
630209,0,Low-Income East
219043,0,Low-Income East
537711,2,Low-Income West
122009,0,Low-Income East
453136,3,High-Income East
922188,2,Low-Income West
780529,0,Low-Income East
721438,3,High-Income East
761015,3,High-Income East
891233,3,High-Income East
671528,0,Low-Income East
240500,1,High-Income West
800220,3,High-Income East
749801,3,High-Income East
625434,1,High-Income West
505070,1,High-Income West
120554,0,Low-Income East
962661,2,Low-Income West
622697,0,Low-Income East
501856,2,Low-Income West
893057,1,High-Income West
541163,1,High-Income West
633067,0,Low-Income East
736615,2,Low-Income West
967883,2,Low-Income West
248011,0,Low-Income East
959137,2,Low-Income West
591854,2,Low-Income West
346225,1,High-Income West
625318,3,High-Income East
450150,0,Low-Income East
569315,3,High-Income East
622036,3,High-Income East
287343,0,Low-Income East
226842,3,High-Income East
802084,3,High-Income East
540268,2,Low-Income West
504190,0,Low-Income East
566630,3,High-Income East
374639,2,Low-Income West
447470,3,High-Income East
442306,0,Low-Income East
901978,1,High-Income West
330040,0,Low-Income East
899009,0,Low-Income East
988510,0,Low-Income East
124355,3,High-Income East
429557,1,High-Income West
176599,0,Low-Income East
550058,0,Low-Income East
577872,2,Low-Income West
731696,1,High-Income West
773086,3,High-Income East
713423,0,Low-Income East
965154,0,Low-Income East
432938,0,Low-Income East
757446,0,Low-Income East
531293,2,Low-Income West
763132,0,Low-Income East
271680,0,Low-Income East
454223,0,Low-Income East
547575,0,Low-Income East
845041,2,Low-Income West
856705,0,Low-Income East
532945,2,Low-Income West
570531,2,Low-Income West
111584,0,Low-Income East
612339,2,Low-Income West
720514,1,High-Income West
413426,2,Low-Income West
702746,1,High-Income West
442458,0,Low-Income East
513553,2,Low-Income West
633490,0,Low-Income East
665645,0,Low-Income East
724378,0,Low-Income East
224132,2,Low-Income West
701308,0,Low-Income East
275762,0,Low-Income East
672582,0,Low-Income East
649321,2,Low-Income West
286262,3,High-Income East
391509,0,Low-Income East
420490,0,Low-Income East
162167,0,Low-Income East
803357,3,High-Income East
809299,1,High-Income West
327474,0,Low-Income East
274428,2,Low-Income West
791342,0,Low-Income East
352005,0,Low-Income East
526164,2,Low-Income West
898495,0,Low-Income East
499423,0,Low-Income East
291509,0,Low-Income East
472325,1,High-Income West
165484,0,Low-Income East
766766,0,Low-Income East
327565,3,High-Income East
730088,1,High-Income West
759311,2,Low-Income West
682813,1,High-Income West
206119,2,Low-Income West
933552,0,Low-Income East
522788,3,High-Income East
547699,2,Low-Income West
286182,3,High-Income East
980837,3,High-Income East
858341,0,Low-Income East
161525,0,Low-Income East
266284,0,Low-Income East
454630,0,Low-Income East
580169,0,Low-Income East
818616,2,Low-Income West
439092,2,Low-Income West
808392,2,Low-Income West
834726,0,Low-Income East
465842,3,High-Income East
727197,2,Low-Income West
837031,0,Low-Income East
367751,2,Low-Income West
880099,3,High-Income East
136020,3,High-Income East
191150,2,Low-Income West
256188,0,Low-Income East
495286,0,Low-Income East
939521,0,Low-Income East
783604,1,High-Income West
453654,3,High-Income East
271297,2,Low-Income West
600914,0,Low-Income East
847771,3,High-Income East
663521,1,High-Income West
900795,1,High-Income West
559007,2,Low-Income West
264050,2,Low-Income West
515656,2,Low-Income West
612019,2,Low-Income West
727648,0,Low-Income East
817070,2,Low-Income West
107466,3,High-Income East
352916,0,Low-Income East
692535,2,Low-Income West
128572,1,High-Income West
986551,1,High-Income West
121999,0,Low-Income East
330947,2,Low-Income West
568678,0,Low-Income East
389146,2,Low-Income West
787086,2,Low-Income West
472283,0,Low-Income East
676406,2,Low-Income West
401859,0,Low-Income East
371422,0,Low-Income East
492226,2,Low-Income West
842527,3,High-Income East
789465,2,Low-Income West
653259,3,High-Income East
161414,0,Low-Income East
391557,3,High-Income East
787416,3,High-Income East
845435,1,High-Income West
992854,1,High-Income West
302792,0,Low-Income East
293676,0,Low-Income East
431586,2,Low-Income West
202831,0,Low-Income East
811022,0,Low-Income East
465570,3,High-Income East
304887,1,High-Income West
970152,3,High-Income East
325268,1,High-Income West
560597,0,Low-Income East
976413,0,Low-Income East
274117,3,High-Income East
321436,3,High-Income East
116948,1,High-Income West
190716,3,High-Income East
621814,3,High-Income East
779679,3,High-Income East
992886,3,High-Income East
194813,2,Low-Income West
204693,0,Low-Income East
877352,0,Low-Income East
957413,2,Low-Income West
221254,1,High-Income West
319850,1,High-Income West
407305,3,High-Income East
428345,1,High-Income West
466953,1,High-Income West
962480,3,High-Income East
808399,2,Low-Income West
107902,1,High-Income West
136637,3,High-Income East
847579,3,High-Income East
882025,2,Low-Income West
465746,1,High-Income West
615617,3,High-Income East
908580,1,High-Income West
156879,0,Low-Income East
800481,0,Low-Income East
914799,0,Low-Income East
109399,2,Low-Income West
577726,1,High-Income West
729752,3,High-Income East
768078,3,High-Income East
941984,0,Low-Income East
894436,0,Low-Income East
643605,2,Low-Income West
237651,2,Low-Income West
420488,2,Low-Income West
568712,0,Low-Income East
935876,2,Low-Income West
616416,1,High-Income West
888404,3,High-Income East
256189,0,Low-Income East
101018,0,Low-Income East
387971,3,High-Income East
395525,0,Low-Income East
792873,2,Low-Income West
239221,1,High-Income West
278227,3,High-Income East
501877,1,High-Income West
436990,2,Low-Income West
965758,0,Low-Income East
660178,0,Low-Income East
904741,3,High-Income East
406367,0,Low-Income East
787277,0,Low-Income East
576936,0,Low-Income East
626767,2,Low-Income West
983353,0,Low-Income East
161780,0,Low-Income East
974848,3,High-Income East
363199,3,High-Income East
465950,1,High-Income West
516337,3,High-Income East
666301,3,High-Income East
676376,1,High-Income West
202696,0,Low-Income East
409174,2,Low-Income West
150253,0,Low-Income East
160927,0,Low-Income East
793608,2,Low-Income West
515805,1,High-Income West
390974,3,High-Income East
984180,3,High-Income East
289151,3,High-Income East
445177,1,High-Income West
542014,3,High-Income East
958767,3,High-Income East
859957,1,High-Income West
220244,2,Low-Income West
387506,0,Low-Income East
823212,0,Low-Income East
387121,0,Low-Income East
173235,2,Low-Income West
801882,0,Low-Income East
612013,0,Low-Income East
733046,2,Low-Income West
356460,0,Low-Income East
428604,2,Low-Income West
484811,2,Low-Income West
947234,0,Low-Income East
275049,0,Low-Income East
770362,2,Low-Income West
129343,2,Low-Income West
288369,2,Low-Income West
382464,0,Low-Income East
890395,0,Low-Income East
909677,0,Low-Income East
650657,2,Low-Income West
352026,3,High-Income East
493283,3,High-Income East
610573,1,High-Income West
181728,2,Low-Income West
253098,0,Low-Income East
930848,2,Low-Income West
681921,0,Low-Income East
751824,3,High-Income East
505779,0,Low-Income East
129434,3,High-Income East
501875,1,High-Income West
131228,0,Low-Income East
144593,2,Low-Income West
884654,0,Low-Income East
958472,0,Low-Income East
226387,3,High-Income East
423153,0,Low-Income East
314742,0,Low-Income East
345802,0,Low-Income East
608326,0,Low-Income East
401424,0,Low-Income East
383808,0,Low-Income East
880505,0,Low-Income East
318561,2,Low-Income West
174729,3,High-Income East
371675,1,High-Income West
774249,0,Low-Income East
782329,2,Low-Income West
640920,3,High-Income East
947408,1,High-Income West
586199,2,Low-Income West
384543,0,Low-Income East
387203,2,Low-Income West
182320,2,Low-Income West
279430,1,High-Income West
832367,3,High-Income East
465962,2,Low-Income West
762272,0,Low-Income East
926874,0,Low-Income East
857247,0,Low-Income East
719673,0,Low-Income East
643117,0,Low-Income East
440785,0,Low-Income East
588980,0,Low-Income East
731593,2,Low-Income West
700343,2,Low-Income West
608508,0,Low-Income East
662594,2,Low-Income West
583539,0,Low-Income East
168727,1,High-Income West
741483,1,High-Income West
526867,1,High-Income West
432031,3,High-Income East
490806,1,High-Income West
587136,3,High-Income East
424451,0,Low-Income East
306596,3,High-Income East
246737,2,Low-Income West
256544,3,High-Income East
344580,1,High-Income West
534904,3,High-Income East
713998,0,Low-Income East
602222,0,Low-Income East
656027,0,Low-Income East
575123,0,Low-Income East
707869,1,High-Income West
752688,0,Low-Income East
327015,0,Low-Income East
442868,2,Low-Income West
703160,2,Low-Income West
681649,0,Low-Income East
507189,0,Low-Income East
698915,0,Low-Income East
111176,2,Low-Income West
893789,3,High-Income East
764844,3,High-Income East
397820,0,Low-Income East
692741,0,Low-Income East
782606,2,Low-Income West
898437,1,High-Income West
788407,2,Low-Income West
310252,1,High-Income West
147700,2,Low-Income West
547190,1,High-Income West
654086,3,High-Income East
919818,1,High-Income West
763084,0,Low-Income East
204237,2,Low-Income West
611086,1,High-Income West
205367,3,High-Income East
422245,3,High-Income East
152139,3,High-Income East
558248,1,High-Income West
278865,0,Low-Income East
320685,0,Low-Income East
459099,0,Low-Income East
811619,0,Low-Income East
883376,0,Low-Income East
733658,2,Low-Income West
939760,0,Low-Income East
298829,0,Low-Income East
226422,1,High-Income West
314189,3,High-Income East
436969,3,High-Income East
544837,3,High-Income East
560936,3,High-Income East
636965,2,Low-Income West
266516,0,Low-Income East
346103,2,Low-Income West
778393,3,High-Income East
259700,2,Low-Income West
234588,2,Low-Income West
580834,0,Low-Income East
733601,0,Low-Income East
402177,0,Low-Income East
959192,2,Low-Income West
718031,0,Low-Income East
187390,2,Low-Income West
603587,2,Low-Income West
425717,0,Low-Income East
184755,2,Low-Income West
222050,2,Low-Income West
472964,0,Low-Income East
499027,0,Low-Income East
761240,0,Low-Income East
885933,0,Low-Income East
945199,0,Low-Income East
501655,0,Low-Income East
530425,2,Low-Income West
173252,2,Low-Income West
148258,3,High-Income East
307159,0,Low-Income East
140079,0,Low-Income East
345615,2,Low-Income West
996238,3,High-Income East
540751,0,Low-Income East
798672,2,Low-Income West
929451,2,Low-Income West
526316,2,Low-Income West
913571,2,Low-Income West
142122,1,High-Income West
338837,1,High-Income West
381065,1,High-Income West
492883,3,High-Income East
656288,3,High-Income East
684699,3,High-Income East
731373,3,High-Income East
840262,3,High-Income East
844641,0,Low-Income East
366161,0,Low-Income East
611481,3,High-Income East
526586,0,Low-Income East
202035,1,High-Income West
112226,1,High-Income West
712362,3,High-Income East
614574,2,Low-Income West
198570,2,Low-Income West
622953,0,Low-Income East
415402,3,High-Income East
749705,1,High-Income West
854249,2,Low-Income West
981117,0,Low-Income East
148570,0,Low-Income East
138475,3,High-Income East
888417,1,High-Income West
573347,0,Low-Income East
307622,3,High-Income East
451042,0,Low-Income East
486600,2,Low-Income West
761403,2,Low-Income West
356712,0,Low-Income East
432716,2,Low-Income West
805008,0,Low-Income East
902679,1,High-Income West
924469,0,Low-Income East
505776,2,Low-Income West
154868,0,Low-Income East
722566,0,Low-Income East
216573,0,Low-Income East
727952,2,Low-Income West
323099,2,Low-Income West
538042,2,Low-Income West
601143,0,Low-Income East
641827,2,Low-Income West
798871,0,Low-Income East
200326,0,Low-Income East
434430,2,Low-Income West
872669,0,Low-Income East
992065,1,High-Income West
718887,0,Low-Income East
238647,3,High-Income East
757270,2,Low-Income West
924489,0,Low-Income East
453165,2,Low-Income West
998972,2,Low-Income West
695385,1,High-Income West
947635,0,Low-Income East
249466,0,Low-Income East
862659,2,Low-Income West
987153,3,High-Income East
985374,3,High-Income East
485282,3,High-Income East
851830,1,High-Income West
253852,2,Low-Income West
746863,3,High-Income East
958923,3,High-Income East
777871,0,Low-Income East
976623,2,Low-Income West
338212,0,Low-Income East
897387,2,Low-Income West
460058,1,High-Income West
158400,3,High-Income East
662880,3,High-Income East
179489,3,High-Income East
508501,1,High-Income West
382953,2,Low-Income West
845180,0,Low-Income East
209357,2,Low-Income West
705243,0,Low-Income East
371580,0,Low-Income East
173343,1,High-Income West
771259,1,High-Income West
404434,0,Low-Income East
164226,1,High-Income West
794620,3,High-Income East
101148,2,Low-Income West
442018,0,Low-Income East
804137,2,Low-Income West
743879,2,Low-Income West
403282,0,Low-Income East
203947,0,Low-Income East
360472,0,Low-Income East
568798,2,Low-Income West
569369,0,Low-Income East
858961,2,Low-Income West
318902,0,Low-Income East
591367,0,Low-Income East
747993,2,Low-Income West
251324,0,Low-Income East
394946,0,Low-Income East
190529,0,Low-Income East
497576,0,Low-Income East
331669,0,Low-Income East
488853,0,Low-Income East
232755,1,High-Income West
350001,2,Low-Income West
706970,0,Low-Income East
408561,2,Low-Income West
426124,0,Low-Income East
829476,0,Low-Income East
626762,3,High-Income East
461974,2,Low-Income West
819718,3,High-Income East
165260,0,Low-Income East
551828,2,Low-Income West
853641,0,Low-Income East
617171,0,Low-Income East
924736,2,Low-Income West
487930,0,Low-Income East
855050,0,Low-Income East
664112,1,High-Income West
257301,0,Low-Income East
103823,0,Low-Income East
305910,0,Low-Income East
800094,1,High-Income West
498998,2,Low-Income West
869283,0,Low-Income East
611415,0,Low-Income East
763177,0,Low-Income East
475634,3,High-Income East
726139,2,Low-Income West
782393,0,Low-Income East
596153,2,Low-Income West
215051,3,High-Income East
579377,1,High-Income West
126665,2,Low-Income West
711490,0,Low-Income East
166955,2,Low-Income West
405602,2,Low-Income West
112709,0,Low-Income East
163645,2,Low-Income West
752885,0,Low-Income East
853232,0,Low-Income East
975692,2,Low-Income West
262177,2,Low-Income West
273391,0,Low-Income East
966688,2,Low-Income West
306869,0,Low-Income East
904370,0,Low-Income East
511981,0,Low-Income East
762044,0,Low-Income East
255032,0,Low-Income East
419661,2,Low-Income West
319193,0,Low-Income East
713580,0,Low-Income East
542182,3,High-Income East
108346,2,Low-Income West
666608,0,Low-Income East
324013,2,Low-Income West
374736,2,Low-Income West
883660,2,Low-Income West
257369,3,High-Income East
656858,1,High-Income West
401060,0,Low-Income East
967347,0,Low-Income East
979010,0,Low-Income East
747816,3,High-Income East
407238,0,Low-Income East
705490,2,Low-Income West
568667,3,High-Income East
119519,1,High-Income West
587196,3,High-Income East
539674,0,Low-Income East
602649,2,Low-Income West
570637,2,Low-Income West
269154,3,High-Income East
539742,1,High-Income West
585976,2,Low-Income West
666417,3,High-Income East
212604,0,Low-Income East
715645,0,Low-Income East
133956,2,Low-Income West
458984,2,Low-Income West
803150,0,Low-Income East
669978,1,High-Income West
741428,0,Low-Income East
942926,3,High-Income East
132320,1,High-Income West
930887,3,High-Income East
545541,3,High-Income East
397104,3,High-Income East
913949,1,High-Income West
144879,3,High-Income East
113694,2,Low-Income West
895725,0,Low-Income East
443970,3,High-Income East
100642,0,Low-Income East
646262,0,Low-Income East
257509,3,High-Income East
342007,0,Low-Income East
643362,0,Low-Income East
936547,0,Low-Income East
980414,0,Low-Income East
335371,3,High-Income East
606455,1,High-Income West
937638,0,Low-Income East
724599,2,Low-Income West
307740,0,Low-Income East
238753,2,Low-Income West
302467,2,Low-Income West
573954,2,Low-Income West
825490,0,Low-Income East
993986,0,Low-Income East
342836,1,High-Income West
554487,3,High-Income East
374984,0,Low-Income East
607993,3,High-Income East
918478,0,Low-Income East
541751,0,Low-Income East
638804,2,Low-Income West
266968,2,Low-Income West
210630,0,Low-Income East
439696,2,Low-Income West
449654,0,Low-Income East
615251,0,Low-Income East
947099,1,High-Income West
373771,3,High-Income East
832625,3,High-Income East
153146,2,Low-Income West
239027,0,Low-Income East
792795,0,Low-Income East
821043,2,Low-Income West
360732,1,High-Income West
183716,0,Low-Income East
456716,2,Low-Income West
111788,2,Low-Income West
452725,0,Low-Income East
428853,0,Low-Income East
894111,2,Low-Income West
410347,2,Low-Income West
485674,3,High-Income East
833801,1,High-Income West
968671,3,High-Income East
240143,2,Low-Income West
926250,1,High-Income West
167670,3,High-Income East
958059,0,Low-Income East
138449,0,Low-Income East
348143,0,Low-Income East
831644,0,Low-Income East
547355,1,High-Income West
934577,2,Low-Income West
603674,2,Low-Income West
738204,1,High-Income West
884844,2,Low-Income West
871739,2,Low-Income West
800571,1,High-Income West
315848,0,Low-Income East
847357,2,Low-Income West
395511,1,High-Income West
387523,3,High-Income East
631200,1,High-Income West
324364,0,Low-Income East
879601,2,Low-Income West
995128,2,Low-Income West
617516,1,High-Income West
496675,3,High-Income East
871188,0,Low-Income East
206328,1,High-Income West
303207,3,High-Income East
615854,1,High-Income West
833547,1,High-Income West
428376,0,Low-Income East
383954,3,High-Income East
298681,0,Low-Income East
597300,1,High-Income West
571603,0,Low-Income East
637453,2,Low-Income West
980915,2,Low-Income West
331995,3,High-Income East
779977,1,High-Income West
877488,3,High-Income East
326703,0,Low-Income East
363864,2,Low-Income West
973921,3,High-Income East
661193,3,High-Income East
824360,1,High-Income West
462279,3,High-Income East
843836,3,High-Income East
412284,3,High-Income East
564449,0,Low-Income East
999589,0,Low-Income East
700356,0,Low-Income East
394078,2,Low-Income West
245307,0,Low-Income East
452985,0,Low-Income East
745080,2,Low-Income West
285411,3,High-Income East
322733,1,High-Income West
479278,0,Low-Income East
123060,0,Low-Income East
980935,2,Low-Income West
364908,2,Low-Income West
610482,0,Low-Income East
166475,1,High-Income West
352101,3,High-Income East
387570,1,High-Income West
434621,1,High-Income West
815834,1,High-Income West
901478,3,High-Income East
294634,3,High-Income East
538949,2,Low-Income West
674394,0,Low-Income East
664737,3,High-Income East
225656,0,Low-Income East
168641,3,High-Income East
725580,3,High-Income East
243153,3,High-Income East
736389,3,High-Income East
719383,3,High-Income East
252419,0,Low-Income East
471662,2,Low-Income West
345841,3,High-Income East
421930,0,Low-Income East
760176,3,High-Income East
610860,3,High-Income East
612510,1,High-Income West
468522,1,High-Income West
189707,0,Low-Income East
142511,1,High-Income West
248593,0,Low-Income East
419570,2,Low-Income West
279221,0,Low-Income East
650621,3,High-Income East
967032,2,Low-Income West
209675,0,Low-Income East
888649,1,High-Income West
466754,2,Low-Income West
994763,0,Low-Income East
789444,2,Low-Income West
615054,3,High-Income East
324066,0,Low-Income East
834550,2,Low-Income West
335671,0,Low-Income East
997741,0,Low-Income East
322451,3,High-Income East
967150,1,High-Income West
486956,2,Low-Income West
288451,3,High-Income East
598799,2,Low-Income West
420508,2,Low-Income West
355775,3,High-Income East
394196,0,Low-Income East
718029,2,Low-Income West
518061,1,High-Income West
899871,1,High-Income West
995333,3,High-Income East
455866,3,High-Income East
663719,3,High-Income East
704967,3,High-Income East
546796,3,High-Income East
169253,0,Low-Income East
459737,2,Low-Income West
831424,0,Low-Income East
598364,3,High-Income East
351367,2,Low-Income West
526822,1,High-Income West
504403,3,High-Income East
945485,3,High-Income East
373374,0,Low-Income East
655039,3,High-Income East
842641,2,Low-Income West
205698,0,Low-Income East
348202,0,Low-Income East
709869,2,Low-Income West
339151,2,Low-Income West
438822,2,Low-Income West
844125,0,Low-Income East
298817,1,High-Income West
273052,3,High-Income East
975298,0,Low-Income East
233051,2,Low-Income West
618226,0,Low-Income East
875796,0,Low-Income East
870574,3,High-Income East
644251,0,Low-Income East
369569,0,Low-Income East
300867,0,Low-Income East
244865,2,Low-Income West
379629,0,Low-Income East
332387,0,Low-Income East
428452,2,Low-Income West
167795,3,High-Income East
182272,0,Low-Income East
262613,0,Low-Income East
293212,0,Low-Income East
567227,2,Low-Income West
665890,2,Low-Income West
204763,0,Low-Income East
691259,3,High-Income East
205170,3,High-Income East
462337,0,Low-Income East
677435,2,Low-Income West
499132,2,Low-Income West
482777,2,Low-Income West
818597,0,Low-Income East
498632,1,High-Income West
422152,0,Low-Income East
644652,3,High-Income East
182749,0,Low-Income East
377858,0,Low-Income East
602086,0,Low-Income East
209021,3,High-Income East
906848,3,High-Income East
593277,0,Low-Income East
100364,1,High-Income West
392402,3,High-Income East
504545,0,Low-Income East
909020,1,High-Income West
171264,2,Low-Income West
273213,1,High-Income West
902833,3,High-Income East
714825,1,High-Income West
363314,3,High-Income East
377288,1,High-Income West
439572,2,Low-Income West
128007,3,High-Income East
751628,0,Low-Income East
359466,0,Low-Income East
278822,2,Low-Income West
260452,3,High-Income East
694828,0,Low-Income East
921130,2,Low-Income West
926609,0,Low-Income East
397787,3,High-Income East
607752,3,High-Income East
856483,0,Low-Income East
653015,0,Low-Income East
909238,2,Low-Income West
437737,0,Low-Income East
797398,1,High-Income West
525129,2,Low-Income West
418910,0,Low-Income East
430413,2,Low-Income West
893555,2,Low-Income West
193665,0,Low-Income East
659454,2,Low-Income West
732009,1,High-Income West
792695,3,High-Income East
851986,1,High-Income West
298869,3,High-Income East
770702,1,High-Income West
641642,2,Low-Income West
724979,1,High-Income West
272672,0,Low-Income East
728818,3,High-Income East
256821,3,High-Income East
546037,3,High-Income East
930489,1,High-Income West
302186,0,Low-Income East
313437,1,High-Income West
476371,3,High-Income East
378827,0,Low-Income East
996349,0,Low-Income East
176166,0,Low-Income East
982059,1,High-Income West
300870,3,High-Income East
127241,3,High-Income East
514652,1,High-Income West
340156,2,Low-Income West
166938,2,Low-Income West
840667,0,Low-Income East
515667,3,High-Income East
534805,0,Low-Income East
581260,0,Low-Income East
428843,3,High-Income East
562588,3,High-Income East
148216,2,Low-Income West
161774,0,Low-Income East
741031,2,Low-Income West
486933,2,Low-Income West
495942,0,Low-Income East
877346,3,High-Income East
989134,3,High-Income East
533157,1,High-Income West
745729,3,High-Income East
366894,1,High-Income West
747759,1,High-Income West
208630,2,Low-Income West
492700,2,Low-Income West
701485,0,Low-Income East
937127,1,High-Income West
582843,1,High-Income West
561520,1,High-Income West
998061,2,Low-Income West
475313,0,Low-Income East
687199,3,High-Income East
692291,2,Low-Income West
598706,3,High-Income East
892068,1,High-Income West
409603,2,Low-Income West
407411,0,Low-Income East
943425,3,High-Income East
214995,0,Low-Income East
545179,3,High-Income East
304131,3,High-Income East
228469,3,High-Income East
346925,0,Low-Income East
159500,2,Low-Income West
516519,0,Low-Income East
451391,0,Low-Income East
412480,3,High-Income East
482402,0,Low-Income East
715817,0,Low-Income East
238796,3,High-Income East
430880,1,High-Income West
766886,3,High-Income East
724414,0,Low-Income East
341867,2,Low-Income West
746807,1,High-Income West
807570,3,High-Income East
617008,3,High-Income East
394213,0,Low-Income East
863019,0,Low-Income East
961650,3,High-Income East
701792,0,Low-Income East
389583,1,High-Income West
771880,2,Low-Income West
906262,0,Low-Income East
916713,0,Low-Income East
290395,1,High-Income West
800433,2,Low-Income West
637687,2,Low-Income West
168302,2,Low-Income West
230840,0,Low-Income East
366576,2,Low-Income West
375451,3,High-Income East
665773,3,High-Income East
197113,2,Low-Income West
715555,0,Low-Income East
249833,3,High-Income East
667341,3,High-Income East
487359,0,Low-Income East
460934,0,Low-Income East
491773,0,Low-Income East
841369,2,Low-Income West
533213,3,High-Income East
381651,0,Low-Income East
400600,3,High-Income East
607453,0,Low-Income East
943997,0,Low-Income East
351029,1,High-Income West
386986,2,Low-Income West
817135,0,Low-Income East
314705,2,Low-Income West
346598,3,High-Income East
285485,3,High-Income East
203306,3,High-Income East
428020,1,High-Income West
432298,3,High-Income East
375105,0,Low-Income East
658861,3,High-Income East
556649,0,Low-Income East
583003,0,Low-Income East
928942,2,Low-Income West
327688,3,High-Income East
519796,1,High-Income West
560714,0,Low-Income East
215260,3,High-Income East
720146,3,High-Income East
757691,1,High-Income West
854709,3,High-Income East
935235,3,High-Income East
339819,3,High-Income East
910028,1,High-Income West
241069,0,Low-Income East
257463,1,High-Income West
468220,3,High-Income East
923766,1,High-Income West
498897,3,High-Income East
425567,2,Low-Income West
197491,2,Low-Income West
921278,0,Low-Income East
372175,0,Low-Income East
284866,2,Low-Income West
629341,1,High-Income West
764889,3,High-Income East
172757,1,High-Income West
901550,3,High-Income East
944124,0,Low-Income East
535539,2,Low-Income West
151010,0,Low-Income East
261109,1,High-Income West
332276,0,Low-Income East
481076,1,High-Income West
375162,3,High-Income East
493606,3,High-Income East
404011,1,High-Income West
486880,3,High-Income East
438199,2,Low-Income West
159533,3,High-Income East
597124,0,Low-Income East
777544,2,Low-Income West
912539,0,Low-Income East
240365,3,High-Income East
541040,3,High-Income East
706876,0,Low-Income East
142925,1,High-Income West
510224,3,High-Income East
677606,1,High-Income West
678933,3,High-Income East
684386,1,High-Income West
349767,3,High-Income East
148486,1,High-Income West
180380,3,High-Income East
151399,1,High-Income West
208634,0,Low-Income East
661487,2,Low-Income West
892723,2,Low-Income West
201292,3,High-Income East
216652,1,High-Income West
114131,1,High-Income West
257880,3,High-Income East
478127,3,High-Income East
826697,1,High-Income West
844222,3,High-Income East
338803,1,High-Income West
136089,2,Low-Income West
246117,1,High-Income West
179585,3,High-Income East
789932,2,Low-Income West
387307,0,Low-Income East
674637,1,High-Income West
777418,1,High-Income West
876083,3,High-Income East
982895,3,High-Income East
175902,0,Low-Income East
334574,2,Low-Income West
457947,0,Low-Income East
969653,0,Low-Income East
407478,2,Low-Income West
787322,0,Low-Income East
702677,2,Low-Income West
432215,1,High-Income West
330515,3,High-Income East
664759,3,High-Income East
693238,3,High-Income East
233991,3,High-Income East
142950,3,High-Income East
579283,1,High-Income West
981201,0,Low-Income East
874937,3,High-Income East
650957,1,High-Income West
448147,2,Low-Income West
194200,3,High-Income East
817069,3,High-Income East
776736,2,Low-Income West
741700,2,Low-Income West
380526,2,Low-Income West
893909,3,High-Income East
394167,2,Low-Income West
340467,3,High-Income East
374440,3,High-Income East
787651,1,High-Income West
828959,3,High-Income East
526765,0,Low-Income East
478108,3,High-Income East
293222,0,Low-Income East
545567,2,Low-Income West
289516,3,High-Income East
450735,3,High-Income East
686555,3,High-Income East
491948,1,High-Income West
914316,0,Low-Income East
453135,2,Low-Income West
639626,3,High-Income East
800357,2,Low-Income West
901758,0,Low-Income East
362855,3,High-Income East
517729,3,High-Income East
588657,3,High-Income East
275849,0,Low-Income East
760975,1,High-Income West
908728,3,High-Income East
332082,3,High-Income East
738332,1,High-Income West
886764,1,High-Income West
915439,3,High-Income East
993058,3,High-Income East
200960,2,Low-Income West
744860,0,Low-Income East
656487,1,High-Income West
441155,1,High-Income West
680581,3,High-Income East
114219,3,High-Income East
606712,3,High-Income East
793125,3,High-Income East
997008,3,High-Income East
132337,3,High-Income East
280796,1,High-Income West
564909,3,High-Income East
210770,1,High-Income West
741842,3,High-Income East
928188,3,High-Income East
674923,3,High-Income East
336143,0,Low-Income East
801176,2,Low-Income West
379281,3,High-Income East
104739,0,Low-Income East
682707,2,Low-Income West
924634,2,Low-Income West
750955,3,High-Income East
811140,1,High-Income West
984824,1,High-Income West
353308,3,High-Income East
870203,0,Low-Income East
967035,1,High-Income West
359446,2,Low-Income West
576871,0,Low-Income East
821010,3,High-Income East
966949,1,High-Income West
720465,0,Low-Income East
122946,3,High-Income East
474752,0,Low-Income East
888297,3,High-Income East
286989,0,Low-Income East
480675,2,Low-Income West
363483,3,High-Income East
689440,2,Low-Income West
154782,1,High-Income West
830223,3,High-Income East
908994,1,High-Income West
525188,3,High-Income East
137944,3,High-Income East
197578,3,High-Income East
604039,1,High-Income West
820454,3,High-Income East
472695,0,Low-Income East
644390,2,Low-Income West
878388,1,High-Income West
837526,1,High-Income West
138908,3,High-Income East
841957,3,High-Income East
597023,1,High-Income West
226847,1,High-Income West
199493,2,Low-Income West
618379,2,Low-Income West
125059,0,Low-Income East
254860,2,Low-Income West
405418,2,Low-Income West
936440,2,Low-Income West
404233,2,Low-Income West
256198,3,High-Income East
110170,2,Low-Income West
159942,0,Low-Income East
671639,3,High-Income East
873498,3,High-Income East
263612,2,Low-Income West
230240,0,Low-Income East
319012,3,High-Income East
205371,3,High-Income East
618886,3,High-Income East
140674,3,High-Income East
731238,1,High-Income West
233768,1,High-Income West
461540,1,High-Income West
721364,3,High-Income East
918964,3,High-Income East
950393,3,High-Income East
773973,1,High-Income West
301784,3,High-Income East
792898,0,Low-Income East
441442,2,Low-Income West
427444,1,High-Income West
223643,0,Low-Income East
229621,3,High-Income East
159751,1,High-Income West
618731,3,High-Income East
635162,1,High-Income West
321795,3,High-Income East
423409,0,Low-Income East
336809,3,High-Income East
835009,3,High-Income East
663062,2,Low-Income West
739820,1,High-Income West
254371,0,Low-Income East
218545,3,High-Income East
572015,3,High-Income East
367782,1,High-Income West
699962,1,High-Income West
363967,0,Low-Income East
603050,0,Low-Income East
947711,2,Low-Income West
170321,1,High-Income West
154958,0,Low-Income East
278054,0,Low-Income East
135257,3,High-Income East
895921,1,High-Income West
386607,1,High-Income West
618089,3,High-Income East
218122,0,Low-Income East
498932,0,Low-Income East
533302,2,Low-Income West
255740,3,High-Income East
855383,3,High-Income East
103699,1,High-Income West
297172,3,High-Income East
798817,3,High-Income East
810833,3,High-Income East
615945,1,High-Income West
483154,0,Low-Income East
305412,2,Low-Income West
716785,2,Low-Income West
235459,0,Low-Income East
915147,1,High-Income West
707699,1,High-Income West
827815,3,High-Income East
978484,1,High-Income West
301744,0,Low-Income East
955533,2,Low-Income West
730737,0,Low-Income East
828328,2,Low-Income West
542208,1,High-Income West
783791,2,Low-Income West
592064,2,Low-Income West
376863,0,Low-Income East
423821,0,Low-Income East
964789,2,Low-Income West
639705,0,Low-Income East
781062,1,High-Income West
580500,3,High-Income East
738652,3,High-Income East
123164,2,Low-Income West
389804,2,Low-Income West
532203,0,Low-Income East
697962,0,Low-Income East
581427,2,Low-Income West
645895,0,Low-Income East
409951,2,Low-Income West
507838,3,High-Income East
614871,1,High-Income West
509686,1,High-Income West
601834,3,High-Income East
381316,0,Low-Income East
794523,2,Low-Income West
296887,1,High-Income West
935110,1,High-Income West
541358,3,High-Income East
861669,1,High-Income West
558686,2,Low-Income West
659011,3,High-Income East
201256,3,High-Income East
537132,1,High-Income West
470989,0,Low-Income East
858266,0,Low-Income East
479724,0,Low-Income East
315527,3,High-Income East
759518,3,High-Income East
121710,3,High-Income East
260112,1,High-Income West
489534,3,High-Income East
492973,3,High-Income East
597156,1,High-Income West
678460,3,High-Income East
745811,0,Low-Income East
870045,0,Low-Income East
665533,1,High-Income West
166829,2,Low-Income West
915164,0,Low-Income East
508795,0,Low-Income East
327638,3,High-Income East
899592,2,Low-Income West
179075,3,High-Income East
216661,1,High-Income West
345908,2,Low-Income West
312867,0,Low-Income East
834453,2,Low-Income West
766262,3,High-Income East
270304,3,High-Income East
682521,1,High-Income West
136470,2,Low-Income West
309110,3,High-Income East
783515,3,High-Income East
446886,1,High-Income West
571760,2,Low-Income West
148865,0,Low-Income East
952322,2,Low-Income West
144301,0,Low-Income East
954718,0,Low-Income East
428305,1,High-Income West
172444,3,High-Income East
308176,2,Low-Income West
782124,2,Low-Income West
194254,3,High-Income East
161769,1,High-Income West
793995,3,High-Income East
747926,0,Low-Income East
930562,3,High-Income East
326280,3,High-Income East
834799,2,Low-Income West
169697,2,Low-Income West
263260,2,Low-Income West
976153,0,Low-Income East
724071,0,Low-Income East
534324,3,High-Income East
663641,0,Low-Income East
329281,1,High-Income West
573505,1,High-Income West
418626,0,Low-Income East
197062,3,High-Income East
565710,1,High-Income West
905288,3,High-Income East
257820,0,Low-Income East
179773,3,High-Income East
771976,1,High-Income West
698932,3,High-Income East
170311,1,High-Income West
897904,3,High-Income East
108857,1,High-Income West
568205,1,High-Income West
410558,1,High-Income West
848574,0,Low-Income East
590752,1,High-Income West
389551,0,Low-Income East
430265,3,High-Income East
403507,1,High-Income West
974441,0,Low-Income East
415088,1,High-Income West
466813,3,High-Income East
824906,1,High-Income West
183755,2,Low-Income West
695878,0,Low-Income East
770968,0,Low-Income East
279654,1,High-Income West
631557,1,High-Income West
595169,2,Low-Income West
296457,2,Low-Income West
750384,0,Low-Income East
510502,1,High-Income West
241436,3,High-Income East
252165,1,High-Income West
523272,3,High-Income East
767907,3,High-Income East
889697,3,High-Income East
408134,0,Low-Income East
133324,1,High-Income West
883468,3,High-Income East
678217,0,Low-Income East
186668,1,High-Income West
491005,3,High-Income East
266474,0,Low-Income East
318537,2,Low-Income West
922347,2,Low-Income West
368330,2,Low-Income West
629753,3,High-Income East
409798,3,High-Income East
949952,1,High-Income West
210339,0,Low-Income East
557872,0,Low-Income East
343706,3,High-Income East
357059,3,High-Income East
901887,3,High-Income East
612742,2,Low-Income West
937250,0,Low-Income East
871445,3,High-Income East
681250,3,High-Income East
418930,3,High-Income East
412024,1,High-Income West
905634,3,High-Income East
299760,1,High-Income West
182534,0,Low-Income East
996333,1,High-Income West
953448,3,High-Income East
617099,1,High-Income West
274211,3,High-Income East
318753,1,High-Income West
618830,3,High-Income East
429894,1,High-Income West
253619,0,Low-Income East
147408,1,High-Income West
633631,3,High-Income East
196892,0,Low-Income East
215869,3,High-Income East
241600,2,Low-Income West
665467,3,High-Income East
494263,3,High-Income East
860017,3,High-Income East
275531,1,High-Income West
753141,3,High-Income East
366467,0,Low-Income East
995868,1,High-Income West
278045,2,Low-Income West
359816,0,Low-Income East
432255,3,High-Income East
235716,3,High-Income East
208368,3,High-Income East
533638,3,High-Income East
750152,3,High-Income East
972636,3,High-Income East
938516,2,Low-Income West
997710,0,Low-Income East
625945,3,High-Income East
538760,2,Low-Income West
897835,2,Low-Income West
115505,3,High-Income East
464970,1,High-Income West
529140,3,High-Income East
638469,0,Low-Income East
698242,2,Low-Income West
250540,0,Low-Income East
442014,3,High-Income East
859196,2,Low-Income West
444050,3,High-Income East
746385,3,High-Income East
381395,2,Low-Income West
740603,0,Low-Income East
464720,2,Low-Income West
230337,0,Low-Income East
441356,2,Low-Income West
971609,1,High-Income West
770727,1,High-Income West
651622,3,High-Income East
750247,0,Low-Income East
858294,2,Low-Income West
465197,3,High-Income East
105992,3,High-Income East
469404,3,High-Income East
660457,1,High-Income West
547764,1,High-Income West
333451,1,High-Income West
823789,3,High-Income East
704308,0,Low-Income East
722324,2,Low-Income West
227234,3,High-Income East
967738,3,High-Income East
266479,0,Low-Income East
301323,0,Low-Income East
775573,0,Low-Income East
948747,2,Low-Income West
814490,0,Low-Income East
130497,0,Low-Income East
381459,3,High-Income East
871972,1,High-Income West
176480,2,Low-Income West
838589,3,High-Income East
433752,1,High-Income West
709566,3,High-Income East
916003,1,High-Income West
216109,3,High-Income East
113529,3,High-Income East
445146,0,Low-Income East
132563,2,Low-Income West
528160,3,High-Income East
497201,3,High-Income East
518582,3,High-Income East
708566,2,Low-Income West
834063,0,Low-Income East
168349,3,High-Income East
709844,0,Low-Income East
128749,0,Low-Income East
121068,1,High-Income West
399101,3,High-Income East
735266,1,High-Income West
943460,3,High-Income East
932973,2,Low-Income West
185509,3,High-Income East
255108,1,High-Income West
395384,3,High-Income East
650721,3,High-Income East
686728,1,High-Income West
859343,1,High-Income West
948117,3,High-Income East
595028,1,High-Income West
855510,2,Low-Income West
963016,2,Low-Income West
129914,2,Low-Income West
400486,2,Low-Income West
878653,0,Low-Income East
323154,2,Low-Income West
466795,2,Low-Income West
657730,0,Low-Income East
683288,0,Low-Income East
686220,0,Low-Income East
831442,0,Low-Income East
582166,2,Low-Income West
424585,0,Low-Income East
469075,2,Low-Income West
723715,3,High-Income East
249352,0,Low-Income East
372824,0,Low-Income East
276806,3,High-Income East
128950,1,High-Income West
178461,0,Low-Income East
678967,2,Low-Income West
854831,0,Low-Income East
407798,0,Low-Income East
457552,0,Low-Income East
942191,0,Low-Income East
552823,2,Low-Income West
906826,0,Low-Income East
817744,0,Low-Income East
163615,0,Low-Income East
399065,2,Low-Income West
612488,0,Low-Income East
644893,0,Low-Income East
940523,0,Low-Income East
627670,2,Low-Income West
712220,2,Low-Income West
723061,0,Low-Income East
621218,3,High-Income East
265072,2,Low-Income West
402638,0,Low-Income East
960913,1,High-Income West
899734,3,High-Income East
796347,0,Low-Income East
688178,3,High-Income East
761600,0,Low-Income East
237293,0,Low-Income East
880406,2,Low-Income West
245356,0,Low-Income East
362736,0,Low-Income East
459971,2,Low-Income West
994541,2,Low-Income West
517533,2,Low-Income West
667041,1,High-Income West
968090,3,High-Income East
897545,2,Low-Income West
314441,3,High-Income East
866362,3,High-Income East
387584,2,Low-Income West
266429,3,High-Income East
384328,2,Low-Income West
590393,3,High-Income East
615989,0,Low-Income East
351238,3,High-Income East
396726,2,Low-Income West
795174,2,Low-Income West
266326,2,Low-Income West
553973,0,Low-Income East
512179,3,High-Income East
407032,2,Low-Income West
851499,0,Low-Income East
434888,0,Low-Income East
206332,2,Low-Income West
154606,3,High-Income East
172348,1,High-Income West
112842,0,Low-Income East
505204,3,High-Income East
491404,0,Low-Income East
390562,3,High-Income East
493894,1,High-Income West
527244,0,Low-Income East
349730,0,Low-Income East
397533,0,Low-Income East
767058,2,Low-Income West
458939,0,Low-Income East
244538,0,Low-Income East
681270,3,High-Income East
576736,3,High-Income East
206680,0,Low-Income East
475550,0,Low-Income East
702257,2,Low-Income West
921357,0,Low-Income East
941621,0,Low-Income East
180321,0,Low-Income East
773095,3,High-Income East
445632,3,High-Income East
658175,3,High-Income East
568814,0,Low-Income East
692275,0,Low-Income East
380255,0,Low-Income East
936860,0,Low-Income East
463490,0,Low-Income East
827334,0,Low-Income East
274107,0,Low-Income East
506170,0,Low-Income East
874842,2,Low-Income West
552546,3,High-Income East
519276,2,Low-Income West
560713,0,Low-Income East
723672,0,Low-Income East
438299,0,Low-Income East
657842,2,Low-Income West
231090,3,High-Income East
236874,1,High-Income West
504311,3,High-Income East
289693,2,Low-Income West
775185,0,Low-Income East
206366,0,Low-Income East
197973,0,Low-Income East
576354,2,Low-Income West
590025,0,Low-Income East
827819,3,High-Income East
447943,1,High-Income West
595334,3,High-Income East
358039,2,Low-Income West
508923,0,Low-Income East
649404,0,Low-Income East
177677,1,High-Income West
239955,3,High-Income East
565351,3,High-Income East
969219,3,High-Income East
146099,0,Low-Income East
312226,0,Low-Income East
624980,2,Low-Income West
785738,0,Low-Income East
898438,0,Low-Income East
229308,0,Low-Income East
605874,3,High-Income East
929282,0,Low-Income East
424688,2,Low-Income West
965688,0,Low-Income East
140823,2,Low-Income West
795486,2,Low-Income West
920145,0,Low-Income East
939333,2,Low-Income West
119638,2,Low-Income West
735171,3,High-Income East
839579,3,High-Income East
589074,0,Low-Income East
280879,3,High-Income East
304117,2,Low-Income West
520202,0,Low-Income East
522285,2,Low-Income West
972121,0,Low-Income East
907636,2,Low-Income West
323249,1,High-Income West
347013,3,High-Income East
378920,3,High-Income East
635616,0,Low-Income East
559879,0,Low-Income East
555831,0,Low-Income East
923201,0,Low-Income East
661708,0,Low-Income East
134397,1,High-Income West
326988,3,High-Income East
788354,3,High-Income East
324125,0,Low-Income East
489221,2,Low-Income West
891696,3,High-Income East
475123,2,Low-Income West
781052,2,Low-Income West
273478,2,Low-Income West
666702,0,Low-Income East
834523,2,Low-Income West
951624,0,Low-Income East
709479,0,Low-Income East
943553,2,Low-Income West
106839,3,High-Income East
326418,1,High-Income West
723820,1,High-Income West
446302,2,Low-Income West
275209,1,High-Income West
129976,0,Low-Income East
197096,2,Low-Income West
160707,3,High-Income East
340604,3,High-Income East
502784,1,High-Income West
974209,3,High-Income East
244611,3,High-Income East
931244,2,Low-Income West
778590,2,Low-Income West
669810,0,Low-Income East
485705,3,High-Income East
400265,0,Low-Income East
575070,0,Low-Income East
734838,0,Low-Income East
371159,0,Low-Income East
876254,0,Low-Income East
252563,0,Low-Income East
233738,2,Low-Income West
420008,2,Low-Income West
494536,0,Low-Income East
132935,0,Low-Income East
175832,2,Low-Income West
501602,0,Low-Income East
438869,0,Low-Income East
493350,0,Low-Income East
800878,0,Low-Income East
749112,2,Low-Income West
966372,0,Low-Income East
270969,0,Low-Income East
885723,0,Low-Income East
372237,0,Low-Income East
116207,0,Low-Income East
152014,0,Low-Income East
236794,0,Low-Income East
851370,2,Low-Income West
452994,3,High-Income East
769602,3,High-Income East
874184,0,Low-Income East
562361,1,High-Income West
497281,0,Low-Income East
269297,0,Low-Income East
414757,2,Low-Income West
300945,3,High-Income East
115749,1,High-Income West
325382,0,Low-Income East
901690,1,High-Income West
207220,0,Low-Income East
490932,0,Low-Income East
159351,3,High-Income East
714757,0,Low-Income East
643476,3,High-Income East
755406,3,High-Income East
245440,0,Low-Income East
853266,2,Low-Income West
563428,0,Low-Income East
125919,3,High-Income East
360256,3,High-Income East
468192,3,High-Income East
711775,3,High-Income East
480502,1,High-Income West
700430,2,Low-Income West
828988,1,High-Income West
783928,0,Low-Income East
288491,3,High-Income East
985211,0,Low-Income East
628924,2,Low-Income West
157672,0,Low-Income East
120140,0,Low-Income East
713299,0,Low-Income East
888430,2,Low-Income West
892632,0,Low-Income East
331992,0,Low-Income East
424917,2,Low-Income West
570796,0,Low-Income East
402706,0,Low-Income East
557458,0,Low-Income East
410218,1,High-Income West
567261,1,High-Income West
241455,2,Low-Income West
580472,0,Low-Income East
522111,3,High-Income East
569720,0,Low-Income East
932100,2,Low-Income West
277188,3,High-Income East
356812,2,Low-Income West
888115,0,Low-Income East
873468,2,Low-Income West
117358,3,High-Income East
205195,1,High-Income West
118379,0,Low-Income East
229210,0,Low-Income East
963642,0,Low-Income East
681822,2,Low-Income West
193953,2,Low-Income West
206284,0,Low-Income East
299501,0,Low-Income East
627778,2,Low-Income West
590727,2,Low-Income West
669501,0,Low-Income East
939766,0,Low-Income East
971164,2,Low-Income West
983416,0,Low-Income East
441113,0,Low-Income East
170656,1,High-Income West
676371,3,High-Income East
286611,3,High-Income East
713085,2,Low-Income West
197509,2,Low-Income West
264904,0,Low-Income East
469238,2,Low-Income West
891810,0,Low-Income East
361707,2,Low-Income West
292617,2,Low-Income West
853608,1,High-Income West
871287,3,High-Income East
300051,1,High-Income West
703505,3,High-Income East
201683,1,High-Income West
324143,0,Low-Income East
950947,2,Low-Income West
126219,2,Low-Income West
668325,0,Low-Income East
712026,0,Low-Income East
828918,2,Low-Income West
928804,2,Low-Income West
327910,1,High-Income West
553530,2,Low-Income West
720536,2,Low-Income West
971627,3,High-Income East
120868,3,High-Income East
163388,1,High-Income West
280659,0,Low-Income East
615578,0,Low-Income East
726735,0,Low-Income East
473648,2,Low-Income West
183096,2,Low-Income West
673492,0,Low-Income East
239184,0,Low-Income East
674933,0,Low-Income East
772381,3,High-Income East
319433,3,High-Income East
582429,0,Low-Income East
755362,0,Low-Income East
616611,1,High-Income West
553089,0,Low-Income East
983968,0,Low-Income East
411204,1,High-Income West
347629,2,Low-Income West
207860,2,Low-Income West
485933,0,Low-Income East
548126,3,High-Income East
907934,2,Low-Income West
761694,3,High-Income East
601625,2,Low-Income West
740407,0,Low-Income East
185561,2,Low-Income West
495912,0,Low-Income East
527838,2,Low-Income West
235709,2,Low-Income West
777351,2,Low-Income West
585793,0,Low-Income East
383147,0,Low-Income East
653890,2,Low-Income West
475395,0,Low-Income East
442251,0,Low-Income East
690776,2,Low-Income West
193147,2,Low-Income West
477787,0,Low-Income East
699739,0,Low-Income East
102207,3,High-Income East
764578,3,High-Income East
570469,0,Low-Income East
466645,0,Low-Income East
890617,2,Low-Income West
983199,0,Low-Income East
663513,3,High-Income East
487726,2,Low-Income West
255623,0,Low-Income East
982501,0,Low-Income East
517129,2,Low-Income West
747655,2,Low-Income West
190561,0,Low-Income East
997653,0,Low-Income East
305150,0,Low-Income East
918053,3,High-Income East
948831,0,Low-Income East
726684,0,Low-Income East
590936,3,High-Income East
806348,0,Low-Income East
480021,0,Low-Income East
953341,0,Low-Income East
682840,0,Low-Income East
733434,2,Low-Income West
446662,2,Low-Income West
863809,0,Low-Income East
190256,1,High-Income West
411272,0,Low-Income East
480389,1,High-Income West
388624,0,Low-Income East
712132,3,High-Income East
367511,1,High-Income West
771667,0,Low-Income East
333595,0,Low-Income East
891647,2,Low-Income West
483623,3,High-Income East
313477,2,Low-Income West
399666,2,Low-Income West
813439,1,High-Income West
295533,0,Low-Income East
829162,0,Low-Income East
477598,0,Low-Income East
123773,3,High-Income East
729542,3,High-Income East
352809,2,Low-Income West
513778,0,Low-Income East
324662,0,Low-Income East
394248,0,Low-Income East
640555,1,High-Income West
286370,2,Low-Income West
902298,0,Low-Income East
655480,2,Low-Income West
975944,2,Low-Income West
500115,1,High-Income West
724139,0,Low-Income East
983713,2,Low-Income West
918984,0,Low-Income East
989478,0,Low-Income East
548390,0,Low-Income East
837327,3,High-Income East
861558,3,High-Income East
487901,3,High-Income East
579684,3,High-Income East
142545,3,High-Income East
141181,1,High-Income West
336127,3,High-Income East
796990,3,High-Income East
513125,0,Low-Income East
907015,0,Low-Income East
923336,0,Low-Income East
915243,3,High-Income East
434657,3,High-Income East
142749,3,High-Income East
102168,3,High-Income East
242839,1,High-Income West
920326,0,Low-Income East
775678,2,Low-Income West
356561,2,Low-Income West
245929,0,Low-Income East
932249,0,Low-Income East
264308,3,High-Income East
320414,1,High-Income West
395639,0,Low-Income East
589745,0,Low-Income East
986018,0,Low-Income East
369658,1,High-Income West
262374,0,Low-Income East
252782,0,Low-Income East
482711,0,Low-Income East
486112,0,Low-Income East
685608,0,Low-Income East
663072,0,Low-Income East
743335,2,Low-Income West
187710,0,Low-Income East
847724,2,Low-Income West
326724,1,High-Income West
222425,2,Low-Income West
594626,0,Low-Income East
466862,2,Low-Income West
194694,2,Low-Income West
456436,3,High-Income East
698647,3,High-Income East
566640,0,Low-Income East
453034,2,Low-Income West
590647,1,High-Income West
684776,3,High-Income East
346090,0,Low-Income East
508934,3,High-Income East
885888,0,Low-Income East
332716,2,Low-Income West
412995,3,High-Income East
478373,1,High-Income West
649487,0,Low-Income East
250422,2,Low-Income West
793801,0,Low-Income East
872069,2,Low-Income West
501217,2,Low-Income West
875473,0,Low-Income East
275933,0,Low-Income East
312248,0,Low-Income East
923041,3,High-Income East
592485,0,Low-Income East
940256,2,Low-Income West
185013,3,High-Income East
127827,3,High-Income East
566957,3,High-Income East
570920,3,High-Income East
693528,1,High-Income West
382739,0,Low-Income East
117725,1,High-Income West
345931,1,High-Income West
637927,0,Low-Income East
861191,2,Low-Income West
548883,2,Low-Income West
769891,0,Low-Income East
926175,0,Low-Income East
868830,0,Low-Income East
939320,2,Low-Income West
431020,0,Low-Income East
444218,0,Low-Income East
693913,1,High-Income West
895180,3,High-Income East
244721,0,Low-Income East
208329,2,Low-Income West
490562,1,High-Income West
859871,0,Low-Income East
888131,3,High-Income East
452282,2,Low-Income West
868926,0,Low-Income East
484853,0,Low-Income East
620674,1,High-Income West
501165,0,Low-Income East
611464,2,Low-Income West
599925,1,High-Income West
992524,2,Low-Income West
212977,3,High-Income East
228673,1,High-Income West
413345,2,Low-Income West
678603,0,Low-Income East
659481,0,Low-Income East
909800,2,Low-Income West
173884,3,High-Income East
893661,3,High-Income East
539854,0,Low-Income East
457695,2,Low-Income West
583788,0,Low-Income East
449858,3,High-Income East
595024,0,Low-Income East
780266,2,Low-Income West
530839,3,High-Income East
527582,3,High-Income East
645927,1,High-Income West
574745,0,Low-Income East
185808,3,High-Income East
428526,0,Low-Income East
284290,0,Low-Income East
649104,0,Low-Income East
400030,3,High-Income East
862543,1,High-Income West
259219,2,Low-Income West
148322,2,Low-Income West
164313,0,Low-Income East
620084,0,Low-Income East
931238,1,High-Income West
773012,0,Low-Income East
312455,1,High-Income West
575573,1,High-Income West
855372,3,High-Income East
729161,0,Low-Income East
839132,3,High-Income East
177146,0,Low-Income East
596297,1,High-Income West
750280,0,Low-Income East
967093,0,Low-Income East
156750,0,Low-Income East
425620,2,Low-Income West
979548,0,Low-Income East
424983,2,Low-Income West
370517,0,Low-Income East
779573,3,High-Income East
632399,3,High-Income East
288164,3,High-Income East
144695,2,Low-Income West
141043,0,Low-Income East
323345,2,Low-Income West
804534,0,Low-Income East
866501,3,High-Income East
782503,3,High-Income East
284889,2,Low-Income West
501189,1,High-Income West
144328,0,Low-Income East
270183,0,Low-Income East
653324,2,Low-Income West
846717,2,Low-Income West
594636,0,Low-Income East
621731,3,High-Income East
901780,3,High-Income East
660395,3,High-Income East
319658,1,High-Income West
305572,1,High-Income West
853037,3,High-Income East
454145,1,High-Income West
138896,3,High-Income East
163598,3,High-Income East
101356,0,Low-Income East
390435,3,High-Income East
836622,0,Low-Income East
463230,2,Low-Income West
967693,0,Low-Income East
820370,0,Low-Income East
419953,0,Low-Income East
790734,2,Low-Income West
509474,0,Low-Income East
748586,2,Low-Income West
694757,2,Low-Income West
741422,0,Low-Income East
149782,0,Low-Income East
525579,0,Low-Income East
855400,3,High-Income East
584537,1,High-Income West
447401,3,High-Income East
366727,3,High-Income East
325901,1,High-Income West
621832,1,High-Income West
774226,3,High-Income East
743320,0,Low-Income East
831797,2,Low-Income West
134827,1,High-Income West
155763,3,High-Income East
274083,1,High-Income West
384412,3,High-Income East
414727,1,High-Income West
973860,1,High-Income West
545378,0,Low-Income East
180207,3,High-Income East
911089,0,Low-Income East
814698,3,High-Income East
369603,3,High-Income East
747509,3,High-Income East
268842,0,Low-Income East
310534,3,High-Income East
743734,1,High-Income West
877730,3,High-Income East
519933,2,Low-Income West
955138,0,Low-Income East
557932,2,Low-Income West
329730,2,Low-Income West
147986,2,Low-Income West
944491,0,Low-Income East
410209,0,Low-Income East
622334,2,Low-Income West
422276,0,Low-Income East
548244,2,Low-Income West
283122,2,Low-Income West
970401,0,Low-Income East
714536,3,High-Income East
720197,0,Low-Income East
863490,0,Low-Income East
662665,1,High-Income West
889796,3,High-Income East
965590,1,High-Income West
975466,3,High-Income East
498989,3,High-Income East
177457,0,Low-Income East
645688,2,Low-Income West
583175,0,Low-Income East
771753,3,High-Income East
960082,0,Low-Income East
417118,3,High-Income East
359138,3,High-Income East
306203,1,High-Income West
314147,0,Low-Income East
279967,1,High-Income West
217497,1,High-Income West
319671,0,Low-Income East
379038,2,Low-Income West
840481,2,Low-Income West
412743,3,High-Income East
806815,1,High-Income West
894724,3,High-Income East
764703,2,Low-Income West
794602,0,Low-Income East
275298,0,Low-Income East
337260,2,Low-Income West
938873,0,Low-Income East
989406,3,High-Income East
770591,2,Low-Income West
201891,1,High-Income West
301155,2,Low-Income West
287591,0,Low-Income East
668136,2,Low-Income West
881001,0,Low-Income East
803844,2,Low-Income West
606344,3,High-Income East
714944,2,Low-Income West
936603,0,Low-Income East
663343,3,High-Income East
255183,2,Low-Income West
315225,0,Low-Income East
166535,2,Low-Income West
757885,3,High-Income East
401943,3,High-Income East
536517,0,Low-Income East
942403,2,Low-Income West
538507,1,High-Income West
405201,1,High-Income West
312312,2,Low-Income West
867624,0,Low-Income East
603539,1,High-Income West
117351,1,High-Income West
856942,3,High-Income East
202271,2,Low-Income West
408838,3,High-Income East
901520,3,High-Income East
264491,1,High-Income West
609296,1,High-Income West
362925,1,High-Income West
167933,0,Low-Income East
439251,0,Low-Income East
552669,2,Low-Income West
252679,3,High-Income East
542893,2,Low-Income West
823436,1,High-Income West
754517,0,Low-Income East
553943,2,Low-Income West
462616,2,Low-Income West
157566,2,Low-Income West
656360,0,Low-Income East
566550,2,Low-Income West
996488,3,High-Income East
558543,0,Low-Income East
221075,1,High-Income West
646178,0,Low-Income East
171419,0,Low-Income East
769166,0,Low-Income East
513661,0,Low-Income East
535852,3,High-Income East
365138,1,High-Income West
975181,3,High-Income East
585386,0,Low-Income East
956144,3,High-Income East
480074,3,High-Income East
818077,1,High-Income West
700497,0,Low-Income East
913721,2,Low-Income West
534009,0,Low-Income East
967628,2,Low-Income West
541000,0,Low-Income East
847601,1,High-Income West
101515,3,High-Income East
253082,3,High-Income East
200309,1,High-Income West
555024,3,High-Income East
905360,0,Low-Income East
504860,3,High-Income East
253689,0,Low-Income East
345244,3,High-Income East
763621,1,High-Income West
804368,3,High-Income East
708982,3,High-Income East
729205,2,Low-Income West
121919,1,High-Income West
884708,3,High-Income East
737451,3,High-Income East
666572,2,Low-Income West
430500,2,Low-Income West
463263,0,Low-Income East
443199,1,High-Income West
604943,3,High-Income East
327866,1,High-Income West
617447,3,High-Income East
427163,0,Low-Income East
920171,1,High-Income West
909543,3,High-Income East
122890,1,High-Income West
697029,2,Low-Income West
884062,1,High-Income West
400392,0,Low-Income East
912588,2,Low-Income West
593039,3,High-Income East
911852,0,Low-Income East
107487,0,Low-Income East
192009,2,Low-Income West
717407,2,Low-Income West
640116,0,Low-Income East
282723,1,High-Income West
122020,0,Low-Income East
143266,2,Low-Income West
163776,0,Low-Income East
892556,2,Low-Income West
924878,0,Low-Income East
854884,0,Low-Income East
546171,3,High-Income East
844479,2,Low-Income West
148612,1,High-Income West
235506,1,High-Income West
517472,1,High-Income West
700011,1,High-Income West
780236,3,High-Income East
874876,3,High-Income East
990955,0,Low-Income East
743256,3,High-Income East
931828,0,Low-Income East
408493,1,High-Income West
415148,1,High-Income West
397848,0,Low-Income East
154855,0,Low-Income East
890437,0,Low-Income East
766909,1,High-Income West
322435,0,Low-Income East
438511,3,High-Income East
365413,2,Low-Income West
423978,0,Low-Income East
628081,2,Low-Income West
362167,2,Low-Income West
418753,0,Low-Income East
264486,2,Low-Income West
100550,0,Low-Income East
600482,3,High-Income East
911920,1,High-Income West
816937,1,High-Income West
118612,0,Low-Income East
209405,0,Low-Income East
262810,2,Low-Income West
258228,1,High-Income West
730748,0,Low-Income East
846515,0,Low-Income East
166110,1,High-Income West
223632,0,Low-Income East
156666,0,Low-Income East
834066,0,Low-Income East
967904,2,Low-Income West
534151,2,Low-Income West
948961,3,High-Income East
403473,1,High-Income West
131761,1,High-Income West
189197,1,High-Income West
643225,2,Low-Income West
572811,0,Low-Income East
979901,2,Low-Income West
726848,1,High-Income West
318264,1,High-Income West
105700,2,Low-Income West
240886,3,High-Income East
489115,3,High-Income East
961595,3,High-Income East
281926,1,High-Income West
736518,3,High-Income East
612122,0,Low-Income East
859144,0,Low-Income East
327498,1,High-Income West
493775,3,High-Income East
509714,1,High-Income West
875483,1,High-Income West
142609,0,Low-Income East
210910,2,Low-Income West
848185,0,Low-Income East
550896,0,Low-Income East
847136,0,Low-Income East
876057,0,Low-Income East
573986,3,High-Income East
817609,3,High-Income East
152305,1,High-Income West
537397,3,High-Income East
739684,2,Low-Income West
415640,3,High-Income East
513246,0,Low-Income East
156730,0,Low-Income East
515185,2,Low-Income West
259067,0,Low-Income East
303049,2,Low-Income West
505179,0,Low-Income East
465170,3,High-Income East
118320,3,High-Income East
612834,3,High-Income East
100890,0,Low-Income East
177483,0,Low-Income East
327555,2,Low-Income West
845176,2,Low-Income West
313688,3,High-Income East
348751,0,Low-Income East
902555,3,High-Income East
599560,1,High-Income West
902993,3,High-Income East
830743,2,Low-Income West
388292,0,Low-Income East
811289,0,Low-Income East
880205,2,Low-Income West
369841,1,High-Income West
225087,3,High-Income East
879787,1,High-Income West
603653,0,Low-Income East
654540,0,Low-Income East
711500,2,Low-Income West
365515,3,High-Income East
456259,3,High-Income East
314202,1,High-Income West
793761,3,High-Income East
102726,1,High-Income West
232022,3,High-Income East
482796,3,High-Income East
901747,3,High-Income East
617326,0,Low-Income East
401101,1,High-Income West
861867,3,High-Income East
383912,1,High-Income West
769495,3,High-Income East
959044,2,Low-Income West
853565,3,High-Income East
752609,0,Low-Income East
551652,1,High-Income West
819149,3,High-Income East
991983,2,Low-Income West
222065,0,Low-Income East
331353,0,Low-Income East
767908,1,High-Income West
793285,3,High-Income East
785826,0,Low-Income East
488891,3,High-Income East
355039,3,High-Income East
683485,1,High-Income West
856364,3,High-Income East
871206,3,High-Income East
916843,1,High-Income West
556050,2,Low-Income West
937742,0,Low-Income East
688891,3,High-Income East
315054,3,High-Income East
964744,0,Low-Income East
979598,0,Low-Income East
572345,3,High-Income East
513480,0,Low-Income East
212493,2,Low-Income West
936570,0,Low-Income East
600220,0,Low-Income East
141844,2,Low-Income West
627428,2,Low-Income West
463361,3,High-Income East
559388,1,High-Income West
426022,2,Low-Income West
535251,3,High-Income East
390117,2,Low-Income West
144355,3,High-Income East
792418,2,Low-Income West
182782,1,High-Income West
393853,1,High-Income West
148201,0,Low-Income East
306872,2,Low-Income West
225529,0,Low-Income East
573344,3,High-Income East
417553,3,High-Income East
799622,0,Low-Income East
277341,3,High-Income East
246323,0,Low-Income East
490553,2,Low-Income West
815584,0,Low-Income East
983393,2,Low-Income West
383787,0,Low-Income East
714121,2,Low-Income West
110001,1,High-Income West
124377,2,Low-Income West
344797,0,Low-Income East
822665,0,Low-Income East
700748,2,Low-Income West
478315,3,High-Income East
278815,3,High-Income East
370842,3,High-Income East
703249,1,High-Income West
590989,1,High-Income West
836112,3,High-Income East
776782,2,Low-Income West
477362,3,High-Income East
117460,0,Low-Income East
454665,0,Low-Income East
969500,0,Low-Income East
128467,1,High-Income West
825165,3,High-Income East
226866,3,High-Income East
844959,2,Low-Income West
628431,0,Low-Income East
746580,2,Low-Income West
969092,1,High-Income West
510329,1,High-Income West
192685,1,High-Income West
616162,3,High-Income East
105552,3,High-Income East
263068,1,High-Income West
638466,1,High-Income West
712590,3,High-Income East
969350,1,High-Income West
999986,0,Low-Income East
164034,0,Low-Income East
883174,0,Low-Income East
621190,0,Low-Income East
402964,2,Low-Income West
104103,2,Low-Income West
170791,0,Low-Income East
179053,0,Low-Income East
849105,3,High-Income East
672570,2,Low-Income West
661150,0,Low-Income East
237319,3,High-Income East
936305,1,High-Income West
831404,1,High-Income West
684934,3,High-Income East
833754,2,Low-Income West
336357,3,High-Income East
763071,1,High-Income West
989986,3,High-Income East
399251,2,Low-Income West
718764,0,Low-Income East
743481,1,High-Income West
944980,1,High-Income West
644374,0,Low-Income East
738279,0,Low-Income East
889786,1,High-Income West
991627,3,High-Income East
432392,0,Low-Income East
809404,1,High-Income West
452459,1,High-Income West
452208,3,High-Income East
248620,0,Low-Income East
320031,2,Low-Income West
682980,3,High-Income East
527565,2,Low-Income West
750171,0,Low-Income East
961837,3,High-Income East
105712,0,Low-Income East
750862,1,High-Income West
374401,3,High-Income East
824076,1,High-Income West
721713,0,Low-Income East
227433,2,Low-Income West
650801,3,High-Income East
757041,1,High-Income West
489371,0,Low-Income East
698988,0,Low-Income East
454720,1,High-Income West
885274,3,High-Income East
413798,0,Low-Income East
767857,2,Low-Income West
335324,2,Low-Income West
952244,2,Low-Income West
595747,1,High-Income West
146527,1,High-Income West
647393,0,Low-Income East
112732,3,High-Income East
340638,3,High-Income East
819809,0,Low-Income East
214030,2,Low-Income West
646198,0,Low-Income East
142649,0,Low-Income East
428162,0,Low-Income East
221627,3,High-Income East
535183,0,Low-Income East
698505,2,Low-Income West
867327,2,Low-Income West
268789,0,Low-Income East
104732,2,Low-Income West
759322,2,Low-Income West
760077,0,Low-Income East
329214,2,Low-Income West
496357,2,Low-Income West
851982,0,Low-Income East
668510,3,High-Income East
210870,0,Low-Income East
840021,0,Low-Income East
906715,2,Low-Income West
984055,0,Low-Income East
923799,3,High-Income East
898417,0,Low-Income East
164512,0,Low-Income East
297167,1,High-Income West
662848,1,High-Income West
929707,3,High-Income East
148234,1,High-Income West
999788,0,Low-Income East
623327,3,High-Income East
904410,2,Low-Income West
494885,3,High-Income East
718454,1,High-Income West
553396,2,Low-Income West
863384,0,Low-Income East
444085,0,Low-Income East
743835,2,Low-Income West
113040,1,High-Income West
540756,3,High-Income East
773739,3,High-Income East
912352,1,High-Income West
775440,0,Low-Income East
636673,0,Low-Income East
937849,3,High-Income East
262717,2,Low-Income West
532759,2,Low-Income West
453466,1,High-Income West
213297,0,Low-Income East
758328,3,High-Income East
254667,1,High-Income West
137020,0,Low-Income East
767767,3,High-Income East
788555,1,High-Income West
867472,3,High-Income East
148111,2,Low-Income West
600021,2,Low-Income West
624935,1,High-Income West
760614,3,High-Income East
559483,0,Low-Income East
689839,2,Low-Income West
244419,0,Low-Income East
332409,2,Low-Income West
211625,3,High-Income East
611582,3,High-Income East
547217,3,High-Income East
876850,1,High-Income West
514523,0,Low-Income East
954570,2,Low-Income West
718516,3,High-Income East
118298,0,Low-Income East
823257,0,Low-Income East
368062,3,High-Income East
472488,1,High-Income West
549540,3,High-Income East
421580,2,Low-Income West
998112,0,Low-Income East
985516,0,Low-Income East
484504,0,Low-Income East
763591,3,High-Income East
601626,0,Low-Income East
618302,2,Low-Income West
149225,3,High-Income East
399417,1,High-Income West
482528,3,High-Income East
919951,1,High-Income West
979467,0,Low-Income East
822696,2,Low-Income West
810517,3,High-Income East
883963,1,High-Income West
493369,3,High-Income East
843642,3,High-Income East
222874,2,Low-Income West
255653,0,Low-Income East
606989,0,Low-Income East
740326,2,Low-Income West
763241,0,Low-Income East
883065,2,Low-Income West
844046,3,High-Income East
183023,1,High-Income West
948785,3,High-Income East
683664,0,Low-Income East
294617,2,Low-Income West
157816,3,High-Income East
556688,1,High-Income West
477295,0,Low-Income East
891218,2,Low-Income West
586870,1,High-Income West
748914,3,High-Income East
204535,2,Low-Income West
170211,2,Low-Income West
616226,0,Low-Income East
533198,1,High-Income West
979389,3,High-Income East
420856,3,High-Income East
174044,0,Low-Income East
576878,2,Low-Income West
386979,0,Low-Income East
591641,1,High-Income West
930089,0,Low-Income East
132884,2,Low-Income West
200802,0,Low-Income East
754850,1,High-Income West
206466,3,High-Income East
320180,3,High-Income East
999911,0,Low-Income East
582256,0,Low-Income East
732377,3,High-Income East
966920,0,Low-Income East
769669,3,High-Income East
767534,2,Low-Income West
860724,0,Low-Income East
918350,2,Low-Income West
267930,3,High-Income East
934150,3,High-Income East
758927,2,Low-Income West
426990,0,Low-Income East
519677,3,High-Income East
302414,3,High-Income East
967462,2,Low-Income West
350269,1,High-Income West
967966,3,High-Income East
698072,2,Low-Income West
832864,2,Low-Income West
846796,2,Low-Income West
248138,3,High-Income East
104541,3,High-Income East
263866,3,High-Income East
514530,3,High-Income East
940156,3,High-Income East
312530,3,High-Income East
347423,3,High-Income East
990077,3,High-Income East
571169,0,Low-Income East
569313,2,Low-Income West
872341,0,Low-Income East
516271,0,Low-Income East
920118,2,Low-Income West
186020,3,High-Income East
247692,1,High-Income West
559342,1,High-Income West
639116,0,Low-Income East
316982,1,High-Income West
321748,3,High-Income East
357589,3,High-Income East
483198,1,High-Income West
652501,1,High-Income West
622632,3,High-Income East
401062,0,Low-Income East
451226,2,Low-Income West
252628,1,High-Income West
379117,0,Low-Income East
883852,2,Low-Income West
735676,2,Low-Income West
228273,0,Low-Income East
863744,0,Low-Income East
585271,1,High-Income West
833197,3,High-Income East
148690,1,High-Income West
221469,3,High-Income East
295138,0,Low-Income East
115427,3,High-Income East
729293,1,High-Income West
309602,3,High-Income East
575434,0,Low-Income East
823816,1,High-Income West
957571,3,High-Income East
303573,0,Low-Income East
541741,0,Low-Income East
351889,3,High-Income East
368435,1,High-Income West
118675,0,Low-Income East
489628,2,Low-Income West
705911,2,Low-Income West
425826,2,Low-Income West
698627,3,High-Income East
325599,3,High-Income East
358792,2,Low-Income West
885682,0,Low-Income East
333644,3,High-Income East
565690,3,High-Income East
662750,3,High-Income East
733608,1,High-Income West
618461,2,Low-Income West
437440,0,Low-Income East
885357,2,Low-Income West
323068,3,High-Income East
464828,0,Low-Income East
965482,2,Low-Income West
394200,0,Low-Income East
519873,0,Low-Income East
846243,2,Low-Income West
343051,1,High-Income West
882044,3,High-Income East
721300,3,High-Income East
904378,3,High-Income East
311762,3,High-Income East
209886,3,High-Income East
347987,1,High-Income West
749972,2,Low-Income West
667798,1,High-Income West
965012,3,High-Income East
247050,1,High-Income West
463854,3,High-Income East
763224,0,Low-Income East
628017,0,Low-Income East
858445,2,Low-Income West
348774,3,High-Income East
992930,3,High-Income East
340924,2,Low-Income West
312774,3,High-Income East
633992,2,Low-Income West
838160,3,High-Income East
160135,3,High-Income East
467685,0,Low-Income East
100504,3,High-Income East
284892,1,High-Income West
530299,3,High-Income East
387695,0,Low-Income East
234922,1,High-Income West
268307,3,High-Income East
407008,3,High-Income East
440699,1,High-Income West
592034,1,High-Income West
416127,1,High-Income West
672819,3,High-Income East
221595,0,Low-Income East
187758,0,Low-Income East
136169,3,High-Income East
105193,3,High-Income East
759017,1,High-Income West
860657,1,High-Income West
862212,3,High-Income East
162496,1,High-Income West
994443,0,Low-Income East
528095,3,High-Income East
185531,3,High-Income East
280574,2,Low-Income West
537887,3,High-Income East
543862,1,High-Income West
734752,3,High-Income East
428520,2,Low-Income West
189329,1,High-Income West
567070,3,High-Income East
542574,1,High-Income West
134000,1,High-Income West
396863,3,High-Income East
134738,1,High-Income West
989429,3,High-Income East
150291,1,High-Income West
231319,3,High-Income East
235092,3,High-Income East
283358,1,High-Income West
652781,1,High-Income West
749212,3,High-Income East
846125,3,High-Income East
781797,1,High-Income West
373737,2,Low-Income West
235030,3,High-Income East
504802,1,High-Income West
845684,2,Low-Income West
177199,3,High-Income East
460938,2,Low-Income West
239525,2,Low-Income West
152338,0,Low-Income East
374344,3,High-Income East
744528,1,High-Income West
140191,0,Low-Income East
755082,3,High-Income East
207492,0,Low-Income East
827353,2,Low-Income West
974777,3,High-Income East
672039,3,High-Income East
208553,0,Low-Income East
561961,3,High-Income East
809587,1,High-Income West
121737,3,High-Income East
489592,1,High-Income West
198961,3,High-Income East
319123,2,Low-Income West
122561,3,High-Income East
584405,0,Low-Income East
544306,2,Low-Income West
806008,3,High-Income East
112632,0,Low-Income East
434098,2,Low-Income West
511835,0,Low-Income East
338125,3,High-Income East
288112,3,High-Income East
161241,0,Low-Income East
517781,1,High-Income West
648077,0,Low-Income East
671077,1,High-Income West
535892,1,High-Income West
973357,3,High-Income East
542287,0,Low-Income East
966698,2,Low-Income West
262586,2,Low-Income West
355512,2,Low-Income West
739513,0,Low-Income East
983551,0,Low-Income East
771353,0,Low-Income East
738651,2,Low-Income West
753994,0,Low-Income East
300964,0,Low-Income East
423119,0,Low-Income East
591414,0,Low-Income East
666667,3,High-Income East
431286,1,High-Income West
523037,3,High-Income East
184924,2,Low-Income West
231755,2,Low-Income West
268500,0,Low-Income East
311692,2,Low-Income West
168160,3,High-Income East
145988,3,High-Income East
760835,1,High-Income West
170965,0,Low-Income East
898119,1,High-Income West
883755,1,High-Income West
589795,2,Low-Income West
879812,2,Low-Income West
128615,2,Low-Income West
734224,0,Low-Income East
913522,3,High-Income East
716019,2,Low-Income West
765293,0,Low-Income East
313602,1,High-Income West
382678,2,Low-Income West
482567,0,Low-Income East
794863,0,Low-Income East
971987,2,Low-Income West
361109,3,High-Income East
855506,2,Low-Income West
725413,1,High-Income West
817375,3,High-Income East
811567,3,High-Income East
856074,2,Low-Income West
114018,3,High-Income East
715300,1,High-Income West
335162,1,High-Income West
219276,0,Low-Income East
502012,3,High-Income East
414741,1,High-Income West
615529,2,Low-Income West
631379,1,High-Income West
210236,3,High-Income East
170566,3,High-Income East
261187,3,High-Income East
861058,0,Low-Income East
871074,3,High-Income East
704270,3,High-Income East
535587,1,High-Income West
348471,3,High-Income East
969342,1,High-Income West
264741,0,Low-Income East
925353,2,Low-Income West
491495,0,Low-Income East
698390,2,Low-Income West
693372,0,Low-Income East
955448,2,Low-Income West
103536,2,Low-Income West
444237,0,Low-Income East
562501,3,High-Income East
315361,2,Low-Income West
459636,0,Low-Income East
299419,1,High-Income West
819497,2,Low-Income West
625320,0,Low-Income East
944243,2,Low-Income West
770524,0,Low-Income East
375987,2,Low-Income West
514616,0,Low-Income East
550686,1,High-Income West
622324,0,Low-Income East
232137,0,Low-Income East
867046,1,High-Income West
585853,0,Low-Income East
706106,2,Low-Income West
486422,2,Low-Income West
372353,2,Low-Income West
772608,0,Low-Income East
280602,3,High-Income East
144523,0,Low-Income East
438746,1,High-Income West
628837,0,Low-Income East
530666,0,Low-Income East
959821,3,High-Income East
837932,0,Low-Income East
570683,0,Low-Income East
783610,0,Low-Income East
268076,3,High-Income East
966389,3,High-Income East
413266,0,Low-Income East
516674,1,High-Income West
933779,3,High-Income East
385747,1,High-Income West
540901,2,Low-Income West
996997,0,Low-Income East
530098,1,High-Income West
289134,1,High-Income West
904693,3,High-Income East
287799,1,High-Income West
945780,2,Low-Income West
187435,0,Low-Income East
789057,0,Low-Income East
208787,2,Low-Income West
282545,0,Low-Income East
517945,0,Low-Income East
445549,2,Low-Income West
441345,0,Low-Income East
967274,1,High-Income West
421748,1,High-Income West
852253,3,High-Income East
666504,1,High-Income West
775639,3,High-Income East
364372,1,High-Income West
383826,0,Low-Income East
437598,3,High-Income East
610432,0,Low-Income East
140769,0,Low-Income East
472921,1,High-Income West
270935,2,Low-Income West
817613,0,Low-Income East
842279,0,Low-Income East
221446,3,High-Income East
341549,2,Low-Income West
366116,1,High-Income West
437288,0,Low-Income East
672781,3,High-Income East
235857,0,Low-Income East
883606,2,Low-Income West
521545,2,Low-Income West
797187,2,Low-Income West
827190,2,Low-Income West
381284,0,Low-Income East
397377,1,High-Income West
309108,1,High-Income West
716371,3,High-Income East
122545,0,Low-Income East
159227,2,Low-Income West
698122,1,High-Income West
319378,1,High-Income West
366263,3,High-Income East
202329,0,Low-Income East
537990,1,High-Income West
863751,3,High-Income East
735000,2,Low-Income West
582674,0,Low-Income East
758695,3,High-Income East
215639,3,High-Income East
953431,1,High-Income West
998820,3,High-Income East
400979,0,Low-Income East
384010,1,High-Income West
943211,3,High-Income East
512219,0,Low-Income East
953673,0,Low-Income East
348238,0,Low-Income East
347001,3,High-Income East
175387,0,Low-Income East
180137,1,High-Income West
559124,3,High-Income East
242637,0,Low-Income East
369392,2,Low-Income West
794248,2,Low-Income West
421458,0,Low-Income East
886361,3,High-Income East
376572,2,Low-Income West
917798,0,Low-Income East
647214,0,Low-Income East
264690,0,Low-Income East
150909,2,Low-Income West
686196,0,Low-Income East
181607,0,Low-Income East
526165,2,Low-Income West
570406,2,Low-Income West
828895,0,Low-Income East
281571,3,High-Income East
610631,1,High-Income West
182531,2,Low-Income West
115633,3,High-Income East
284419,1,High-Income West
793154,2,Low-Income West
779427,2,Low-Income West
475700,0,Low-Income East
437251,0,Low-Income East
981198,2,Low-Income West
840135,0,Low-Income East
158113,2,Low-Income West
294396,0,Low-Income East
114903,2,Low-Income West
639613,1,High-Income West
817102,1,High-Income West
999304,0,Low-Income East
552235,0,Low-Income East
531868,0,Low-Income East
139023,2,Low-Income West
765202,0,Low-Income East
136516,2,Low-Income West
938628,0,Low-Income East
965948,2,Low-Income West
249982,1,High-Income West
606117,1,High-Income West
456095,2,Low-Income West
805140,0,Low-Income East
845061,2,Low-Income West
346499,0,Low-Income East
397817,0,Low-Income East
716589,2,Low-Income West
756043,2,Low-Income West
757547,0,Low-Income East
934604,2,Low-Income West
325190,1,High-Income West
114307,3,High-Income East
809301,1,High-Income West
468380,0,Low-Income East
444786,3,High-Income East
842770,1,High-Income West
633910,0,Low-Income East
660958,0,Low-Income East
233437,0,Low-Income East
874158,0,Low-Income East
150074,3,High-Income East
903379,1,High-Income West
782596,3,High-Income East
210498,1,High-Income West
494206,2,Low-Income West
200681,1,High-Income West
585420,3,High-Income East
219747,2,Low-Income West
353396,3,High-Income East
853272,3,High-Income East
467926,0,Low-Income East
285631,2,Low-Income West
651740,0,Low-Income East
616500,2,Low-Income West
628533,1,High-Income West
783438,0,Low-Income East
622822,3,High-Income East
227796,3,High-Income East
328181,0,Low-Income East
384686,2,Low-Income West
536941,3,High-Income East
414584,3,High-Income East
329833,0,Low-Income East
627191,2,Low-Income West
855381,2,Low-Income West
495369,0,Low-Income East
263237,0,Low-Income East
526784,2,Low-Income West
714962,0,Low-Income East
783300,0,Low-Income East
830818,0,Low-Income East
821117,3,High-Income East
837360,3,High-Income East
119731,3,High-Income East
720557,3,High-Income East
319387,3,High-Income East
290756,0,Low-Income East
826556,3,High-Income East
479766,0,Low-Income East
163058,1,High-Income West
788217,3,High-Income East
961978,1,High-Income West
299034,0,Low-Income East
150004,0,Low-Income East
549562,1,High-Income West
684371,0,Low-Income East
317624,0,Low-Income East
529988,0,Low-Income East
835764,0,Low-Income East
395300,0,Low-Income East
391091,0,Low-Income East
577844,2,Low-Income West
166677,2,Low-Income West
457797,0,Low-Income East
579322,0,Low-Income East
682194,0,Low-Income East
719706,0,Low-Income East
472807,2,Low-Income West
348056,3,High-Income East
836295,1,High-Income West
608087,2,Low-Income West
264733,0,Low-Income East
618112,2,Low-Income West
256502,0,Low-Income East
564813,1,High-Income West
952434,3,High-Income East
793328,3,High-Income East
861156,3,High-Income East
749883,1,High-Income West
381471,3,High-Income East
797897,1,High-Income West
823665,2,Low-Income West
903209,0,Low-Income East
949406,3,High-Income East
169529,1,High-Income West
908404,3,High-Income East
592302,0,Low-Income East
111286,2,Low-Income West
432145,0,Low-Income East
554155,3,High-Income East
166175,3,High-Income East
909106,3,High-Income East
708360,2,Low-Income West
512522,0,Low-Income East
838584,0,Low-Income East
785992,0,Low-Income East
889023,0,Low-Income East
326803,0,Low-Income East
182785,1,High-Income West
183456,2,Low-Income West
799148,0,Low-Income East
192141,2,Low-Income West
821462,3,High-Income East
358054,2,Low-Income West
738253,2,Low-Income West
864084,0,Low-Income East
146090,3,High-Income East
471706,3,High-Income East
584737,3,High-Income East
792915,1,High-Income West
959402,3,High-Income East
482169,2,Low-Income West
491986,3,High-Income East
788325,0,Low-Income East
442192,2,Low-Income West
812248,3,High-Income East
833233,3,High-Income East
744204,1,High-Income West
311346,2,Low-Income West
525740,0,Low-Income East
492011,3,High-Income East
690191,1,High-Income West
442418,0,Low-Income East
127350,0,Low-Income East
262770,2,Low-Income West
470245,0,Low-Income East
172971,1,High-Income West
302874,3,High-Income East
121930,2,Low-Income West
199652,1,High-Income West
661469,3,High-Income East
787276,3,High-Income East
295064,2,Low-Income West
172532,1,High-Income West
254097,3,High-Income East
324248,1,High-Income West
649918,3,High-Income East
773364,1,High-Income West
817932,3,High-Income East
472933,3,High-Income East
727072,3,High-Income East
415201,1,High-Income West
311841,3,High-Income East
592431,1,High-Income West
580212,3,High-Income East
975918,3,High-Income East
892199,0,Low-Income East
588292,0,Low-Income East
314558,3,High-Income East
309639,3,High-Income East
512284,1,High-Income West
232395,2,Low-Income West
237274,0,Low-Income East
208940,0,Low-Income East
106623,1,High-Income West
819055,0,Low-Income East
913060,2,Low-Income West
414661,0,Low-Income East
970576,2,Low-Income West
210226,3,High-Income East
987122,3,High-Income East
285982,1,High-Income West
553018,3,High-Income East
341302,2,Low-Income West
414033,3,High-Income East
951546,3,High-Income East
144402,0,Low-Income East
588864,0,Low-Income East
454985,1,High-Income West
370539,0,Low-Income East
966797,2,Low-Income West
595658,0,Low-Income East
144977,1,High-Income West
300836,3,High-Income East
408378,3,High-Income East
575089,3,High-Income East
945974,3,High-Income East
947906,2,Low-Income West
350587,0,Low-Income East
829263,0,Low-Income East
844949,2,Low-Income West
296566,1,High-Income West
320980,1,High-Income West
409156,3,High-Income East
549444,1,High-Income West
633749,3,High-Income East
649961,2,Low-Income West
401857,2,Low-Income West
605803,0,Low-Income East
359275,1,High-Income West
457456,3,High-Income East
532464,1,High-Income West
818881,1,High-Income West
161045,2,Low-Income West
443865,0,Low-Income East
489394,3,High-Income East
675936,0,Low-Income East
423844,3,High-Income East
205156,0,Low-Income East
653572,3,High-Income East
137858,2,Low-Income West
597532,0,Low-Income East
725004,3,High-Income East
907209,1,High-Income West
102788,3,High-Income East
149846,0,Low-Income East
547016,2,Low-Income West
147064,0,Low-Income East
194762,2,Low-Income West
227547,0,Low-Income East
382271,0,Low-Income East
109495,3,High-Income East
127039,2,Low-Income West
722120,0,Low-Income East
784847,3,High-Income East
734647,1,High-Income West
106037,1,High-Income West
896685,2,Low-Income West
873169,2,Low-Income West
209249,0,Low-Income East
428903,2,Low-Income West
542296,0,Low-Income East
961639,2,Low-Income West
868552,2,Low-Income West
529922,1,High-Income West
919437,1,High-Income West
142855,3,High-Income East
282472,3,High-Income East
612995,3,High-Income East
883025,2,Low-Income West
165550,0,Low-Income East
190052,1,High-Income West
475974,3,High-Income East
355906,3,High-Income East
563076,3,High-Income East
894478,1,High-Income West
787875,0,Low-Income East
828643,2,Low-Income West
423686,0,Low-Income East
265975,2,Low-Income West
545889,1,High-Income West
952077,2,Low-Income West
587867,1,High-Income West
862097,0,Low-Income East
683487,3,High-Income East
524586,0,Low-Income East
632097,2,Low-Income West
105335,2,Low-Income West
681961,0,Low-Income East
306676,3,High-Income East
130217,2,Low-Income West
255425,1,High-Income West
286942,1,High-Income West
249693,0,Low-Income East
849298,0,Low-Income East
978712,2,Low-Income West
177583,0,Low-Income East
335964,2,Low-Income West
755759,0,Low-Income East
681887,0,Low-Income East
678858,3,High-Income East
409741,1,High-Income West
505167,3,High-Income East
217772,2,Low-Income West
261715,0,Low-Income East
600563,2,Low-Income West
487605,2,Low-Income West
106592,2,Low-Income West
525548,3,High-Income East
138653,0,Low-Income East
642401,3,High-Income East
111034,0,Low-Income East
629394,0,Low-Income East
937922,2,Low-Income West
674805,1,High-Income West
740577,3,High-Income East
481191,0,Low-Income East
191537,2,Low-Income West
609174,0,Low-Income East
261077,0,Low-Income East
671309,3,High-Income East
579883,0,Low-Income East
171192,1,High-Income West
627568,3,High-Income East
920068,0,Low-Income East
463146,2,Low-Income West
792361,0,Low-Income East
823208,0,Low-Income East
467175,3,High-Income East
835377,3,High-Income East
110211,3,High-Income East
124056,3,High-Income East
129409,3,High-Income East
369035,1,High-Income West
619826,3,High-Income East
683470,3,High-Income East
825217,0,Low-Income East
534481,0,Low-Income East
691909,2,Low-Income West
756891,0,Low-Income East
445879,0,Low-Income East
827790,2,Low-Income West
959778,0,Low-Income East
148382,2,Low-Income West
544337,2,Low-Income West
194482,1,High-Income West
364264,3,High-Income East
523897,3,High-Income East
907025,1,High-Income West
503242,0,Low-Income East
694942,0,Low-Income East
476539,3,High-Income East
272787,3,High-Income East
603077,0,Low-Income East
227239,0,Low-Income East
290250,2,Low-Income West
628578,3,High-Income East
726268,2,Low-Income West
483863,1,High-Income West
213841,2,Low-Income West
179603,0,Low-Income East
221721,0,Low-Income East
336238,3,High-Income East
956946,1,High-Income West
317100,3,High-Income East
707114,3,High-Income East
722368,1,High-Income West
214661,2,Low-Income West
855384,0,Low-Income East
192136,0,Low-Income East
365619,0,Low-Income East
598711,0,Low-Income East
670985,2,Low-Income West
753887,2,Low-Income West
124038,3,High-Income East
516242,0,Low-Income East
187958,2,Low-Income West
211966,1,High-Income West
677045,3,High-Income East
352034,2,Low-Income West
238193,0,Low-Income East
482370,3,High-Income East
816420,3,High-Income East
472532,0,Low-Income East
891927,0,Low-Income East
344483,0,Low-Income East
488188,0,Low-Income East
667974,2,Low-Income West
858125,0,Low-Income East
972673,0,Low-Income East
250194,1,High-Income West
659781,0,Low-Income East
760196,2,Low-Income West
187175,2,Low-Income West
561981,3,High-Income East
812599,1,High-Income West
702161,2,Low-Income West
352702,0,Low-Income East
186469,3,High-Income East
380709,3,High-Income East
313473,0,Low-Income East
562376,3,High-Income East
212209,0,Low-Income East
469616,2,Low-Income West
622801,0,Low-Income East
740025,2,Low-Income West
308202,1,High-Income West
973112,1,High-Income West
525508,3,High-Income East
228995,0,Low-Income East
666222,0,Low-Income East
560283,2,Low-Income West
330870,0,Low-Income East
394941,2,Low-Income West
394715,0,Low-Income East
828816,0,Low-Income East
762971,0,Low-Income East
400224,0,Low-Income East
130208,2,Low-Income West
950213,0,Low-Income East
690969,0,Low-Income East
775170,2,Low-Income West
790178,3,High-Income East
517222,2,Low-Income West
305604,1,High-Income West
683685,3,High-Income East
910645,3,High-Income East
790475,3,High-Income East
901578,1,High-Income West
565227,0,Low-Income East
376630,2,Low-Income West
527656,0,Low-Income East
651277,0,Low-Income East
828109,1,High-Income West
692992,1,High-Income West
111899,2,Low-Income West
120164,0,Low-Income East
768113,2,Low-Income West
972462,0,Low-Income East
427358,3,High-Income East
364153,0,Low-Income East
424526,2,Low-Income West
838032,0,Low-Income East
615327,3,High-Income East
263921,3,High-Income East
994679,3,High-Income East
549598,3,High-Income East
834760,0,Low-Income East
607123,0,Low-Income East
789001,2,Low-Income West
134470,2,Low-Income West
164374,3,High-Income East
498573,0,Low-Income East
822749,1,High-Income West
537421,3,High-Income East
126526,2,Low-Income West
240760,0,Low-Income East
882725,0,Low-Income East
196240,3,High-Income East
798029,0,Low-Income East
867284,0,Low-Income East
232317,3,High-Income East
551296,1,High-Income West
272848,1,High-Income West
278307,0,Low-Income East
410938,0,Low-Income East
880709,0,Low-Income East
116562,2,Low-Income West
891105,2,Low-Income West
272001,0,Low-Income East
492036,2,Low-Income West
568329,0,Low-Income East
182148,3,High-Income East
176142,2,Low-Income West
860206,0,Low-Income East
595980,0,Low-Income East
586446,0,Low-Income East
407999,3,High-Income East
514451,0,Low-Income East
494438,3,High-Income East
226710,3,High-Income East
900505,1,High-Income West
226360,0,Low-Income East
585039,2,Low-Income West
114857,2,Low-Income West
304870,0,Low-Income East
160154,1,High-Income West
322501,3,High-Income East
364049,1,High-Income West
251211,3,High-Income East
155654,0,Low-Income East
395324,0,Low-Income East
538795,0,Low-Income East
363780,2,Low-Income West
711129,3,High-Income East
344039,3,High-Income East
906267,1,High-Income West
297621,2,Low-Income West
489459,2,Low-Income West
428402,2,Low-Income West
216359,0,Low-Income East
424270,2,Low-Income West
549200,1,High-Income West
288530,0,Low-Income East
350901,0,Low-Income East
388140,0,Low-Income East
646137,2,Low-Income West
331699,1,High-Income West
521949,2,Low-Income West
835566,0,Low-Income East
356955,3,High-Income East
718972,0,Low-Income East
826136,3,High-Income East
278983,1,High-Income West
584880,0,Low-Income East
212553,2,Low-Income West
398846,2,Low-Income West
541961,0,Low-Income East
549715,2,Low-Income West
710515,0,Low-Income East
375540,2,Low-Income West
477676,0,Low-Income East
628618,2,Low-Income West
918163,0,Low-Income East
489301,1,High-Income West
162420,2,Low-Income West
259252,0,Low-Income East
203625,0,Low-Income East
323792,0,Low-Income East
124088,1,High-Income West
945064,1,High-Income West
875819,1,High-Income West
352653,1,High-Income West
405699,3,High-Income East
815328,0,Low-Income East
880740,0,Low-Income East
623071,0,Low-Income East
708892,3,High-Income East
237586,3,High-Income East
364895,2,Low-Income West
771960,1,High-Income West
360744,0,Low-Income East
409684,2,Low-Income West
909328,0,Low-Income East
177962,1,High-Income West
101768,1,High-Income West
793423,1,High-Income West
642738,1,High-Income West
251195,0,Low-Income East
935313,3,High-Income East
257236,3,High-Income East
626068,1,High-Income West
217401,3,High-Income East
563633,1,High-Income West
757879,2,Low-Income West
591234,0,Low-Income East
936761,2,Low-Income West
126466,3,High-Income East
320576,3,High-Income East
497226,1,High-Income West
794480,1,High-Income West
830225,0,Low-Income East
406988,0,Low-Income East
423336,0,Low-Income East
377724,0,Low-Income East
800137,2,Low-Income West
232685,3,High-Income East
784782,3,High-Income East
991924,1,High-Income West
257862,3,High-Income East
479960,1,High-Income West
109552,3,High-Income East
915198,1,High-Income West
152276,3,High-Income East
475175,1,High-Income West
593421,0,Low-Income East
872676,2,Low-Income West
175488,0,Low-Income East
561654,0,Low-Income East
719850,3,High-Income East
721372,1,High-Income West
988728,0,Low-Income East
289133,3,High-Income East
733907,2,Low-Income West
939428,0,Low-Income East
754416,0,Low-Income East
658546,0,Low-Income East
802860,2,Low-Income West
895878,3,High-Income East
484446,2,Low-Income West
116932,1,High-Income West
281608,3,High-Income East
506572,3,High-Income East
618877,0,Low-Income East
155964,0,Low-Income East
196992,1,High-Income West
255267,1,High-Income West
789120,3,High-Income East
445783,0,Low-Income East
429692,0,Low-Income East
997654,1,High-Income West
832921,0,Low-Income East
324900,1,High-Income West
572668,3,High-Income East
185774,0,Low-Income East
170534,3,High-Income East
111022,2,Low-Income West
419377,2,Low-Income West
797078,0,Low-Income East
428757,2,Low-Income West
131560,3,High-Income East
963690,3,High-Income East
277094,3,High-Income East
696096,3,High-Income East
174925,2,Low-Income West
717359,0,Low-Income East
518834,2,Low-Income West
539125,3,High-Income East
399372,0,Low-Income East
845807,0,Low-Income East
969586,2,Low-Income West
556164,0,Low-Income East
345572,1,High-Income West
467607,0,Low-Income East
888049,2,Low-Income West
184456,3,High-Income East
873426,0,Low-Income East
334324,0,Low-Income East
396867,0,Low-Income East
865798,0,Low-Income East
183692,0,Low-Income East
265566,2,Low-Income West
301301,0,Low-Income East
931914,2,Low-Income West
556865,1,High-Income West
230693,3,High-Income East
810693,0,Low-Income East
921903,0,Low-Income East
185857,0,Low-Income East
947001,2,Low-Income West
156980,2,Low-Income West
336724,3,High-Income East
389081,1,High-Income West
859730,2,Low-Income West
344464,0,Low-Income East
304779,0,Low-Income East
302158,0,Low-Income East
474333,2,Low-Income West
620122,0,Low-Income East
692328,0,Low-Income East
920100,0,Low-Income East
799781,3,High-Income East
385912,3,High-Income East
929410,1,High-Income West
912939,0,Low-Income East
418327,0,Low-Income East
804536,2,Low-Income West
141945,0,Low-Income East
796484,2,Low-Income West
763341,3,High-Income East
659419,2,Low-Income West
798433,2,Low-Income West
220139,1,High-Income West
385358,3,High-Income East
312048,3,High-Income East
480259,1,High-Income West
501976,3,High-Income East
502376,1,High-Income West
425477,0,Low-Income East
585082,2,Low-Income West
451961,0,Low-Income East
604461,3,High-Income East
834304,3,High-Income East
773418,3,High-Income East
841770,3,High-Income East
754042,3,High-Income East
642002,0,Low-Income East
369229,1,High-Income West
551946,3,High-Income East
542043,2,Low-Income West
840866,0,Low-Income East
108625,1,High-Income West
624407,3,High-Income East
950446,2,Low-Income West
822956,3,High-Income East
631543,3,High-Income East
440642,3,High-Income East
966953,0,Low-Income East
933259,2,Low-Income West
244367,0,Low-Income East
298181,1,High-Income West
793904,1,High-Income West
921059,0,Low-Income East
334997,3,High-Income East
328446,3,High-Income East
925504,1,High-Income West
693133,3,High-Income East
499890,1,High-Income West
406810,0,Low-Income East
545947,2,Low-Income West
800610,3,High-Income East
209787,0,Low-Income East
947497,1,High-Income West
943195,0,Low-Income East
386342,1,High-Income West
557519,3,High-Income East
260408,0,Low-Income East
672236,2,Low-Income West
585316,3,High-Income East
268129,2,Low-Income West
506252,3,High-Income East
613860,0,Low-Income East
694241,3,High-Income East
297306,3,High-Income East
814894,0,Low-Income East
220892,3,High-Income East
973846,1,High-Income West
725835,0,Low-Income East
894322,2,Low-Income West
137646,0,Low-Income East
712874,0,Low-Income East
828967,3,High-Income East
344413,1,High-Income West
968253,0,Low-Income East
167578,2,Low-Income West
648380,0,Low-Income East
379836,2,Low-Income West
159397,0,Low-Income East
585975,2,Low-Income West
126424,0,Low-Income East
149174,2,Low-Income West
975407,0,Low-Income East
296097,2,Low-Income West
129827,0,Low-Income East
491643,2,Low-Income West
290109,0,Low-Income East
794625,0,Low-Income East
106218,0,Low-Income East
283437,0,Low-Income East
631100,2,Low-Income West
903534,2,Low-Income West
955087,0,Low-Income East
142434,3,High-Income East
846458,1,High-Income West
473775,1,High-Income West
627354,1,High-Income West
131098,2,Low-Income West
621823,0,Low-Income East
750130,0,Low-Income East
941545,1,High-Income West
949821,2,Low-Income West
662936,3,High-Income East
985707,0,Low-Income East
895080,1,High-Income West
424793,2,Low-Income West
967443,2,Low-Income West
152355,3,High-Income East
511875,2,Low-Income West
913156,1,High-Income West
838634,1,High-Income West
404106,3,High-Income East
164192,3,High-Income East
777197,3,High-Income East
878240,0,Low-Income East
122173,3,High-Income East
950107,1,High-Income West
292061,2,Low-Income West
320377,2,Low-Income West
936044,2,Low-Income West
967500,0,Low-Income East
646399,2,Low-Income West
331560,3,High-Income East
241854,3,High-Income East
465864,1,High-Income West
981427,0,Low-Income East
277826,1,High-Income West
896283,1,High-Income West
715792,1,High-Income West
175017,2,Low-Income West
564114,3,High-Income East
450125,3,High-Income East
228896,3,High-Income East
271235,2,Low-Income West
382252,2,Low-Income West
626030,0,Low-Income East
152307,1,High-Income West
290465,2,Low-Income West
329910,3,High-Income East
503257,1,High-Income West
960417,3,High-Income East
507005,0,Low-Income East
103490,2,Low-Income West
922047,0,Low-Income East
805902,0,Low-Income East
107119,3,High-Income East
584727,2,Low-Income West
677901,2,Low-Income West
742666,0,Low-Income East
270499,1,High-Income West
665454,3,High-Income East
761305,0,Low-Income East
568525,3,High-Income East
947763,3,High-Income East
994803,1,High-Income West
667781,2,Low-Income West
537013,0,Low-Income East
978040,2,Low-Income West
685518,2,Low-Income West
300623,3,High-Income East
834943,0,Low-Income East
239605,3,High-Income East
365208,3,High-Income East
914044,1,High-Income West
411586,3,High-Income East
472824,0,Low-Income East
900083,2,Low-Income West
911503,3,High-Income East
712426,2,Low-Income West
512097,2,Low-Income West
643059,1,High-Income West
246187,0,Low-Income East
333295,0,Low-Income East
815643,0,Low-Income East
688533,0,Low-Income East
677329,0,Low-Income East
166273,1,High-Income West
732808,0,Low-Income East
764595,2,Low-Income West
738431,0,Low-Income East
334437,2,Low-Income West
989746,0,Low-Income East
476068,2,Low-Income West
735263,2,Low-Income West
739352,0,Low-Income East
201436,1,High-Income West
380788,3,High-Income East
380954,1,High-Income West
509810,0,Low-Income East
735038,0,Low-Income East
310833,0,Low-Income East
459404,2,Low-Income West
620969,0,Low-Income East
762072,2,Low-Income West
672600,0,Low-Income East
194493,0,Low-Income East
693922,0,Low-Income East
454514,2,Low-Income West
366977,2,Low-Income West
931701,2,Low-Income West
116895,0,Low-Income East
795084,2,Low-Income West
828924,3,High-Income East
139699,3,High-Income East
815381,3,High-Income East
758789,2,Low-Income West
390480,1,High-Income West
413994,3,High-Income East
683838,1,High-Income West
480957,1,High-Income West
956233,3,High-Income East
695162,2,Low-Income West
950707,1,High-Income West
569677,0,Low-Income East
315014,0,Low-Income East
128587,3,High-Income East
576110,1,High-Income West
471944,0,Low-Income East
843378,0,Low-Income East
477157,3,High-Income East
237402,0,Low-Income East
353076,0,Low-Income East
878575,3,High-Income East
340802,3,High-Income East
486831,1,High-Income West
952696,3,High-Income East
173398,0,Low-Income East
832301,0,Low-Income East
721366,1,High-Income West
535151,2,Low-Income West
881362,0,Low-Income East
312744,0,Low-Income East
910416,0,Low-Income East
999940,0,Low-Income East
222490,3,High-Income East
550539,2,Low-Income West
687984,3,High-Income East
882911,1,High-Income West
751718,3,High-Income East
976007,1,High-Income West
647956,1,High-Income West
981691,2,Low-Income West
145017,3,High-Income East
193827,2,Low-Income West
594672,3,High-Income East
667314,0,Low-Income East
452342,1,High-Income West
699751,0,Low-Income East
330278,0,Low-Income East
160640,0,Low-Income East
969165,0,Low-Income East
601341,2,Low-Income West
641039,0,Low-Income East
737542,2,Low-Income West
190429,3,High-Income East
687401,2,Low-Income West
462036,1,High-Income West
565634,2,Low-Income West
412880,1,High-Income West
558040,0,Low-Income East
994940,2,Low-Income West
732231,3,High-Income East
395622,2,Low-Income West
812894,0,Low-Income East
888357,3,High-Income East
404805,3,High-Income East
866455,2,Low-Income West
163137,3,High-Income East
837615,2,Low-Income West
164947,0,Low-Income East
109517,0,Low-Income East
801788,3,High-Income East
865198,3,High-Income East
272289,2,Low-Income West
718752,0,Low-Income East
750199,2,Low-Income West
191044,2,Low-Income West
220822,0,Low-Income East
477654,2,Low-Income West
755290,0,Low-Income East
790165,2,Low-Income West
131772,0,Low-Income East
291831,2,Low-Income West
736220,0,Low-Income East
184959,1,High-Income West
904704,0,Low-Income East
501490,0,Low-Income East
123151,2,Low-Income West
727348,3,High-Income East
481590,3,High-Income East
483125,1,High-Income West
688319,3,High-Income East
800196,1,High-Income West
148677,2,Low-Income West
517739,3,High-Income East
640009,0,Low-Income East
398351,3,High-Income East
770759,2,Low-Income West
669894,0,Low-Income East
887609,0,Low-Income East
993266,2,Low-Income West
808096,2,Low-Income West
833322,0,Low-Income East
853438,0,Low-Income East
887209,2,Low-Income West
912712,0,Low-Income East
678991,1,High-Income West
895821,3,High-Income East
479445,3,High-Income East
757696,1,High-Income West
254361,2,Low-Income West
380262,2,Low-Income West
274765,3,High-Income East
665024,2,Low-Income West
958544,1,High-Income West
350631,3,High-Income East
742321,3,High-Income East
746061,1,High-Income West
830836,1,High-Income West
933208,0,Low-Income East
921624,1,High-Income West
312979,2,Low-Income West
485745,2,Low-Income West
476652,1,High-Income West
595083,3,High-Income East
121856,2,Low-Income West
371969,0,Low-Income East
428114,0,Low-Income East
670981,2,Low-Income West
773571,0,Low-Income East
510865,0,Low-Income East
123727,0,Low-Income East
456958,0,Low-Income East
508022,3,High-Income East
787660,1,High-Income West
329839,0,Low-Income East
917685,2,Low-Income West
352053,3,High-Income East
630338,0,Low-Income East
784490,2,Low-Income West
175954,3,High-Income East
988043,3,High-Income East
536371,1,High-Income West
966350,0,Low-Income East
702522,3,High-Income East
529085,3,High-Income East
604332,1,High-Income West
442695,3,High-Income East
971107,1,High-Income West
838270,1,High-Income West
552568,0,Low-Income East
919329,0,Low-Income East
930325,0,Low-Income East
375909,1,High-Income West
477739,3,High-Income East
643507,3,High-Income East
464962,0,Low-Income East
829886,2,Low-Income West
183948,2,Low-Income West
818886,2,Low-Income West
231462,2,Low-Income West
605500,0,Low-Income East
602685,0,Low-Income East
183388,0,Low-Income East
628840,2,Low-Income West
170982,0,Low-Income East
314589,3,High-Income East
892258,0,Low-Income East
158969,2,Low-Income West
101544,0,Low-Income East
638495,2,Low-Income West
815207,1,High-Income West
890936,3,High-Income East
666337,0,Low-Income East
832566,3,High-Income East
101895,3,High-Income East
120635,3,High-Income East
968064,0,Low-Income East
741138,0,Low-Income East
851421,0,Low-Income East
396998,3,High-Income East
925573,1,High-Income West
977178,0,Low-Income East
776547,2,Low-Income West
210725,3,High-Income East
434679,0,Low-Income East
531290,2,Low-Income West
987347,2,Low-Income West
116238,2,Low-Income West
713067,0,Low-Income East
777300,0,Low-Income East
518677,0,Low-Income East
130032,0,Low-Income East
336665,3,High-Income East
949290,3,High-Income East
840267,2,Low-Income West
128459,3,High-Income East
150233,1,High-Income West
203772,1,High-Income West
225327,3,High-Income East
572547,1,High-Income West
487070,3,High-Income East
645712,3,High-Income East
308704,0,Low-Income East
404742,0,Low-Income East
464959,0,Low-Income East
555576,2,Low-Income West
631714,2,Low-Income West
704709,0,Low-Income East
732213,0,Low-Income East
112856,2,Low-Income West
819924,1,High-Income West
340874,2,Low-Income West
697323,0,Low-Income East
728568,3,High-Income East
309861,2,Low-Income West
113904,3,High-Income East
776464,2,Low-Income West
911723,0,Low-Income East
249813,0,Low-Income East
913895,2,Low-Income West
226194,3,High-Income East
264823,1,High-Income West
398586,2,Low-Income West
939238,3,High-Income East
686059,3,High-Income East
266234,1,High-Income West
400844,0,Low-Income East
642099,3,High-Income East
680168,2,Low-Income West
152685,0,Low-Income East
346766,1,High-Income West
480275,2,Low-Income West
218127,1,High-Income West
435249,1,High-Income West
480858,0,Low-Income East
870120,2,Low-Income West
925978,3,High-Income East
726873,0,Low-Income East
539760,0,Low-Income East
804911,1,High-Income West
756280,2,Low-Income West
871219,2,Low-Income West
545582,1,High-Income West
467139,3,High-Income East
868568,1,High-Income West
803976,0,Low-Income East
577998,0,Low-Income East
622019,2,Low-Income West
902083,2,Low-Income West
389706,0,Low-Income East
404339,2,Low-Income West
480435,1,High-Income West
592251,1,High-Income West
690916,0,Low-Income East
397480,3,High-Income East
827275,1,High-Income West
514403,0,Low-Income East
191814,0,Low-Income East
781293,0,Low-Income East
554983,2,Low-Income West
857219,3,High-Income East
840659,1,High-Income West
156868,3,High-Income East
729805,1,High-Income West
808524,3,High-Income East
415332,3,High-Income East
689275,3,High-Income East
169247,0,Low-Income East
928734,0,Low-Income East
320004,0,Low-Income East
955652,3,High-Income East
717632,0,Low-Income East
108896,3,High-Income East
372647,1,High-Income West
943647,0,Low-Income East
501885,3,High-Income East
259734,1,High-Income West
561307,2,Low-Income West
533539,2,Low-Income West
667800,0,Low-Income East
325490,0,Low-Income East
558969,1,High-Income West
863070,3,High-Income East
617296,1,High-Income West
724781,2,Low-Income West
965751,0,Low-Income East
368981,2,Low-Income West
562234,3,High-Income East
574492,2,Low-Income West
998776,0,Low-Income East
139087,0,Low-Income East
187876,0,Low-Income East
218538,2,Low-Income West
822122,2,Low-Income West
639419,3,High-Income East
196096,1,High-Income West
218278,2,Low-Income West
300023,0,Low-Income East
795446,1,High-Income West
703804,0,Low-Income East
671764,2,Low-Income West
937512,0,Low-Income East
348681,2,Low-Income West
328602,0,Low-Income East
882590,2,Low-Income West
967819,0,Low-Income East
243272,3,High-Income East
232533,2,Low-Income West
433857,0,Low-Income East
231080,3,High-Income East
288384,0,Low-Income East
294289,2,Low-Income West
850821,1,High-Income West
644017,3,High-Income East
440595,1,High-Income West
955463,3,High-Income East
865855,3,High-Income East
476273,2,Low-Income West
136121,0,Low-Income East
424812,1,High-Income West
539505,2,Low-Income West
210291,3,High-Income East
148810,3,High-Income East
941852,3,High-Income East
188071,0,Low-Income East
115852,0,Low-Income East
467848,0,Low-Income East
711605,2,Low-Income West
866983,0,Low-Income East
989837,1,High-Income West
700474,0,Low-Income East
515790,3,High-Income East
295355,3,High-Income East
462174,3,High-Income East
671803,2,Low-Income West
271675,1,High-Income West
767006,2,Low-Income West
353455,0,Low-Income East
366687,2,Low-Income West
191065,3,High-Income East
257194,1,High-Income West
540548,3,High-Income East
526094,2,Low-Income West
100301,3,High-Income East
943393,1,High-Income West
737027,1,High-Income West
430398,3,High-Income East
877603,3,High-Income East
642031,1,High-Income West
106936,3,High-Income East
173446,0,Low-Income East
865429,0,Low-Income East
618524,0,Low-Income East
163405,0,Low-Income East
912633,2,Low-Income West
424337,0,Low-Income East
612144,2,Low-Income West
495253,2,Low-Income West
844145,0,Low-Income East
365346,0,Low-Income East
975531,2,Low-Income West
345518,0,Low-Income East
717100,2,Low-Income West
174666,2,Low-Income West
678284,0,Low-Income East
526508,0,Low-Income East
932748,0,Low-Income East
488346,0,Low-Income East
748019,2,Low-Income West
142290,2,Low-Income West
153884,0,Low-Income East
260714,2,Low-Income West
273243,0,Low-Income East
399379,0,Low-Income East
401956,2,Low-Income West
424837,0,Low-Income East
573897,0,Low-Income East
574302,2,Low-Income West
637721,0,Low-Income East
880033,0,Low-Income East
924787,2,Low-Income West
370443,2,Low-Income West
470022,0,Low-Income East
352170,0,Low-Income East
694915,2,Low-Income West
127663,2,Low-Income West
987921,0,Low-Income East
228748,0,Low-Income East
954453,2,Low-Income West
255546,2,Low-Income West
988307,0,Low-Income East
727873,2,Low-Income West
841249,0,Low-Income East
300465,0,Low-Income East
660768,2,Low-Income West
647041,0,Low-Income East
673301,0,Low-Income East
102299,2,Low-Income West
483875,0,Low-Income East
520207,2,Low-Income West
547561,0,Low-Income East
590981,0,Low-Income East
769023,2,Low-Income West
300676,0,Low-Income East
425779,0,Low-Income East
879260,0,Low-Income East
366487,2,Low-Income West
659147,0,Low-Income East
796104,2,Low-Income West
928438,0,Low-Income East
440758,0,Low-Income East
778952,2,Low-Income West
295423,2,Low-Income West
488872,0,Low-Income East
444997,0,Low-Income East
890447,2,Low-Income West
130179,0,Low-Income East
167587,0,Low-Income East
495707,0,Low-Income East
431021,2,Low-Income West
928868,0,Low-Income East
140005,0,Low-Income East
347733,2,Low-Income West
187902,0,Low-Income East
539436,0,Low-Income East
298160,2,Low-Income West
709212,0,Low-Income East
304620,0,Low-Income East
798351,2,Low-Income West
196812,0,Low-Income East
749827,2,Low-Income West
423035,0,Low-Income East
726932,2,Low-Income West
290356,2,Low-Income West
777514,0,Low-Income East
114638,0,Low-Income East
612795,0,Low-Income East
410544,0,Low-Income East
518210,2,Low-Income West
667356,0,Low-Income East
842049,2,Low-Income West
430048,0,Low-Income East
608384,2,Low-Income West
397141,2,Low-Income West
758165,0,Low-Income East
200012,0,Low-Income East
689909,2,Low-Income West
677141,0,Low-Income East
772952,2,Low-Income West
237729,0,Low-Income East
994285,2,Low-Income West
165443,2,Low-Income West
858669,0,Low-Income East
261787,2,Low-Income West
962011,0,Low-Income East
514493,0,Low-Income East
731510,2,Low-Income West
128210,0,Low-Income East
322193,2,Low-Income West
316308,0,Low-Income East
755367,2,Low-Income West
970639,0,Low-Income East
238342,2,Low-Income West
492575,0,Low-Income East
879638,0,Low-Income East
204111,0,Low-Income East
270909,2,Low-Income West
403893,0,Low-Income East
530833,2,Low-Income West
286388,0,Low-Income East
329692,2,Low-Income West
571964,2,Low-Income West
892273,0,Low-Income East
127645,2,Low-Income West
342554,0,Low-Income East
459683,0,Low-Income East
634727,0,Low-Income East
805377,0,Low-Income East
211549,0,Low-Income East
948783,2,Low-Income West
630588,2,Low-Income West
912420,0,Low-Income East
439900,0,Low-Income East
842047,2,Low-Income West
295205,0,Low-Income East
748055,2,Low-Income West
163639,0,Low-Income East
800998,2,Low-Income West
867532,0,Low-Income East
169948,2,Low-Income West
432592,0,Low-Income East
697272,0,Low-Income East
737676,2,Low-Income West
127966,2,Low-Income West
623008,0,Low-Income East
267428,0,Low-Income East
498030,2,Low-Income West
194640,0,Low-Income East
678514,2,Low-Income West
803830,0,Low-Income East
986086,0,Low-Income East
462803,0,Low-Income East
614379,2,Low-Income West
303621,0,Low-Income East
721377,2,Low-Income West
434215,0,Low-Income East
536671,2,Low-Income West
970746,0,Low-Income East
185919,2,Low-Income West
128789,2,Low-Income West
181423,2,Low-Income West
203577,0,Low-Income East
242203,2,Low-Income West
247680,2,Low-Income West
270862,0,Low-Income East
313185,2,Low-Income West
360942,0,Low-Income East
567412,0,Low-Income East
763806,0,Low-Income East
868912,0,Low-Income East
930209,2,Low-Income West
133732,0,Low-Income East
169865,2,Low-Income West
830673,0,Low-Income East
323043,2,Low-Income West
400985,0,Low-Income East
180484,2,Low-Income West
455941,0,Low-Income East
393403,0,Low-Income East
790943,2,Low-Income West
137106,2,Low-Income West
646277,0,Low-Income East
796281,2,Low-Income West
807297,0,Low-Income East
150767,0,Low-Income East
451080,2,Low-Income West
290184,0,Low-Income East
569236,0,Low-Income East
684835,0,Low-Income East
874336,2,Low-Income West
611618,0,Low-Income East
688139,2,Low-Income West
755015,2,Low-Income West
897673,0,Low-Income East
127725,0,Low-Income East
705453,2,Low-Income West
199809,0,Low-Income East
491391,2,Low-Income West
533470,0,Low-Income East
209729,0,Low-Income East
311946,2,Low-Income West
415916,0,Low-Income East
523110,2,Low-Income West
536848,0,Low-Income East
604436,0,Low-Income East
608974,2,Low-Income West
638253,0,Low-Income East
686471,0,Low-Income East
959514,0,Low-Income East
504455,0,Low-Income East
522251,0,Low-Income East
590098,2,Low-Income West
341904,2,Low-Income West
621180,0,Low-Income East
700245,0,Low-Income East
960195,0,Low-Income East
492165,3,High-Income East
894041,1,High-Income West
384286,2,Low-Income West
693045,0,Low-Income East
240829,2,Low-Income West
904300,0,Low-Income East
404720,0,Low-Income East
508080,2,Low-Income West
313544,0,Low-Income East
557723,2,Low-Income West
133066,2,Low-Income West
469532,0,Low-Income East
295578,2,Low-Income West
581682,0,Low-Income East
193781,2,Low-Income West
595323,0,Low-Income East
417721,0,Low-Income East
287224,0,Low-Income East
516491,2,Low-Income West
287198,0,Low-Income East
825336,2,Low-Income West
792094,0,Low-Income East
685683,2,Low-Income West
937030,0,Low-Income East
449530,0,Low-Income East
597191,2,Low-Income West
153760,0,Low-Income East
429054,2,Low-Income West
284621,2,Low-Income West
434760,0,Low-Income East
663897,0,Low-Income East
934235,2,Low-Income West
355102,2,Low-Income West
979135,0,Low-Income East
309933,2,Low-Income West
510537,0,Low-Income East
153656,2,Low-Income West
274141,0,Low-Income East
192543,3,High-Income East
321427,3,High-Income East
628844,0,Low-Income East
702800,2,Low-Income West
159608,0,Low-Income East
765518,2,Low-Income West
506293,0,Low-Income East
824315,0,Low-Income East
196777,2,Low-Income West
257705,0,Low-Income East
262562,0,Low-Income East
338786,2,Low-Income West
225067,0,Low-Income East
794784,2,Low-Income West
270022,0,Low-Income East
982017,2,Low-Income West
119634,2,Low-Income West
212544,0,Low-Income East
304445,0,Low-Income East
315869,0,Low-Income East
373429,2,Low-Income West
492401,0,Low-Income East
637760,0,Low-Income East
793180,2,Low-Income West
843212,2,Low-Income West
854969,0,Low-Income East
966210,2,Low-Income West
993271,2,Low-Income West
401454,0,Low-Income East
709659,2,Low-Income West
589466,2,Low-Income West
804770,0,Low-Income East
164657,0,Low-Income East
253825,0,Low-Income East
299919,0,Low-Income East
593781,2,Low-Income West
731958,0,Low-Income East
296690,2,Low-Income West
863349,0,Low-Income East
695107,0,Low-Income East
989067,2,Low-Income West
325379,2,Low-Income West
493972,0,Low-Income East
278719,0,Low-Income East
624216,0,Low-Income East
738320,2,Low-Income West
525476,0,Low-Income East
970706,0,Low-Income East
313424,2,Low-Income West
907324,0,Low-Income East
735966,2,Low-Income West
953612,0,Low-Income East
788283,0,Low-Income East
773593,2,Low-Income West
837408,0,Low-Income East
500026,2,Low-Income West
771307,0,Low-Income East
194571,0,Low-Income East
381234,2,Low-Income West
416091,0,Low-Income East
677218,0,Low-Income East
852629,2,Low-Income West
873551,0,Low-Income East
914368,0,Low-Income East
306667,2,Low-Income West
332466,0,Low-Income East
923164,0,Low-Income East
527434,0,Low-Income East
905478,2,Low-Income West
402034,0,Low-Income East
215626,0,Low-Income East
762446,2,Low-Income West
148982,2,Low-Income West
368549,0,Low-Income East
925918,0,Low-Income East
243642,2,Low-Income West
821202,0,Low-Income East
743108,0,Low-Income East
487777,0,Low-Income East
896372,0,Low-Income East
711874,2,Low-Income West
904114,0,Low-Income East
246734,0,Low-Income East
888316,2,Low-Income West
646187,0,Low-Income East
799967,0,Low-Income East
407119,2,Low-Income West
972732,0,Low-Income East
108907,2,Low-Income West
202716,0,Low-Income East
207821,2,Low-Income West
828884,0,Low-Income East
464385,2,Low-Income West
659637,0,Low-Income East
107719,2,Low-Income West
787625,0,Low-Income East
297954,0,Low-Income East
707588,0,Low-Income East
241714,3,High-Income East
927975,1,High-Income West
933707,0,Low-Income East
981220,0,Low-Income East
180977,0,Low-Income East
217364,2,Low-Income West
852572,0,Low-Income East
700335,2,Low-Income West
989040,0,Low-Income East
521875,0,Low-Income East
778168,0,Low-Income East
879036,0,Low-Income East
191189,0,Low-Income East
736414,0,Low-Income East
441304,0,Low-Income East
842982,2,Low-Income West
165019,2,Low-Income West
453494,0,Low-Income East
274896,0,Low-Income East
371532,0,Low-Income East
198485,0,Low-Income East
392682,2,Low-Income West
754163,0,Low-Income East
641189,0,Low-Income East
868250,2,Low-Income West
360031,0,Low-Income East
810581,2,Low-Income West
261044,0,Low-Income East
667117,0,Low-Income East
868327,0,Low-Income East
132774,0,Low-Income East
209058,0,Low-Income East
431187,2,Low-Income West
475930,0,Low-Income East
483802,0,Low-Income East
509669,0,Low-Income East
571409,2,Low-Income West
658996,0,Low-Income East
679609,2,Low-Income West
686612,0,Low-Income East
986217,2,Low-Income West
987221,0,Low-Income East
378014,0,Low-Income East
676873,0,Low-Income East
911971,0,Low-Income East
704600,0,Low-Income East
895267,2,Low-Income West
625497,0,Low-Income East
943775,0,Low-Income East
541178,1,High-Income West
932513,3,High-Income East
563142,2,Low-Income West
979575,0,Low-Income East
184490,2,Low-Income West
655892,0,Low-Income East
552328,1,High-Income West
992542,3,High-Income East
661050,0,Low-Income East
664034,2,Low-Income West
746520,0,Low-Income East
434489,2,Low-Income West
933865,0,Low-Income East
139479,0,Low-Income East
153462,0,Low-Income East
918397,2,Low-Income West
138737,1,High-Income West
285942,3,High-Income East
522763,1,High-Income West
713257,3,High-Income East
397376,2,Low-Income West
724168,0,Low-Income East
275446,3,High-Income East
654225,1,High-Income West
282872,0,Low-Income East
583005,2,Low-Income West
418636,2,Low-Income West
834544,0,Low-Income East
690510,3,High-Income East
915846,1,High-Income West
549091,0,Low-Income East
563774,2,Low-Income West
692841,0,Low-Income East
996254,2,Low-Income West
134717,2,Low-Income West
779412,0,Low-Income East
566714,3,High-Income East
815603,3,High-Income East
325661,3,High-Income East
894788,1,High-Income West
248752,0,Low-Income East
306880,2,Low-Income West
793892,0,Low-Income East
809207,2,Low-Income West
453587,2,Low-Income West
736970,0,Low-Income East
229861,1,High-Income West
347227,3,High-Income East
556778,2,Low-Income West
845819,0,Low-Income East
881846,0,Low-Income East
308255,0,Low-Income East
420243,2,Low-Income West
195977,0,Low-Income East
693665,2,Low-Income West
141877,0,Low-Income East
928292,2,Low-Income West
435129,3,High-Income East
898552,1,High-Income West
317689,0,Low-Income East
787833,2,Low-Income West
637100,2,Low-Income West
690029,0,Low-Income East
215840,2,Low-Income West
630071,0,Low-Income East
298344,2,Low-Income West
929231,0,Low-Income East
243965,0,Low-Income East
595775,0,Low-Income East
123667,3,High-Income East
340723,3,High-Income East
117975,0,Low-Income East
300818,2,Low-Income West
313571,0,Low-Income East
353032,2,Low-Income West
371065,0,Low-Income East
455892,2,Low-Income West
645078,2,Low-Income West
685653,0,Low-Income East
727415,2,Low-Income West
777540,0,Low-Income East
944855,2,Low-Income West
957686,0,Low-Income East
118355,0,Low-Income East
128753,0,Low-Income East
268145,0,Low-Income East
281064,2,Low-Income West
294849,0,Low-Income East
534649,2,Low-Income West
560024,2,Low-Income West
681785,2,Low-Income West
781227,0,Low-Income East
944035,0,Low-Income East
988419,2,Low-Income West
835683,0,Low-Income East
629177,2,Low-Income West
765747,0,Low-Income East
110296,0,Low-Income East
280641,0,Low-Income East
310911,0,Low-Income East
567571,2,Low-Income West
601681,0,Low-Income East
710115,0,Low-Income East
721437,0,Low-Income East
755533,0,Low-Income East
769709,0,Low-Income East
784380,0,Low-Income East
860602,2,Low-Income West
974758,2,Low-Income West
355628,0,Low-Income East
874614,2,Low-Income West
264701,2,Low-Income West
367617,0,Low-Income East
405804,2,Low-Income West
440213,0,Low-Income East
543693,0,Low-Income East
553389,0,Low-Income East
627373,0,Low-Income East
663659,0,Low-Income East
816323,0,Low-Income East
992769,0,Low-Income East
996686,0,Low-Income East
477468,0,Low-Income East
953927,2,Low-Income West
421310,2,Low-Income West
585850,0,Low-Income East
224298,0,Low-Income East
395871,2,Low-Income West
605320,0,Low-Income East
648286,0,Low-Income East
993650,2,Low-Income West
568786,2,Low-Income West
968325,0,Low-Income East
516276,1,High-Income West
786827,3,High-Income East
525245,1,High-Income West
847183,3,High-Income East
441389,0,Low-Income East
621583,2,Low-Income West
394812,2,Low-Income West
689981,0,Low-Income East
326234,3,High-Income East
661442,1,High-Income West
742749,1,High-Income West
839115,3,High-Income East
161415,0,Low-Income East
835133,2,Low-Income West
585642,3,High-Income East
968632,1,High-Income West
548638,1,High-Income West
743849,3,High-Income East
202108,0,Low-Income East
113861,0,Low-Income East
336138,2,Low-Income West
970351,0,Low-Income East
289476,1,High-Income West
592218,3,High-Income East
201355,0,Low-Income East
771220,2,Low-Income West
865352,0,Low-Income East
191508,1,High-Income West
432961,3,High-Income East
103975,3,High-Income East
391861,1,High-Income West
434113,2,Low-Income West
706510,0,Low-Income East
348718,0,Low-Income East
939485,2,Low-Income West
577467,2,Low-Income West
618656,0,Low-Income East
594028,0,Low-Income East
815344,2,Low-Income West
605761,1,High-Income West
946963,3,High-Income East
110422,0,Low-Income East
917346,2,Low-Income West
786330,0,Low-Income East
506746,2,Low-Income West
182159,0,Low-Income East
436705,0,Low-Income East
688557,2,Low-Income West
889061,0,Low-Income East
255019,2,Low-Income West
300376,0,Low-Income East
876319,3,High-Income East
946956,1,High-Income West
502047,0,Low-Income East
873578,2,Low-Income West
334454,2,Low-Income West
348245,0,Low-Income East
137744,0,Low-Income East
734077,2,Low-Income West
350238,0,Low-Income East
587633,2,Low-Income West
763761,0,Low-Income East
635302,2,Low-Income West
969360,0,Low-Income East
581380,0,Low-Income East
699875,0,Low-Income East
967253,2,Low-Income West
477599,3,High-Income East
298539,0,Low-Income East
950467,2,Low-Income West
926531,3,High-Income East
936319,1,High-Income West
254940,2,Low-Income West
299113,0,Low-Income East
941122,2,Low-Income West
963921,0,Low-Income East
427354,2,Low-Income West
711263,0,Low-Income East
989148,3,High-Income East
594649,0,Low-Income East
339005,0,Low-Income East
558138,2,Low-Income West
712236,3,High-Income East
804402,1,High-Income West
167001,2,Low-Income West
789431,0,Low-Income East
643364,0,Low-Income East
896651,0,Low-Income East
995404,2,Low-Income West
522493,0,Low-Income East
572890,2,Low-Income West
551710,0,Low-Income East
600785,0,Low-Income East
332175,0,Low-Income East
700566,2,Low-Income West
212477,0,Low-Income East
984878,2,Low-Income West
497106,0,Low-Income East
795129,0,Low-Income East
433353,0,Low-Income East
497613,2,Low-Income West
314014,0,Low-Income East
916000,0,Low-Income East
596327,0,Low-Income East
749817,2,Low-Income West
308798,3,High-Income East
831693,1,High-Income West
466865,0,Low-Income East
901954,2,Low-Income West
719242,3,High-Income East
838938,1,High-Income West
537914,0,Low-Income East
462232,3,High-Income East
136608,0,Low-Income East
750324,2,Low-Income West
358020,2,Low-Income West
607885,0,Low-Income East
318786,0,Low-Income East
752274,2,Low-Income West
227429,3,High-Income East
779444,1,High-Income West
531841,0,Low-Income East
536132,0,Low-Income East
609667,2,Low-Income West
734490,1,High-Income West
969485,3,High-Income East
740703,0,Low-Income East
463833,0,Low-Income East
600664,2,Low-Income West
604772,3,High-Income East
633162,1,High-Income West
905569,3,High-Income East
337842,2,Low-Income West
413050,0,Low-Income East
216658,3,High-Income East
465540,0,Low-Income East
825239,2,Low-Income West
254546,0,Low-Income East
614219,2,Low-Income West
453972,1,High-Income West
855559,3,High-Income East
225972,3,High-Income East
384986,1,High-Income West
786709,0,Low-Income East
861095,0,Low-Income East
378793,3,High-Income East
555081,1,High-Income West
202156,0,Low-Income East
452530,2,Low-Income West
629299,2,Low-Income West
704607,0,Low-Income East
222929,1,High-Income West
242028,3,High-Income East
188828,0,Low-Income East
241421,2,Low-Income West
258088,3,High-Income East
677527,1,High-Income West
561072,3,High-Income East
210835,0,Low-Income East
972222,2,Low-Income West
262937,3,High-Income East
281075,1,High-Income West
596544,0,Low-Income East
613076,2,Low-Income West
428778,2,Low-Income West
634392,0,Low-Income East
438707,1,High-Income West
790089,3,High-Income East
684103,0,Low-Income East
891237,0,Low-Income East
453408,0,Low-Income East
257579,1,High-Income West
828735,3,High-Income East
238814,0,Low-Income East
123702,3,High-Income East
453971,0,Low-Income East
562703,2,Low-Income West
274803,1,High-Income West
426530,3,High-Income East
785398,3,High-Income East
883693,1,High-Income West
639807,3,High-Income East
817851,1,High-Income West
435378,2,Low-Income West
454471,0,Low-Income East
374117,1,High-Income West
790094,3,High-Income East
337341,2,Low-Income West
614122,0,Low-Income East
392781,0,Low-Income East
464639,3,High-Income East
498149,1,High-Income West
672395,2,Low-Income West
807262,0,Low-Income East
410552,1,High-Income West
718655,3,High-Income East
175342,3,High-Income East
384356,1,High-Income West
738732,0,Low-Income East
975767,2,Low-Income West
945834,3,High-Income East
102730,0,Low-Income East
120393,0,Low-Income East
160266,0,Low-Income East
195131,0,Low-Income East
195137,2,Low-Income West
413620,2,Low-Income West
624463,0,Low-Income East
675848,0,Low-Income East
725100,0,Low-Income East
798752,2,Low-Income West
895560,2,Low-Income West
208586,1,High-Income West
791132,3,High-Income East
247220,0,Low-Income East
329056,0,Low-Income East
367547,2,Low-Income West
240774,0,Low-Income East
327320,3,High-Income East
856782,0,Low-Income East
951954,1,High-Income West
349132,2,Low-Income West
672089,0,Low-Income East
659967,3,High-Income East
923268,1,High-Income West
300166,3,High-Income East
380110,1,High-Income West
154680,2,Low-Income West
957325,0,Low-Income East
496052,2,Low-Income West
943804,0,Low-Income East
513170,0,Low-Income East
950390,2,Low-Income West
462815,3,High-Income East
511568,0,Low-Income East
813320,2,Low-Income West
431829,0,Low-Income East
732113,2,Low-Income West
595320,2,Low-Income West
877630,0,Low-Income East
277610,1,High-Income West
802870,3,High-Income East
231614,3,High-Income East
870960,1,High-Income West
419818,0,Low-Income East
440112,2,Low-Income West
200991,0,Low-Income East
203084,0,Low-Income East
467046,3,High-Income East
575849,1,High-Income West
100380,3,High-Income East
959059,1,High-Income West
457716,1,High-Income West
528122,3,High-Income East
857971,2,Low-Income West
932323,0,Low-Income East
172162,2,Low-Income West
815498,0,Low-Income East
271148,0,Low-Income East
614377,2,Low-Income West
176379,0,Low-Income East
851231,2,Low-Income West
312607,0,Low-Income East
928916,2,Low-Income West
420394,3,High-Income East
628917,3,High-Income East
802535,0,Low-Income East
492265,1,High-Income West
687895,3,High-Income East
137040,3,High-Income East
270575,1,High-Income West
661321,2,Low-Income West
908643,0,Low-Income East
197642,0,Low-Income East
345597,2,Low-Income West
511626,1,High-Income West
677925,3,High-Income East
188147,3,High-Income East
761510,3,High-Income East
909845,0,Low-Income East
417274,0,Low-Income East
100646,3,High-Income East
236767,1,High-Income West
327653,1,High-Income West
342725,3,High-Income East
509136,3,High-Income East
583754,3,High-Income East
613747,3,High-Income East
740509,1,High-Income West
764869,3,High-Income East
905320,1,High-Income West
943056,1,High-Income West
996159,3,High-Income East
329162,3,High-Income East
342527,3,High-Income East
807681,1,High-Income West
192600,3,High-Income East
575342,3,High-Income East
592532,3,High-Income East
671911,3,High-Income East
690199,3,High-Income East
721664,3,High-Income East
773844,1,High-Income West
789288,3,High-Income East
849425,1,High-Income West
687639,0,Low-Income East
429689,3,High-Income East
858196,3,High-Income East
194394,1,High-Income West
432729,3,High-Income East
732862,3,High-Income East
942681,1,High-Income West
188006,3,High-Income East
838881,3,High-Income East
308171,0,Low-Income East
450417,0,Low-Income East
749033,2,Low-Income West
851130,1,High-Income West
989802,3,High-Income East
204343,3,High-Income East
516995,1,High-Income West
354206,2,Low-Income West
944810,0,Low-Income East
175285,1,High-Income West
638685,3,High-Income East
497421,0,Low-Income East
730561,2,Low-Income West
458864,3,High-Income East
928957,3,High-Income East
186901,0,Low-Income East
511573,2,Low-Income West
614106,1,High-Income West
909503,3,High-Income East
320772,2,Low-Income West
740918,0,Low-Income East
478142,0,Low-Income East
612719,2,Low-Income West
887117,0,Low-Income East
587420,2,Low-Income West
639346,0,Low-Income East
563981,1,High-Income West
852323,3,High-Income East
206914,1,High-Income West
583272,3,High-Income East
702542,3,High-Income East
757010,1,High-Income West
463926,1,High-Income West
716362,3,High-Income East
257440,3,High-Income East
610916,3,High-Income East
671383,0,Low-Income East
722399,2,Low-Income West
369795,2,Low-Income West
527090,0,Low-Income East
106477,2,Low-Income West
690890,0,Low-Income East
767894,2,Low-Income West
259789,0,Low-Income East
741384,0,Low-Income East
391397,1,High-Income West
973168,3,High-Income East
324739,1,High-Income West
530517,3,High-Income East
242779,1,High-Income West
781570,3,High-Income East
426698,1,High-Income West
985115,3,High-Income East
153626,0,Low-Income East
189158,0,Low-Income East
163970,0,Low-Income East
635719,0,Low-Income East
500280,3,High-Income East
139532,2,Low-Income West
169393,0,Low-Income East
172259,2,Low-Income West
177598,0,Low-Income East
246405,0,Low-Income East
280864,0,Low-Income East
404314,0,Low-Income East
434477,2,Low-Income West
459345,2,Low-Income West
551837,2,Low-Income West
632435,0,Low-Income East
920102,2,Low-Income West
132296,0,Low-Income East
240132,0,Low-Income East
367811,2,Low-Income West
418779,0,Low-Income East
432718,0,Low-Income East
671119,2,Low-Income West
762485,2,Low-Income West
774272,0,Low-Income East
822051,2,Low-Income West
952545,2,Low-Income West
968867,0,Low-Income East
848632,0,Low-Income East
989568,2,Low-Income West
164743,3,High-Income East
172724,3,High-Income East
304528,2,Low-Income West
419749,0,Low-Income East
284203,2,Low-Income West
914152,0,Low-Income East
119135,1,High-Income West
691220,3,High-Income East
213246,0,Low-Income East
246571,2,Low-Income West
930502,0,Low-Income East
116288,0,Low-Income East
857497,2,Low-Income West
369682,0,Low-Income East
430107,2,Low-Income West
435657,0,Low-Income East
515822,0,Low-Income East
275358,1,High-Income West
456785,3,High-Income East
188318,0,Low-Income East
966729,2,Low-Income West
922484,2,Low-Income West
926300,0,Low-Income East
211891,1,High-Income West
660294,3,High-Income East
267291,0,Low-Income East
409989,0,Low-Income East
758738,0,Low-Income East
708634,3,High-Income East
370660,2,Low-Income West
849587,0,Low-Income East
599442,2,Low-Income West
752580,0,Low-Income East
462663,2,Low-Income West
978048,0,Low-Income East
826975,3,High-Income East
858427,3,High-Income East
420457,0,Low-Income East
497108,2,Low-Income West
238156,2,Low-Income West
776317,0,Low-Income East
250619,3,High-Income East
680376,1,High-Income West
691855,3,High-Income East
833728,1,High-Income West
258951,0,Low-Income East
354477,2,Low-Income West
417001,3,High-Income East
626211,3,High-Income East
597197,3,High-Income East
986421,1,High-Income West
779085,3,High-Income East
921705,3,High-Income East
317888,3,High-Income East
777171,1,High-Income West
932745,3,High-Income East
947620,3,High-Income East
742509,0,Low-Income East
924268,2,Low-Income West
202218,0,Low-Income East
612963,0,Low-Income East
666473,2,Low-Income West
136715,1,High-Income West
539941,3,High-Income East
365166,0,Low-Income East
628952,2,Low-Income West
690866,1,High-Income West
947158,3,High-Income East
123780,0,Low-Income East
157200,2,Low-Income West
392953,2,Low-Income West
395962,2,Low-Income West
737509,0,Low-Income East
335852,0,Low-Income East
865727,0,Low-Income East
659607,0,Low-Income East
706884,2,Low-Income West
197067,0,Low-Income East
376424,0,Low-Income East
490250,2,Low-Income West
317827,1,High-Income West
782318,3,High-Income East
119997,2,Low-Income West
356507,0,Low-Income East
422496,2,Low-Income West
929728,0,Low-Income East
343879,1,High-Income West
406176,1,High-Income West
494384,3,High-Income East
581661,1,High-Income West
618823,1,High-Income West
641050,3,High-Income East
695596,3,High-Income East
739084,3,High-Income East
743610,1,High-Income West
829588,3,High-Income East
878816,3,High-Income East
969810,1,High-Income West
565960,0,Low-Income East
641704,2,Low-Income West
108264,2,Low-Income West
298601,0,Low-Income East
581481,1,High-Income West
693608,3,High-Income East
772370,1,High-Income West
843037,3,High-Income East
201550,2,Low-Income West
212189,0,Low-Income East
216487,3,High-Income East
674118,1,High-Income West
880436,0,Low-Income East
387455,2,Low-Income West
877124,0,Low-Income East
107461,2,Low-Income West
785076,0,Low-Income East
510353,2,Low-Income West
764896,0,Low-Income East
838845,2,Low-Income West
929712,0,Low-Income East
229391,1,High-Income West
576654,3,High-Income East
383367,0,Low-Income East
393101,0,Low-Income East
574627,2,Low-Income West
276035,3,High-Income East
445679,1,High-Income West
474458,3,High-Income East
968764,1,High-Income West
200744,2,Low-Income West
448354,0,Low-Income East
421744,0,Low-Income East
953892,2,Low-Income West
745901,0,Low-Income East
794323,2,Low-Income West
622992,1,High-Income West
711571,3,High-Income East
206772,2,Low-Income West
860099,0,Low-Income East
348215,1,High-Income West
966089,3,High-Income East
208323,2,Low-Income West
244296,0,Low-Income East
577501,0,Low-Income East
961218,0,Low-Income East
604076,0,Low-Income East
343103,2,Low-Income West
454880,0,Low-Income East
328188,3,High-Income East
401350,1,High-Income West
486197,3,High-Income East
625451,1,High-Income West
908882,1,High-Income West
979644,3,High-Income East
851390,2,Low-Income West
887266,0,Low-Income East
128032,3,High-Income East
171042,3,High-Income East
337066,3,High-Income East
581651,3,High-Income East
582066,3,High-Income East
643705,1,High-Income West
752107,1,High-Income West
798881,1,High-Income West
868025,1,High-Income West
918112,1,High-Income West
977305,3,High-Income East
447796,2,Low-Income West
584845,0,Low-Income East
457127,2,Low-Income West
498643,0,Low-Income East
489985,2,Low-Income West
909727,0,Low-Income East
474047,3,High-Income East
651469,3,High-Income East
190227,0,Low-Income East
212849,2,Low-Income West
100753,0,Low-Income East
794723,0,Low-Income East
250363,3,High-Income East
460349,1,High-Income West
317776,0,Low-Income East
798352,0,Low-Income East
543901,1,High-Income West
837641,3,High-Income East
292546,1,High-Income West
718962,3,High-Income East
309304,2,Low-Income West
834537,0,Low-Income East
515775,0,Low-Income East
576363,3,High-Income East
696732,1,High-Income West
190827,0,Low-Income East
599372,0,Low-Income East
641121,2,Low-Income West
446988,1,High-Income West
863280,3,High-Income East
148749,0,Low-Income East
618719,2,Low-Income West
381189,2,Low-Income West
575821,0,Low-Income East
172284,0,Low-Income East
243191,0,Low-Income East
269694,2,Low-Income West
312545,0,Low-Income East
353096,0,Low-Income East
401766,2,Low-Income West
446352,2,Low-Income West
481457,0,Low-Income East
549686,0,Low-Income East
911668,0,Low-Income East
453032,3,High-Income East
696562,1,High-Income West
559576,1,High-Income West
822205,3,High-Income East
513099,3,High-Income East
765655,1,High-Income West
316933,0,Low-Income East
890650,2,Low-Income West
162489,3,High-Income East
950933,1,High-Income West
139135,0,Low-Income East
374931,1,High-Income West
713520,2,Low-Income West
779106,3,High-Income East
778066,0,Low-Income East
820204,0,Low-Income East
550598,1,High-Income West
592350,3,High-Income East
113578,2,Low-Income West
900853,0,Low-Income East
318755,2,Low-Income West
469660,0,Low-Income East
133821,0,Low-Income East
915156,2,Low-Income West
214095,1,High-Income West
948714,3,High-Income East
783255,0,Low-Income East
796544,0,Low-Income East
134012,3,High-Income East
841948,1,High-Income West
536018,0,Low-Income East
603545,2,Low-Income West
338750,0,Low-Income East
982535,2,Low-Income West
138121,0,Low-Income East
516594,2,Low-Income West
796943,1,High-Income West
844677,3,High-Income East
528782,2,Low-Income West
942355,0,Low-Income East
140391,0,Low-Income East
220538,2,Low-Income West
178565,3,High-Income East
729173,1,High-Income West
781924,3,High-Income East
453133,3,High-Income East
465421,1,High-Income West
439252,2,Low-Income West
985839,0,Low-Income East
321012,3,High-Income East
528331,1,High-Income West
383391,0,Low-Income East
186810,3,High-Income East
771901,1,High-Income West
104960,3,High-Income East
172200,1,High-Income West
253412,3,High-Income East
293689,1,High-Income West
348400,3,High-Income East
354461,1,High-Income West
478986,1,High-Income West
729444,3,High-Income East
750649,3,High-Income East
805170,3,High-Income East
834790,3,High-Income East
997434,3,High-Income East
218757,3,High-Income East
830171,1,High-Income West
571239,3,High-Income East
976529,1,High-Income West
127785,1,High-Income West
503357,3,High-Income East
166865,3,High-Income East
313732,1,High-Income West
254579,2,Low-Income West
631583,0,Low-Income East
799657,2,Low-Income West
957881,0,Low-Income East
649422,3,High-Income East
733627,1,High-Income West
515929,0,Low-Income East
570600,0,Low-Income East
640614,2,Low-Income West
864845,0,Low-Income East
431640,0,Low-Income East
850414,2,Low-Income West
352490,2,Low-Income West
593327,0,Low-Income East
114214,0,Low-Income East
562644,2,Low-Income West
618494,0,Low-Income East
662934,2,Low-Income West
734458,0,Low-Income East
784946,0,Low-Income East
433477,0,Low-Income East
489244,2,Low-Income West
352216,0,Low-Income East
770568,0,Low-Income East
492496,2,Low-Income West
747571,0,Low-Income East
843737,0,Low-Income East
483969,0,Low-Income East
547500,3,High-Income East
354084,2,Low-Income West
634386,0,Low-Income East
482551,0,Low-Income East
788947,2,Low-Income West
753089,3,High-Income East
877419,3,High-Income East
106616,0,Low-Income East
618022,2,Low-Income West
586365,0,Low-Income East
677153,2,Low-Income West
193946,1,High-Income West
891128,3,High-Income East
358151,2,Low-Income West
430559,0,Low-Income East
236129,0,Low-Income East
879904,0,Low-Income East
726309,0,Low-Income East
498610,2,Low-Income West
728486,0,Low-Income East
110394,1,High-Income West
450865,3,High-Income East
711510,3,High-Income East
372652,0,Low-Income East
294865,0,Low-Income East
462595,2,Low-Income West
328180,2,Low-Income West
444365,0,Low-Income East
164298,2,Low-Income West
167465,0,Low-Income East
722089,3,High-Income East
802452,3,High-Income East
214605,3,High-Income East
592515,1,High-Income West
299107,1,High-Income West
613303,3,High-Income East
602587,3,High-Income East
674643,1,High-Income West
138810,3,High-Income East
314081,3,High-Income East
545278,0,Low-Income East
625859,2,Low-Income West
844556,0,Low-Income East
925385,2,Low-Income West
351500,1,High-Income West
459164,3,High-Income East
730246,0,Low-Income East
999631,2,Low-Income West
574771,0,Low-Income East
975949,2,Low-Income West
165224,2,Low-Income West
237858,0,Low-Income East
260855,2,Low-Income West
296567,0,Low-Income East
427140,2,Low-Income West
458029,0,Low-Income East
616083,0,Low-Income East
675651,0,Low-Income East
717762,0,Low-Income East
720079,2,Low-Income West
740090,0,Low-Income East
839527,2,Low-Income West
198900,1,High-Income West
340881,3,High-Income East
216762,0,Low-Income East
824351,2,Low-Income West
510440,2,Low-Income West
803234,0,Low-Income East
493598,2,Low-Income West
848694,0,Low-Income East
688731,0,Low-Income East
839356,2,Low-Income West
141655,3,High-Income East
549751,3,High-Income East
443232,3,High-Income East
588993,1,High-Income West
451425,0,Low-Income East
928354,2,Low-Income West
534813,3,High-Income East
614810,3,High-Income East
103502,3,High-Income East
334575,1,High-Income West
455896,3,High-Income East
469781,3,High-Income East
533488,3,High-Income East
630694,3,High-Income East
707557,3,High-Income East
738459,1,High-Income West
947863,1,High-Income West
793134,0,Low-Income East
891903,2,Low-Income West
129817,0,Low-Income East
897734,2,Low-Income West
618300,3,High-Income East
935836,1,High-Income West
167062,3,High-Income East
212735,3,High-Income East
246591,3,High-Income East
275413,1,High-Income West
285636,1,High-Income West
327972,1,High-Income West
351292,3,High-Income East
375430,3,High-Income East
660349,3,High-Income East
663213,1,High-Income West
744837,1,High-Income West
198785,1,High-Income West
695069,3,High-Income East
281952,0,Low-Income East
515905,2,Low-Income West
228772,3,High-Income East
839748,1,High-Income West
561801,1,High-Income West
990947,3,High-Income East
540905,2,Low-Income West
625599,0,Low-Income East
707017,2,Low-Income West
807256,0,Low-Income East
653191,1,High-Income West
955292,3,High-Income East
164500,2,Low-Income West
587480,0,Low-Income East
294283,3,High-Income East
478247,1,High-Income West
637249,0,Low-Income East
989220,2,Low-Income West
888291,0,Low-Income East
456613,3,High-Income East
473563,3,High-Income East
432059,0,Low-Income East
772827,0,Low-Income East
119845,3,High-Income East
133128,1,High-Income West
293137,3,High-Income East
608070,2,Low-Income West
887995,0,Low-Income East
400873,2,Low-Income West
936211,0,Low-Income East
659767,0,Low-Income East
723208,2,Low-Income West
168843,3,High-Income East
278059,1,High-Income West
455606,2,Low-Income West
826166,0,Low-Income East
167515,0,Low-Income East
581007,3,High-Income East
364356,1,High-Income West
375203,3,High-Income East
551938,1,High-Income West
556808,3,High-Income East
571970,1,High-Income West
603658,3,High-Income East
616650,3,High-Income East
688820,3,High-Income East
709472,1,High-Income West
900331,3,High-Income East
910092,1,High-Income West
654751,0,Low-Income East
680945,0,Low-Income East
150596,3,High-Income East
224130,1,High-Income West
448912,0,Low-Income East
813520,2,Low-Income West
273177,1,High-Income West
565900,3,High-Income East
662392,0,Low-Income East
270203,2,Low-Income West
939474,0,Low-Income East
699220,0,Low-Income East
605421,0,Low-Income East
642808,2,Low-Income West
496830,0,Low-Income East
992268,0,Low-Income East
415372,0,Low-Income East
691761,2,Low-Income West
287927,3,High-Income East
858667,1,High-Income West
137751,1,High-Income West
604839,3,High-Income East
556958,0,Low-Income East
689459,2,Low-Income West
874415,1,High-Income West
897716,3,High-Income East
853957,3,High-Income East
294071,1,High-Income West
682064,3,High-Income East
158508,2,Low-Income West
728679,0,Low-Income East
205430,2,Low-Income West
882874,0,Low-Income East
371079,1,High-Income West
574330,3,High-Income East
617471,3,High-Income East
203133,1,High-Income West
443770,3,High-Income East
378498,2,Low-Income West
742064,0,Low-Income East
265665,2,Low-Income West
605322,0,Low-Income East
262683,3,High-Income East
264095,1,High-Income West
184895,1,High-Income West
268932,3,High-Income East
989473,0,Low-Income East
282854,0,Low-Income East
944355,2,Low-Income West
171906,3,High-Income East
357574,1,High-Income West
768748,0,Low-Income East
784185,0,Low-Income East
117915,1,High-Income West
945091,3,High-Income East
341907,0,Low-Income East
377674,0,Low-Income East
478278,2,Low-Income West
975309,0,Low-Income East
588220,2,Low-Income West
832745,0,Low-Income East
580979,2,Low-Income West
865977,0,Low-Income East
593710,0,Low-Income East
141023,3,High-Income East
576071,1,High-Income West
127137,1,High-Income West
432370,3,High-Income East
739704,1,High-Income West
971142,3,High-Income East
318564,0,Low-Income East
495926,0,Low-Income East
381496,3,High-Income East
878281,3,High-Income East
454718,2,Low-Income West
946061,0,Low-Income East
471523,0,Low-Income East
644434,3,High-Income East
904283,1,High-Income West
516301,0,Low-Income East
298865,2,Low-Income West
471583,0,Low-Income East
363774,1,High-Income West
450896,3,High-Income East
816510,1,High-Income West
971157,3,High-Income East
951712,3,High-Income East
724987,0,Low-Income East
975497,0,Low-Income East
562734,1,High-Income West
919889,3,High-Income East
805226,0,Low-Income East
956402,2,Low-Income West
564882,0,Low-Income East
952730,2,Low-Income West
144261,3,High-Income East
381176,1,High-Income West
382889,1,High-Income West
384907,1,High-Income West
422398,3,High-Income East
435613,3,High-Income East
449046,3,High-Income East
456822,3,High-Income East
474894,3,High-Income East
629410,1,High-Income West
952582,3,High-Income East
583223,3,High-Income East
914514,1,High-Income West
524968,0,Low-Income East
873886,2,Low-Income West
583271,2,Low-Income West
906274,0,Low-Income East
903006,1,High-Income West
969053,3,High-Income East
609072,0,Low-Income East
996796,2,Low-Income West
214322,3,High-Income East
224854,1,High-Income West
443243,3,High-Income East
472445,3,High-Income East
520091,1,High-Income West
531430,3,High-Income East
616722,1,High-Income West
752047,3,High-Income East
911525,3,High-Income East
971528,3,High-Income East
988249,1,High-Income West
154736,1,High-Income West
903496,3,High-Income East
873022,0,Low-Income East
913340,2,Low-Income West
184496,2,Low-Income West
753533,0,Low-Income East
572265,0,Low-Income East
938636,2,Low-Income West
193824,0,Low-Income East
722169,2,Low-Income West
129555,0,Low-Income East
637986,2,Low-Income West
185496,2,Low-Income West
858802,0,Low-Income East
548722,2,Low-Income West
421691,1,High-Income West
566663,3,High-Income East
698395,0,Low-Income East
828076,0,Low-Income East
498319,2,Low-Income West
618824,0,Low-Income East
503832,1,High-Income West
737764,3,High-Income East
419732,1,High-Income West
880897,3,High-Income East
389812,0,Low-Income East
975387,2,Low-Income West
842959,0,Low-Income East
419540,0,Low-Income East
749684,2,Low-Income West
183339,3,High-Income East
239182,1,High-Income West
872297,3,High-Income East
201055,3,High-Income East
913449,1,High-Income West
166011,0,Low-Income East
739138,0,Low-Income East
970014,2,Low-Income West
275306,3,High-Income East
621093,3,High-Income East
300806,0,Low-Income East
999982,2,Low-Income West
344260,0,Low-Income East
423272,2,Low-Income West
241374,3,High-Income East
522234,1,High-Income West
773943,1,High-Income West
957452,3,High-Income East
622006,2,Low-Income West
963036,0,Low-Income East
373554,3,High-Income East
814236,1,High-Income West
186199,3,High-Income East
857682,1,High-Income West
346346,2,Low-Income West
470373,0,Low-Income East
940822,1,High-Income West
947679,3,High-Income East
742673,3,High-Income East
895684,3,High-Income East
365642,3,High-Income East
927202,1,High-Income West
344052,1,High-Income West
787548,3,High-Income East
258248,3,High-Income East
242288,3,High-Income East
652212,1,High-Income West
481531,1,High-Income West
551510,3,High-Income East
818329,0,Low-Income East
336878,3,High-Income East
969616,1,High-Income West
623341,3,High-Income East
849589,1,High-Income West
474905,2,Low-Income West
716294,0,Low-Income East
131257,3,High-Income East
628409,3,High-Income East
554136,0,Low-Income East
557867,2,Low-Income West
726077,3,High-Income East
234878,3,High-Income East
250311,0,Low-Income East
759991,2,Low-Income West
446712,0,Low-Income East
874938,0,Low-Income East
131047,2,Low-Income West
367562,0,Low-Income East
386298,0,Low-Income East
398655,0,Low-Income East
441419,0,Low-Income East
459017,0,Low-Income East
539705,0,Low-Income East
542118,0,Low-Income East
697905,0,Low-Income East
877654,0,Low-Income East
532978,0,Low-Income East
608419,0,Low-Income East
720178,2,Low-Income West
375399,2,Low-Income West
417507,0,Low-Income East
565805,0,Low-Income East
342156,0,Low-Income East
584536,2,Low-Income West
614100,2,Low-Income West
756663,0,Low-Income East
361266,0,Low-Income East
762562,2,Low-Income West
852520,1,High-Income West
902742,3,High-Income East
366537,2,Low-Income West
915933,0,Low-Income East
397962,1,High-Income West
882084,3,High-Income East
155791,3,High-Income East
668020,1,High-Income West
386037,3,High-Income East
465927,1,High-Income West
130823,2,Low-Income West
952003,0,Low-Income East
353786,0,Low-Income East
762255,2,Low-Income West
290200,3,High-Income East
811429,1,High-Income West
609730,0,Low-Income East
181140,3,High-Income East
539746,1,High-Income West
484543,2,Low-Income West
492090,0,Low-Income East
106046,0,Low-Income East
545586,2,Low-Income West
176115,2,Low-Income West
528697,0,Low-Income East
473564,3,High-Income East
516362,1,High-Income West
119198,0,Low-Income East
356237,2,Low-Income West
503638,0,Low-Income East
706007,2,Low-Income West
731254,0,Low-Income East
889501,2,Low-Income West
895994,0,Low-Income East
918341,0,Low-Income East
923761,0,Low-Income East
925609,0,Low-Income East
283654,0,Low-Income East
319304,2,Low-Income West
846194,0,Low-Income East
265226,3,High-Income East
540551,3,High-Income East
235882,0,Low-Income East
263762,2,Low-Income West
255994,0,Low-Income East
607856,0,Low-Income East
295302,0,Low-Income East
837012,0,Low-Income East
592213,3,High-Income East
309584,2,Low-Income West
512191,1,High-Income West
720765,3,High-Income East
436569,3,High-Income East
599145,1,High-Income West
340574,3,High-Income East
877101,1,High-Income West
865759,3,High-Income East
551975,3,High-Income East
821216,1,High-Income West
259342,0,Low-Income East
490774,2,Low-Income West
906852,3,High-Income East
913233,3,High-Income East
573995,0,Low-Income East
845580,0,Low-Income East
262305,3,High-Income East
790366,3,High-Income East
453876,1,High-Income West
956908,3,High-Income East
262099,3,High-Income East
500759,1,High-Income West
644163,0,Low-Income East
649089,2,Low-Income West
636017,3,High-Income East
780423,1,High-Income West
222748,2,Low-Income West
839328,0,Low-Income East
172987,1,High-Income West
188470,1,High-Income West
237492,3,High-Income East
346390,1,High-Income West
375792,3,High-Income East
616350,3,High-Income East
652374,3,High-Income East
724435,3,High-Income East
764227,3,High-Income East
770327,3,High-Income East
851562,1,High-Income West
917779,3,High-Income East
585066,3,High-Income East
694723,3,High-Income East
157731,3,High-Income East
780140,1,High-Income West
356558,0,Low-Income East
890673,0,Low-Income East
322955,3,High-Income East
873761,1,High-Income West
591841,0,Low-Income East
827172,2,Low-Income West
167569,1,High-Income West
504219,3,High-Income East
130439,1,High-Income West
429308,3,High-Income East
578013,0,Low-Income East
772960,3,High-Income East
283326,1,High-Income West
391564,3,High-Income East
218373,2,Low-Income West
715640,0,Low-Income East
442282,0,Low-Income East
902852,2,Low-Income West
306051,1,High-Income West
586191,3,High-Income East
204848,2,Low-Income West
752729,0,Low-Income East
103304,1,High-Income West
446171,3,High-Income East
763183,3,High-Income East
952672,3,High-Income East
643099,1,High-Income West
711541,3,High-Income East
829003,2,Low-Income West
901049,0,Low-Income East
444524,1,High-Income West
974829,3,High-Income East
499089,3,High-Income East
930337,1,High-Income West
130086,3,High-Income East
153193,1,High-Income West
340492,0,Low-Income East
377364,2,Low-Income West
571643,1,High-Income West
624485,3,High-Income East
595215,2,Low-Income West
707999,3,High-Income East
910373,0,Low-Income East
939204,3,High-Income East
101540,3,High-Income East
268630,0,Low-Income East
272114,2,Low-Income West
634850,3,High-Income East
214504,3,High-Income East
411296,3,High-Income East
225279,3,High-Income East
370093,1,High-Income West
968943,3,High-Income East
184090,2,Low-Income West
867056,0,Low-Income East
316666,3,High-Income East
346678,1,High-Income West
118729,0,Low-Income East
316633,0,Low-Income East
605926,2,Low-Income West
934212,0,Low-Income East
234454,3,High-Income East
624621,1,High-Income West
298327,1,High-Income West
405442,3,High-Income East
350910,0,Low-Income East
622906,0,Low-Income East
137852,0,Low-Income East
723591,2,Low-Income West
693295,0,Low-Income East
801832,2,Low-Income West
125969,2,Low-Income West
776139,0,Low-Income East
827546,0,Low-Income East
834120,2,Low-Income West
300845,2,Low-Income West
308891,0,Low-Income East
373888,2,Low-Income West
545087,0,Low-Income East
203773,0,Low-Income East
983524,2,Low-Income West
478107,3,High-Income East
684081,1,High-Income West
298343,3,High-Income East
480239,3,High-Income East
234895,0,Low-Income East
262176,3,High-Income East
266148,1,High-Income West
678454,3,High-Income East
920840,3,High-Income East
565242,1,High-Income West
838482,3,High-Income East
104267,0,Low-Income East
127410,1,High-Income West
382983,3,High-Income East
116703,1,High-Income West
388777,3,High-Income East
536485,0,Low-Income East
282532,0,Low-Income East
601775,2,Low-Income West
344627,0,Low-Income East
557525,2,Low-Income West
650377,0,Low-Income East
832046,2,Low-Income West
310965,0,Low-Income East
571215,2,Low-Income West
131558,0,Low-Income East
680304,0,Low-Income East
454356,1,High-Income West
589394,3,High-Income East
487823,3,High-Income East
790813,3,High-Income East
416216,3,High-Income East
667901,1,High-Income West
813681,0,Low-Income East
599078,2,Low-Income West
733350,0,Low-Income East
931622,0,Low-Income East
822811,2,Low-Income West
991056,0,Low-Income East
604681,0,Low-Income East
777118,2,Low-Income West
433020,2,Low-Income West
595236,0,Low-Income East
275244,3,High-Income East
604328,0,Low-Income East
697917,2,Low-Income West
615201,0,Low-Income East
721639,2,Low-Income West
628130,1,High-Income West
854998,3,High-Income East
118628,0,Low-Income East
712584,0,Low-Income East
136334,3,High-Income East
479359,1,High-Income West
169137,0,Low-Income East
184306,2,Low-Income West
708343,3,High-Income East
746377,3,High-Income East
588445,2,Low-Income West
975412,0,Low-Income East
129171,0,Low-Income East
274410,0,Low-Income East
277587,2,Low-Income West
389429,2,Low-Income West
600302,2,Low-Income West
786966,2,Low-Income West
795155,0,Low-Income East
836713,0,Low-Income East
919117,0,Low-Income East
940796,2,Low-Income West
236003,0,Low-Income East
584458,2,Low-Income West
227804,1,High-Income West
458072,1,High-Income West
832810,3,High-Income East
949974,3,High-Income East
661054,0,Low-Income East
901987,2,Low-Income West
158680,0,Low-Income East
287088,2,Low-Income West
331078,0,Low-Income East
383627,2,Low-Income West
411690,0,Low-Income East
503025,0,Low-Income East
517940,0,Low-Income East
679607,0,Low-Income East
854902,2,Low-Income West
981664,2,Low-Income West
992631,0,Low-Income East
255509,1,High-Income West
641103,3,High-Income East
670210,0,Low-Income East
938324,2,Low-Income West
653973,0,Low-Income East
589427,0,Low-Income East
194758,3,High-Income East
973111,1,High-Income West
124085,3,High-Income East
933968,3,High-Income East
175814,0,Low-Income East
180832,0,Low-Income East
334329,2,Low-Income West
414305,0,Low-Income East
650870,2,Low-Income West
677695,2,Low-Income West
733324,2,Low-Income West
764305,0,Low-Income East
774326,0,Low-Income East
853003,2,Low-Income West
857942,0,Low-Income East
911744,2,Low-Income West
102464,0,Low-Income East
392558,2,Low-Income West
122094,1,High-Income West
947750,3,High-Income East
673054,2,Low-Income West
876765,0,Low-Income East
827731,0,Low-Income East
852573,2,Low-Income West
235885,0,Low-Income East
326272,0,Low-Income East
307619,3,High-Income East
844749,1,High-Income West
292096,1,High-Income West
518064,3,High-Income East
746314,0,Low-Income East
886227,0,Low-Income East
565991,3,High-Income East
854610,1,High-Income West
419758,0,Low-Income East
302129,3,High-Income East
824216,1,High-Income West
168316,1,High-Income West
368713,3,High-Income East
652852,2,Low-Income West
866701,0,Low-Income East
517559,1,High-Income West
648924,3,High-Income East
633861,0,Low-Income East
677174,0,Low-Income East
680379,3,High-Income East
750974,3,High-Income East
136065,1,High-Income West
663422,3,High-Income East
141703,3,High-Income East
221862,1,High-Income West
412133,3,High-Income East
551154,1,High-Income West
611990,1,High-Income West
658257,3,High-Income East
571123,0,Low-Income East
755582,2,Low-Income West
409914,0,Low-Income East
873945,2,Low-Income West
364247,3,High-Income East
733582,3,High-Income East
813931,1,High-Income West
956081,3,High-Income East
154480,3,High-Income East
578751,1,High-Income West
930921,3,High-Income East
349115,0,Low-Income East
355491,0,Low-Income East
984290,0,Low-Income East
765877,3,High-Income East
937065,3,High-Income East
497070,0,Low-Income East
379120,0,Low-Income East
881628,3,High-Income East
388478,3,High-Income East
756892,3,High-Income East
727179,3,High-Income East
515718,3,High-Income East
135635,2,Low-Income West
577322,0,Low-Income East
373144,2,Low-Income West
790740,2,Low-Income West
319768,0,Low-Income East
976636,2,Low-Income West
117219,3,High-Income East
388156,1,High-Income West
866168,3,High-Income East
348723,0,Low-Income East
724028,0,Low-Income East
468310,0,Low-Income East
615678,3,High-Income East
745454,1,High-Income West
612294,3,High-Income East
163757,3,High-Income East
962730,1,High-Income West
954773,2,Low-Income West
348047,1,High-Income West
474779,3,High-Income East
200067,1,High-Income West
356578,3,High-Income East
402918,3,High-Income East
739005,1,High-Income West
805431,3,High-Income East
442304,2,Low-Income West
993350,1,High-Income West
406369,3,High-Income East
445746,1,High-Income West
860809,0,Low-Income East
211475,0,Low-Income East
422989,2,Low-Income West
333773,3,High-Income East
443198,3,High-Income East
490563,3,High-Income East
501569,1,High-Income West
927305,1,High-Income West
473410,3,High-Income East
833221,1,High-Income West
568594,1,High-Income West
802958,0,Low-Income East
462497,3,High-Income East
216946,2,Low-Income West
368669,1,High-Income West
892701,0,Low-Income East
980761,3,High-Income East
861330,3,High-Income East
743018,1,High-Income West
945430,3,High-Income East
996984,2,Low-Income West
745830,3,High-Income East
187618,3,High-Income East
294334,3,High-Income East
631070,3,High-Income East
143981,3,High-Income East
607489,2,Low-Income West
827339,0,Low-Income East
343383,1,High-Income West
597294,3,High-Income East
562093,2,Low-Income West
616857,0,Low-Income East
259878,2,Low-Income West
557996,0,Low-Income East
387648,2,Low-Income West
908801,0,Low-Income East
781621,3,High-Income East
669222,3,High-Income East
481105,1,High-Income West
421923,3,High-Income East
305287,1,High-Income West
891335,0,Low-Income East
517087,3,High-Income East
166693,2,Low-Income West
782549,0,Low-Income East
418166,2,Low-Income West
961463,3,High-Income East
162456,3,High-Income East
851836,3,High-Income East
981091,3,High-Income East
299830,2,Low-Income West
369388,0,Low-Income East
399670,0,Low-Income East
860172,0,Low-Income East
864456,0,Low-Income East
123586,3,High-Income East
516255,0,Low-Income East
666381,1,High-Income West
648432,3,High-Income East
714939,3,High-Income East
502952,0,Low-Income East
414318,3,High-Income East
184478,0,Low-Income East
403856,2,Low-Income West
460025,2,Low-Income West
984115,3,High-Income East
200877,3,High-Income East
561251,1,High-Income West
419182,0,Low-Income East
709726,0,Low-Income East
794024,2,Low-Income West
975199,0,Low-Income East
680193,1,High-Income West
150656,3,High-Income East
201816,1,High-Income West
351138,1,High-Income West
860848,0,Low-Income East
355750,0,Low-Income East
432493,2,Low-Income West
494600,0,Low-Income East
996989,2,Low-Income West
874374,1,High-Income West
892616,0,Low-Income East
532334,0,Low-Income East
321656,0,Low-Income East
532376,2,Low-Income West
274622,1,High-Income West
207453,3,High-Income East
384296,1,High-Income West
819077,3,High-Income East
677669,1,High-Income West
460037,3,High-Income East
933848,0,Low-Income East
434802,2,Low-Income West
640110,0,Low-Income East
333694,3,High-Income East
576176,3,High-Income East
654073,1,High-Income West
392802,3,High-Income East
782241,3,High-Income East
377114,3,High-Income East
129533,3,High-Income East
245289,1,High-Income West
311795,0,Low-Income East
819969,2,Low-Income West
177993,1,High-Income West
113184,3,High-Income East
424027,3,High-Income East
802206,0,Low-Income East
377247,1,High-Income West
589430,3,High-Income East
500038,0,Low-Income East
744138,3,High-Income East
500767,0,Low-Income East
374679,3,High-Income East
283110,1,High-Income West
301112,0,Low-Income East
358979,0,Low-Income East
429829,2,Low-Income West
773676,2,Low-Income West
981737,0,Low-Income East
538854,2,Low-Income West
918404,1,High-Income West
973485,3,High-Income East
544690,3,High-Income East
810755,2,Low-Income West
633202,1,High-Income West
672431,2,Low-Income West
680181,0,Low-Income East
853603,0,Low-Income East
226643,0,Low-Income East
251081,3,High-Income East
332711,3,High-Income East
305857,1,High-Income West
562084,3,High-Income East
730901,1,High-Income West
859176,3,High-Income East
297218,3,High-Income East
354176,0,Low-Income East
547360,2,Low-Income West
773290,3,High-Income East
569846,0,Low-Income East
763000,0,Low-Income East
603070,1,High-Income West
744789,3,High-Income East
190720,1,High-Income West
292516,3,High-Income East
355724,1,High-Income West
729418,3,High-Income East
467249,1,High-Income West
689112,3,High-Income East
415862,2,Low-Income West
316082,0,Low-Income East
671628,2,Low-Income West
632826,0,Low-Income East
682571,2,Low-Income West
170368,1,High-Income West
301152,0,Low-Income East
993241,2,Low-Income West
150671,3,High-Income East
891790,1,High-Income West
295510,3,High-Income East
375694,1,High-Income West
182519,1,High-Income West
850170,2,Low-Income West
142906,0,Low-Income East
871980,2,Low-Income West
856667,3,High-Income East
556626,1,High-Income West
968447,2,Low-Income West
400181,3,High-Income East
409102,3,High-Income East
291510,3,High-Income East
615385,1,High-Income West
232555,2,Low-Income West
152740,1,High-Income West
652498,1,High-Income West
922926,0,Low-Income East
908201,1,High-Income West
565533,3,High-Income East
615022,2,Low-Income West
778031,0,Low-Income East
977363,1,High-Income West
618124,1,High-Income West
494179,2,Low-Income West
963985,0,Low-Income East
676631,0,Low-Income East
677213,0,Low-Income East
876755,1,High-Income West
186807,3,High-Income East
454690,1,High-Income West
959478,3,High-Income East
722988,3,High-Income East
970092,1,High-Income West
383190,3,High-Income East
313254,0,Low-Income East
673401,2,Low-Income West
144830,1,High-Income West
727428,3,High-Income East
174343,3,High-Income East
339800,1,High-Income West
362586,3,High-Income East
999731,1,High-Income West
722518,2,Low-Income West
750457,3,High-Income East
905909,1,High-Income West
156313,0,Low-Income East
501854,0,Low-Income East
821314,0,Low-Income East
160471,0,Low-Income East
113442,3,High-Income East
164794,2,Low-Income West
231508,0,Low-Income East
869164,2,Low-Income West
820265,2,Low-Income West
177029,3,High-Income East
842855,2,Low-Income West
578114,0,Low-Income East
941127,0,Low-Income East
111485,3,High-Income East
280087,1,High-Income West
931183,0,Low-Income East
506400,3,High-Income East
683660,1,High-Income West
989658,2,Low-Income West
793473,3,High-Income East
379351,2,Low-Income West
169054,2,Low-Income West
456433,2,Low-Income West
862258,2,Low-Income West
114927,2,Low-Income West
426302,3,High-Income East
323448,0,Low-Income East
707860,2,Low-Income West
515605,0,Low-Income East
821820,2,Low-Income West
237751,2,Low-Income West
523296,0,Low-Income East
566851,3,High-Income East
420204,1,High-Income West
596033,2,Low-Income West
107203,2,Low-Income West
309480,3,High-Income East
501551,2,Low-Income West
774386,0,Low-Income East
383701,3,High-Income East
678341,0,Low-Income East
279821,3,High-Income East
202784,2,Low-Income West
765542,3,High-Income East
646023,0,Low-Income East
470952,0,Low-Income East
790240,2,Low-Income West
881871,3,High-Income East
229612,3,High-Income East
852571,0,Low-Income East
582874,0,Low-Income East
608493,0,Low-Income East
360240,2,Low-Income West
199509,0,Low-Income East
279883,2,Low-Income West
292497,0,Low-Income East
816330,2,Low-Income West
876426,0,Low-Income East
278213,0,Low-Income East
653400,2,Low-Income West
285776,0,Low-Income East
400470,2,Low-Income West
690641,1,High-Income West
655325,2,Low-Income West
760155,3,High-Income East
567082,0,Low-Income East
647005,0,Low-Income East
736258,0,Low-Income East
966227,2,Low-Income West
177713,1,High-Income West
346163,2,Low-Income West
966059,3,High-Income East
369853,0,Low-Income East
267944,2,Low-Income West
207110,1,High-Income West
348463,3,High-Income East
764634,3,High-Income East
453349,3,High-Income East
457489,0,Low-Income East
864806,0,Low-Income East
340307,3,High-Income East
922634,1,High-Income West
458963,3,High-Income East
599746,0,Low-Income East
631704,2,Low-Income West
254161,3,High-Income East
948051,1,High-Income West
113804,0,Low-Income East
336076,1,High-Income West
607275,0,Low-Income East
836374,2,Low-Income West
408259,0,Low-Income East
812617,3,High-Income East
617079,1,High-Income West
675204,0,Low-Income East
375768,0,Low-Income East
794496,3,High-Income East
282041,2,Low-Income West
585947,2,Low-Income West
775562,3,High-Income East
224530,0,Low-Income East
210385,3,High-Income East
758262,0,Low-Income East
287097,1,High-Income West
751594,0,Low-Income East
198645,3,High-Income East
948662,0,Low-Income East
564138,1,High-Income West
668253,3,High-Income East
746837,3,High-Income East
983855,3,High-Income East
422121,2,Low-Income West
135076,3,High-Income East
602014,2,Low-Income West
520821,1,High-Income West
559519,1,High-Income West
562737,2,Low-Income West
900151,3,High-Income East
693494,2,Low-Income West
176278,3,High-Income East
632103,3,High-Income East
606877,2,Low-Income West
174743,0,Low-Income East
581396,0,Low-Income East
740349,0,Low-Income East
183052,0,Low-Income East
725326,2,Low-Income West
147754,3,High-Income East
564111,2,Low-Income West
682826,3,High-Income East
461012,3,High-Income East
638506,1,High-Income West
605907,1,High-Income West
609009,3,High-Income East
747681,0,Low-Income East
199073,2,Low-Income West
998465,0,Low-Income East
240442,0,Low-Income East
631869,0,Low-Income East
816763,2,Low-Income West
376862,3,High-Income East
845699,2,Low-Income West
604019,0,Low-Income East
688615,2,Low-Income West
912957,0,Low-Income East
342044,3,High-Income East
996231,0,Low-Income East
253282,1,High-Income West
858674,3,High-Income East
850721,3,High-Income East
793662,0,Low-Income East
436719,0,Low-Income East
629966,3,High-Income East
194657,3,High-Income East
470323,1,High-Income West
896331,0,Low-Income East
709747,2,Low-Income West
690970,3,High-Income East
710145,0,Low-Income East
358794,0,Low-Income East
504638,2,Low-Income West
937312,0,Low-Income East
957557,2,Low-Income West
393565,0,Low-Income East
744731,2,Low-Income West
420481,1,High-Income West
103043,3,High-Income East
155374,3,High-Income East
506793,3,High-Income East
235930,1,High-Income West
486048,3,High-Income East
288776,2,Low-Income West
488679,0,Low-Income East
872946,3,High-Income East
256013,0,Low-Income East
485196,2,Low-Income West
318654,1,High-Income West
270248,0,Low-Income East
422320,2,Low-Income West
289116,0,Low-Income East
920637,3,High-Income East
840184,3,High-Income East
620990,0,Low-Income East
196469,2,Low-Income West
156071,0,Low-Income East
996639,0,Low-Income East
532422,3,High-Income East
604822,3,High-Income East
136906,0,Low-Income East
518578,2,Low-Income West
142686,3,High-Income East
717565,3,High-Income East
982508,0,Low-Income East
290445,2,Low-Income West
344998,0,Low-Income East
599483,0,Low-Income East
716948,1,High-Income West
778920,0,Low-Income East
137227,0,Low-Income East
251020,1,High-Income West
223958,3,High-Income East
267245,0,Low-Income East
269565,0,Low-Income East
383891,2,Low-Income West
493827,2,Low-Income West
707716,0,Low-Income East
991371,0,Low-Income East
997857,0,Low-Income East
696609,0,Low-Income East
194859,2,Low-Income West
803529,0,Low-Income East
290964,0,Low-Income East
325367,0,Low-Income East
263055,3,High-Income East
856654,3,High-Income East
721423,0,Low-Income East
807902,0,Low-Income East
587619,1,High-Income West
439675,0,Low-Income East
960309,0,Low-Income East
215651,0,Low-Income East
115198,2,Low-Income West
700145,3,High-Income East
478785,2,Low-Income West
148453,2,Low-Income West
790123,1,High-Income West
895778,3,High-Income East
283994,0,Low-Income East
415067,0,Low-Income East
278676,3,High-Income East
694168,2,Low-Income West
475713,2,Low-Income West
677068,0,Low-Income East
702284,2,Low-Income West
790303,1,High-Income West
107835,0,Low-Income East
203950,3,High-Income East
146354,3,High-Income East
512262,2,Low-Income West
652394,0,Low-Income East
762355,0,Low-Income East
788759,0,Low-Income East
834081,0,Low-Income East
420126,2,Low-Income West
842066,3,High-Income East
714316,0,Low-Income East
108367,0,Low-Income East
172731,0,Low-Income East
258102,2,Low-Income West
750688,0,Low-Income East
833704,2,Low-Income West
906468,0,Low-Income East
944821,2,Low-Income West
484317,0,Low-Income East
430813,0,Low-Income East
982416,0,Low-Income East
607662,2,Low-Income West
748701,0,Low-Income East
664705,0,Low-Income East
520163,3,High-Income East
604470,2,Low-Income West
587543,3,High-Income East
855451,1,High-Income West
993328,3,High-Income East
776153,0,Low-Income East
100883,2,Low-Income West
577124,2,Low-Income West
613546,0,Low-Income East
826271,0,Low-Income East
505790,1,High-Income West
269120,2,Low-Income West
302198,3,High-Income East
221328,3,High-Income East
195069,3,High-Income East
492966,3,High-Income East
875212,3,High-Income East
824133,3,High-Income East
909066,0,Low-Income East
650358,2,Low-Income West
787606,0,Low-Income East
338872,2,Low-Income West
302657,3,High-Income East
686031,2,Low-Income West
875086,2,Low-Income West
970783,0,Low-Income East
734880,0,Low-Income East
898000,2,Low-Income West
578203,0,Low-Income East
145688,0,Low-Income East
207865,0,Low-Income East
727686,0,Low-Income East
903797,2,Low-Income West
954231,2,Low-Income West
426141,2,Low-Income West
619920,0,Low-Income East
725575,2,Low-Income West
518622,3,High-Income East
658407,2,Low-Income West
982528,0,Low-Income East
162568,0,Low-Income East
623569,2,Low-Income West
193722,2,Low-Income West
462366,0,Low-Income East
113755,1,High-Income West
567210,0,Low-Income East
960629,2,Low-Income West
606074,0,Low-Income East
303934,3,High-Income East
329355,1,High-Income West
594606,3,High-Income East
656993,1,High-Income West
765989,1,High-Income West
810100,1,High-Income West
239490,0,Low-Income East
555050,2,Low-Income West
357466,0,Low-Income East
384090,0,Low-Income East
641612,3,High-Income East
720626,2,Low-Income West
105932,3,High-Income East
636000,3,High-Income East
623654,2,Low-Income West
724424,2,Low-Income West
979330,2,Low-Income West
484592,1,High-Income West
614428,3,High-Income East
832665,2,Low-Income West
246517,0,Low-Income East
449417,0,Low-Income East
844834,3,High-Income East
880948,0,Low-Income East
324773,0,Low-Income East
971030,2,Low-Income West
860553,1,High-Income West
949890,3,High-Income East
136772,0,Low-Income East
942685,2,Low-Income West
581712,2,Low-Income West
727363,1,High-Income West
154726,3,High-Income East
626312,1,High-Income West
789859,3,High-Income East
213112,1,High-Income West
702325,3,High-Income East
647491,0,Low-Income East
440511,2,Low-Income West
779184,3,High-Income East
140598,2,Low-Income West
266365,0,Low-Income East
436226,0,Low-Income East
469230,0,Low-Income East
754936,2,Low-Income West
892639,2,Low-Income West
965674,1,High-Income West
964791,0,Low-Income East
183885,2,Low-Income West
542934,0,Low-Income East
155354,0,Low-Income East
828136,2,Low-Income West
255767,2,Low-Income West
216725,0,Low-Income East
537387,0,Low-Income East
955716,2,Low-Income West
217802,0,Low-Income East
511472,2,Low-Income West
720300,1,High-Income West
963464,3,High-Income East
899509,0,Low-Income East
731494,3,High-Income East
738435,1,High-Income West
578688,2,Low-Income West
184009,1,High-Income West
284461,2,Low-Income West
371875,0,Low-Income East
633627,3,High-Income East
414382,3,High-Income East
677704,3,High-Income East
575487,0,Low-Income East
317205,3,High-Income East
479509,0,Low-Income East
934529,0,Low-Income East
103916,2,Low-Income West
332869,3,High-Income East
346554,1,High-Income West
394454,1,High-Income West
510264,1,High-Income West
535944,3,High-Income East
572282,1,High-Income West
808341,3,High-Income East
818271,3,High-Income East
898787,3,High-Income East
402082,0,Low-Income East
518236,2,Low-Income West
405768,3,High-Income East
423609,3,High-Income East
825920,0,Low-Income East
160993,2,Low-Income West
192691,3,High-Income East
661035,2,Low-Income West
243061,1,High-Income West
153072,0,Low-Income East
576692,2,Low-Income West
951879,3,High-Income East
943068,2,Low-Income West
179956,2,Low-Income West
113839,0,Low-Income East
157971,1,High-Income West
977523,3,High-Income East
954952,0,Low-Income East
151030,0,Low-Income East
781495,2,Low-Income West
411876,2,Low-Income West
865654,0,Low-Income East
385864,0,Low-Income East
194855,2,Low-Income West
174702,2,Low-Income West
747604,0,Low-Income East
476288,1,High-Income West
549858,3,High-Income East
647658,1,High-Income West
983822,1,High-Income West
292957,0,Low-Income East
398611,2,Low-Income West
206947,0,Low-Income East
233819,0,Low-Income East
603009,0,Low-Income East
402390,0,Low-Income East
625123,0,Low-Income East
679132,0,Low-Income East
683751,2,Low-Income West
867780,0,Low-Income East
958274,0,Low-Income East
478666,0,Low-Income East
682419,0,Low-Income East
109896,2,Low-Income West
878284,0,Low-Income East
674738,2,Low-Income West
689993,0,Low-Income East
887748,0,Low-Income East
672336,0,Low-Income East
394806,0,Low-Income East
412362,1,High-Income West
297327,3,High-Income East
658330,2,Low-Income West
419626,2,Low-Income West
707152,2,Low-Income West
280790,3,High-Income East
548251,0,Low-Income East
375597,2,Low-Income West
579015,3,High-Income East
954558,1,High-Income West
874104,2,Low-Income West
105352,2,Low-Income West
110678,0,Low-Income East
175104,2,Low-Income West
249559,2,Low-Income West
422803,0,Low-Income East
799510,0,Low-Income East
953210,2,Low-Income West
134202,3,High-Income East
549541,3,High-Income East
933233,3,High-Income East
797326,3,High-Income East
927721,2,Low-Income West
954750,0,Low-Income East
488535,2,Low-Income West
925340,0,Low-Income East
857814,0,Low-Income East
671534,0,Low-Income East
900460,2,Low-Income West
652370,2,Low-Income West
328349,2,Low-Income West
738597,3,High-Income East
607347,0,Low-Income East
922161,0,Low-Income East
832155,1,High-Income West
868767,3,High-Income East
875485,3,High-Income East
537613,1,High-Income West
964159,3,High-Income East
128280,3,High-Income East
250711,2,Low-Income West
806859,0,Low-Income East
457652,3,High-Income East
184151,3,High-Income East
668692,3,High-Income East
233017,2,Low-Income West
219431,2,Low-Income West
195594,1,High-Income West
309408,3,High-Income East
966204,1,High-Income West
366133,0,Low-Income East
260513,2,Low-Income West
397706,0,Low-Income East
555102,2,Low-Income West
258238,1,High-Income West
377796,0,Low-Income East
427733,3,High-Income East
326174,2,Low-Income West
571340,0,Low-Income East
775193,0,Low-Income East
859218,0,Low-Income East
251023,0,Low-Income East
348085,0,Low-Income East
285122,0,Low-Income East
597189,2,Low-Income West
932405,0,Low-Income East
351551,0,Low-Income East
551391,3,High-Income East
274879,0,Low-Income East
460091,2,Low-Income West
885210,0,Low-Income East
861917,0,Low-Income East
516224,3,High-Income East
805349,3,High-Income East
674689,2,Low-Income West
908006,2,Low-Income West
317726,0,Low-Income East
804784,3,High-Income East
266377,0,Low-Income East
340277,3,High-Income East
125068,2,Low-Income West
571479,0,Low-Income East
581533,0,Low-Income East
472674,2,Low-Income West
431514,2,Low-Income West
574723,3,High-Income East
794286,1,High-Income West
117618,0,Low-Income East
606371,0,Low-Income East
573217,2,Low-Income West
902015,3,High-Income East
549080,0,Low-Income East
942984,2,Low-Income West
421191,3,High-Income East
395512,2,Low-Income West
897728,0,Low-Income East
441719,0,Low-Income East
810990,2,Low-Income West
924056,3,High-Income East
592088,0,Low-Income East
600756,0,Low-Income East
180411,0,Low-Income East
572094,2,Low-Income West
344009,3,High-Income East
144936,1,High-Income West
302057,1,High-Income West
539106,3,High-Income East
827288,1,High-Income West
360868,3,High-Income East
752874,2,Low-Income West
793742,2,Low-Income West
448774,2,Low-Income West
131463,2,Low-Income West
502212,3,High-Income East
712130,0,Low-Income East
378267,0,Low-Income East
926961,2,Low-Income West
309921,3,High-Income East
508215,1,High-Income West
995943,2,Low-Income West
781347,1,High-Income West
905180,3,High-Income East
342929,0,Low-Income East
820223,2,Low-Income West
424012,3,High-Income East
314935,1,High-Income West
904367,3,High-Income East
616207,0,Low-Income East
218311,0,Low-Income East
316323,2,Low-Income West
923406,2,Low-Income West
403258,0,Low-Income East
671928,0,Low-Income East
610585,3,High-Income East
962566,0,Low-Income East
366250,0,Low-Income East
575015,0,Low-Income East
144702,3,High-Income East
980478,3,High-Income East
932572,0,Low-Income East
244387,2,Low-Income West
329215,0,Low-Income East
963619,0,Low-Income East
857353,3,High-Income East
468138,3,High-Income East
414207,2,Low-Income West
452976,0,Low-Income East
561284,2,Low-Income West
149426,0,Low-Income East
943048,0,Low-Income East
447804,2,Low-Income West
907595,2,Low-Income West
337488,3,High-Income East
552818,1,High-Income West
268439,3,High-Income East
936214,1,High-Income West
642485,0,Low-Income East
341594,1,High-Income West
481902,0,Low-Income East
710203,3,High-Income East
898630,2,Low-Income West
182058,0,Low-Income East
263127,2,Low-Income West
709385,1,High-Income West
224952,0,Low-Income East
326707,2,Low-Income West
687525,3,High-Income East
770094,2,Low-Income West
839659,0,Low-Income East
368772,3,High-Income East
448577,2,Low-Income West
863259,2,Low-Income West
269632,0,Low-Income East
705641,2,Low-Income West
133730,3,High-Income East
960253,0,Low-Income East
602068,0,Low-Income East
690494,0,Low-Income East
571498,1,High-Income West
390911,2,Low-Income West
939289,3,High-Income East
133035,2,Low-Income West
435789,0,Low-Income East
502573,0,Low-Income East
318751,1,High-Income West
319822,0,Low-Income East
339845,0,Low-Income East
666878,0,Low-Income East
761150,0,Low-Income East
786703,2,Low-Income West
694472,0,Low-Income East
891046,0,Low-Income East
243001,0,Low-Income East
382738,2,Low-Income West
900977,0,Low-Income East
831829,1,High-Income West
385235,0,Low-Income East
206591,1,High-Income West
167363,3,High-Income East
335755,1,High-Income West
574391,2,Low-Income West
585509,0,Low-Income East
753977,0,Low-Income East
768518,0,Low-Income East
935253,0,Low-Income East
960678,0,Low-Income East
284610,0,Low-Income East
337815,3,High-Income East
182184,2,Low-Income West
578944,3,High-Income East
748831,0,Low-Income East
258860,0,Low-Income East
314413,0,Low-Income East
541564,0,Low-Income East
791765,3,High-Income East
824668,0,Low-Income East
176359,3,High-Income East
408468,1,High-Income West
532378,1,High-Income West
167219,3,High-Income East
756496,1,High-Income West
196798,1,High-Income West
140750,0,Low-Income East
584173,1,High-Income West
855721,0,Low-Income East
734119,1,High-Income West
456554,0,Low-Income East
474383,2,Low-Income West
892994,0,Low-Income East
273552,3,High-Income East
863626,1,High-Income West
314250,2,Low-Income West
135878,1,High-Income West
476497,3,High-Income East
909476,3,High-Income East
512897,0,Low-Income East
537795,0,Low-Income East
700276,2,Low-Income West
708271,0,Low-Income East
843672,0,Low-Income East
419237,3,High-Income East
645147,2,Low-Income West
704074,0,Low-Income East
978654,0,Low-Income East
227015,0,Low-Income East
165596,1,High-Income West
819592,0,Low-Income East
847559,2,Low-Income West
523288,0,Low-Income East
370990,1,High-Income West
433946,3,High-Income East
263822,1,High-Income West
387650,2,Low-Income West
768030,0,Low-Income East
220808,1,High-Income West
304643,0,Low-Income East
320183,3,High-Income East
387214,3,High-Income East
413305,3,High-Income East
600063,1,High-Income West
846119,2,Low-Income West
700731,0,Low-Income East
257391,1,High-Income West
935068,3,High-Income East
628180,0,Low-Income East
165339,3,High-Income East
646022,2,Low-Income West
245575,3,High-Income East
327903,3,High-Income East
701708,1,High-Income West
245604,1,High-Income West
649054,3,High-Income East
496387,2,Low-Income West
928294,3,High-Income East
210148,0,Low-Income East
265317,2,Low-Income West
765127,2,Low-Income West
825809,0,Low-Income East
130953,0,Low-Income East
241144,2,Low-Income West
753130,0,Low-Income East
962267,0,Low-Income East
401722,0,Low-Income East
994993,2,Low-Income West
142726,1,High-Income West
693196,0,Low-Income East
712248,3,High-Income East
441423,2,Low-Income West
901775,0,Low-Income East
353535,1,High-Income West
807058,0,Low-Income East
218425,2,Low-Income West
938323,0,Low-Income East
638732,0,Low-Income East
583601,0,Low-Income East
895185,2,Low-Income West
641869,2,Low-Income West
529733,0,Low-Income East
377029,3,High-Income East
638602,3,High-Income East
373501,0,Low-Income East
580628,2,Low-Income West
948658,0,Low-Income East
521176,0,Low-Income East
907544,3,High-Income East
597228,0,Low-Income East
351389,3,High-Income East
533742,0,Low-Income East
916131,1,High-Income West
178036,3,High-Income East
601167,0,Low-Income East
821705,0,Low-Income East
662521,2,Low-Income West
191558,2,Low-Income West
749362,0,Low-Income East
803084,1,High-Income West
100644,2,Low-Income West
220564,0,Low-Income East
753987,0,Low-Income East
858814,0,Low-Income East
680565,3,High-Income East
268958,2,Low-Income West
496482,2,Low-Income West
464137,2,Low-Income West
958800,0,Low-Income East
691520,0,Low-Income East
611051,0,Low-Income East
151183,2,Low-Income West
633135,2,Low-Income West
487027,3,High-Income East
987612,1,High-Income West
830071,3,High-Income East
905469,1,High-Income West
811139,3,High-Income East
617108,0,Low-Income East
332983,1,High-Income West
586891,2,Low-Income West
660197,1,High-Income West
898788,2,Low-Income West
411365,0,Low-Income East
184976,0,Low-Income East
952629,0,Low-Income East
962055,2,Low-Income West
951226,2,Low-Income West
478431,0,Low-Income East
153261,0,Low-Income East
455234,0,Low-Income East
441724,3,High-Income East
103359,2,Low-Income West
509614,0,Low-Income East
634916,2,Low-Income West
415077,3,High-Income East
556622,2,Low-Income West
160250,0,Low-Income East
779082,3,High-Income East
356980,3,High-Income East
617916,1,High-Income West
125996,2,Low-Income West
135977,1,High-Income West
948053,3,High-Income East
165138,0,Low-Income East
593007,0,Low-Income East
207047,0,Low-Income East
276152,0,Low-Income East
780728,2,Low-Income West
389995,2,Low-Income West
112661,3,High-Income East
682288,0,Low-Income East
271432,2,Low-Income West
267951,0,Low-Income East
407648,1,High-Income West
742886,3,High-Income East
259170,2,Low-Income West
379716,0,Low-Income East
955633,2,Low-Income West
902690,3,High-Income East
406373,0,Low-Income East
186246,0,Low-Income East
467580,0,Low-Income East
492757,0,Low-Income East
728655,2,Low-Income West
437407,2,Low-Income West
571845,2,Low-Income West
436975,2,Low-Income West
126097,0,Low-Income East
779046,2,Low-Income West
638618,3,High-Income East
627893,3,High-Income East
831780,2,Low-Income West
836226,2,Low-Income West
975614,0,Low-Income East
269960,3,High-Income East
519726,0,Low-Income East
327530,2,Low-Income West
511342,0,Low-Income East
708458,3,High-Income East
254575,2,Low-Income West
229692,0,Low-Income East
129743,1,High-Income West
146572,0,Low-Income East
301563,0,Low-Income East
613234,2,Low-Income West
731160,1,High-Income West
194959,0,Low-Income East
973951,2,Low-Income West
770651,2,Low-Income West
910336,0,Low-Income East
304601,3,High-Income East
553412,1,High-Income West
568484,0,Low-Income East
166911,3,High-Income East
637235,1,High-Income West
960555,2,Low-Income West
803747,2,Low-Income West
307166,0,Low-Income East
799857,0,Low-Income East
648648,3,High-Income East
301794,2,Low-Income West
286954,3,High-Income East
705262,1,High-Income West
430221,1,High-Income West
695428,1,High-Income West
772437,1,High-Income West
834270,3,High-Income East
867840,0,Low-Income East
673934,0,Low-Income East
355184,0,Low-Income East
839295,1,High-Income West
920966,0,Low-Income East
992072,1,High-Income West
159233,0,Low-Income East
145480,0,Low-Income East
371191,0,Low-Income East
514552,2,Low-Income West
615673,2,Low-Income West
692252,2,Low-Income West
828481,0,Low-Income East
210752,3,High-Income East
115405,0,Low-Income East
655085,2,Low-Income West
956619,0,Low-Income East
754774,0,Low-Income East
289354,0,Low-Income East
613908,2,Low-Income West
538979,3,High-Income East
754264,2,Low-Income West
421432,0,Low-Income East
149430,2,Low-Income West
634423,0,Low-Income East
342679,0,Low-Income East
717806,0,Low-Income East
226511,2,Low-Income West
586100,0,Low-Income East
566808,1,High-Income West
665548,0,Low-Income East
327470,0,Low-Income East
584017,2,Low-Income West
287414,0,Low-Income East
227008,0,Low-Income East
124987,1,High-Income West
540918,3,High-Income East
408931,3,High-Income East
518771,1,High-Income West
148368,2,Low-Income West
371164,3,High-Income East
299278,1,High-Income West
784787,0,Low-Income East
526644,0,Low-Income East
898122,2,Low-Income West
620587,2,Low-Income West
681309,0,Low-Income East
894620,2,Low-Income West
217792,1,High-Income West
290024,3,High-Income East
429933,1,High-Income West
920545,3,High-Income East
314182,0,Low-Income East
220601,1,High-Income West
407173,0,Low-Income East
307321,0,Low-Income East
720007,2,Low-Income West
954424,0,Low-Income East
258799,0,Low-Income East
491253,0,Low-Income East
144756,1,High-Income West
670040,0,Low-Income East
634807,2,Low-Income West
129429,2,Low-Income West
966285,0,Low-Income East
340691,0,Low-Income East
959364,3,High-Income East
597630,0,Low-Income East
630869,0,Low-Income East
974500,0,Low-Income East
296736,0,Low-Income East
438263,2,Low-Income West
198407,0,Low-Income East
601583,2,Low-Income West
352581,2,Low-Income West
664684,0,Low-Income East
526663,0,Low-Income East
707042,0,Low-Income East
134180,0,Low-Income East
539537,2,Low-Income West
260155,2,Low-Income West
697079,2,Low-Income West
420222,0,Low-Income East
580586,0,Low-Income East
833627,0,Low-Income East
110099,2,Low-Income West
332208,0,Low-Income East
709123,2,Low-Income West
347861,2,Low-Income West
668000,0,Low-Income East
641123,0,Low-Income East
788332,0,Low-Income East
415327,0,Low-Income East
531793,2,Low-Income West
598016,1,High-Income West
121751,3,High-Income East
361892,1,High-Income West
201564,2,Low-Income West
508728,0,Low-Income East
550213,0,Low-Income East
173485,2,Low-Income West
571017,0,Low-Income East
455594,0,Low-Income East
330249,0,Low-Income East
794348,2,Low-Income West
561874,2,Low-Income West
319504,3,High-Income East
105835,3,High-Income East
372069,1,High-Income West
600013,3,High-Income East
722629,3,High-Income East
556266,3,High-Income East
842405,0,Low-Income East
919668,2,Low-Income West
925433,0,Low-Income East
489781,3,High-Income East
462459,3,High-Income East
595681,1,High-Income West
680754,0,Low-Income East
742854,2,Low-Income West
488130,0,Low-Income East
426317,0,Low-Income East
485383,0,Low-Income East
140077,0,Low-Income East
264018,0,Low-Income East
348732,0,Low-Income East
553254,2,Low-Income West
706918,2,Low-Income West
790287,3,High-Income East
811612,0,Low-Income East
494552,2,Low-Income West
667615,2,Low-Income West
754175,0,Low-Income East
755276,2,Low-Income West
952493,0,Low-Income East
815626,0,Low-Income East
957008,2,Low-Income West
124351,0,Low-Income East
895601,0,Low-Income East
192651,2,Low-Income West
644417,2,Low-Income West
881943,3,High-Income East
405465,1,High-Income West
642409,3,High-Income East
234047,0,Low-Income East
366911,0,Low-Income East
424540,2,Low-Income West
985622,3,High-Income East
255718,2,Low-Income West
874589,2,Low-Income West
631232,3,High-Income East
725705,1,High-Income West
463890,1,High-Income West
760842,0,Low-Income East
887026,0,Low-Income East
377302,0,Low-Income East
364931,1,High-Income West
920954,3,High-Income East
103362,0,Low-Income East
953097,3,High-Income East
146067,2,Low-Income West
842390,3,High-Income East
620741,0,Low-Income East
848003,2,Low-Income West
833024,2,Low-Income West
457525,0,Low-Income East
220315,0,Low-Income East
547994,2,Low-Income West
324881,0,Low-Income East
233646,0,Low-Income East
809016,3,High-Income East
350675,1,High-Income West
773219,1,High-Income West
129515,0,Low-Income East
146760,0,Low-Income East
448483,1,High-Income West
510841,2,Low-Income West
261229,3,High-Income East
496728,1,High-Income West
549862,0,Low-Income East
277430,0,Low-Income East
728043,0,Low-Income East
533666,0,Low-Income East
645600,0,Low-Income East
441340,2,Low-Income West
587591,2,Low-Income West
642449,0,Low-Income East
514917,2,Low-Income West
401422,2,Low-Income West
260712,0,Low-Income East
979075,0,Low-Income East
441359,1,High-Income West
256135,0,Low-Income East
765261,2,Low-Income West
900359,0,Low-Income East
909854,2,Low-Income West
704112,2,Low-Income West
756543,2,Low-Income West
141497,2,Low-Income West
643026,0,Low-Income East
325498,0,Low-Income East
287385,2,Low-Income West
871145,0,Low-Income East
843158,0,Low-Income East
896947,0,Low-Income East
453719,0,Low-Income East
784537,0,Low-Income East
346809,0,Low-Income East
757938,2,Low-Income West
950915,0,Low-Income East
764544,2,Low-Income West
756973,2,Low-Income West
745738,0,Low-Income East
401007,3,High-Income East
981674,1,High-Income West
723055,0,Low-Income East
357375,2,Low-Income West
958143,0,Low-Income East
328754,0,Low-Income East
946258,0,Low-Income East
210746,1,High-Income West
302957,3,High-Income East
774234,0,Low-Income East
557289,3,High-Income East
603531,1,High-Income West
682337,0,Low-Income East
368523,1,High-Income West
274179,2,Low-Income West
833679,0,Low-Income East
742062,2,Low-Income West
789303,2,Low-Income West
299366,0,Low-Income East
666952,2,Low-Income West
289863,0,Low-Income East
773390,3,High-Income East
240476,3,High-Income East
865411,3,High-Income East
727446,3,High-Income East
858557,2,Low-Income West
388639,0,Low-Income East
317137,3,High-Income East
925413,1,High-Income West
650553,0,Low-Income East
536066,2,Low-Income West
286641,3,High-Income East
561219,1,High-Income West
154864,1,High-Income West
945050,3,High-Income East
144565,2,Low-Income West
536535,0,Low-Income East
921563,0,Low-Income East
231843,2,Low-Income West
519213,0,Low-Income East
429448,2,Low-Income West
841437,0,Low-Income East
608601,3,High-Income East
694388,0,Low-Income East
206576,2,Low-Income West
441439,0,Low-Income East
496159,0,Low-Income East
804239,2,Low-Income West
818870,0,Low-Income East
627502,2,Low-Income West
881106,0,Low-Income East
347997,3,High-Income East
530281,2,Low-Income West
806839,0,Low-Income East
415896,3,High-Income East
441782,1,High-Income West
109840,3,High-Income East
631683,0,Low-Income East
202227,0,Low-Income East
980952,2,Low-Income West
492812,0,Low-Income East
969689,0,Low-Income East
688410,1,High-Income West
102184,1,High-Income West
292084,3,High-Income East
964047,0,Low-Income East
997370,1,High-Income West
536959,0,Low-Income East
574613,3,High-Income East
277285,2,Low-Income West
572463,2,Low-Income West
604825,0,Low-Income East
696897,0,Low-Income East
744698,0,Low-Income East
842190,2,Low-Income West
374107,0,Low-Income East
558854,0,Low-Income East
988223,1,High-Income West
335137,0,Low-Income East
347431,2,Low-Income West
299397,3,High-Income East
426791,3,High-Income East
595965,2,Low-Income West
481893,1,High-Income West
456432,3,High-Income East
326240,0,Low-Income East
500060,3,High-Income East
699750,1,High-Income West
754338,3,High-Income East
729518,0,Low-Income East
248664,3,High-Income East
146037,1,High-Income West
305687,3,High-Income East
633140,1,High-Income West
326267,0,Low-Income East
696026,0,Low-Income East
868161,2,Low-Income West
169932,0,Low-Income East
716435,0,Low-Income East
750922,3,High-Income East
751829,0,Low-Income East
114743,0,Low-Income East
488884,0,Low-Income East
663150,0,Low-Income East
261573,0,Low-Income East
126216,3,High-Income East
261283,1,High-Income West
247471,3,High-Income East
473144,1,High-Income West
652614,3,High-Income East
682103,3,High-Income East
902693,3,High-Income East
904805,3,High-Income East
703852,3,High-Income East
497194,0,Low-Income East
907950,2,Low-Income West
154136,2,Low-Income West
687412,3,High-Income East
183374,3,High-Income East
185288,1,High-Income West
509607,0,Low-Income East
702938,0,Low-Income East
997964,0,Low-Income East
562411,0,Low-Income East
121236,1,High-Income West
490860,1,High-Income West
633458,0,Low-Income East
377289,2,Low-Income West
463298,3,High-Income East
444259,0,Low-Income East
836984,2,Low-Income West
660922,2,Low-Income West
557852,1,High-Income West
599491,3,High-Income East
732362,0,Low-Income East
282181,1,High-Income West
724510,0,Low-Income East
967298,2,Low-Income West
137185,2,Low-Income West
528229,0,Low-Income East
607696,0,Low-Income East
358968,2,Low-Income West
327163,1,High-Income West
883230,3,High-Income East
262508,0,Low-Income East
963100,2,Low-Income West
436971,2,Low-Income West
619141,3,High-Income East
928082,3,High-Income East
960934,0,Low-Income East
734824,2,Low-Income West
296689,3,High-Income East
965698,1,High-Income West
742319,3,High-Income East
894048,1,High-Income West
103436,3,High-Income East
509060,3,High-Income East
768255,1,High-Income West
934280,1,High-Income West
310983,3,High-Income East
357971,1,High-Income West
545144,3,High-Income East
752548,3,High-Income East
402332,1,High-Income West
756559,3,High-Income East
603082,3,High-Income East
131815,3,High-Income East
873177,3,High-Income East
667517,2,Low-Income West
719719,0,Low-Income East
307859,2,Low-Income West
629267,3,High-Income East
750300,1,High-Income West
114924,0,Low-Income East
821944,3,High-Income East
767456,0,Low-Income East
202052,2,Low-Income West
976605,0,Low-Income East
462974,3,High-Income East
105921,3,High-Income East
192405,0,Low-Income East
683458,0,Low-Income East
552221,0,Low-Income East
819448,3,High-Income East
273984,2,Low-Income West
846033,0,Low-Income East
556313,1,High-Income West
366932,0,Low-Income East
621279,0,Low-Income East
641159,0,Low-Income East
163002,0,Low-Income East
210247,3,High-Income East
238939,1,High-Income West
575411,3,High-Income East
756636,0,Low-Income East
224666,3,High-Income East
810482,3,High-Income East
976489,2,Low-Income West
701216,0,Low-Income East
321666,2,Low-Income West
582883,3,High-Income East
138759,0,Low-Income East
953281,0,Low-Income East
419491,3,High-Income East
690862,1,High-Income West
705980,1,High-Income West
961455,3,High-Income East
105251,3,High-Income East
474921,3,High-Income East
481699,2,Low-Income West
464166,0,Low-Income East
811430,2,Low-Income West
711248,3,High-Income East
691626,2,Low-Income West
142812,2,Low-Income West
298967,1,High-Income West
756515,3,High-Income East
552945,0,Low-Income East
847502,0,Low-Income East
609878,3,High-Income East
936232,1,High-Income West
962637,0,Low-Income East
811162,0,Low-Income East
247721,0,Low-Income East
950832,2,Low-Income West
548238,0,Low-Income East
383962,2,Low-Income West
512580,0,Low-Income East
430555,2,Low-Income West
583610,0,Low-Income East
199792,1,High-Income West
481987,3,High-Income East
664052,2,Low-Income West
212130,0,Low-Income East
109903,2,Low-Income West
173416,0,Low-Income East
586056,2,Low-Income West
524379,0,Low-Income East
627791,2,Low-Income West
393888,0,Low-Income East
791678,0,Low-Income East
704267,0,Low-Income East
432920,3,High-Income East
168418,0,Low-Income East
996539,3,High-Income East
203517,3,High-Income East
420786,3,High-Income East
762951,3,High-Income East
285386,0,Low-Income East
638152,2,Low-Income West
447275,2,Low-Income West
773019,0,Low-Income East
654288,2,Low-Income West
573078,2,Low-Income West
623154,1,High-Income West
205256,0,Low-Income East
266604,3,High-Income East
601586,1,High-Income West
450698,1,High-Income West
879844,0,Low-Income East
745383,0,Low-Income East
625784,1,High-Income West
107067,3,High-Income East
812628,1,High-Income West
109956,3,High-Income East
310236,3,High-Income East
214020,2,Low-Income West
463070,0,Low-Income East
686224,1,High-Income West
564973,2,Low-Income West
239970,2,Low-Income West
530113,0,Low-Income East
662209,2,Low-Income West
121095,1,High-Income West
529746,3,High-Income East
240330,0,Low-Income East
110752,3,High-Income East
890839,3,High-Income East
737221,2,Low-Income West
637641,2,Low-Income West
970976,2,Low-Income West
680445,0,Low-Income East
180219,2,Low-Income West
170544,0,Low-Income East
916634,2,Low-Income West
817456,3,High-Income East
582646,0,Low-Income East
225743,3,High-Income East
651006,1,High-Income West
122517,1,High-Income West
769560,0,Low-Income East
852094,3,High-Income East
236037,0,Low-Income East
550262,0,Low-Income East
769763,2,Low-Income West
826312,0,Low-Income East
858957,2,Low-Income West
117456,2,Low-Income West
597267,3,High-Income East
541009,2,Low-Income West
702686,2,Low-Income West
707698,3,High-Income East
118076,3,High-Income East
674462,0,Low-Income East
702406,0,Low-Income East
611538,3,High-Income East
163083,2,Low-Income West
404417,0,Low-Income East
350863,3,High-Income East
766401,1,High-Income West
988921,3,High-Income East
989527,1,High-Income West
336141,1,High-Income West
451528,0,Low-Income East
397053,3,High-Income East
475500,1,High-Income West
493925,2,Low-Income West
271365,1,High-Income West
795607,3,High-Income East
620792,2,Low-Income West
464044,0,Low-Income East
921102,2,Low-Income West
431521,3,High-Income East
497861,3,High-Income East
101594,0,Low-Income East
283066,2,Low-Income West
433881,2,Low-Income West
800016,0,Low-Income East
918276,3,High-Income East
679531,1,High-Income West
843972,0,Low-Income East
166333,2,Low-Income West
743263,1,High-Income West
924493,0,Low-Income East
169950,3,High-Income East
345978,1,High-Income West
569319,1,High-Income West
374113,1,High-Income West
212304,0,Low-Income East
329300,0,Low-Income East
616522,0,Low-Income East
369715,1,High-Income West
186146,3,High-Income East
348740,1,High-Income West
780504,2,Low-Income West
374585,1,High-Income West
955773,1,High-Income West
276289,2,Low-Income West
417082,1,High-Income West
217967,0,Low-Income East
473622,2,Low-Income West
473548,3,High-Income East
800268,0,Low-Income East
182124,0,Low-Income East
872706,2,Low-Income West
684022,0,Low-Income East
161650,3,High-Income East
329660,0,Low-Income East
954174,0,Low-Income East
934271,2,Low-Income West
653698,0,Low-Income East
997945,3,High-Income East
709948,1,High-Income West
451886,1,High-Income West
460043,3,High-Income East
110603,2,Low-Income West
150141,0,Low-Income East
215257,0,Low-Income East
240135,0,Low-Income East
822507,0,Low-Income East
710473,0,Low-Income East
641997,2,Low-Income West
759370,0,Low-Income East
359693,0,Low-Income East
786613,3,High-Income East
462078,3,High-Income East
242348,0,Low-Income East
902148,1,High-Income West
487807,3,High-Income East
855261,0,Low-Income East
771285,0,Low-Income East
499875,2,Low-Income West
361434,1,High-Income West
522924,2,Low-Income West
807211,1,High-Income West
330468,0,Low-Income East
655715,3,High-Income East
693212,3,High-Income East
970154,1,High-Income West
737906,3,High-Income East
542002,2,Low-Income West
717772,0,Low-Income East
675541,1,High-Income West
868152,3,High-Income East
527337,2,Low-Income West
942102,0,Low-Income East
137973,0,Low-Income East
937385,3,High-Income East
810621,3,High-Income East
396984,0,Low-Income East
567670,0,Low-Income East
440209,3,High-Income East
796692,3,High-Income East
912797,0,Low-Income East
874035,0,Low-Income East
490479,0,Low-Income East
380099,0,Low-Income East
655473,0,Low-Income East
154173,0,Low-Income East
202807,0,Low-Income East
568681,2,Low-Income West
593340,0,Low-Income East
445451,2,Low-Income West
729561,3,High-Income East
792229,2,Low-Income West
152778,3,High-Income East
476431,3,High-Income East
872619,1,High-Income West
730771,2,Low-Income West
165265,0,Low-Income East
128754,3,High-Income East
232290,2,Low-Income West
313292,0,Low-Income East
687593,2,Low-Income West
470469,1,High-Income West
428872,2,Low-Income West
624569,0,Low-Income East
627913,0,Low-Income East
203143,3,High-Income East
500022,1,High-Income West
385718,3,High-Income East
519826,0,Low-Income East
297101,2,Low-Income West
430503,2,Low-Income West
612074,2,Low-Income West
639145,2,Low-Income West
701223,0,Low-Income East
837580,0,Low-Income East
792086,0,Low-Income East
114021,1,High-Income West
377642,1,High-Income West
740992,3,High-Income East
824610,1,High-Income West
832062,3,High-Income East
773112,3,High-Income East
829291,1,High-Income West
211575,0,Low-Income East
201339,1,High-Income West
261273,1,High-Income West
406254,3,High-Income East
517614,3,High-Income East
547357,3,High-Income East
934267,1,High-Income West
849673,3,High-Income East
244925,3,High-Income East
561620,3,High-Income East
298883,0,Low-Income East
979776,2,Low-Income West
154652,1,High-Income West
326564,3,High-Income East
594997,3,High-Income East
931834,1,High-Income West
570116,3,High-Income East
632720,1,High-Income West
154230,0,Low-Income East
636206,2,Low-Income West
647894,2,Low-Income West
167660,2,Low-Income West
950403,0,Low-Income East
644014,3,High-Income East
582257,0,Low-Income East
542180,2,Low-Income West
118688,0,Low-Income East
118511,1,High-Income West
793618,0,Low-Income East
682533,3,High-Income East
599873,3,High-Income East
294738,3,High-Income East
336484,0,Low-Income East
733906,2,Low-Income West
661744,1,High-Income West
721088,3,High-Income East
846953,3,High-Income East
827164,3,High-Income East
614350,1,High-Income West
216937,3,High-Income East
982446,3,High-Income East
256434,0,Low-Income East
673872,2,Low-Income West
563749,3,High-Income East
788159,1,High-Income West
823628,0,Low-Income East
799064,0,Low-Income East
603433,2,Low-Income West
617670,2,Low-Income West
382671,1,High-Income West
517405,3,High-Income East
542696,1,High-Income West
700260,3,High-Income East
881156,3,High-Income East
857481,0,Low-Income East
792412,2,Low-Income West
357166,0,Low-Income East
734952,3,High-Income East
579245,3,High-Income East
428649,3,High-Income East
552576,1,High-Income West
389565,3,High-Income East
420148,3,High-Income East
479815,1,High-Income West
790649,1,High-Income West
799919,3,High-Income East
903648,1,High-Income West
657668,3,High-Income East
859549,0,Low-Income East
754436,3,High-Income East
138993,0,Low-Income East
863942,3,High-Income East
491351,0,Low-Income East
635398,1,High-Income West
481018,0,Low-Income East
495473,3,High-Income East
789826,1,High-Income West
289968,0,Low-Income East
319501,3,High-Income East
940711,1,High-Income West
263433,1,High-Income West
527414,3,High-Income East
189817,2,Low-Income West
850123,0,Low-Income East
852394,3,High-Income East
250089,1,High-Income West
414157,0,Low-Income East
684155,2,Low-Income West
777714,3,High-Income East
147891,3,High-Income East
724660,1,High-Income West
352078,1,High-Income West
582427,3,High-Income East
273198,0,Low-Income East
653637,2,Low-Income West
217204,1,High-Income West
627826,0,Low-Income East
481955,2,Low-Income West
716236,3,High-Income East
762474,0,Low-Income East
924793,3,High-Income East
537038,1,High-Income West
171257,3,High-Income East
969913,1,High-Income West
935738,3,High-Income East
185285,0,Low-Income East
204507,2,Low-Income West
714270,0,Low-Income East
368878,3,High-Income East
139682,0,Low-Income East
562305,2,Low-Income West
615528,0,Low-Income East
420515,3,High-Income East
311952,1,High-Income West
320191,3,High-Income East
536603,3,High-Income East
642000,0,Low-Income East
405698,1,High-Income West
593506,3,High-Income East
496371,1,High-Income West
631661,0,Low-Income East
207195,2,Low-Income West
745290,3,High-Income East
489956,1,High-Income West
498793,1,High-Income West
648365,3,High-Income East
709059,1,High-Income West
886677,3,High-Income East
889671,0,Low-Income East
172135,3,High-Income East
178403,1,High-Income West
299448,3,High-Income East
428536,1,High-Income West
969933,3,High-Income East
190236,2,Low-Income West
810071,3,High-Income East
983900,1,High-Income West
169525,1,High-Income West
532752,3,High-Income East
270759,3,High-Income East
514272,0,Low-Income East
991210,3,High-Income East
371152,2,Low-Income West
614720,0,Low-Income East
488799,3,High-Income East
766861,1,High-Income West
744406,0,Low-Income East
171883,0,Low-Income East
290902,1,High-Income West
134273,0,Low-Income East
984545,0,Low-Income East
730641,3,High-Income East
502615,3,High-Income East
228151,2,Low-Income West
286065,2,Low-Income West
385131,0,Low-Income East
543460,0,Low-Income East
668576,2,Low-Income West
861336,0,Low-Income East
922351,0,Low-Income East
515663,0,Low-Income East
230763,1,High-Income West
784356,1,High-Income West
129510,1,High-Income West
486812,3,High-Income East
640082,2,Low-Income West
968608,1,High-Income West
118332,2,Low-Income West
239892,0,Low-Income East
413347,2,Low-Income West
269775,3,High-Income East
310867,3,High-Income East
565787,1,High-Income West
324506,0,Low-Income East
383202,0,Low-Income East
585377,2,Low-Income West
346384,0,Low-Income East
183025,1,High-Income West
380294,2,Low-Income West
602361,0,Low-Income East
573972,0,Low-Income East
579581,1,High-Income West
795554,1,High-Income West
367774,3,High-Income East
780855,1,High-Income West
352337,1,High-Income West
123083,3,High-Income East
616641,3,High-Income East
872315,1,High-Income West
204311,3,High-Income East
539599,0,Low-Income East
601597,3,High-Income East
656639,3,High-Income East
162485,2,Low-Income West
806283,0,Low-Income East
298506,3,High-Income East
700924,3,High-Income East
865737,1,High-Income West
141266,1,High-Income West
502585,3,High-Income East
835785,3,High-Income East
211984,2,Low-Income West
763248,0,Low-Income East
650366,0,Low-Income East
159531,2,Low-Income West
294273,3,High-Income East
539776,1,High-Income West
451469,3,High-Income East
278345,1,High-Income West
106964,0,Low-Income East
272839,2,Low-Income West
535320,0,Low-Income East
807134,0,Low-Income East
834733,2,Low-Income West
264723,3,High-Income East
463947,0,Low-Income East
543119,1,High-Income West
301760,3,High-Income East
857159,1,High-Income West
371739,1,High-Income West
661069,1,High-Income West
820501,3,High-Income East
347982,1,High-Income West
614782,0,Low-Income East
289294,0,Low-Income East
324713,2,Low-Income West
230429,3,High-Income East
391542,3,High-Income East
125300,1,High-Income West
509746,3,High-Income East
495773,0,Low-Income East
545497,0,Low-Income East
411116,1,High-Income West
830777,1,High-Income West
319801,3,High-Income East
540628,3,High-Income East
978676,3,High-Income East
628096,3,High-Income East
165554,0,Low-Income East
286225,0,Low-Income East
442525,2,Low-Income West
694743,0,Low-Income East
831854,0,Low-Income East
954599,0,Low-Income East
809024,2,Low-Income West
997189,3,High-Income East
114983,2,Low-Income West
337812,3,High-Income East
553944,0,Low-Income East
651020,3,High-Income East
117932,3,High-Income East
919894,0,Low-Income East
270761,1,High-Income West
869116,3,High-Income East
238752,0,Low-Income East
480846,1,High-Income West
355839,2,Low-Income West
101547,0,Low-Income East
153645,0,Low-Income East
196582,2,Low-Income West
309364,0,Low-Income East
591174,2,Low-Income West
772237,2,Low-Income West
127052,3,High-Income East
671359,1,High-Income West
465603,0,Low-Income East
968828,3,High-Income East
725294,3,High-Income East
379572,3,High-Income East
202293,3,High-Income East
779211,0,Low-Income East
192013,2,Low-Income West
766562,1,High-Income West
402624,2,Low-Income West
623478,3,High-Income East
405740,3,High-Income East
819255,1,High-Income West
359133,1,High-Income West
337945,0,Low-Income East
535544,0,Low-Income East
193775,3,High-Income East
326069,1,High-Income West
874939,3,High-Income East
432302,3,High-Income East
951781,2,Low-Income West
436266,3,High-Income East
708151,0,Low-Income East
693791,1,High-Income West
611366,3,High-Income East
816196,3,High-Income East
962801,2,Low-Income West
117033,0,Low-Income East
504078,0,Low-Income East
855998,2,Low-Income West
742669,1,High-Income West
494887,3,High-Income East
895651,0,Low-Income East
585162,1,High-Income West
857629,1,High-Income West
702327,3,High-Income East
430519,0,Low-Income East
123830,3,High-Income East
441623,1,High-Income West
246911,0,Low-Income East
120799,0,Low-Income East
607769,0,Low-Income East
626664,0,Low-Income East
695342,1,High-Income West
696329,0,Low-Income East
806639,0,Low-Income East
976596,2,Low-Income West
428523,1,High-Income West
455937,3,High-Income East
908301,0,Low-Income East
931135,1,High-Income West
955130,3,High-Income East
191638,3,High-Income East
338295,3,High-Income East
704968,0,Low-Income East
473194,1,High-Income West
923333,1,High-Income West
371606,3,High-Income East
907157,3,High-Income East
611689,0,Low-Income East
830446,2,Low-Income West
741892,0,Low-Income East
143087,1,High-Income West
251436,0,Low-Income East
297568,3,High-Income East
187025,3,High-Income East
167177,3,High-Income East
939752,3,High-Income East
140483,3,High-Income East
445338,3,High-Income East
122166,3,High-Income East
246581,3,High-Income East
892066,3,High-Income East
820406,1,High-Income West
887228,3,High-Income East
906836,1,High-Income West
872335,2,Low-Income West
673399,3,High-Income East
844540,3,High-Income East
199513,3,High-Income East
294172,0,Low-Income East
215294,1,High-Income West
223018,3,High-Income East
501699,3,High-Income East
909547,2,Low-Income West
210442,3,High-Income East
524536,0,Low-Income East
475991,0,Low-Income East
407340,0,Low-Income East
547559,0,Low-Income East
893771,3,High-Income East
929009,1,High-Income West
646359,3,High-Income East
183523,3,High-Income East
533509,1,High-Income West
517702,2,Low-Income West
414164,1,High-Income West
428565,3,High-Income East
448142,1,High-Income West
676289,3,High-Income East
747339,3,High-Income East
853871,3,High-Income East
308591,3,High-Income East
972157,1,High-Income West
702005,3,High-Income East
903146,1,High-Income West
183626,1,High-Income West
184206,0,Low-Income East
111387,3,High-Income East
880681,3,High-Income East
390546,1,High-Income West
256486,1,High-Income West
961512,3,High-Income East
349670,1,High-Income West
629995,3,High-Income East
203409,2,Low-Income West
587623,0,Low-Income East
931097,2,Low-Income West
955649,3,High-Income East
756668,3,High-Income East
757060,1,High-Income West
408863,0,Low-Income East
833305,1,High-Income West
939932,1,High-Income West
761114,0,Low-Income East
128245,0,Low-Income East
973407,0,Low-Income East
109029,1,High-Income West
509514,3,High-Income East
942287,0,Low-Income East
193212,1,High-Income West
306112,3,High-Income East
627970,3,High-Income East
911663,3,High-Income East
118365,3,High-Income East
716812,3,High-Income East
839263,1,High-Income West
862576,1,High-Income West
479593,3,High-Income East
521111,3,High-Income East
861415,3,High-Income East
256755,2,Low-Income West
727047,0,Low-Income East
926967,0,Low-Income East
784962,0,Low-Income East
997599,2,Low-Income West
367697,3,High-Income East
522935,3,High-Income East
982578,2,Low-Income West
212695,0,Low-Income East
497648,1,High-Income West
890595,2,Low-Income West
375265,1,High-Income West
794752,3,High-Income East
950391,3,High-Income East
325802,3,High-Income East
900801,2,Low-Income West
881304,1,High-Income West
780428,0,Low-Income East
266861,2,Low-Income West
137985,2,Low-Income West
620584,0,Low-Income East
812152,3,High-Income East
204926,3,High-Income East
736459,0,Low-Income East
335246,1,High-Income West
153586,0,Low-Income East
683910,2,Low-Income West
261832,0,Low-Income East
105214,1,High-Income West
561041,3,High-Income East
462495,3,High-Income East
994219,1,High-Income West
729581,1,High-Income West
724513,3,High-Income East
672391,3,High-Income East
130446,2,Low-Income West
225748,0,Low-Income East
239457,1,High-Income West
253056,3,High-Income East
271059,3,High-Income East
357199,3,High-Income East
852855,2,Low-Income West
890646,0,Low-Income East
114242,1,High-Income West
472942,0,Low-Income East
346274,3,High-Income East
148289,3,High-Income East
215719,2,Low-Income West
604471,2,Low-Income West
676409,2,Low-Income West
852995,3,High-Income East
799437,0,Low-Income East
452150,1,High-Income West
893375,3,High-Income East
480200,1,High-Income West
338808,3,High-Income East
653337,3,High-Income East
908759,1,High-Income West
489391,3,High-Income East
249795,1,High-Income West
558288,3,High-Income East
748890,3,High-Income East
507360,3,High-Income East
517267,0,Low-Income East
454543,3,High-Income East
262369,1,High-Income West
314328,3,High-Income East
555218,1,High-Income West
445145,1,High-Income West
657116,3,High-Income East
236165,3,High-Income East
502163,1,High-Income West
551833,3,High-Income East
995812,2,Low-Income West
198456,3,High-Income East
355298,3,High-Income East
754292,3,High-Income East
639584,0,Low-Income East
447647,1,High-Income West
261331,3,High-Income East
582990,1,High-Income West
120594,1,High-Income West
315113,2,Low-Income West
413330,2,Low-Income West
958518,0,Low-Income East
688748,0,Low-Income East
352734,2,Low-Income West
450987,0,Low-Income East
767864,0,Low-Income East
385190,0,Low-Income East
916020,1,High-Income West
663975,2,Low-Income West
548999,0,Low-Income East
851255,2,Low-Income West
468516,2,Low-Income West
427980,3,High-Income East
804557,1,High-Income West
900325,3,High-Income East
156870,0,Low-Income East
222278,2,Low-Income West
463751,2,Low-Income West
614221,2,Low-Income West
766777,0,Low-Income East
567151,0,Low-Income East
981395,2,Low-Income West
572768,2,Low-Income West
612664,0,Low-Income East
244844,2,Low-Income West
292035,2,Low-Income West
277783,0,Low-Income East
917192,2,Low-Income West
602346,0,Low-Income East
816110,2,Low-Income West
928291,0,Low-Income East
656942,2,Low-Income West
924037,0,Low-Income East
856609,1,High-Income West
142717,1,High-Income West
156457,3,High-Income East
968450,0,Low-Income East
700770,3,High-Income East
712605,1,High-Income West
110476,3,High-Income East
315337,2,Low-Income West
988149,1,High-Income West
906178,0,Low-Income East
633332,0,Low-Income East
861162,1,High-Income West
781110,3,High-Income East
150883,0,Low-Income East
652741,3,High-Income East
332003,3,High-Income East
275386,2,Low-Income West
302066,0,Low-Income East
775304,3,High-Income East
380627,3,High-Income East
922741,2,Low-Income West
652862,0,Low-Income East
378153,0,Low-Income East
852786,1,High-Income West
768959,0,Low-Income East
521699,0,Low-Income East
690637,0,Low-Income East
136430,0,Low-Income East
537852,2,Low-Income West
387568,0,Low-Income East
932599,2,Low-Income West
151627,3,High-Income East
619596,1,High-Income West
290507,3,High-Income East
528363,0,Low-Income East
778030,2,Low-Income West
723091,2,Low-Income West
986126,0,Low-Income East
782100,0,Low-Income East
802519,3,High-Income East
534464,3,High-Income East
306231,3,High-Income East
307296,1,High-Income West
426994,2,Low-Income West
321227,3,High-Income East
802645,2,Low-Income West
203696,2,Low-Income West
433510,0,Low-Income East
607292,0,Low-Income East
996301,0,Low-Income East
918479,2,Low-Income West
226924,3,High-Income East
135392,2,Low-Income West
147272,0,Low-Income East
356708,0,Low-Income East
830811,0,Low-Income East
843816,2,Low-Income West
893866,2,Low-Income West
435557,1,High-Income West
686474,3,High-Income East
271911,2,Low-Income West
211589,1,High-Income West
455023,3,High-Income East
157911,0,Low-Income East
163481,3,High-Income East
840071,1,High-Income West
992194,2,Low-Income West
944750,0,Low-Income East
314065,3,High-Income East
579093,2,Low-Income West
298098,0,Low-Income East
811746,0,Low-Income East
621876,0,Low-Income East
508399,0,Low-Income East
523642,2,Low-Income West
710598,1,High-Income West
115354,0,Low-Income East
346529,0,Low-Income East
740814,3,High-Income East
968484,1,High-Income West
170404,1,High-Income West
311008,3,High-Income East
470123,1,High-Income West
360446,3,High-Income East
471015,3,High-Income East
697091,1,High-Income West
926315,2,Low-Income West
790346,2,Low-Income West
230027,3,High-Income East
877609,1,High-Income West
355669,0,Low-Income East
319059,3,High-Income East
466477,3,High-Income East
958931,3,High-Income East
168123,0,Low-Income East
148942,2,Low-Income West
195994,1,High-Income West
319430,1,High-Income West
554255,1,High-Income West
281550,0,Low-Income East
528173,0,Low-Income East
652809,0,Low-Income East
773397,2,Low-Income West
595529,3,High-Income East
275118,1,High-Income West
522851,2,Low-Income West
434658,0,Low-Income East
360485,0,Low-Income East
516984,3,High-Income East
231641,3,High-Income East
981150,1,High-Income West
375056,0,Low-Income East
756341,3,High-Income East
357161,0,Low-Income East
802470,2,Low-Income West
925254,0,Low-Income East
501037,0,Low-Income East
555541,2,Low-Income West
182459,1,High-Income West
103217,0,Low-Income East
597837,3,High-Income East
724626,0,Low-Income East
957572,0,Low-Income East
585854,3,High-Income East
848998,0,Low-Income East
822305,1,High-Income West
475172,2,Low-Income West
906316,2,Low-Income West
518561,1,High-Income West
141614,1,High-Income West
476327,0,Low-Income East
829863,3,High-Income East
360805,0,Low-Income East
659792,2,Low-Income West
798832,0,Low-Income East
939961,0,Low-Income East
501131,3,High-Income East
837517,2,Low-Income West
491987,3,High-Income East
664062,0,Low-Income East
184466,3,High-Income East
660119,2,Low-Income West
361439,1,High-Income West
178643,1,High-Income West
636012,3,High-Income East
714163,3,High-Income East
911003,0,Low-Income East
972671,2,Low-Income West
526736,3,High-Income East
382149,0,Low-Income East
383399,2,Low-Income West
919557,3,High-Income East
924794,1,High-Income West
232907,0,Low-Income East
814748,1,High-Income West
861696,3,High-Income East
222702,0,Low-Income East
890543,0,Low-Income East
611673,2,Low-Income West
485742,2,Low-Income West
933053,2,Low-Income West
340925,3,High-Income East
862100,0,Low-Income East
845227,0,Low-Income East
135574,0,Low-Income East
137952,2,Low-Income West
370066,0,Low-Income East
921776,2,Low-Income West
428152,2,Low-Income West
956843,0,Low-Income East
180009,0,Low-Income East
410958,3,High-Income East
517190,1,High-Income West
793980,0,Low-Income East
100272,3,High-Income East
227274,1,High-Income West
609971,1,High-Income West
829861,2,Low-Income West
277370,3,High-Income East
503305,3,High-Income East
735605,1,High-Income West
509345,1,High-Income West
575571,3,High-Income East
890051,1,High-Income West
711795,2,Low-Income West
686432,2,Low-Income West
723457,0,Low-Income East
507567,3,High-Income East
251223,2,Low-Income West
982715,0,Low-Income East
333799,2,Low-Income West
159688,3,High-Income East
641879,1,High-Income West
695686,3,High-Income East
441135,1,High-Income West
509809,0,Low-Income East
192898,2,Low-Income West
427388,2,Low-Income West
473636,0,Low-Income East
637532,0,Low-Income East
618329,3,High-Income East
335365,2,Low-Income West
445432,0,Low-Income East
159359,3,High-Income East
422349,1,High-Income West
607117,3,High-Income East
574163,0,Low-Income East
358513,3,High-Income East
444661,2,Low-Income West
877034,0,Low-Income East
447092,0,Low-Income East
370877,0,Low-Income East
385593,2,Low-Income West
744234,0,Low-Income East
503560,0,Low-Income East
561481,0,Low-Income East
245227,3,High-Income East
882718,1,High-Income West
951116,0,Low-Income East
112393,0,Low-Income East
716932,0,Low-Income East
528712,1,High-Income West
648596,0,Low-Income East
145192,0,Low-Income East
192816,2,Low-Income West
115805,0,Low-Income East
362055,2,Low-Income West
763618,0,Low-Income East
411897,0,Low-Income East
626973,2,Low-Income West
914920,0,Low-Income East
526629,3,High-Income East
888901,2,Low-Income West
174803,2,Low-Income West
560505,0,Low-Income East
208375,1,High-Income West
281118,3,High-Income East
289139,3,High-Income East
107212,2,Low-Income West
514145,0,Low-Income East
172983,2,Low-Income West
343605,0,Low-Income East
400404,2,Low-Income West
961682,0,Low-Income East
645072,3,High-Income East
345840,0,Low-Income East
220802,0,Low-Income East
543326,0,Low-Income East
797675,2,Low-Income West
320042,0,Low-Income East
622610,0,Low-Income East
808353,2,Low-Income West
275846,0,Low-Income East
559721,0,Low-Income East
787911,2,Low-Income West
577156,3,High-Income East
787763,1,High-Income West
511483,2,Low-Income West
830564,0,Low-Income East
316644,0,Low-Income East
506776,0,Low-Income East
876538,2,Low-Income West
217051,0,Low-Income East
832597,0,Low-Income East
804328,0,Low-Income East
836665,3,High-Income East
340736,2,Low-Income West
584426,0,Low-Income East
805013,0,Low-Income East
740608,2,Low-Income West
122456,1,High-Income West
366599,3,High-Income East
857914,3,High-Income East
815718,0,Low-Income East
597237,2,Low-Income West
192556,0,Low-Income East
358384,0,Low-Income East
636177,2,Low-Income West
445673,2,Low-Income West
925767,0,Low-Income East
542089,0,Low-Income East
494062,0,Low-Income East
392098,2,Low-Income West
336451,2,Low-Income West
677976,0,Low-Income East
240942,0,Low-Income East
221204,2,Low-Income West
473204,0,Low-Income East
326823,3,High-Income East
745769,1,High-Income West
407924,2,Low-Income West
206890,0,Low-Income East
748174,0,Low-Income East
604724,2,Low-Income West
225262,0,Low-Income East
164013,3,High-Income East
392619,0,Low-Income East
794136,2,Low-Income West
405735,1,High-Income West
941109,1,High-Income West
691700,2,Low-Income West
208668,1,High-Income West
636753,3,High-Income East
191917,2,Low-Income West
140208,0,Low-Income East
179590,0,Low-Income East
186539,0,Low-Income East
345099,2,Low-Income West
745565,2,Low-Income West
767428,1,High-Income West
436475,0,Low-Income East
893549,0,Low-Income East
751664,0,Low-Income East
876409,3,High-Income East
781480,3,High-Income East
251521,0,Low-Income East
688902,2,Low-Income West
488811,0,Low-Income East
918756,3,High-Income East
442609,1,High-Income West
780104,3,High-Income East
473758,2,Low-Income West
572066,0,Low-Income East
689000,2,Low-Income West
379041,3,High-Income East
990728,0,Low-Income East
698443,0,Low-Income East
500248,2,Low-Income West
724989,2,Low-Income West
385092,1,High-Income West
679075,3,High-Income East
489335,1,High-Income West
932261,0,Low-Income East
354295,0,Low-Income East
805574,2,Low-Income West
227808,1,High-Income West
126239,3,High-Income East
833317,0,Low-Income East
884992,2,Low-Income West
313673,0,Low-Income East
499518,0,Low-Income East
466998,3,High-Income East
753452,0,Low-Income East
652047,2,Low-Income West
305807,0,Low-Income East
152499,2,Low-Income West
449441,0,Low-Income East
769346,2,Low-Income West
150751,1,High-Income West
548228,0,Low-Income East
959027,2,Low-Income West
238649,0,Low-Income East
196905,3,High-Income East
114700,2,Low-Income West
107385,1,High-Income West
228820,1,High-Income West
342407,3,High-Income East
881584,1,High-Income West
133463,1,High-Income West
775158,0,Low-Income East
507008,2,Low-Income West
123538,3,High-Income East
187141,2,Low-Income West
783789,2,Low-Income West
320784,0,Low-Income East
485787,2,Low-Income West
608517,0,Low-Income East
664856,2,Low-Income West
819664,0,Low-Income East
698546,0,Low-Income East
346532,0,Low-Income East
302980,0,Low-Income East
287942,0,Low-Income East
963644,2,Low-Income West
199358,2,Low-Income West
253046,3,High-Income East
402052,0,Low-Income East
833891,0,Low-Income East
192554,0,Low-Income East
242719,0,Low-Income East
278568,1,High-Income West
252082,3,High-Income East
456177,1,High-Income West
737519,0,Low-Income East
412487,0,Low-Income East
565171,0,Low-Income East
418470,0,Low-Income East
266298,3,High-Income East
551429,1,High-Income West
172059,2,Low-Income West
268643,0,Low-Income East
105063,0,Low-Income East
620094,0,Low-Income East
175191,0,Low-Income East
849705,2,Low-Income West
695624,0,Low-Income East
908374,3,High-Income East
978349,0,Low-Income East
924031,2,Low-Income West
213432,1,High-Income West
248952,3,High-Income East
296579,2,Low-Income West
715947,2,Low-Income West
146839,2,Low-Income West
186754,0,Low-Income East
984409,0,Low-Income East
631051,2,Low-Income West
148208,1,High-Income West
539704,3,High-Income East
852863,2,Low-Income West
246722,3,High-Income East
526975,3,High-Income East
654249,1,High-Income West
689818,1,High-Income West
791280,3,High-Income East
211755,3,High-Income East
318180,2,Low-Income West
602150,3,High-Income East
196514,1,High-Income West
169270,2,Low-Income West
767678,3,High-Income East
212762,0,Low-Income East
896075,0,Low-Income East
107141,2,Low-Income West
124207,3,High-Income East
496831,3,High-Income East
985765,2,Low-Income West
605849,0,Low-Income East
514395,0,Low-Income East
595235,2,Low-Income West
250854,2,Low-Income West
974265,0,Low-Income East
517262,0,Low-Income East
587800,2,Low-Income West
634269,0,Low-Income East
735790,1,High-Income West
861700,2,Low-Income West
197063,3,High-Income East
927446,2,Low-Income West
100585,1,High-Income West
540011,3,High-Income East
854243,1,High-Income West
560528,3,High-Income East
586401,0,Low-Income East
857161,3,High-Income East
777531,1,High-Income West
841636,3,High-Income East
229166,0,Low-Income East
319868,2,Low-Income West
545010,3,High-Income East
394321,0,Low-Income East
732880,3,High-Income East
686783,0,Low-Income East
777108,2,Low-Income West
129328,1,High-Income West
106038,2,Low-Income West
355707,0,Low-Income East
580493,1,High-Income West
630920,3,High-Income East
439013,1,High-Income West
501109,3,High-Income East
517295,2,Low-Income West
212579,0,Low-Income East
711823,0,Low-Income East
759093,2,Low-Income West
438641,0,Low-Income East
743953,2,Low-Income West
687820,2,Low-Income West
320996,1,High-Income West
806196,2,Low-Income West
188655,3,High-Income East
547342,3,High-Income East
819498,3,High-Income East
568769,1,High-Income West
873579,0,Low-Income East
660047,0,Low-Income East
492367,3,High-Income East
315482,0,Low-Income East
121183,0,Low-Income East
409512,1,High-Income West
464606,0,Low-Income East
619916,0,Low-Income East
435777,2,Low-Income West
862159,3,High-Income East
646519,3,High-Income East
445024,3,High-Income East
846864,3,High-Income East
627244,2,Low-Income West
409984,2,Low-Income West
765428,0,Low-Income East
229842,0,Low-Income East
106637,3,High-Income East
349278,3,High-Income East
991084,2,Low-Income West
234836,3,High-Income East
277788,3,High-Income East
330741,3,High-Income East
341725,1,High-Income West
390343,3,High-Income East
673192,1,High-Income West
954973,1,High-Income West
381901,0,Low-Income East
866606,2,Low-Income West
835508,0,Low-Income East
723476,1,High-Income West
274431,2,Low-Income West
897293,3,High-Income East
472787,0,Low-Income East
127496,2,Low-Income West
317260,0,Low-Income East
249639,3,High-Income East
483631,3,High-Income East
355099,0,Low-Income East
445073,2,Low-Income West
216719,2,Low-Income West
488009,1,High-Income West
992538,2,Low-Income West
467382,0,Low-Income East
425411,3,High-Income East
536124,3,High-Income East
420627,0,Low-Income East
102311,3,High-Income East
405500,1,High-Income West
668213,1,High-Income West
835975,2,Low-Income West
294728,0,Low-Income East
373118,2,Low-Income West
744441,2,Low-Income West
831035,2,Low-Income West
887892,2,Low-Income West
918048,0,Low-Income East
468945,0,Low-Income East
692685,0,Low-Income East
938093,2,Low-Income West
566737,0,Low-Income East
733889,1,High-Income West
679414,0,Low-Income East
431533,0,Low-Income East
590485,0,Low-Income East
816983,0,Low-Income East
379752,3,High-Income East
723298,1,High-Income West
635907,2,Low-Income West
558469,0,Low-Income East
132045,2,Low-Income West
393806,0,Low-Income East
473409,2,Low-Income West
369361,2,Low-Income West
672430,1,High-Income West
669890,2,Low-Income West
579847,0,Low-Income East
889525,0,Low-Income East
103340,2,Low-Income West
779291,2,Low-Income West
225891,3,High-Income East
360902,3,High-Income East
573475,1,High-Income West
657777,3,High-Income East
528260,0,Low-Income East
544752,2,Low-Income West
619840,3,High-Income East
972787,3,High-Income East
756867,2,Low-Income West
509044,0,Low-Income East
930041,0,Low-Income East
674281,3,High-Income East
358255,1,High-Income West
795908,3,High-Income East
766969,2,Low-Income West
975218,1,High-Income West
491242,1,High-Income West
526374,3,High-Income East
545883,3,High-Income East
528055,0,Low-Income East
683126,0,Low-Income East
969924,2,Low-Income West
296088,3,High-Income East
848736,3,High-Income East
969860,0,Low-Income East
281585,2,Low-Income West
398074,0,Low-Income East
991419,0,Low-Income East
217761,1,High-Income West
732488,2,Low-Income West
799157,0,Low-Income East
648653,0,Low-Income East
837733,0,Low-Income East
326961,0,Low-Income East
472540,3,High-Income East
411298,2,Low-Income West
823761,3,High-Income East
674497,0,Low-Income East
645653,0,Low-Income East
663918,0,Low-Income East
868744,2,Low-Income West
277281,0,Low-Income East
127127,0,Low-Income East
561640,0,Low-Income East
969277,3,High-Income East
896853,0,Low-Income East
557640,1,High-Income West
511922,3,High-Income East
184045,3,High-Income East
368391,3,High-Income East
672635,1,High-Income West
131001,0,Low-Income East
209831,0,Low-Income East
313815,2,Low-Income West
991442,3,High-Income East
853621,2,Low-Income West
173548,3,High-Income East
937430,1,High-Income West
767089,3,High-Income East
846950,2,Low-Income West
910142,0,Low-Income East
824486,3,High-Income East
485258,0,Low-Income East
525765,0,Low-Income East
924217,0,Low-Income East
795714,0,Low-Income East
969626,0,Low-Income East
564959,3,High-Income East
722154,2,Low-Income West
736109,1,High-Income West
994225,0,Low-Income East
819246,0,Low-Income East
498923,2,Low-Income West
569880,1,High-Income West
341185,0,Low-Income East
858106,1,High-Income West
900133,3,High-Income East
635805,3,High-Income East
717308,1,High-Income West
625524,3,High-Income East
723347,2,Low-Income West
433116,0,Low-Income East
547542,2,Low-Income West
921410,1,High-Income West
685533,0,Low-Income East
492695,3,High-Income East
818114,1,High-Income West
358586,1,High-Income West
505962,3,High-Income East
857538,2,Low-Income West
786624,2,Low-Income West
898427,2,Low-Income West
462128,3,High-Income East
976004,3,High-Income East
633339,0,Low-Income East
732081,0,Low-Income East
908519,0,Low-Income East
930893,0,Low-Income East
693625,0,Low-Income East
596462,0,Low-Income East
196845,1,High-Income West
284442,0,Low-Income East
234256,3,High-Income East
182490,1,High-Income West
985341,1,High-Income West
537405,3,High-Income East
193037,1,High-Income West
277145,3,High-Income East
550769,2,Low-Income West
245066,2,Low-Income West
696431,0,Low-Income East
998507,3,High-Income East
283822,3,High-Income East
221345,0,Low-Income East
530119,3,High-Income East
106946,2,Low-Income West
493800,3,High-Income East
299204,0,Low-Income East
352377,2,Low-Income West
680839,2,Low-Income West
694158,0,Low-Income East
310681,3,High-Income East
439574,1,High-Income West
610096,3,High-Income East
656572,1,High-Income West
971488,0,Low-Income East
973609,2,Low-Income West
158995,0,Low-Income East
442252,2,Low-Income West
365156,0,Low-Income East
757704,2,Low-Income West
142800,0,Low-Income East
475034,3,High-Income East
694497,2,Low-Income West
644769,2,Low-Income West
751351,1,High-Income West
699243,0,Low-Income East
543449,3,High-Income East
756833,3,High-Income East
180140,3,High-Income East
108440,3,High-Income East
322294,3,High-Income East
489856,3,High-Income East
702478,2,Low-Income West
974617,2,Low-Income West
909242,0,Low-Income East
847609,0,Low-Income East
200764,1,High-Income West
386936,3,High-Income East
313461,0,Low-Income East
108528,0,Low-Income East
671933,2,Low-Income West
772438,2,Low-Income West
263812,0,Low-Income East
593684,0,Low-Income East
515639,3,High-Income East
361827,3,High-Income East
641327,2,Low-Income West
996794,0,Low-Income East
209850,0,Low-Income East
334143,2,Low-Income West
839694,1,High-Income West
910809,3,High-Income East
249723,2,Low-Income West
918021,0,Low-Income East
473259,2,Low-Income West
138981,0,Low-Income East
525202,2,Low-Income West
178077,0,Low-Income East
377489,2,Low-Income West
515386,0,Low-Income East
448823,1,High-Income West
559723,3,High-Income East
293100,0,Low-Income East
676203,0,Low-Income East
996616,0,Low-Income East
895085,3,High-Income East
706747,3,High-Income East
347142,1,High-Income West
142354,0,Low-Income East
345682,2,Low-Income West
618601,0,Low-Income East
252110,3,High-Income East
906884,1,High-Income West
409454,3,High-Income East
161103,0,Low-Income East
171047,2,Low-Income West
244132,0,Low-Income East
855981,0,Low-Income East
446991,3,High-Income East
940187,3,High-Income East
574674,0,Low-Income East
140891,0,Low-Income East
571670,1,High-Income West
863599,2,Low-Income West
512599,2,Low-Income West
572836,0,Low-Income East
475950,3,High-Income East
530621,1,High-Income West
737756,2,Low-Income West
185835,1,High-Income West
113220,1,High-Income West
653441,1,High-Income West
860980,0,Low-Income East
445247,2,Low-Income West
366744,2,Low-Income West
748198,0,Low-Income East
543881,1,High-Income West
793126,3,High-Income East
551809,3,High-Income East
789206,1,High-Income West
128041,3,High-Income East
253528,0,Low-Income East
339927,2,Low-Income West
434470,0,Low-Income East
440671,0,Low-Income East
741421,2,Low-Income West
863108,0,Low-Income East
580201,1,High-Income West
459991,3,High-Income East
966391,1,High-Income West
239749,0,Low-Income East
600884,0,Low-Income East
848250,0,Low-Income East
858626,3,High-Income East
377742,2,Low-Income West
475249,0,Low-Income East
681722,2,Low-Income West
745668,3,High-Income East
393206,1,High-Income West
467143,3,High-Income East
277139,1,High-Income West
842210,3,High-Income East
299412,1,High-Income West
168026,0,Low-Income East
626217,0,Low-Income East
604645,0,Low-Income East
204686,3,High-Income East
614721,3,High-Income East
756928,1,High-Income West
884433,3,High-Income East
901442,1,High-Income West
871740,0,Low-Income East
484765,1,High-Income West
585277,3,High-Income East
285074,2,Low-Income West
503938,0,Low-Income East
982096,0,Low-Income East
813652,0,Low-Income East
939741,2,Low-Income West
650704,2,Low-Income West
379962,1,High-Income West
534510,2,Low-Income West
649855,0,Low-Income East
214354,0,Low-Income East
255951,2,Low-Income West
355781,0,Low-Income East
875707,1,High-Income West
167575,2,Low-Income West
635509,0,Low-Income East
516791,0,Low-Income East
725510,3,High-Income East
189139,1,High-Income West
109203,1,High-Income West
161766,1,High-Income West
798662,1,High-Income West
964206,3,High-Income East
516544,0,Low-Income East
513820,2,Low-Income West
429921,0,Low-Income East
626746,2,Low-Income West
739284,3,High-Income East
674375,2,Low-Income West
692121,0,Low-Income East
457374,0,Low-Income East
362134,2,Low-Income West
836964,0,Low-Income East
952093,1,High-Income West
890404,0,Low-Income East
909075,2,Low-Income West
314258,0,Low-Income East
566767,0,Low-Income East
596787,0,Low-Income East
465412,0,Low-Income East
399678,2,Low-Income West
701036,3,High-Income East
647672,0,Low-Income East
772019,3,High-Income East
160320,0,Low-Income East
987978,0,Low-Income East
771133,0,Low-Income East
193747,3,High-Income East
883505,1,High-Income West
336025,3,High-Income East
545659,0,Low-Income East
529390,0,Low-Income East
617263,0,Low-Income East
729394,2,Low-Income West
596171,0,Low-Income East
777931,0,Low-Income East
434081,3,High-Income East
408651,3,High-Income East
734556,2,Low-Income West
534452,0,Low-Income East
443896,2,Low-Income West
257985,0,Low-Income East
108462,3,High-Income East
492158,0,Low-Income East
809218,2,Low-Income West
244308,1,High-Income West
451448,0,Low-Income East
554453,2,Low-Income West
299210,2,Low-Income West
241849,1,High-Income West
164363,0,Low-Income East
780389,2,Low-Income West
922206,3,High-Income East
651835,0,Low-Income East
668959,3,High-Income East
371672,2,Low-Income West
537722,2,Low-Income West
732606,1,High-Income West
840741,2,Low-Income West
868037,0,Low-Income East
938126,0,Low-Income East
230560,2,Low-Income West
283133,1,High-Income West
341897,3,High-Income East
823986,0,Low-Income East
606563,3,High-Income East
619693,3,High-Income East
467013,3,High-Income East
547649,1,High-Income West
606396,0,Low-Income East
257864,3,High-Income East
313982,3,High-Income East
793838,3,High-Income East
855883,3,High-Income East
154172,2,Low-Income West
425720,2,Low-Income West
566802,0,Low-Income East
973104,2,Low-Income West
421822,2,Low-Income West
863035,0,Low-Income East
550834,3,High-Income East
638264,1,High-Income West
249841,3,High-Income East
684133,1,High-Income West
563188,3,High-Income East
578167,3,High-Income East
649972,3,High-Income East
588095,1,High-Income West
916851,3,High-Income East
946001,0,Low-Income East
578020,0,Low-Income East
581419,2,Low-Income West
766691,2,Low-Income West
631839,3,High-Income East
170710,0,Low-Income East
734226,2,Low-Income West
241495,3,High-Income East
829663,1,High-Income West
443231,2,Low-Income West
382748,3,High-Income East
291336,1,High-Income West
481293,3,High-Income East
377050,1,High-Income West
481048,3,High-Income East
183305,2,Low-Income West
675104,0,Low-Income East
814703,3,High-Income East
221643,0,Low-Income East
547802,3,High-Income East
733603,3,High-Income East
708258,0,Low-Income East
212862,2,Low-Income West
643480,0,Low-Income East
234562,0,Low-Income East
659536,3,High-Income East
683920,3,High-Income East
138768,0,Low-Income East
879185,3,High-Income East
865803,3,High-Income East
173531,1,High-Income West
552755,2,Low-Income West
994877,1,High-Income West
635715,2,Low-Income West
885480,2,Low-Income West
786710,2,Low-Income West
500782,0,Low-Income East
425472,0,Low-Income East
445675,0,Low-Income East
101644,0,Low-Income East
115529,2,Low-Income West
358375,0,Low-Income East
771932,0,Low-Income East
820164,0,Low-Income East
869284,0,Low-Income East
362165,3,High-Income East
548202,0,Low-Income East
898162,0,Low-Income East
509928,2,Low-Income West
821419,0,Low-Income East
869971,2,Low-Income West
117342,2,Low-Income West
634418,0,Low-Income East
141742,2,Low-Income West
256574,0,Low-Income East
557597,1,High-Income West
884040,3,High-Income East
687170,3,High-Income East
153600,1,High-Income West
271929,3,High-Income East
761459,3,High-Income East
185153,1,High-Income West
879542,0,Low-Income East
534764,2,Low-Income West
574899,0,Low-Income East
212484,3,High-Income East
394569,1,High-Income West
847938,1,High-Income West
969632,3,High-Income East
952938,2,Low-Income West
316970,0,Low-Income East
200863,3,High-Income East
308197,3,High-Income East
355994,0,Low-Income East
416105,3,High-Income East
872774,1,High-Income West
540291,1,High-Income West
386649,3,High-Income East
242387,0,Low-Income East
484225,2,Low-Income West
520428,0,Low-Income East
461325,3,High-Income East
297520,1,High-Income West
410963,3,High-Income East
382980,0,Low-Income East
791809,2,Low-Income West
598059,1,High-Income West
335421,0,Low-Income East
710255,2,Low-Income West
280895,0,Low-Income East
959453,0,Low-Income East
565040,2,Low-Income West
781354,2,Low-Income West
838657,0,Low-Income East
576576,3,High-Income East
825254,3,High-Income East
579034,2,Low-Income West
140977,3,High-Income East
710069,3,High-Income East
745938,1,High-Income West
772181,0,Low-Income East
838008,2,Low-Income West
614063,0,Low-Income East
779171,0,Low-Income East
134847,1,High-Income West
198123,0,Low-Income East
727095,2,Low-Income West
243751,2,Low-Income West
294580,1,High-Income West
879964,0,Low-Income East
406294,0,Low-Income East
675710,0,Low-Income East
368591,2,Low-Income West
437086,0,Low-Income East
579318,2,Low-Income West
721456,0,Low-Income East
697840,0,Low-Income East
296146,3,High-Income East
117832,0,Low-Income East
165827,2,Low-Income West
297427,1,High-Income West
726472,0,Low-Income East
299769,2,Low-Income West
208967,3,High-Income East
667860,1,High-Income West
769030,1,High-Income West
966891,0,Low-Income East
253210,2,Low-Income West
368118,3,High-Income East
368122,2,Low-Income West
217862,3,High-Income East
296997,1,High-Income West
316752,1,High-Income West
771757,3,High-Income East
482525,3,High-Income East
664183,1,High-Income West
963170,1,High-Income West
822102,1,High-Income West
541239,0,Low-Income East
783145,0,Low-Income East
195806,3,High-Income East
931054,1,High-Income West
942194,2,Low-Income West
679994,2,Low-Income West
792698,0,Low-Income East
198836,2,Low-Income West
838232,0,Low-Income East
277494,0,Low-Income East
535367,2,Low-Income West
899543,1,High-Income West
292618,0,Low-Income East
767416,1,High-Income West
398086,2,Low-Income West
444894,0,Low-Income East
958687,3,High-Income East
474027,3,High-Income East
587378,3,High-Income East
664379,1,High-Income West
668968,1,High-Income West
798814,1,High-Income West
439566,0,Low-Income East
330433,3,High-Income East
951458,3,High-Income East
527712,2,Low-Income West
198354,3,High-Income East
675538,1,High-Income West
801241,1,High-Income West
805545,3,High-Income East
867070,3,High-Income East
415341,2,Low-Income West
655263,2,Low-Income West
699343,0,Low-Income East
201561,3,High-Income East
782719,2,Low-Income West
456360,0,Low-Income East
360017,3,High-Income East
123115,1,High-Income West
136022,3,High-Income East
140419,3,High-Income East
263569,1,High-Income West
424208,3,High-Income East
576294,1,High-Income West
328668,3,High-Income East
113864,1,High-Income West
554449,2,Low-Income West
903641,1,High-Income West
123784,1,High-Income West
142715,3,High-Income East
185815,3,High-Income East
582097,3,High-Income East
763403,3,High-Income East
237303,3,High-Income East
603446,3,High-Income East
675616,1,High-Income West
892967,0,Low-Income East
312568,0,Low-Income East
848498,0,Low-Income East
406287,2,Low-Income West
294642,2,Low-Income West
848159,0,Low-Income East
552747,2,Low-Income West
765079,3,High-Income East
991189,1,High-Income West
392785,3,High-Income East
512869,3,High-Income East
659400,3,High-Income East
648533,0,Low-Income East
326001,1,High-Income West
624528,0,Low-Income East
892227,2,Low-Income West
940249,3,High-Income East
976330,1,High-Income West
367338,3,High-Income East
894919,1,High-Income West
662022,3,High-Income East
178540,2,Low-Income West
827677,2,Low-Income West
471466,0,Low-Income East
879265,2,Low-Income West
264236,3,High-Income East
767672,0,Low-Income East
899958,0,Low-Income East
170801,0,Low-Income East
235102,0,Low-Income East
244475,3,High-Income East
178409,0,Low-Income East
349838,0,Low-Income East
486139,2,Low-Income West
892022,0,Low-Income East
992499,0,Low-Income East
214878,0,Low-Income East
743766,0,Low-Income East
915902,2,Low-Income West
241641,1,High-Income West
838650,3,High-Income East
911812,1,High-Income West
910969,0,Low-Income East
244414,1,High-Income West
780991,3,High-Income East
337983,0,Low-Income East
705353,2,Low-Income West
528809,0,Low-Income East
728687,3,High-Income East
362642,3,High-Income East
739767,1,High-Income West
459735,1,High-Income West
237106,1,High-Income West
468067,3,High-Income East
955720,1,High-Income West
980788,3,High-Income East
941679,0,Low-Income East
676639,2,Low-Income West
482561,1,High-Income West
817520,3,High-Income East
397242,2,Low-Income West
868659,3,High-Income East
461559,1,High-Income West
167026,0,Low-Income East
545638,2,Low-Income West
457077,2,Low-Income West
120206,1,High-Income West
193564,3,High-Income East
312474,3,High-Income East
469767,3,High-Income East
656650,1,High-Income West
125606,0,Low-Income East
625458,2,Low-Income West
577901,3,High-Income East
717459,1,High-Income West
887605,3,High-Income East
246059,2,Low-Income West
946525,1,High-Income West
877152,3,High-Income East
265575,1,High-Income West
759417,3,High-Income East
811569,3,High-Income East
459223,2,Low-Income West
837810,1,High-Income West
859821,3,High-Income East
145552,0,Low-Income East
436901,0,Low-Income East
306331,0,Low-Income East
241675,3,High-Income East
343011,1,High-Income West
456614,3,High-Income East
460110,0,Low-Income East
956071,3,High-Income East
972298,2,Low-Income West
952641,1,High-Income West
407433,1,High-Income West
412402,0,Low-Income East
426384,0,Low-Income East
246399,3,High-Income East
495058,3,High-Income East
956630,1,High-Income West
707710,0,Low-Income East
116372,3,High-Income East
708519,0,Low-Income East
552966,3,High-Income East
489609,3,High-Income East
735515,3,High-Income East
305243,0,Low-Income East
198075,0,Low-Income East
224842,2,Low-Income West
151967,0,Low-Income East
328323,1,High-Income West
815789,3,High-Income East
927401,3,High-Income East
258202,0,Low-Income East
953757,2,Low-Income West
744608,3,High-Income East
664277,2,Low-Income West
313860,2,Low-Income West
534734,0,Low-Income East
821739,0,Low-Income East
130593,3,High-Income East
804521,0,Low-Income East
778310,1,High-Income West
395446,1,High-Income West
567219,3,High-Income East
977377,0,Low-Income East
491122,0,Low-Income East
288774,2,Low-Income West
620446,1,High-Income West
388046,1,High-Income West
957377,2,Low-Income West
470480,3,High-Income East
984968,0,Low-Income East
507281,2,Low-Income West
180925,3,High-Income East
879506,1,High-Income West
707967,2,Low-Income West
434568,2,Low-Income West
454632,0,Low-Income East
374293,0,Low-Income East
666933,0,Low-Income East
391673,2,Low-Income West
677292,0,Low-Income East
899271,0,Low-Income East
939466,0,Low-Income East
707023,1,High-Income West
697169,1,High-Income West
856818,3,High-Income East
296217,0,Low-Income East
177700,0,Low-Income East
307178,0,Low-Income East
459936,2,Low-Income West
508126,0,Low-Income East
807289,0,Low-Income East
161180,0,Low-Income East
169302,0,Low-Income East
357988,2,Low-Income West
839412,3,High-Income East
559657,3,High-Income East
678544,1,High-Income West
145220,2,Low-Income West
986507,0,Low-Income East
796705,0,Low-Income East
235229,0,Low-Income East
535327,0,Low-Income East
924173,2,Low-Income West
986208,0,Low-Income East
340583,3,High-Income East
547442,0,Low-Income East
911906,0,Low-Income East
943380,0,Low-Income East
982433,0,Low-Income East
287962,0,Low-Income East
292021,0,Low-Income East
476258,0,Low-Income East
979053,0,Low-Income East
798708,3,High-Income East
486200,0,Low-Income East
645057,0,Low-Income East
653070,3,High-Income East
626560,2,Low-Income West
219806,1,High-Income West
805159,3,High-Income East
751602,0,Low-Income East
383656,3,High-Income East
900726,1,High-Income West
787899,3,High-Income East
850034,2,Low-Income West
477517,1,High-Income West
708692,1,High-Income West
162166,0,Low-Income East
503615,0,Low-Income East
801391,1,High-Income West
266953,3,High-Income East
515645,1,High-Income West
709595,0,Low-Income East
503217,1,High-Income West
940200,3,High-Income East
637151,3,High-Income East
572927,3,High-Income East
733497,3,High-Income East
550856,3,High-Income East
664084,3,High-Income East
980145,0,Low-Income East
324139,3,High-Income East
472356,0,Low-Income East
156673,0,Low-Income East
299165,2,Low-Income West
988594,1,High-Income West
487799,0,Low-Income East
217235,3,High-Income East
194709,1,High-Income West
462638,2,Low-Income West
376969,0,Low-Income East
496820,3,High-Income East
499963,3,High-Income East
834286,0,Low-Income East
622776,0,Low-Income East
167335,3,High-Income East
421252,3,High-Income East
794552,1,High-Income West
180922,1,High-Income West
358012,3,High-Income East
937418,1,High-Income West
895451,3,High-Income East
429292,2,Low-Income West
822211,1,High-Income West
165900,0,Low-Income East
216683,0,Low-Income East
718745,2,Low-Income West
297607,0,Low-Income East
793619,2,Low-Income West
393380,2,Low-Income West
903290,0,Low-Income East
994308,3,High-Income East
441128,1,High-Income West
857708,3,High-Income East
800831,0,Low-Income East
264632,3,High-Income East
482218,1,High-Income West
145177,0,Low-Income East
186593,2,Low-Income West
470591,0,Low-Income East
374850,3,High-Income East
841456,0,Low-Income East
746796,2,Low-Income West
677751,0,Low-Income East
963523,0,Low-Income East
279231,0,Low-Income East
187291,1,High-Income West
407377,3,High-Income East
822765,2,Low-Income West
764980,0,Low-Income East
522408,3,High-Income East
703278,1,High-Income West
696826,2,Low-Income West
161276,2,Low-Income West
235585,0,Low-Income East
534972,2,Low-Income West
439819,0,Low-Income East
221993,1,High-Income West
810899,1,High-Income West
298280,3,High-Income East
587769,0,Low-Income East
424100,1,High-Income West
332077,3,High-Income East
755337,0,Low-Income East
465980,3,High-Income East
713831,0,Low-Income East
747609,1,High-Income West
706199,3,High-Income East
763797,3,High-Income East
333213,3,High-Income East
581668,2,Low-Income West
550519,3,High-Income East
781219,2,Low-Income West
920657,0,Low-Income East
589818,0,Low-Income East
472589,0,Low-Income East
128611,3,High-Income East
596674,3,High-Income East
702809,0,Low-Income East
183748,0,Low-Income East
910056,2,Low-Income West
427919,2,Low-Income West
205658,0,Low-Income East
870022,3,High-Income East
853039,1,High-Income West
495168,0,Low-Income East
113877,0,Low-Income East
540715,1,High-Income West
628860,0,Low-Income East
953420,2,Low-Income West
349470,3,High-Income East
927339,1,High-Income West
647684,0,Low-Income East
555205,0,Low-Income East
633330,0,Low-Income East
525246,0,Low-Income East
777231,2,Low-Income West
329364,3,High-Income East
445427,1,High-Income West
997478,3,High-Income East
977916,3,High-Income East
378454,0,Low-Income East
927848,2,Low-Income West
287023,0,Low-Income East
362541,2,Low-Income West
365404,0,Low-Income East
377375,2,Low-Income West
652636,0,Low-Income East
333825,0,Low-Income East
848615,2,Low-Income West
869672,0,Low-Income East
606962,0,Low-Income East
970102,1,High-Income West
157092,2,Low-Income West
657118,0,Low-Income East
462355,3,High-Income East
559016,0,Low-Income East
996152,2,Low-Income West
995777,0,Low-Income East
845782,0,Low-Income East
908844,2,Low-Income West
121605,2,Low-Income West
305618,0,Low-Income East
711552,0,Low-Income East
153075,3,High-Income East
117910,2,Low-Income West
812804,0,Low-Income East
891413,0,Low-Income East
865406,0,Low-Income East
376929,2,Low-Income West
133698,1,High-Income West
913866,3,High-Income East
137383,3,High-Income East
434693,1,High-Income West
711214,2,Low-Income West
765446,0,Low-Income East
867446,2,Low-Income West
408309,0,Low-Income East
619337,3,High-Income East
801483,3,High-Income East
170091,0,Low-Income East
541953,2,Low-Income West
351145,2,Low-Income West
631369,0,Low-Income East
726065,2,Low-Income West
732602,0,Low-Income East
816608,0,Low-Income East
884909,2,Low-Income West
966142,0,Low-Income East
374275,2,Low-Income West
574726,0,Low-Income East
603371,0,Low-Income East
684691,2,Low-Income West
119690,1,High-Income West
892630,3,High-Income East
234515,0,Low-Income East
480864,1,High-Income West
379384,2,Low-Income West
805816,0,Low-Income East
772025,2,Low-Income West
756967,0,Low-Income East
816406,2,Low-Income West
380928,3,High-Income East
677335,3,High-Income East
247180,3,High-Income East
528985,0,Low-Income East
920211,3,High-Income East
604792,0,Low-Income East
632352,2,Low-Income West
713236,0,Low-Income East
965079,1,High-Income West
499563,0,Low-Income East
527941,3,High-Income East
667678,0,Low-Income East
906428,2,Low-Income West
651631,2,Low-Income West
209107,1,High-Income West
471858,3,High-Income East
230070,0,Low-Income East
764555,2,Low-Income West
819521,2,Low-Income West
218601,3,High-Income East
171788,3,High-Income East
598705,0,Low-Income East
139932,1,High-Income West
641734,3,High-Income East
430059,0,Low-Income East
974715,3,High-Income East
652357,1,High-Income West
255215,2,Low-Income West
137161,3,High-Income East
100853,0,Low-Income East
233774,2,Low-Income West
253283,0,Low-Income East
798525,2,Low-Income West
140534,0,Low-Income East
422787,2,Low-Income West
569769,0,Low-Income East
490840,0,Low-Income East
850953,2,Low-Income West
577265,0,Low-Income East
319664,2,Low-Income West
468534,0,Low-Income East
870223,3,High-Income East
744320,2,Low-Income West
886086,0,Low-Income East
626046,0,Low-Income East
511584,3,High-Income East
758322,0,Low-Income East
740105,1,High-Income West
549757,0,Low-Income East
968638,0,Low-Income East
277033,0,Low-Income East
646289,3,High-Income East
941719,0,Low-Income East
991090,2,Low-Income West
156684,3,High-Income East
247714,1,High-Income West
143422,3,High-Income East
220131,1,High-Income West
420339,0,Low-Income East
244245,2,Low-Income West
821296,0,Low-Income East
440198,0,Low-Income East
123668,0,Low-Income East
866995,1,High-Income West
702863,2,Low-Income West
161546,0,Low-Income East
329720,3,High-Income East
171937,0,Low-Income East
454628,0,Low-Income East
484422,0,Low-Income East
521684,2,Low-Income West
620563,2,Low-Income West
679311,2,Low-Income West
774321,0,Low-Income East
806157,0,Low-Income East
846055,2,Low-Income West
312148,3,High-Income East
810503,3,High-Income East
712636,3,High-Income East
716863,3,High-Income East
445176,0,Low-Income East
749418,2,Low-Income West
615244,2,Low-Income West
735341,0,Low-Income East
459835,3,High-Income East
864318,1,High-Income West
640418,1,High-Income West
379238,1,High-Income West
445915,3,High-Income East
578234,3,High-Income East
693393,3,High-Income East
569972,0,Low-Income East
417929,2,Low-Income West
726701,3,High-Income East
426027,0,Low-Income East
965116,3,High-Income East
482345,3,High-Income East
232579,2,Low-Income West
163723,2,Low-Income West
378968,0,Low-Income East
652300,0,Low-Income East
668235,2,Low-Income West
725795,0,Low-Income East
268281,1,High-Income West
335545,3,High-Income East
999272,1,High-Income West
800499,3,High-Income East
336469,1,High-Income West
785129,3,High-Income East
753038,1,High-Income West
902421,2,Low-Income West
871022,3,High-Income East
558258,0,Low-Income East
974738,0,Low-Income East
172233,0,Low-Income East
231592,3,High-Income East
577374,1,High-Income West
325134,1,High-Income West
403118,3,High-Income East
921530,2,Low-Income West
616137,2,Low-Income West
988234,0,Low-Income East
916594,0,Low-Income East
486226,2,Low-Income West
805977,0,Low-Income East
534571,0,Low-Income East
692856,1,High-Income West
646935,3,High-Income East
202248,1,High-Income West
853417,3,High-Income East
139600,0,Low-Income East
883702,3,High-Income East
660098,3,High-Income East
839461,3,High-Income East
425294,3,High-Income East
503573,3,High-Income East
473093,0,Low-Income East
173798,3,High-Income East
925850,1,High-Income West
570318,3,High-Income East
185573,3,High-Income East
744228,0,Low-Income East
213545,3,High-Income East
225205,1,High-Income West
412793,1,High-Income West
527235,1,High-Income West
486955,0,Low-Income East
626474,2,Low-Income West
870169,0,Low-Income East
873297,0,Low-Income East
958869,2,Low-Income West
323424,3,High-Income East
686561,3,High-Income East
238070,0,Low-Income East
563094,2,Low-Income West
248196,3,High-Income East
375297,3,High-Income East
598360,1,High-Income West
721688,3,High-Income East
753219,3,High-Income East
835779,3,High-Income East
233969,1,High-Income West
640238,3,High-Income East
256627,0,Low-Income East
716068,2,Low-Income West
369084,2,Low-Income West
711853,0,Low-Income East
577860,0,Low-Income East
709279,1,High-Income West
131717,3,High-Income East
921298,1,High-Income West
282140,2,Low-Income West
963473,3,High-Income East
210761,0,Low-Income East
649052,1,High-Income West
138894,1,High-Income West
582364,3,High-Income East
788292,0,Low-Income East
737602,0,Low-Income East
563410,0,Low-Income East
154175,2,Low-Income West
739021,0,Low-Income East
418938,0,Low-Income East
204484,3,High-Income East
701391,3,High-Income East
827309,3,High-Income East
584377,3,High-Income East
542085,2,Low-Income West
729537,0,Low-Income East
175360,3,High-Income East
305380,3,High-Income East
961213,3,High-Income East
868230,0,Low-Income East
802305,0,Low-Income East
106048,2,Low-Income West
244039,2,Low-Income West
698159,0,Low-Income East
437158,0,Low-Income East
331301,0,Low-Income East
321388,0,Low-Income East
124119,0,Low-Income East
132592,3,High-Income East
216072,1,High-Income West
580159,0,Low-Income East
756862,0,Low-Income East
748635,0,Low-Income East
243444,0,Low-Income East
831928,3,High-Income East
791466,0,Low-Income East
831696,2,Low-Income West
594681,3,High-Income East
148381,0,Low-Income East
372169,1,High-Income West
297382,0,Low-Income East
106589,2,Low-Income West
145193,0,Low-Income East
194737,0,Low-Income East
272097,0,Low-Income East
679623,2,Low-Income West
416973,0,Low-Income East
935274,0,Low-Income East
630034,2,Low-Income West
407233,3,High-Income East
207500,0,Low-Income East
494213,0,Low-Income East
893120,3,High-Income East
732863,3,High-Income East
326603,3,High-Income East
579785,1,High-Income West
232924,2,Low-Income West
674781,0,Low-Income East
802974,0,Low-Income East
883968,0,Low-Income East
277594,1,High-Income West
811802,3,High-Income East
739617,0,Low-Income East
449843,0,Low-Income East
559726,0,Low-Income East
935328,1,High-Income West
518305,0,Low-Income East
135381,0,Low-Income East
999460,2,Low-Income West
281449,2,Low-Income West
751779,0,Low-Income East
937956,1,High-Income West
344372,2,Low-Income West
976700,2,Low-Income West
838771,3,High-Income East
408047,3,High-Income East
397065,0,Low-Income East
876232,2,Low-Income West
597313,0,Low-Income East
180231,3,High-Income East
541435,3,High-Income East
616342,3,High-Income East
920162,3,High-Income East
856502,1,High-Income West
178864,2,Low-Income West
669493,0,Low-Income East
445137,0,Low-Income East
318285,1,High-Income West
765924,3,High-Income East
812513,3,High-Income East
841916,3,High-Income East
971608,1,High-Income West
141456,0,Low-Income East
369646,2,Low-Income West
377968,0,Low-Income East
432579,0,Low-Income East
634181,2,Low-Income West
863516,0,Low-Income East
154889,0,Low-Income East
496191,3,High-Income East
788997,0,Low-Income East
365761,0,Low-Income East
641160,2,Low-Income West
541037,3,High-Income East
678616,0,Low-Income East
380795,3,High-Income East
156948,3,High-Income East
370300,1,High-Income West
772834,3,High-Income East
346295,0,Low-Income East
633787,2,Low-Income West
264365,3,High-Income East
211030,2,Low-Income West
244595,0,Low-Income East
431034,0,Low-Income East
505988,0,Low-Income East
766733,2,Low-Income West
945133,2,Low-Income West
517797,2,Low-Income West
997539,1,High-Income West
671173,0,Low-Income East
462253,3,High-Income East
729154,3,High-Income East
546997,3,High-Income East
393329,2,Low-Income West
481931,1,High-Income West
707146,3,High-Income East
173834,0,Low-Income East
503988,0,Low-Income East
863884,2,Low-Income West
140223,0,Low-Income East
833169,2,Low-Income West
652034,2,Low-Income West
601105,0,Low-Income East
502353,0,Low-Income East
696486,2,Low-Income West
562677,0,Low-Income East
612311,2,Low-Income West
908248,0,Low-Income East
920792,2,Low-Income West
777861,3,High-Income East
283770,2,Low-Income West
576947,0,Low-Income East
138853,0,Low-Income East
325593,0,Low-Income East
861675,0,Low-Income East
634328,3,High-Income East
553061,3,High-Income East
689389,0,Low-Income East
558598,1,High-Income West
532832,2,Low-Income West
727847,0,Low-Income East
156305,0,Low-Income East
604630,0,Low-Income East
237888,3,High-Income East
260515,1,High-Income West
617348,1,High-Income West
728021,1,High-Income West
764513,3,High-Income East
957764,3,High-Income East
358948,1,High-Income West
937788,3,High-Income East
704423,0,Low-Income East
952163,0,Low-Income East
100737,2,Low-Income West
881983,2,Low-Income West
321954,2,Low-Income West
379110,0,Low-Income East
270160,2,Low-Income West
330053,0,Low-Income East
482882,2,Low-Income West
337857,3,High-Income East
375115,0,Low-Income East
102308,0,Low-Income East
676941,0,Low-Income East
835062,3,High-Income East
236093,0,Low-Income East
607588,0,Low-Income East
101363,0,Low-Income East
188559,3,High-Income East
591377,1,High-Income West
717521,1,High-Income West
302188,1,High-Income West
686509,1,High-Income West
394195,2,Low-Income West
581294,0,Low-Income East
447439,2,Low-Income West
199507,2,Low-Income West
619483,2,Low-Income West
190465,0,Low-Income East
925164,3,High-Income East
341169,0,Low-Income East
278916,1,High-Income West
265284,0,Low-Income East
305843,0,Low-Income East
507112,2,Low-Income West
574835,2,Low-Income West
608605,0,Low-Income East
832983,1,High-Income West
708539,2,Low-Income West
467945,0,Low-Income East
747227,3,High-Income East
223534,0,Low-Income East
387721,2,Low-Income West
887730,0,Low-Income East
948576,1,High-Income West
883773,3,High-Income East
243696,3,High-Income East
995079,3,High-Income East
217124,3,High-Income East
185101,0,Low-Income East
611817,0,Low-Income East
665646,2,Low-Income West
726499,2,Low-Income West
921375,0,Low-Income East
968807,0,Low-Income East
471098,3,High-Income East
365863,2,Low-Income West
565008,2,Low-Income West
871606,0,Low-Income East
346456,0,Low-Income East
251779,0,Low-Income East
236001,2,Low-Income West
306708,2,Low-Income West
241165,1,High-Income West
689912,0,Low-Income East
204000,3,High-Income East
112797,3,High-Income East
591272,2,Low-Income West
957628,2,Low-Income West
825465,1,High-Income West
203245,2,Low-Income West
358997,0,Low-Income East
929885,3,High-Income East
692729,3,High-Income East
649442,1,High-Income West
679485,0,Low-Income East
512615,0,Low-Income East
931170,2,Low-Income West
754599,3,High-Income East
266884,0,Low-Income East
328394,0,Low-Income East
373321,0,Low-Income East
521702,0,Low-Income East
546994,2,Low-Income West
972954,2,Low-Income West
881399,0,Low-Income East
768072,0,Low-Income East
914937,3,High-Income East
227303,3,High-Income East
367680,0,Low-Income East
372865,3,High-Income East
200552,3,High-Income East
975212,3,High-Income East
549402,2,Low-Income West
891012,0,Low-Income East
294048,1,High-Income West
743257,2,Low-Income West
467455,3,High-Income East
134148,0,Low-Income East
513590,0,Low-Income East
648043,0,Low-Income East
995734,2,Low-Income West
904512,2,Low-Income West
926129,2,Low-Income West
999550,0,Low-Income East
478770,0,Low-Income East
260285,0,Low-Income East
205671,1,High-Income West
298543,3,High-Income East
322000,3,High-Income East
483436,3,High-Income East
536823,3,High-Income East
782818,1,High-Income West
928964,3,High-Income East
603744,2,Low-Income West
495381,3,High-Income East
413459,0,Low-Income East
801227,3,High-Income East
551981,2,Low-Income West
576217,0,Low-Income East
633938,2,Low-Income West
645450,0,Low-Income East
919748,2,Low-Income West
960761,2,Low-Income West
540142,2,Low-Income West
296104,3,High-Income East
160143,0,Low-Income East
230124,3,High-Income East
663067,3,High-Income East
795230,0,Low-Income East
813455,0,Low-Income East
392575,1,High-Income West
386926,3,High-Income East
801542,2,Low-Income West
261789,2,Low-Income West
359011,0,Low-Income East
194297,1,High-Income West
330680,3,High-Income East
201343,0,Low-Income East
363743,3,High-Income East
477869,1,High-Income West
924405,0,Low-Income East
575147,1,High-Income West
596818,3,High-Income East
575818,0,Low-Income East
436827,0,Low-Income East
955424,0,Low-Income East
828026,0,Low-Income East
842848,0,Low-Income East
106979,3,High-Income East
599369,3,High-Income East
531052,1,High-Income West
354483,2,Low-Income West
941324,3,High-Income East
988345,1,High-Income West
341942,2,Low-Income West
430475,1,High-Income West
424317,2,Low-Income West
166825,1,High-Income West
230942,3,High-Income East
264331,3,High-Income East
651250,3,High-Income East
440320,0,Low-Income East
333039,2,Low-Income West
288015,0,Low-Income East
995527,3,High-Income East
419493,2,Low-Income West
781519,0,Low-Income East
473772,2,Low-Income West
458041,1,High-Income West
329094,0,Low-Income East
143389,3,High-Income East
252136,0,Low-Income East
255087,0,Low-Income East
869471,3,High-Income East
961533,3,High-Income East
352306,1,High-Income West
167879,2,Low-Income West
678837,2,Low-Income West
795468,2,Low-Income West
441313,3,High-Income East
909880,3,High-Income East
649770,0,Low-Income East
368566,2,Low-Income West
636045,0,Low-Income East
665701,0,Low-Income East
321074,0,Low-Income East
507128,0,Low-Income East
764167,0,Low-Income East
842523,2,Low-Income West
885386,0,Low-Income East
359575,0,Low-Income East
253609,1,High-Income West
157766,2,Low-Income West
320728,2,Low-Income West
374721,3,High-Income East
880619,1,High-Income West
103758,1,High-Income West
667718,2,Low-Income West
924643,0,Low-Income East
497836,2,Low-Income West
910716,2,Low-Income West
229530,3,High-Income East
338291,3,High-Income East
555301,1,High-Income West
691542,1,High-Income West
160181,2,Low-Income West
602043,0,Low-Income East
972964,2,Low-Income West
567048,2,Low-Income West
962600,2,Low-Income West
707513,3,High-Income East
935570,1,High-Income West
287211,2,Low-Income West
696444,0,Low-Income East
846718,0,Low-Income East
745420,3,High-Income East
204220,0,Low-Income East
365451,2,Low-Income West
652642,2,Low-Income West
676585,2,Low-Income West
721707,0,Low-Income East
750893,2,Low-Income West
761423,0,Low-Income East
776399,2,Low-Income West
813567,2,Low-Income West
125393,2,Low-Income West
702868,0,Low-Income East
287254,0,Low-Income East
504319,0,Low-Income East
869504,2,Low-Income West
586753,1,High-Income West
657492,3,High-Income East
200168,1,High-Income West
136345,3,High-Income East
918631,2,Low-Income West
976307,0,Low-Income East
433815,0,Low-Income East
622794,1,High-Income West
858228,0,Low-Income East
789573,3,High-Income East
353614,1,High-Income West
458199,3,High-Income East
170232,1,High-Income West
806995,2,Low-Income West
756526,1,High-Income West
295387,1,High-Income West
389225,2,Low-Income West
530235,3,High-Income East
531398,1,High-Income West
727595,0,Low-Income East
173092,0,Low-Income East
263402,3,High-Income East
912396,3,High-Income East
151655,0,Low-Income East
412394,1,High-Income West
775160,0,Low-Income East
465990,2,Low-Income West
745028,0,Low-Income East
942189,1,High-Income West
869190,0,Low-Income East
527004,0,Low-Income East
188218,0,Low-Income East
502977,2,Low-Income West
736219,2,Low-Income West
289665,1,High-Income West
149462,3,High-Income East
632981,3,High-Income East
561228,3,High-Income East
830903,1,High-Income West
477993,0,Low-Income East
811748,2,Low-Income West
246935,0,Low-Income East
772628,0,Low-Income East
104353,1,High-Income West
526222,3,High-Income East
150754,2,Low-Income West
824462,0,Low-Income East
540836,3,High-Income East
638733,2,Low-Income West
362201,2,Low-Income West
272144,0,Low-Income East
216095,3,High-Income East
851021,3,High-Income East
413052,1,High-Income West
836486,0,Low-Income East
751223,0,Low-Income East
244271,2,Low-Income West
114399,2,Low-Income West
362742,1,High-Income West
396446,2,Low-Income West
935862,1,High-Income West
529458,0,Low-Income East
214123,0,Low-Income East
209846,0,Low-Income East
925979,2,Low-Income West
133429,0,Low-Income East
134857,0,Low-Income East
236026,2,Low-Income West
426414,0,Low-Income East
605787,0,Low-Income East
752663,0,Low-Income East
812057,0,Low-Income East
977236,2,Low-Income West
995695,0,Low-Income East
705756,3,High-Income East
708654,1,High-Income West
938914,1,High-Income West
671849,2,Low-Income West
209102,3,High-Income East
574930,1,High-Income West
656454,0,Low-Income East
338059,0,Low-Income East
544182,0,Low-Income East
688627,2,Low-Income West
762389,0,Low-Income East
826930,0,Low-Income East
791202,2,Low-Income West
997912,0,Low-Income East
697766,3,High-Income East
428129,3,High-Income East
352747,3,High-Income East
919463,3,High-Income East
556188,3,High-Income East
576587,3,High-Income East
468970,3,High-Income East
840984,0,Low-Income East
285220,1,High-Income West
904304,3,High-Income East
858563,3,High-Income East
951746,2,Low-Income West
323720,3,High-Income East
134241,3,High-Income East
125493,2,Low-Income West
564838,3,High-Income East
414239,3,High-Income East
922210,1,High-Income West
627915,1,High-Income West
132928,1,High-Income West
102740,3,High-Income East
642247,2,Low-Income West
247645,3,High-Income East
303445,1,High-Income West
730370,2,Low-Income West
181770,2,Low-Income West
692936,0,Low-Income East
909483,0,Low-Income East
237434,0,Low-Income East
961331,1,High-Income West
318595,3,High-Income East
436805,3,High-Income East
504208,2,Low-Income West
410343,0,Low-Income East
192098,0,Low-Income East
411744,3,High-Income East
271463,1,High-Income West
794334,2,Low-Income West
313996,0,Low-Income East
258849,2,Low-Income West
645333,3,High-Income East
367006,0,Low-Income East
683875,2,Low-Income West
559127,3,High-Income East
566991,0,Low-Income East
105841,2,Low-Income West
652790,0,Low-Income East
159525,3,High-Income East
148753,0,Low-Income East
179707,0,Low-Income East
202055,2,Low-Income West
945765,2,Low-Income West
136879,3,High-Income East
428710,0,Low-Income East
111507,0,Low-Income East
281108,0,Low-Income East
675442,0,Low-Income East
599778,0,Low-Income East
893725,0,Low-Income East
581596,0,Low-Income East
656415,2,Low-Income West
483899,3,High-Income East
329736,0,Low-Income East
244527,3,High-Income East
490053,3,High-Income East
685720,2,Low-Income West
229677,1,High-Income West
138777,3,High-Income East
295078,0,Low-Income East
819267,2,Low-Income West
527194,2,Low-Income West
255028,3,High-Income East
465241,1,High-Income West
881828,0,Low-Income East
674327,2,Low-Income West
218241,1,High-Income West
703937,3,High-Income East
160203,2,Low-Income West
555517,1,High-Income West
964151,3,High-Income East
538308,2,Low-Income West
470076,2,Low-Income West
113293,3,High-Income East
602213,3,High-Income East
723691,1,High-Income West
836720,3,High-Income East
835920,0,Low-Income East
893632,3,High-Income East
405351,0,Low-Income East
924936,2,Low-Income West
594468,0,Low-Income East
685375,2,Low-Income West
175320,3,High-Income East
155118,3,High-Income East
602574,1,High-Income West
269434,1,High-Income West
407933,3,High-Income East
940213,2,Low-Income West
999758,2,Low-Income West
945037,2,Low-Income West
861629,3,High-Income East
312180,0,Low-Income East
506193,0,Low-Income East
232871,3,High-Income East
365887,0,Low-Income East
937071,1,High-Income West
145292,2,Low-Income West
181033,2,Low-Income West
267352,0,Low-Income East
670836,3,High-Income East
276650,2,Low-Income West
944541,0,Low-Income East
142621,0,Low-Income East
600746,2,Low-Income West
802556,0,Low-Income East
909068,2,Low-Income West
382971,0,Low-Income East
171638,1,High-Income West
461859,3,High-Income East
403500,0,Low-Income East
612269,0,Low-Income East
755867,2,Low-Income West
384599,0,Low-Income East
420202,0,Low-Income East
106776,0,Low-Income East
194786,3,High-Income East
102851,2,Low-Income West
250921,3,High-Income East
584796,1,High-Income West
159745,0,Low-Income East
252954,2,Low-Income West
324048,2,Low-Income West
759310,3,High-Income East
969764,2,Low-Income West
330131,3,High-Income East
632199,0,Low-Income East
774931,2,Low-Income West
958299,0,Low-Income East
231992,1,High-Income West
555298,3,High-Income East
507998,1,High-Income West
840008,2,Low-Income West
802478,2,Low-Income West
280292,3,High-Income East
514559,3,High-Income East
558511,1,High-Income West
942601,3,High-Income East
605184,0,Low-Income East
765408,2,Low-Income West
730768,2,Low-Income West
869133,0,Low-Income East
981851,2,Low-Income West
634503,2,Low-Income West
827668,0,Low-Income East
742732,1,High-Income West
183235,3,High-Income East
336247,3,High-Income East
937662,2,Low-Income West
117939,0,Low-Income East
831964,0,Low-Income East
944506,1,High-Income West
248356,1,High-Income West
420590,3,High-Income East
970195,0,Low-Income East
512177,3,High-Income East
275807,1,High-Income West
928116,3,High-Income East
785389,1,High-Income West
328303,3,High-Income East
983130,0,Low-Income East
313763,0,Low-Income East
240209,2,Low-Income West
670000,2,Low-Income West
867301,2,Low-Income West
137529,3,High-Income East
276648,2,Low-Income West
398506,0,Low-Income East
300960,2,Low-Income West
280828,2,Low-Income West
622883,3,High-Income East
419522,0,Low-Income East
588015,0,Low-Income East
782515,0,Low-Income East
109478,3,High-Income East
458640,1,High-Income West
541557,0,Low-Income East
665403,0,Low-Income East
774103,0,Low-Income East
505390,2,Low-Income West
867112,0,Low-Income East
942535,1,High-Income West
475132,0,Low-Income East
468520,2,Low-Income West
571163,2,Low-Income West
317919,0,Low-Income East
615826,0,Low-Income East
720939,0,Low-Income East
343218,2,Low-Income West
274535,3,High-Income East
265557,0,Low-Income East
563945,0,Low-Income East
919823,1,High-Income West
562324,3,High-Income East
335143,0,Low-Income East
880065,0,Low-Income East
713406,0,Low-Income East
404475,1,High-Income West
423598,3,High-Income East
519442,1,High-Income West
415381,3,High-Income East
273020,3,High-Income East
262211,0,Low-Income East
511765,3,High-Income East
165188,3,High-Income East
180488,2,Low-Income West
543422,0,Low-Income East
859553,1,High-Income West
819375,2,Low-Income West
391611,0,Low-Income East
864327,0,Low-Income East
920197,2,Low-Income West
684201,3,High-Income East
807553,0,Low-Income East
211802,1,High-Income West
270901,0,Low-Income East
145323,3,High-Income East
138421,3,High-Income East
332962,1,High-Income West
442103,3,High-Income East
801146,3,High-Income East
817041,3,High-Income East
823453,3,High-Income East
122357,3,High-Income East
360981,0,Low-Income East
802621,0,Low-Income East
251641,2,Low-Income West
895433,0,Low-Income East
317774,3,High-Income East
630265,3,High-Income East
222743,0,Low-Income East
148766,0,Low-Income East
571406,0,Low-Income East
707592,0,Low-Income East
849616,2,Low-Income West
817288,3,High-Income East
511253,2,Low-Income West
167257,0,Low-Income East
433307,1,High-Income West
601997,3,High-Income East
860528,1,High-Income West
507514,1,High-Income West
207543,3,High-Income East
553261,1,High-Income West
883916,2,Low-Income West
882409,2,Low-Income West
952326,3,High-Income East
117782,1,High-Income West
739345,1,High-Income West
480760,1,High-Income West
486708,3,High-Income East
486897,3,High-Income East
752217,3,High-Income East
606846,3,High-Income East
939094,0,Low-Income East
324404,3,High-Income East
348350,1,High-Income West
713094,1,High-Income West
850694,3,High-Income East
251950,1,High-Income West
926451,3,High-Income East
866073,0,Low-Income East
117333,3,High-Income East
668865,2,Low-Income West
467361,2,Low-Income West
881413,0,Low-Income East
981304,2,Low-Income West
254372,3,High-Income East
128405,3,High-Income East
134085,2,Low-Income West
213013,0,Low-Income East
238367,3,High-Income East
686709,0,Low-Income East
542976,2,Low-Income West
769521,0,Low-Income East
835295,0,Low-Income East
852006,2,Low-Income West
870039,0,Low-Income East
991050,2,Low-Income West
246273,3,High-Income East
278836,3,High-Income East
863392,1,High-Income West
741801,2,Low-Income West
867289,0,Low-Income East
718227,0,Low-Income East
730795,2,Low-Income West
140130,2,Low-Income West
519087,1,High-Income West
590514,3,High-Income East
422164,0,Low-Income East
418784,0,Low-Income East
502670,0,Low-Income East
719824,3,High-Income East
723968,3,High-Income East
641884,2,Low-Income West
472376,0,Low-Income East
274858,2,Low-Income West
698573,1,High-Income West
567420,3,High-Income East
526020,0,Low-Income East
502152,2,Low-Income West
536699,0,Low-Income East
265677,0,Low-Income East
221205,2,Low-Income West
302313,2,Low-Income West
337932,0,Low-Income East
348835,2,Low-Income West
423313,0,Low-Income East
719135,2,Low-Income West
747578,2,Low-Income West
498514,0,Low-Income East
504260,2,Low-Income West
815796,1,High-Income West
704149,0,Low-Income East
339371,1,High-Income West
402136,3,High-Income East
413853,3,High-Income East
586734,1,High-Income West
689353,3,High-Income East
840088,1,High-Income West
254567,3,High-Income East
254745,3,High-Income East
563977,3,High-Income East
361944,1,High-Income West
903679,3,High-Income East
988691,3,High-Income East
149993,0,Low-Income East
961961,0,Low-Income East
677513,0,Low-Income East
810668,1,High-Income West
946816,0,Low-Income East
917870,3,High-Income East
711680,0,Low-Income East
714161,3,High-Income East
554442,3,High-Income East
512426,2,Low-Income West
530712,0,Low-Income East
945996,3,High-Income East
609778,0,Low-Income East
356240,3,High-Income East
813620,3,High-Income East
685171,0,Low-Income East
797902,0,Low-Income East
411651,0,Low-Income East
718491,3,High-Income East
648575,0,Low-Income East
818864,3,High-Income East
805932,1,High-Income West
558097,0,Low-Income East
489842,3,High-Income East
733903,3,High-Income East
579424,2,Low-Income West
210815,0,Low-Income East
590778,3,High-Income East
971581,3,High-Income East
210100,0,Low-Income East
316548,0,Low-Income East
329088,2,Low-Income West
355795,2,Low-Income West
475009,0,Low-Income East
476477,0,Low-Income East
893127,2,Low-Income West
561722,3,High-Income East
748299,3,High-Income East
508488,3,High-Income East
919888,1,High-Income West
166966,0,Low-Income East
610465,1,High-Income West
765338,0,Low-Income East
902200,3,High-Income East
907858,0,Low-Income East
546736,1,High-Income West
954836,0,Low-Income East
414211,0,Low-Income East
164983,0,Low-Income East
319742,0,Low-Income East
662489,2,Low-Income West
739781,0,Low-Income East
537907,0,Low-Income East
767752,1,High-Income West
768365,3,High-Income East
484939,2,Low-Income West
371148,0,Low-Income East
739227,0,Low-Income East
656958,2,Low-Income West
740422,0,Low-Income East
741926,0,Low-Income East
944702,0,Low-Income East
248445,3,High-Income East
528413,3,High-Income East
122519,0,Low-Income East
412817,0,Low-Income East
959793,3,High-Income East
893863,2,Low-Income West
857292,3,High-Income East
605723,0,Low-Income East
275670,3,High-Income East
554636,3,High-Income East
803587,3,High-Income East
937946,1,High-Income West
275949,0,Low-Income East
294016,0,Low-Income East
651281,2,Low-Income West
131990,3,High-Income East
837833,1,High-Income West
755668,0,Low-Income East
935665,3,High-Income East
344527,3,High-Income East
460673,3,High-Income East
598760,3,High-Income East
265383,0,Low-Income East
817714,0,Low-Income East
106754,0,Low-Income East
323341,1,High-Income West
250315,2,Low-Income West
784597,0,Low-Income East
557880,0,Low-Income East
662406,1,High-Income West
401710,2,Low-Income West
945015,0,Low-Income East
219984,0,Low-Income East
662272,0,Low-Income East
873965,3,High-Income East
892797,0,Low-Income East
661502,1,High-Income West
340931,2,Low-Income West
350486,3,High-Income East
149841,3,High-Income East
489523,3,High-Income East
714840,3,High-Income East
768313,3,High-Income East
933251,1,High-Income West
300733,0,Low-Income East
434385,0,Low-Income East
486075,0,Low-Income East
737604,0,Low-Income East
959179,2,Low-Income West
435223,0,Low-Income East
100590,1,High-Income West
553956,3,High-Income East
316793,0,Low-Income East
504867,0,Low-Income East
544167,0,Low-Income East
552776,2,Low-Income West
842582,0,Low-Income East
912864,2,Low-Income West
544301,0,Low-Income East
798279,0,Low-Income East
376299,0,Low-Income East
342570,0,Low-Income East
583670,0,Low-Income East
588917,3,High-Income East
635334,3,High-Income East
112678,0,Low-Income East
987205,0,Low-Income East
398924,0,Low-Income East
640285,0,Low-Income East
487195,3,High-Income East
755073,2,Low-Income West
128156,0,Low-Income East
773546,2,Low-Income West
336722,1,High-Income West
954587,2,Low-Income West
323660,1,High-Income West
464394,2,Low-Income West
154981,0,Low-Income East
235683,0,Low-Income East
465347,0,Low-Income East
247433,1,High-Income West
419973,1,High-Income West
403675,3,High-Income East
532419,1,High-Income West
488675,3,High-Income East
851979,0,Low-Income East
351296,3,High-Income East
481028,3,High-Income East
786442,3,High-Income East
753864,1,High-Income West
969719,1,High-Income West
612140,2,Low-Income West
427177,3,High-Income East
670666,3,High-Income East
702528,1,High-Income West
795743,0,Low-Income East
310700,1,High-Income West
118864,0,Low-Income East
632951,2,Low-Income West
217054,1,High-Income West
262467,1,High-Income West
497854,3,High-Income East
755977,3,High-Income East
344232,3,High-Income East
546773,2,Low-Income West
302628,0,Low-Income East
302460,1,High-Income West
672917,3,High-Income East
900501,0,Low-Income East
823768,2,Low-Income West
680886,1,High-Income West
776187,2,Low-Income West
615459,3,High-Income East
652627,1,High-Income West
