Loyalty#,merged_labels
480934,The March Loyals
549612,The September Loyals
429460,The Lost Holiday Drifters
608370,The January Average
530508,The March Loyals
927943,The December Loyals
188893,The September Loyals
852392,The December Loyals
866307,The January Average
932823,The September Loyals
144514,The March Loyals
611765,The Summer-Fall Hybrids
988178,The September Loyals
286114,The March Loyals
205785,The December Loyals
735304,The June Loyals
438936,The January Average
243713,The February Loyals
354730,The October Loyals
413741,The September Loyals
552965,New travelers
642313,The May Planners
263080,The September Loyals
109767,The June Loyals
217754,The September Loyals
157005,The September Loyals
557752,The May Planners
608758,The September Loyals
599341,The September Loyals
333502,The December Loyals
201574,New travelers
403361,The May Planners
543918,The December Loyals
806030,New travelers
119200,The Q4 Boomerang
175967,The October Loyals
238119,The January Average
730388,The September Loyals
834891,New travelers
127400,The September Loyals
324557,The Summer-Fall Hybrids
742002,The September Loyals
536567,The September Loyals
704835,The October Loyals
733338,The Lost Holiday Drifters
758635,New travelers
823048,New travelers
612905,The December Loyals
679908,The February Loyals
704150,The September Loyals
869743,The Lost Holiday Drifters
596179,The September Loyals
370450,The June Loyals
501030,The June Loyals
878633,The September Loyals
285938,The September Loyals
588237,The January Average
645280,The March Loyals
864324,The November Loyals
124678,The February Loyals
186015,The Summer-Fall Hybrids
461108,New travelers
589580,The October Loyals
623688,The October Loyals
751616,The Pandemic Drop-offs
256147,The December Loyals
329382,New travelers
140392,The December Loyals
541008,The Q4 Boomerang
230908,The March Loyals
972581,The November Loyals
357549,New travelers
157729,New travelers
910875,The September Loyals
501704,The December Loyals
529098,The Q4 Boomerang
265297,New travelers
567875,The Dormant Browsers
688524,The March Loyals
269070,The January Average
387705,The January Average
923293,The December Loyals
283314,New travelers
322102,New travelers
789157,New travelers
654748,The Pandemic Drop-offs
984713,New travelers
114835,The June Loyals
328936,The November Loyals
845864,The December Loyals
645265,The March Loyals
223587,The November Loyals
158560,The February Loyals
417584,The May Planners
566033,New travelers
957912,The June Loyals
425854,The September Loyals
174896,New travelers
695855,The January Average
699511,The Dormant Browsers
377322,The March Loyals
511053,The May Planners
890753,New travelers
796670,The January Average
556136,The October Loyals
513081,The March Loyals
930718,The November Loyals
235872,The January Average
881142,The Lost Holiday Drifters
295147,The May Planners
306110,The May Planners
295217,The October Loyals
711363,The Summer-Fall Hybrids
591731,The October Loyals
326905,The March Loyals
375511,The September Loyals
485283,The Q4 Boomerang
760158,New travelers
797685,The Summer-Fall Hybrids
216467,The May Planners
958839,New travelers
539673,The October Loyals
484718,The March Loyals
528492,The June Loyals
995091,The Dormant Browsers
632793,The June Loyals
912220,New travelers
382197,The Dormant Browsers
705196,The October Loyals
123094,The Q4 Boomerang
821515,New travelers
119488,The January Average
287750,The December Loyals
735846,The December Loyals
606026,The January Average
460291,The November Loyals
743001,The March Loyals
869799,The September Loyals
520321,New travelers
170585,The November Loyals
188340,The March Loyals
670817,The September Loyals
509513,The September Loyals
779247,The September Loyals
111255,The September Loyals
763061,The November Loyals
509108,New travelers
428919,The November Loyals
139863,The February Loyals
695755,New travelers
355331,The December Loyals
578837,The December Loyals
603248,New travelers
467182,The January Average
601407,The Autumn Budget
700871,The May Planners
203809,New travelers
705589,The May Planners
746060,The September Loyals
469718,The December Loyals
164429,The January Average
708373,The November Loyals
225088,The February Loyals
100214,The March Loyals
459999,The January Average
553936,New travelers
268128,The November Loyals
930584,The September Loyals
327796,The January Average
947467,The February Loyals
743510,The Summer-Fall Hybrids
580324,The March Loyals
845613,New travelers
936088,The September Loyals
423324,New travelers
101945,The September Loyals
713636,The December Loyals
302509,The February Loyals
789421,The September Loyals
914255,New travelers
242377,New travelers
404426,The May Planners
260106,The Lost Holiday Drifters
154643,The May Planners
438023,The January Average
397518,The Summer-Fall Hybrids
645742,New travelers
872932,The December Loyals
407945,The September Loyals
211714,The September Loyals
410982,The June Loyals
905213,The November Loyals
147898,The December Loyals
530105,The Dormant Browsers
610946,The December Loyals
383108,The January Average
836343,The November Loyals
398535,The Q4 Boomerang
585357,The September Loyals
784804,The November Loyals
715764,The May Planners
753473,The September Loyals
980856,The January Average
271660,The March Loyals
377471,The September Loyals
830547,New travelers
264936,The September Loyals
436498,New travelers
976513,The September Loyals
828776,The Dormant Browsers
240362,The December Loyals
137845,The June Loyals
430569,The September Loyals
317001,New travelers
625870,The March Loyals
660554,The May Planners
917630,The Summer-Fall Hybrids
670686,The September Loyals
717660,The September Loyals
450621,The October Loyals
939562,The September Loyals
135250,The June Loyals
714555,The March Loyals
947868,The September Loyals
573661,New travelers
228580,The February Loyals
557500,The June Loyals
238233,The February Loyals
979309,The December Loyals
885497,The Summer-Fall Hybrids
833569,The Summer-Fall Hybrids
120046,The Summer-Fall Hybrids
816881,The June Loyals
717700,The January Average
962278,The Summer-Fall Hybrids
245465,The November Loyals
510372,New travelers
709920,The May Planners
143784,The March Loyals
602176,The October Loyals
870998,The June Loyals
958224,The September Loyals
837628,The March Loyals
395460,The September Loyals
136547,The September Loyals
780631,The Q4 Boomerang
166712,The November Loyals
217695,The June Loyals
263707,The February Loyals
638368,The February Loyals
695529,The May Planners
871203,The Dormant Browsers
915571,The January Average
642109,The September Loyals
833701,The October Loyals
275442,The December Loyals
374345,The September Loyals
384825,The September Loyals
559233,New travelers
564650,The January Average
277649,The February Loyals
176885,New travelers
732013,The September Loyals
793318,The June Loyals
830024,The February Loyals
223684,New travelers
723262,New travelers
879892,New travelers
966117,The March Loyals
258358,The Lost Holiday Drifters
265836,The January Average
474174,The Pandemic Drop-offs
474172,New travelers
202299,The March Loyals
497467,The January Average
971902,New travelers
134279,New travelers
474757,New travelers
635225,The June Loyals
980198,The May Planners
995693,The Q4 Boomerang
861924,The February Loyals
639383,New travelers
769731,The March Loyals
884530,New travelers
207372,The Q4 Boomerang
236300,New travelers
543553,The Q4 Boomerang
639701,The November Loyals
998090,The December Loyals
283747,The February Loyals
863122,New travelers
816593,The December Loyals
440939,The September Loyals
531201,New travelers
585629,The October Loyals
347932,The June Loyals
417886,The May Planners
514900,New travelers
203550,The December Loyals
181825,The October Loyals
261582,The September Loyals
679859,The Summer-Fall Hybrids
924724,The March Loyals
122958,The September Loyals
274698,The Pandemic Drop-offs
149549,The June Loyals
652291,The December Loyals
603775,The September Loyals
948404,The Summer-Fall Hybrids
605877,The June Loyals
994377,The March Loyals
766927,The October Loyals
172610,The March Loyals
702588,The May Planners
798248,The May Planners
641448,The May Planners
406047,The January Average
538902,New travelers
805110,The June Loyals
883242,New travelers
909134,The January Average
294753,The September Loyals
606076,New travelers
120613,The February Loyals
520094,The September Loyals
754539,The January Average
189611,The November Loyals
971599,The November Loyals
485189,New travelers
521384,The September Loyals
128039,The May Planners
565133,The September Loyals
947876,The September Loyals
138746,The November Loyals
564707,The February Loyals
383898,New travelers
174996,The June Loyals
798854,New travelers
800075,The December Loyals
410384,The January Average
692304,The December Loyals
991672,The Autumn Budget
344180,The Dormant Browsers
703338,New travelers
922388,The December Loyals
471018,New travelers
655743,The May Planners
787472,The Autumn Budget
667687,New travelers
348920,The December Loyals
523394,The February Loyals
430521,New travelers
981581,The September Loyals
639510,The December Loyals
744675,The October Loyals
289177,The Dormant Browsers
420890,The Q4 Boomerang
357149,The January Average
876207,The February Loyals
224384,The September Loyals
650445,The September Loyals
399982,The September Loyals
228984,The January Average
221388,The March Loyals
710053,The September Loyals
591576,New travelers
296412,The Lost Holiday Drifters
836475,The January Average
901002,The May Planners
450979,The February Loyals
392235,The May Planners
529218,The October Loyals
549132,The March Loyals
782523,New travelers
566343,New travelers
263729,New travelers
326561,The Lost Holiday Drifters
604116,New travelers
313837,New travelers
561092,The February Loyals
234866,The September Loyals
721984,The September Loyals
772397,The December Loyals
685792,The Pandemic Drop-offs
344199,The December Loyals
909385,The June Loyals
211043,The March Loyals
459801,The January Average
958243,The February Loyals
517758,The September Loyals
712062,The January Average
845945,The September Loyals
324707,The November Loyals
184635,The September Loyals
947123,The Lost Holiday Drifters
432598,The March Loyals
524483,The December Loyals
413445,The Lost Holiday Drifters
257575,The Dormant Browsers
352834,The Autumn Budget
127590,The January Average
846374,The December Loyals
651054,New travelers
776956,The May Planners
130368,The October Loyals
752331,The March Loyals
986825,The February Loyals
882024,New travelers
981343,The February Loyals
101581,The September Loyals
321557,New travelers
390719,New travelers
329358,The Autumn Budget
497494,The Summer-Fall Hybrids
821379,The Dormant Browsers
361816,The September Loyals
517612,New travelers
734192,The May Planners
774724,The February Loyals
874161,The Summer-Fall Hybrids
906396,The March Loyals
722976,The November Loyals
747304,The February Loyals
613804,The September Loyals
995877,The Dormant Browsers
446968,New travelers
123928,New travelers
237105,The Dormant Browsers
395026,The September Loyals
702493,The Lost Holiday Drifters
894466,The June Loyals
610393,The June Loyals
800726,The May Planners
111171,The January Average
199959,New travelers
842064,New travelers
149542,New travelers
779434,The February Loyals
203184,The March Loyals
225077,The September Loyals
365816,The January Average
781463,The December Loyals
644786,The January Average
441440,The October Loyals
756791,The June Loyals
676676,New travelers
401858,The Lost Holiday Drifters
819569,The January Average
428826,New travelers
779435,The Dormant Browsers
518533,The Summer-Fall Hybrids
568547,The October Loyals
761007,New travelers
830931,The October Loyals
229204,The Q4 Boomerang
437269,The Pandemic Drop-offs
202761,New travelers
723390,The Lost Holiday Drifters
956005,The May Planners
683361,The Summer-Fall Hybrids
370486,The May Planners
279919,The December Loyals
635249,The January Average
849415,The October Loyals
334003,The February Loyals
256323,The November Loyals
553567,The Pandemic Drop-offs
612555,The November Loyals
411242,New travelers
353128,The October Loyals
367961,The January Average
431899,The Summer-Fall Hybrids
835491,The October Loyals
791355,The September Loyals
331258,The June Loyals
713329,The September Loyals
422805,The March Loyals
660376,The October Loyals
841677,The May Planners
871329,New travelers
626326,New travelers
412854,The November Loyals
187010,The Q4 Boomerang
333621,The March Loyals
270570,The June Loyals
305171,The October Loyals
715668,The Lost Holiday Drifters
197529,New travelers
496325,The February Loyals
873180,The Summer-Fall Hybrids
630320,The September Loyals
304944,The September Loyals
615662,The October Loyals
887192,The Summer-Fall Hybrids
540497,The Autumn Budget
673061,The Lost Holiday Drifters
534794,New travelers
336341,The September Loyals
465530,The March Loyals
600598,The May Planners
724720,The January Average
627489,The September Loyals
264064,The Lost Holiday Drifters
740762,The October Loyals
527622,The October Loyals
984636,The September Loyals
110691,The February Loyals
737791,The June Loyals
219413,The February Loyals
260685,The September Loyals
501363,The September Loyals
982202,The Q4 Boomerang
218529,The Autumn Budget
691645,The Q4 Boomerang
881157,The September Loyals
426185,The February Loyals
546758,The September Loyals
270723,The February Loyals
275387,The Summer-Fall Hybrids
504715,The May Planners
380183,The January Average
654817,The May Planners
541078,The May Planners
555112,The Lost Holiday Drifters
726732,The Pandemic Drop-offs
948327,The Q4 Boomerang
384269,The September Loyals
791852,VIPs
372183,The February Loyals
481857,The December Loyals
765252,The May Planners
539358,The September Loyals
697837,The September Loyals
464471,New travelers
410921,The December Loyals
826304,The October Loyals
200077,The Dormant Browsers
597897,The Summer-Fall Hybrids
119408,The Q4 Boomerang
241167,The November Loyals
159275,The November Loyals
458697,The March Loyals
620465,The December Loyals
654578,The December Loyals
432451,The September Loyals
251116,The Lost Holiday Drifters
381786,New travelers
440967,The June Loyals
368292,The Lost Holiday Drifters
493677,The March Loyals
500374,New travelers
850418,The January Average
574560,New travelers
406574,The September Loyals
532925,The Lost Holiday Drifters
119837,The January Average
546039,The December Loyals
950914,The Dormant Browsers
387129,The December Loyals
876006,The February Loyals
230311,The June Loyals
955991,The March Loyals
279409,The September Loyals
293531,The May Planners
886127,The Dormant Browsers
687108,New travelers
579005,The September Loyals
758372,The February Loyals
436087,The Summer-Fall Hybrids
471460,New travelers
605505,The September Loyals
745336,New travelers
413185,The March Loyals
715462,The September Loyals
739933,The September Loyals
675106,The October Loyals
767728,The Q4 Boomerang
244032,The January Average
872408,New travelers
583648,The June Loyals
250380,The Dormant Browsers
935504,The February Loyals
311943,The May Planners
811684,Holiday Travelers
672103,The December Loyals
657339,The December Loyals
433812,The October Loyals
217284,New travelers
559304,The March Loyals
290249,The September Loyals
948815,The March Loyals
513229,The September Loyals
501278,The February Loyals
348299,New travelers
500455,The September Loyals
277356,The Lost Holiday Drifters
615394,The September Loyals
936723,The Pandemic Drop-offs
158314,The Dormant Browsers
418090,The February Loyals
769623,The September Loyals
685314,The May Planners
413282,The May Planners
884088,The September Loyals
445867,The November Loyals
568286,The June Loyals
965066,The Autumn Budget
105145,New travelers
516329,The September Loyals
945479,The March Loyals
363925,The Q4 Boomerang
798216,The September Loyals
822694,The March Loyals
747483,The Q4 Boomerang
784838,The November Loyals
405597,The December Loyals
502592,The September Loyals
999143,New travelers
420010,New travelers
416620,New travelers
198424,The September Loyals
244099,The November Loyals
814653,The January Average
636505,The June Loyals
110142,The Dormant Browsers
685346,The September Loyals
967634,New travelers
919506,New travelers
272944,The January Average
512906,The Q4 Boomerang
490984,The September Loyals
812042,The November Loyals
366719,The Summer-Fall Hybrids
192177,The March Loyals
273353,New travelers
249555,The June Loyals
103862,The November Loyals
121935,The November Loyals
224402,The September Loyals
988839,New travelers
416768,The November Loyals
667767,The March Loyals
955178,The October Loyals
534716,The December Loyals
565041,The December Loyals
596004,The September Loyals
340934,New travelers
335839,The June Loyals
621940,The Summer-Fall Hybrids
308379,The September Loyals
683791,The November Loyals
715015,The November Loyals
835796,The December Loyals
564201,The December Loyals
572410,The September Loyals
306288,The October Loyals
568111,The November Loyals
201220,The December Loyals
533766,The June Loyals
990933,The November Loyals
806850,The Dormant Browsers
613265,The June Loyals
163608,The January Average
237984,The Summer-Fall Hybrids
288419,The May Planners
285738,The Lost Holiday Drifters
666556,The October Loyals
698180,The Summer-Fall Hybrids
807589,The September Loyals
135382,The March Loyals
444778,The December Loyals
502534,The February Loyals
589840,The June Loyals
551300,The September Loyals
990204,The September Loyals
148299,The May Planners
412902,The December Loyals
602694,The Q4 Boomerang
655721,The Q4 Boomerang
205445,The January Average
883349,New travelers
773293,The September Loyals
957127,The March Loyals
176611,The Dormant Browsers
848248,The May Planners
162013,The February Loyals
706628,New travelers
495027,The Dormant Browsers
731001,The Summer-Fall Hybrids
692096,The September Loyals
544569,The January Average
616220,The June Loyals
778426,The Summer-Fall Hybrids
211083,The October Loyals
693256,The October Loyals
343377,The November Loyals
608739,The September Loyals
421497,The September Loyals
268094,The Q4 Boomerang
982608,The Lost Holiday Drifters
703882,New travelers
821404,The Dormant Browsers
544561,The October Loyals
528074,New travelers
709550,The February Loyals
601448,The June Loyals
264234,The June Loyals
989048,The September Loyals
788460,The Lost Holiday Drifters
765973,New travelers
831087,The February Loyals
750776,The Lost Holiday Drifters
401336,The November Loyals
936612,The Lost Holiday Drifters
785836,The February Loyals
161437,The November Loyals
654187,The February Loyals
801821,The January Average
655044,The October Loyals
223946,The January Average
531286,The May Planners
655614,New travelers
101876,The Lost Holiday Drifters
908729,The March Loyals
622269,New travelers
929701,The January Average
622171,New travelers
708020,The February Loyals
919922,The Lost Holiday Drifters
479872,The September Loyals
277091,The February Loyals
386363,The September Loyals
307233,The October Loyals
199342,The October Loyals
810257,The May Planners
252341,The November Loyals
485397,The September Loyals
799399,The October Loyals
687748,New travelers
368830,New travelers
249224,The October Loyals
444684,The February Loyals
181726,The June Loyals
164559,The Q4 Boomerang
530978,The September Loyals
372261,The May Planners
738427,The December Loyals
295929,The December Loyals
381717,New travelers
437022,The November Loyals
582861,VIPs
945014,The February Loyals
809728,New travelers
460207,The June Loyals
567256,The January Average
543956,The Dormant Browsers
290599,The January Average
878909,The October Loyals
941194,The Q4 Boomerang
600820,New travelers
430228,The November Loyals
646168,The September Loyals
866302,The May Planners
998192,New travelers
189146,The Lost Holiday Drifters
290517,New travelers
513000,The Q4 Boomerang
917352,The Autumn Budget
277910,The Summer-Fall Hybrids
345014,The November Loyals
398305,New travelers
484194,The March Loyals
618309,The January Average
160686,The September Loyals
355995,The December Loyals
519203,The February Loyals
306402,The June Loyals
428590,New travelers
446315,The March Loyals
576716,The May Planners
111646,The Pandemic Drop-offs
685982,The June Loyals
166037,The September Loyals
236593,The March Loyals
784113,The May Planners
896790,The November Loyals
990595,The September Loyals
773261,The November Loyals
756907,The January Average
455287,New travelers
633999,The Dormant Browsers
285484,The October Loyals
342738,New travelers
907743,New travelers
484733,The Summer-Fall Hybrids
981848,The February Loyals
399575,The October Loyals
852310,The September Loyals
885007,The September Loyals
692097,New travelers
532813,The September Loyals
425445,The June Loyals
410460,The Lost Holiday Drifters
508854,The January Average
141233,The September Loyals
277769,The Q4 Boomerang
340479,The January Average
980651,The October Loyals
513708,The September Loyals
796508,The January Average
304770,The October Loyals
729762,New travelers
203258,New travelers
654890,The May Planners
716393,The May Planners
751612,The November Loyals
493427,The September Loyals
152016,The Dormant Browsers
577151,The Q4 Boomerang
204042,The January Average
254683,The February Loyals
824259,The January Average
259634,The Pandemic Drop-offs
730742,The Dormant Browsers
287593,The Summer-Fall Hybrids
481450,New travelers
503598,The September Loyals
591608,The May Planners
800923,The February Loyals
127128,The May Planners
518249,The January Average
682308,The November Loyals
974114,The January Average
179719,The September Loyals
780944,The March Loyals
369458,The September Loyals
202585,The December Loyals
924719,The September Loyals
345608,The December Loyals
662268,The February Loyals
526747,The Summer-Fall Hybrids
395121,The February Loyals
331698,The March Loyals
336539,The March Loyals
351513,New travelers
586542,The June Loyals
792383,The September Loyals
274264,The May Planners
460711,New travelers
117408,The March Loyals
498644,The June Loyals
231273,The January Average
329587,The June Loyals
206992,The June Loyals
421855,New travelers
469684,The January Average
763520,The Dormant Browsers
823112,The January Average
768012,The June Loyals
399418,The January Average
734035,The December Loyals
468542,New travelers
894340,The May Planners
192096,New travelers
787172,New travelers
400702,The December Loyals
416124,The December Loyals
456752,The Q4 Boomerang
466147,New travelers
226176,New travelers
837646,The Lost Holiday Drifters
559279,The May Planners
733693,The September Loyals
602900,The October Loyals
543978,The October Loyals
287212,New travelers
660436,The May Planners
472726,New travelers
887705,New travelers
220358,VIPs
590301,The February Loyals
420464,New travelers
640244,The November Loyals
384920,The March Loyals
573332,The June Loyals
458320,The Q4 Boomerang
101663,The February Loyals
873458,The March Loyals
502745,The Summer-Fall Hybrids
866815,New travelers
439296,The October Loyals
521311,The October Loyals
683909,New travelers
856229,New travelers
235629,New travelers
173212,The March Loyals
476875,The October Loyals
330464,The September Loyals
743768,The June Loyals
595325,The February Loyals
881198,The February Loyals
415090,The Dormant Browsers
748286,The Lost Holiday Drifters
949175,The November Loyals
437810,The September Loyals
297869,The November Loyals
182587,The Pandemic Drop-offs
818391,New travelers
272812,The September Loyals
273357,The December Loyals
302908,The November Loyals
217616,New travelers
905497,New travelers
166577,The December Loyals
820187,New travelers
315851,The September Loyals
469977,The January Average
784570,The Autumn Budget
465931,The March Loyals
482256,The September Loyals
733746,The January Average
526064,New travelers
655453,VIPs
130326,The January Average
845275,The March Loyals
527944,New travelers
757634,The May Planners
135808,The June Loyals
418281,The June Loyals
487536,New travelers
508115,The September Loyals
834522,New travelers
842379,The November Loyals
508443,New travelers
613925,The Lost Holiday Drifters
653304,New travelers
821325,New travelers
400478,The Pandemic Drop-offs
436081,The September Loyals
812282,The September Loyals
431277,The Summer-Fall Hybrids
631821,The September Loyals
282930,The February Loyals
577405,The January Average
753149,The November Loyals
222960,The September Loyals
232426,New travelers
397248,The September Loyals
785185,The June Loyals
879600,New travelers
418990,The June Loyals
205465,The Q4 Boomerang
382045,New travelers
738141,The Autumn Budget
751820,The September Loyals
956191,The October Loyals
359188,The Pandemic Drop-offs
342958,The Summer-Fall Hybrids
776830,New travelers
842236,The May Planners
444686,The February Loyals
627107,The Lost Holiday Drifters
728748,The March Loyals
746677,The September Loyals
630396,The May Planners
833765,The February Loyals
462077,The January Average
728586,The June Loyals
246775,The Dormant Browsers
471440,The Summer-Fall Hybrids
784945,The December Loyals
438120,The Q4 Boomerang
650290,The Pandemic Drop-offs
755538,The September Loyals
430712,The Summer-Fall Hybrids
724818,The September Loyals
660030,The December Loyals
102982,The May Planners
630880,The September Loyals
803796,The June Loyals
917972,The March Loyals
906623,The May Planners
161373,The Lost Holiday Drifters
241038,The January Average
541898,New travelers
235391,The January Average
272250,The March Loyals
293266,The February Loyals
391357,The Lost Holiday Drifters
328173,The September Loyals
559005,The September Loyals
165056,The June Loyals
847359,The September Loyals
596390,The March Loyals
913981,The December Loyals
727175,The September Loyals
437197,The February Loyals
879462,The March Loyals
483747,The Lost Holiday Drifters
993054,The October Loyals
598258,New travelers
941361,The January Average
280603,The December Loyals
445370,The January Average
750710,The May Planners
746171,The September Loyals
947641,The Q4 Boomerang
276746,The January Average
819765,The October Loyals
672170,The January Average
990268,The February Loyals
989256,The November Loyals
384905,New travelers
203864,The January Average
221014,New travelers
349342,The September Loyals
963410,The November Loyals
163445,New travelers
901231,The January Average
149981,New travelers
727053,The Pandemic Drop-offs
132319,The March Loyals
629642,The November Loyals
378181,The September Loyals
188668,The May Planners
628169,The June Loyals
290362,The May Planners
395189,New travelers
786525,The September Loyals
598398,The March Loyals
113316,The Dormant Browsers
426351,The October Loyals
423201,The November Loyals
401036,The September Loyals
896792,The February Loyals
831948,The February Loyals
794202,The Dormant Browsers
447962,The October Loyals
871094,The Dormant Browsers
628258,The November Loyals
782654,The November Loyals
736813,The Q4 Boomerang
485330,The Q4 Boomerang
428249,The October Loyals
483768,The February Loyals
837237,The June Loyals
170903,The Lost Holiday Drifters
624929,The November Loyals
349539,The February Loyals
508821,The September Loyals
172755,The Q4 Boomerang
742612,The October Loyals
675535,The November Loyals
797120,The Q4 Boomerang
118632,The June Loyals
711567,The October Loyals
752704,The March Loyals
343001,The February Loyals
618100,The June Loyals
335554,The September Loyals
569603,The October Loyals
672679,The Q4 Boomerang
183020,The December Loyals
749566,The October Loyals
358900,The May Planners
765323,The January Average
766355,The Q4 Boomerang
827147,The December Loyals
855026,The January Average
817136,The October Loyals
711577,The October Loyals
250696,The December Loyals
436247,The May Planners
763113,The June Loyals
817191,The September Loyals
861877,VIPs
493358,New travelers
853894,The January Average
729094,The June Loyals
256945,New travelers
646038,The May Planners
981160,The September Loyals
276494,The February Loyals
644938,The September Loyals
938981,New travelers
749459,The Q4 Boomerang
275694,The October Loyals
216500,New travelers
360435,The March Loyals
393604,The Dormant Browsers
608241,The October Loyals
638754,The Lost Holiday Drifters
195368,The October Loyals
877945,The October Loyals
577535,The September Loyals
572263,The September Loyals
750739,The Dormant Browsers
392774,The January Average
458202,The November Loyals
506190,The December Loyals
906564,The Lost Holiday Drifters
841219,The September Loyals
196779,The September Loyals
596586,The March Loyals
831253,The September Loyals
759132,New travelers
258141,The Q4 Boomerang
787525,The November Loyals
612650,The Pandemic Drop-offs
956861,The January Average
343978,The Pandemic Drop-offs
328576,The January Average
637655,The October Loyals
529106,The December Loyals
584285,The September Loyals
344749,The Q4 Boomerang
495632,The Q4 Boomerang
252147,The Q4 Boomerang
503494,New travelers
695250,The March Loyals
535525,The Pandemic Drop-offs
480732,The December Loyals
989666,The January Average
883574,The February Loyals
623144,The September Loyals
386082,The Dormant Browsers
748717,The February Loyals
314941,The February Loyals
804710,The May Planners
706185,New travelers
380031,The December Loyals
937163,The November Loyals
280545,The November Loyals
223354,The October Loyals
591579,New travelers
609184,The September Loyals
661274,The June Loyals
607548,The October Loyals
901857,The January Average
511642,The February Loyals
670371,The Summer-Fall Hybrids
272123,New travelers
957061,The October Loyals
772532,The Q4 Boomerang
372290,The November Loyals
451839,The Q4 Boomerang
334273,The March Loyals
263763,The Summer-Fall Hybrids
324801,The March Loyals
543478,The Summer-Fall Hybrids
553558,The September Loyals
797391,New travelers
576690,The January Average
572062,New travelers
922665,New travelers
308629,The December Loyals
276990,The June Loyals
912293,The October Loyals
994676,The May Planners
527640,The November Loyals
564141,The September Loyals
908123,The December Loyals
222453,The May Planners
580356,The March Loyals
771713,The June Loyals
118418,The September Loyals
392989,New travelers
430817,The May Planners
910157,The Q4 Boomerang
405739,The Pandemic Drop-offs
831180,The September Loyals
144633,The September Loyals
918564,The Summer-Fall Hybrids
347515,New travelers
444931,The February Loyals
347955,The November Loyals
458074,The November Loyals
734307,The May Planners
991568,The September Loyals
174439,The September Loyals
719192,The November Loyals
757127,New travelers
503096,New travelers
915638,The March Loyals
792514,The May Planners
352582,The December Loyals
107519,The Autumn Budget
186729,The Q4 Boomerang
197855,New travelers
202864,The October Loyals
845273,The September Loyals
930900,The February Loyals
165022,New travelers
447544,The March Loyals
343994,The March Loyals
330316,The September Loyals
662723,New travelers
685408,The February Loyals
773598,The May Planners
374266,The September Loyals
912757,The September Loyals
175249,The November Loyals
306068,The October Loyals
233084,The November Loyals
298999,The November Loyals
372737,New travelers
484495,The September Loyals
595978,The September Loyals
836603,New travelers
227906,The November Loyals
701954,The Summer-Fall Hybrids
846277,The Summer-Fall Hybrids
549238,The September Loyals
209172,The March Loyals
346633,The June Loyals
983872,New travelers
143730,The January Average
105688,The February Loyals
235063,The September Loyals
325082,The January Average
393975,New travelers
636745,The Lost Holiday Drifters
587284,The Dormant Browsers
282542,The September Loyals
153968,New travelers
244676,The Q4 Boomerang
749328,The June Loyals
621750,The Dormant Browsers
524234,The October Loyals
344121,VIPs
451240,The September Loyals
171027,New travelers
370744,The January Average
182130,The May Planners
154194,New travelers
231047,The March Loyals
391313,The Q4 Boomerang
422358,The May Planners
612233,The February Loyals
324295,The February Loyals
957276,The Pandemic Drop-offs
392430,The December Loyals
343425,The Lost Holiday Drifters
152423,The January Average
962472,The Q4 Boomerang
588516,The September Loyals
793549,The March Loyals
171137,The Summer-Fall Hybrids
189666,New travelers
258408,The May Planners
441509,The March Loyals
386446,New travelers
955567,The Dormant Browsers
218362,The September Loyals
137251,New travelers
902634,New travelers
103352,New travelers
237770,The May Planners
359091,The September Loyals
645986,The February Loyals
845947,The Summer-Fall Hybrids
851871,The October Loyals
937976,New travelers
905907,The October Loyals
128475,The June Loyals
958026,The May Planners
431201,The Q4 Boomerang
665373,The Lost Holiday Drifters
240299,New travelers
802316,The December Loyals
640833,The September Loyals
317094,The October Loyals
917725,The September Loyals
953307,New travelers
670289,The Autumn Budget
707276,The February Loyals
451819,The November Loyals
761966,The September Loyals
968370,The February Loyals
472314,The Dormant Browsers
767385,The September Loyals
576498,The January Average
799992,The May Planners
225482,The October Loyals
249381,The November Loyals
319766,New travelers
635531,The December Loyals
345657,The September Loyals
354150,The October Loyals
325830,The September Loyals
306965,The June Loyals
895972,The February Loyals
195848,The May Planners
111912,The December Loyals
686838,The May Planners
178331,The March Loyals
198167,The October Loyals
202859,The January Average
319901,New travelers
450802,The Q4 Boomerang
714123,The November Loyals
715514,The Q4 Boomerang
536082,The June Loyals
302669,The Q4 Boomerang
476080,The Lost Holiday Drifters
898423,The March Loyals
391402,The Autumn Budget
902040,The September Loyals
688058,The February Loyals
844582,The September Loyals
934912,The Summer-Fall Hybrids
177345,New travelers
991356,The January Average
981920,The October Loyals
282896,The September Loyals
169661,The December Loyals
113919,The September Loyals
738005,The October Loyals
638528,New travelers
866604,The January Average
546665,The September Loyals
701622,The September Loyals
943236,New travelers
423711,New travelers
836405,The November Loyals
690554,The May Planners
943668,New travelers
197138,The October Loyals
752462,The Dormant Browsers
172593,The February Loyals
403185,The March Loyals
585780,The May Planners
112522,The March Loyals
281777,New travelers
701732,New travelers
349046,The February Loyals
646502,The September Loyals
678786,The June Loyals
952859,New travelers
159344,The September Loyals
351461,New travelers
614787,The Lost Holiday Drifters
499932,The March Loyals
451446,The May Planners
626149,The September Loyals
911655,The November Loyals
408091,The Lost Holiday Drifters
486359,The December Loyals
666597,The September Loyals
372961,The Lost Holiday Drifters
373898,The June Loyals
370405,The Lost Holiday Drifters
697680,New travelers
818484,The September Loyals
285909,New travelers
997322,New travelers
457536,The September Loyals
805890,The January Average
679437,The December Loyals
842980,New travelers
303682,The November Loyals
849178,The May Planners
873554,The May Planners
427329,The June Loyals
505680,The September Loyals
510513,The March Loyals
231530,The September Loyals
178160,The December Loyals
423096,The September Loyals
593885,New travelers
616835,The March Loyals
699194,The Summer-Fall Hybrids
857946,The December Loyals
848973,The September Loyals
997359,The June Loyals
550839,The November Loyals
279408,The September Loyals
126262,The October Loyals
946932,The Q4 Boomerang
691332,New travelers
422750,The September Loyals
633734,The Pandemic Drop-offs
665763,New travelers
745792,The November Loyals
951616,The June Loyals
161728,New travelers
286883,The March Loyals
693138,The October Loyals
824414,The Dormant Browsers
773648,The June Loyals
950252,The Q4 Boomerang
484625,The June Loyals
798375,The September Loyals
489443,New travelers
276673,The December Loyals
733226,The Pandemic Drop-offs
855153,The Lost Holiday Drifters
162472,The Summer-Fall Hybrids
723186,The June Loyals
835693,The November Loyals
910093,The Q4 Boomerang
947367,The September Loyals
762715,The Q4 Boomerang
351966,New travelers
501209,The September Loyals
390651,New travelers
528693,The March Loyals
745600,The Pandemic Drop-offs
613709,New travelers
922703,New travelers
156959,The November Loyals
690971,The May Planners
837704,New travelers
607847,The Q4 Boomerang
771056,The May Planners
881741,New travelers
741313,The January Average
717232,The September Loyals
234973,The September Loyals
254853,The March Loyals
917423,The October Loyals
630290,The Lost Holiday Drifters
171902,The Lost Holiday Drifters
415441,The October Loyals
672893,The June Loyals
226191,The September Loyals
797432,New travelers
171908,New travelers
478792,The October Loyals
675385,The September Loyals
434620,The Summer-Fall Hybrids
833436,The November Loyals
915927,New travelers
173666,The Summer-Fall Hybrids
693659,The September Loyals
607266,New travelers
415292,New travelers
668624,The September Loyals
243294,New travelers
471170,The February Loyals
531514,The September Loyals
667692,The November Loyals
490824,The March Loyals
238607,The September Loyals
448896,The February Loyals
657865,The December Loyals
100428,The Dormant Browsers
272686,New travelers
761444,New travelers
598369,The October Loyals
389996,The Lost Holiday Drifters
833844,The Q4 Boomerang
776795,The November Loyals
173178,New travelers
146215,The January Average
747704,The Dormant Browsers
254428,New travelers
951941,The January Average
565841,The September Loyals
561621,The January Average
107649,The September Loyals
425687,The Q4 Boomerang
758113,The September Loyals
229094,The September Loyals
508824,The Dormant Browsers
121469,New travelers
456839,The May Planners
912064,The October Loyals
961177,New travelers
171582,The Lost Holiday Drifters
485845,The May Planners
273179,The September Loyals
135016,The September Loyals
582930,The June Loyals
200663,The Q4 Boomerang
266541,The Summer-Fall Hybrids
340782,The Q4 Boomerang
904317,New travelers
556453,The May Planners
583415,The May Planners
317664,The March Loyals
216445,New travelers
307785,The January Average
525866,New travelers
532333,The February Loyals
857912,The Dormant Browsers
884089,The March Loyals
285202,The Q4 Boomerang
478566,The Lost Holiday Drifters
892079,The October Loyals
742356,New travelers
971582,The February Loyals
122797,New travelers
717026,The September Loyals
568953,The January Average
968666,The Autumn Budget
445008,New travelers
123393,The February Loyals
521217,The December Loyals
311363,The September Loyals
330988,The Autumn Budget
696090,The September Loyals
989154,The December Loyals
243726,New travelers
403463,New travelers
775176,The January Average
891931,The Q4 Boomerang
424403,The November Loyals
283929,The February Loyals
477867,New travelers
996896,The June Loyals
376367,New travelers
892219,The October Loyals
929880,The May Planners
390434,The June Loyals
644551,The September Loyals
300008,The November Loyals
354002,The March Loyals
389387,New travelers
409768,New travelers
515969,The September Loyals
595027,The Summer-Fall Hybrids
642102,The September Loyals
109023,The Summer-Fall Hybrids
199494,New travelers
271987,New travelers
351753,The Dormant Browsers
408347,The Q4 Boomerang
735770,The September Loyals
369141,The June Loyals
690563,The September Loyals
229636,New travelers
304726,The December Loyals
187041,The December Loyals
510644,The Dormant Browsers
488268,The May Planners
452439,The January Average
441964,Holiday Travelers
381308,New travelers
718409,The June Loyals
979168,New travelers
395887,The June Loyals
348448,The September Loyals
736004,New travelers
878568,The May Planners
608116,The January Average
825569,The January Average
705496,The September Loyals
772395,New travelers
153987,The Q4 Boomerang
444904,New travelers
759223,The Summer-Fall Hybrids
793178,The March Loyals
114493,The September Loyals
896592,The September Loyals
873415,The September Loyals
804259,The December Loyals
906346,The January Average
212230,The September Loyals
391761,The November Loyals
760645,The November Loyals
485280,The Dormant Browsers
818454,The Q4 Boomerang
591476,The Pandemic Drop-offs
593868,The November Loyals
136230,New travelers
749441,The October Loyals
392582,The September Loyals
458773,New travelers
713981,The Pandemic Drop-offs
567865,The Q4 Boomerang
292049,The May Planners
606811,New travelers
444202,New travelers
353486,The October Loyals
952393,New travelers
729677,The February Loyals
450888,The June Loyals
238063,New travelers
853826,The December Loyals
864967,The Q4 Boomerang
312863,The November Loyals
582244,New travelers
412944,The September Loyals
330694,The Summer-Fall Hybrids
846732,The September Loyals
505522,The November Loyals
766091,The Q4 Boomerang
988927,New travelers
417564,The November Loyals
708337,New travelers
703711,The Summer-Fall Hybrids
136473,The March Loyals
669373,The February Loyals
836443,The December Loyals
485557,The June Loyals
504589,The December Loyals
840326,The September Loyals
514369,New travelers
756592,New travelers
455991,The September Loyals
625621,The October Loyals
603079,The June Loyals
388448,The September Loyals
832663,The March Loyals
454440,The December Loyals
902515,The March Loyals
876569,The June Loyals
839967,The November Loyals
151571,The Autumn Budget
570784,The December Loyals
170027,The September Loyals
464771,The Pandemic Drop-offs
292164,The October Loyals
738432,The January Average
463606,The February Loyals
472521,The September Loyals
872158,New travelers
352424,The January Average
100816,The September Loyals
986461,The March Loyals
183754,The January Average
931537,The Summer-Fall Hybrids
215314,New travelers
221287,The September Loyals
797845,The October Loyals
391106,The Summer-Fall Hybrids
519766,The Pandemic Drop-offs
442956,The March Loyals
241967,The January Average
419648,The January Average
557469,New travelers
253601,The September Loyals
941170,The September Loyals
333680,The May Planners
545917,The September Loyals
444060,The May Planners
572647,The Autumn Budget
311684,The September Loyals
357173,The May Planners
489501,The Lost Holiday Drifters
759603,The November Loyals
418958,The December Loyals
746502,The September Loyals
719213,The January Average
774275,The Dormant Browsers
158401,The Summer-Fall Hybrids
472879,The December Loyals
382243,The September Loyals
178335,The November Loyals
967300,New travelers
263766,The September Loyals
702915,The December Loyals
979449,The Pandemic Drop-offs
993170,New travelers
142371,The June Loyals
887464,The Dormant Browsers
892517,New travelers
428130,The March Loyals
583165,New travelers
605343,The Dormant Browsers
204994,The September Loyals
260838,The January Average
565811,The September Loyals
801953,The September Loyals
241391,The September Loyals
331706,The September Loyals
287979,The Dormant Browsers
566696,The September Loyals
954329,The Dormant Browsers
168887,The March Loyals
894799,The September Loyals
401055,The January Average
498694,The May Planners
113558,The December Loyals
781187,The June Loyals
452417,The October Loyals
741470,New travelers
323311,The November Loyals
519300,The February Loyals
522618,The June Loyals
583227,The June Loyals
222280,New travelers
927937,The September Loyals
790450,The June Loyals
650420,The January Average
543599,New travelers
482673,The Q4 Boomerang
708210,The February Loyals
169129,The September Loyals
300678,New travelers
700918,The January Average
307256,The February Loyals
378857,The January Average
448136,The June Loyals
791978,The October Loyals
474272,The Lost Holiday Drifters
274817,The September Loyals
368675,New travelers
261767,New travelers
584463,The October Loyals
159800,The Lost Holiday Drifters
160773,The September Loyals
496014,The June Loyals
515315,New travelers
623222,The October Loyals
270266,The January Average
775407,New travelers
796627,New travelers
777561,The March Loyals
731540,The February Loyals
455319,The December Loyals
318199,The September Loyals
804510,New travelers
637396,The June Loyals
663133,The March Loyals
678722,New travelers
616183,The Lost Holiday Drifters
356618,The May Planners
934893,The September Loyals
491369,The November Loyals
939593,New travelers
744304,The Lost Holiday Drifters
950336,The February Loyals
721786,The February Loyals
344570,The Q4 Boomerang
927165,New travelers
197192,The February Loyals
711864,The September Loyals
576051,The March Loyals
272551,New travelers
385861,The Q4 Boomerang
551961,The Lost Holiday Drifters
730008,New travelers
313708,The Summer-Fall Hybrids
807970,The Lost Holiday Drifters
502023,The Dormant Browsers
713039,The Q4 Boomerang
937476,The March Loyals
792332,The March Loyals
857516,The February Loyals
180216,The September Loyals
301793,The September Loyals
802196,The September Loyals
465095,The Q4 Boomerang
639117,The September Loyals
942779,The October Loyals
151554,The Summer-Fall Hybrids
290091,The October Loyals
280216,The March Loyals
348173,New travelers
452684,The Lost Holiday Drifters
399555,New travelers
958941,The Dormant Browsers
475233,The June Loyals
715184,The Dormant Browsers
583565,The February Loyals
907038,The Summer-Fall Hybrids
204375,The May Planners
788515,The May Planners
580508,The September Loyals
746235,New travelers
926106,The May Planners
531976,The May Planners
686397,New travelers
899287,The June Loyals
642901,The January Average
916478,The September Loyals
658310,The February Loyals
267474,The June Loyals
822555,The February Loyals
675057,The March Loyals
849330,The January Average
796541,The February Loyals
183224,The September Loyals
283709,The Q4 Boomerang
319092,The Lost Holiday Drifters
845488,The Autumn Budget
181498,New travelers
337818,The September Loyals
271043,The February Loyals
451183,The Lost Holiday Drifters
659882,The October Loyals
734727,The September Loyals
939103,The January Average
981434,The September Loyals
939319,The February Loyals
211524,The Summer-Fall Hybrids
404920,The October Loyals
380059,The March Loyals
159680,The September Loyals
748105,New travelers
428383,The Lost Holiday Drifters
109612,The Summer-Fall Hybrids
703621,The November Loyals
940874,New travelers
985757,The September Loyals
708160,The October Loyals
127185,The June Loyals
318945,The November Loyals
694021,The Summer-Fall Hybrids
408990,The September Loyals
595624,New travelers
730715,The September Loyals
353648,The Lost Holiday Drifters
967241,The September Loyals
314713,New travelers
367685,New travelers
207576,The September Loyals
252450,The February Loyals
866417,New travelers
392206,The September Loyals
967727,The Q4 Boomerang
462833,The September Loyals
971097,The October Loyals
338346,The September Loyals
550173,The September Loyals
950896,New travelers
354442,The September Loyals
410373,New travelers
884505,The September Loyals
723707,New travelers
795820,The February Loyals
155795,The January Average
452279,The Lost Holiday Drifters
431392,The Q4 Boomerang
449084,The September Loyals
489549,The Autumn Budget
530613,The Summer-Fall Hybrids
293685,The December Loyals
213979,The June Loyals
442980,The March Loyals
438383,The Q4 Boomerang
470802,The Q4 Boomerang
932453,The February Loyals
153953,The March Loyals
384737,New travelers
137999,The May Planners
838553,The Lost Holiday Drifters
771943,The September Loyals
201115,The September Loyals
384602,The Lost Holiday Drifters
281328,The May Planners
784271,The November Loyals
983242,The March Loyals
714206,The June Loyals
279468,The October Loyals
760166,The January Average
616667,The October Loyals
881818,The Summer-Fall Hybrids
677963,The November Loyals
944454,New travelers
932270,The November Loyals
133065,The March Loyals
775724,The October Loyals
270730,The June Loyals
938482,The Lost Holiday Drifters
181852,The September Loyals
321457,The May Planners
992986,The October Loyals
215952,The January Average
662973,The March Loyals
800450,The September Loyals
926494,The January Average
262574,New travelers
983809,The September Loyals
552364,The February Loyals
428922,The December Loyals
399973,The November Loyals
563386,Holiday Travelers
814067,The September Loyals
592145,The December Loyals
632974,The Q4 Boomerang
559622,The January Average
680569,The September Loyals
384818,New travelers
278928,The Summer-Fall Hybrids
572448,New travelers
861480,New travelers
146086,The December Loyals
580341,The February Loyals
526349,The October Loyals
262351,New travelers
506418,New travelers
543852,The January Average
307631,The Lost Holiday Drifters
350059,The Lost Holiday Drifters
486776,The September Loyals
611247,New travelers
251095,The December Loyals
242812,The September Loyals
822727,The February Loyals
526344,The Dormant Browsers
870522,The March Loyals
337925,The May Planners
874363,New travelers
507555,The September Loyals
920716,The Q4 Boomerang
956558,The Q4 Boomerang
966580,The November Loyals
462993,The March Loyals
601027,The October Loyals
266536,The May Planners
390924,The Lost Holiday Drifters
184035,The Dormant Browsers
632398,The June Loyals
290994,The January Average
760672,The June Loyals
483212,The Lost Holiday Drifters
489108,The March Loyals
450995,The September Loyals
430323,The October Loyals
883055,The September Loyals
762117,The September Loyals
309352,The November Loyals
631853,The September Loyals
470272,The May Planners
140042,New travelers
486117,The October Loyals
472702,New travelers
188328,The November Loyals
328543,The May Planners
129372,The October Loyals
483627,The December Loyals
493061,The December Loyals
802425,The March Loyals
986792,New travelers
268139,The January Average
933642,The September Loyals
399214,The September Loyals
289921,The June Loyals
910492,The Lost Holiday Drifters
456140,The November Loyals
760876,The December Loyals
884611,New travelers
862979,The December Loyals
498587,The September Loyals
654389,New travelers
262526,The January Average
155820,The February Loyals
163260,The May Planners
213177,The September Loyals
482681,The September Loyals
869712,New travelers
327365,New travelers
725182,The January Average
865494,New travelers
119633,The June Loyals
979355,The February Loyals
471204,The May Planners
278539,The May Planners
903327,The January Average
723015,The November Loyals
661118,The September Loyals
661587,The Dormant Browsers
902192,The May Planners
568880,The September Loyals
994374,The September Loyals
208234,The June Loyals
874601,The Q4 Boomerang
588943,New travelers
950961,New travelers
368045,The October Loyals
374421,The Q4 Boomerang
990122,New travelers
706425,New travelers
586686,The October Loyals
180024,New travelers
616875,The January Average
642043,The September Loyals
736646,The October Loyals
871627,The Q4 Boomerang
829505,The September Loyals
607538,New travelers
723112,The January Average
366540,The September Loyals
157212,The December Loyals
999902,The September Loyals
576911,The September Loyals
717150,The February Loyals
833397,The May Planners
279380,Holiday Travelers
187459,The Dormant Browsers
176688,The January Average
274473,The September Loyals
760111,The Q4 Boomerang
847312,New travelers
312490,The December Loyals
551248,The November Loyals
636413,The January Average
706962,The October Loyals
618871,The Dormant Browsers
325778,The September Loyals
236395,The September Loyals
908246,The March Loyals
980575,The December Loyals
706125,The October Loyals
906158,The September Loyals
977303,The October Loyals
593190,The March Loyals
369188,New travelers
323776,New travelers
279777,The January Average
224691,The January Average
246690,The February Loyals
359029,The Q4 Boomerang
989262,The Summer-Fall Hybrids
252135,New travelers
902277,The May Planners
193020,The May Planners
823319,The May Planners
664008,The Dormant Browsers
893266,The September Loyals
606875,The March Loyals
797216,The October Loyals
464117,New travelers
723438,The Q4 Boomerang
917191,The January Average
294184,New travelers
349577,The November Loyals
938031,The December Loyals
146702,The September Loyals
906946,The December Loyals
284782,The December Loyals
962455,The January Average
929455,New travelers
182205,The Dormant Browsers
530770,The September Loyals
141047,The October Loyals
413243,The November Loyals
211842,The November Loyals
567319,The March Loyals
349220,The January Average
162180,The November Loyals
297702,The November Loyals
994707,The January Average
796213,The Dormant Browsers
883841,The September Loyals
244762,The November Loyals
271357,The Summer-Fall Hybrids
338285,The November Loyals
855007,The March Loyals
614830,The September Loyals
664799,The June Loyals
381539,New travelers
609532,The February Loyals
666680,The March Loyals
789148,The December Loyals
404846,The December Loyals
315242,New travelers
455474,The September Loyals
650529,The November Loyals
938830,New travelers
915194,The November Loyals
738874,New travelers
288500,The September Loyals
554888,The Pandemic Drop-offs
352280,The Q4 Boomerang
599184,The January Average
196202,The January Average
164388,The March Loyals
317683,The December Loyals
224661,The September Loyals
239276,The October Loyals
123944,New travelers
258123,The December Loyals
822901,New travelers
229436,The January Average
178157,The Lost Holiday Drifters
438525,The Pandemic Drop-offs
574640,The February Loyals
914959,New travelers
352242,The November Loyals
443557,New travelers
456128,The October Loyals
429849,The March Loyals
728135,The Pandemic Drop-offs
373044,The Autumn Budget
762681,The May Planners
150383,New travelers
540316,The December Loyals
942413,The June Loyals
766335,The September Loyals
645919,The September Loyals
379414,The March Loyals
249270,New travelers
107571,The Summer-Fall Hybrids
549034,The May Planners
603739,The March Loyals
210298,The October Loyals
536409,The Dormant Browsers
726940,The Lost Holiday Drifters
557633,The January Average
345959,New travelers
349108,The Lost Holiday Drifters
554572,New travelers
663573,The May Planners
871380,The October Loyals
308214,The February Loyals
396048,New travelers
147241,The October Loyals
951389,The November Loyals
390190,The September Loyals
433300,The Lost Holiday Drifters
604783,The Summer-Fall Hybrids
638237,The Summer-Fall Hybrids
744117,The May Planners
948950,The September Loyals
106838,The March Loyals
145449,New travelers
611667,The Summer-Fall Hybrids
674876,New travelers
488151,The Lost Holiday Drifters
898698,The February Loyals
536092,The October Loyals
120583,The February Loyals
761674,The February Loyals
544421,The September Loyals
537701,The January Average
372622,The January Average
601332,The January Average
741657,New travelers
948616,The September Loyals
883816,The November Loyals
834012,New travelers
922786,The January Average
105073,The Q4 Boomerang
296915,The May Planners
250391,New travelers
249019,The September Loyals
928153,The January Average
681984,The September Loyals
155965,The March Loyals
619548,The September Loyals
647933,New travelers
804438,The January Average
877384,The September Loyals
404431,The September Loyals
615214,The January Average
499913,The Q4 Boomerang
952573,The Lost Holiday Drifters
851845,New travelers
102615,New travelers
861104,The January Average
201709,The September Loyals
490487,The September Loyals
787249,New travelers
301094,The March Loyals
779468,New travelers
442792,The January Average
748810,The May Planners
120434,The September Loyals
251432,The October Loyals
256731,The September Loyals
294005,The Summer-Fall Hybrids
401769,The December Loyals
759785,The September Loyals
902241,The February Loyals
389430,New travelers
623537,The January Average
892502,The September Loyals
718199,The Q4 Boomerang
170655,New travelers
766024,The October Loyals
760508,The October Loyals
763615,The December Loyals
605341,The January Average
292843,The September Loyals
792707,The September Loyals
270389,The January Average
786230,The Lost Holiday Drifters
213303,The October Loyals
230687,The Lost Holiday Drifters
696502,The March Loyals
991213,New travelers
715678,The September Loyals
843919,The Lost Holiday Drifters
481660,The Q4 Boomerang
950193,The January Average
698937,The September Loyals
557739,The March Loyals
170443,The November Loyals
407768,The November Loyals
132914,The November Loyals
942819,The September Loyals
240141,The Lost Holiday Drifters
173938,The June Loyals
263302,The Q4 Boomerang
594044,The Lost Holiday Drifters
896951,The October Loyals
302056,The February Loyals
982542,The Lost Holiday Drifters
223380,The Q4 Boomerang
583513,The June Loyals
958005,The October Loyals
858417,The January Average
282759,New travelers
189914,The September Loyals
384928,The December Loyals
407641,New travelers
127882,The November Loyals
934134,The January Average
223638,New travelers
224607,New travelers
611873,The May Planners
316307,The Autumn Budget
332855,New travelers
923108,The May Planners
472009,The March Loyals
162658,The September Loyals
670939,The May Planners
861079,The January Average
809681,The December Loyals
614634,The September Loyals
649680,New travelers
440928,The March Loyals
835484,The September Loyals
621072,The Autumn Budget
767507,The March Loyals
104586,The January Average
387880,The June Loyals
484243,The March Loyals
873436,The September Loyals
633299,The December Loyals
826984,New travelers
817527,The June Loyals
345090,New travelers
579726,The September Loyals
922614,The Q4 Boomerang
388985,The February Loyals
399397,The December Loyals
263781,The January Average
456294,The January Average
131680,The October Loyals
433678,The June Loyals
933656,The January Average
979262,The September Loyals
544890,The May Planners
298795,The June Loyals
135312,The September Loyals
551313,New travelers
476571,The June Loyals
568442,The June Loyals
417838,The June Loyals
941092,The Dormant Browsers
952955,The May Planners
994609,The October Loyals
433017,The Autumn Budget
842054,The March Loyals
149884,The May Planners
184207,New travelers
957214,The October Loyals
909262,The September Loyals
295795,The Q4 Boomerang
556879,New travelers
616920,The November Loyals
725086,The May Planners
391939,The January Average
787001,The November Loyals
426720,The May Planners
891516,New travelers
663757,The Summer-Fall Hybrids
830503,The September Loyals
106397,The June Loyals
883212,The June Loyals
829684,The September Loyals
806168,The Dormant Browsers
621951,The March Loyals
439350,The December Loyals
837215,The December Loyals
419776,The December Loyals
313538,The January Average
797854,New travelers
100018,The September Loyals
767774,New travelers
383969,The Summer-Fall Hybrids
611436,The January Average
552936,The Q4 Boomerang
127311,The September Loyals
132705,The December Loyals
384336,The March Loyals
828353,The September Loyals
502708,The November Loyals
535233,The November Loyals
276937,The January Average
857878,The January Average
730726,The January Average
749257,New travelers
298813,The Dormant Browsers
878327,New travelers
817168,The September Loyals
425436,The March Loyals
620858,The December Loyals
170799,The May Planners
442879,The June Loyals
507503,The May Planners
952717,The June Loyals
119009,The December Loyals
734459,The September Loyals
554712,New travelers
307848,The October Loyals
581913,The Q4 Boomerang
159272,The May Planners
914352,New travelers
675879,New travelers
181139,The February Loyals
969313,The September Loyals
702884,The September Loyals
357381,The March Loyals
464447,The January Average
823740,The September Loyals
950660,The May Planners
854742,New travelers
935420,The October Loyals
119015,New travelers
153998,The September Loyals
299359,The January Average
474342,The February Loyals
157902,The Q4 Boomerang
383421,The November Loyals
670294,The November Loyals
874044,The October Loyals
167016,The February Loyals
131036,The Summer-Fall Hybrids
253635,The September Loyals
169699,The Lost Holiday Drifters
886299,The Dormant Browsers
442831,The Lost Holiday Drifters
600923,New travelers
803252,New travelers
184754,The February Loyals
644945,The June Loyals
797714,The September Loyals
419893,The September Loyals
509223,The Q4 Boomerang
883255,The May Planners
371511,The September Loyals
558451,The March Loyals
638004,The Autumn Budget
204935,The February Loyals
799690,The October Loyals
485281,The Summer-Fall Hybrids
146560,New travelers
157674,The May Planners
330343,The September Loyals
828817,The January Average
953795,The September Loyals
255333,The October Loyals
412803,The September Loyals
515165,The September Loyals
119460,The June Loyals
491244,New travelers
209022,The October Loyals
691262,The March Loyals
480909,The September Loyals
690797,The November Loyals
635084,The March Loyals
614307,The September Loyals
992476,The September Loyals
215955,The Q4 Boomerang
436235,The March Loyals
566961,The May Planners
517867,The May Planners
457535,The June Loyals
361710,New travelers
205111,The December Loyals
733370,The June Loyals
791282,New travelers
352092,The January Average
120126,The Dormant Browsers
585978,The Autumn Budget
516474,The June Loyals
463971,The May Planners
365468,The February Loyals
967233,New travelers
965691,New travelers
478912,The January Average
748033,New travelers
638207,The March Loyals
691077,The November Loyals
203698,The September Loyals
293343,New travelers
545421,The May Planners
621006,The October Loyals
799630,VIPs
534905,The Summer-Fall Hybrids
244734,New travelers
275287,The May Planners
205197,The September Loyals
499482,The Q4 Boomerang
748682,The May Planners
230101,The September Loyals
916317,New travelers
744711,New travelers
146028,The October Loyals
330783,The Lost Holiday Drifters
887069,New travelers
226804,New travelers
575574,The September Loyals
259532,The June Loyals
506149,New travelers
831545,New travelers
246421,The November Loyals
625183,The March Loyals
901819,The September Loyals
752826,The February Loyals
443595,The November Loyals
116164,The Dormant Browsers
612703,The May Planners
444300,The Q4 Boomerang
449223,New travelers
651959,The September Loyals
763702,The February Loyals
876326,The October Loyals
726980,The November Loyals
652499,New travelers
863432,The September Loyals
661451,The June Loyals
384548,The Summer-Fall Hybrids
928238,The September Loyals
943756,The February Loyals
680444,The September Loyals
205413,The March Loyals
285767,The Lost Holiday Drifters
786287,The June Loyals
298063,The November Loyals
756646,The May Planners
996745,The November Loyals
670230,New travelers
995662,The March Loyals
272568,The June Loyals
276255,The November Loyals
390203,The March Loyals
943602,The Q4 Boomerang
549415,The September Loyals
716690,The September Loyals
406564,The September Loyals
581999,The February Loyals
328198,The January Average
642784,New travelers
436874,The November Loyals
169131,New travelers
381472,The November Loyals
149912,The Q4 Boomerang
564841,The October Loyals
136464,New travelers
416783,The December Loyals
452464,The Summer-Fall Hybrids
590621,New travelers
827194,The Dormant Browsers
389741,The Summer-Fall Hybrids
522866,The December Loyals
103970,The May Planners
115322,The September Loyals
578788,The Lost Holiday Drifters
725129,The October Loyals
849549,The November Loyals
680878,New travelers
303246,The May Planners
523979,New travelers
898514,The Q4 Boomerang
487228,The Summer-Fall Hybrids
857619,The June Loyals
393130,The Q4 Boomerang
238434,The October Loyals
276100,The March Loyals
733181,The January Average
276967,The Pandemic Drop-offs
971318,The June Loyals
350271,The Q4 Boomerang
838993,The Dormant Browsers
232450,The November Loyals
704559,The December Loyals
885474,The September Loyals
804890,The Q4 Boomerang
752140,The October Loyals
164224,The Q4 Boomerang
522572,The March Loyals
963502,The December Loyals
429238,The March Loyals
647133,The Summer-Fall Hybrids
165759,The November Loyals
393309,The September Loyals
969800,New travelers
311907,The June Loyals
437074,The December Loyals
200065,The May Planners
910391,The September Loyals
548565,The September Loyals
795283,The October Loyals
137968,The Summer-Fall Hybrids
836550,The Autumn Budget
840515,The May Planners
649802,The December Loyals
110073,New travelers
435156,The February Loyals
663270,The September Loyals
436318,New travelers
465424,The Summer-Fall Hybrids
355126,The October Loyals
258184,The November Loyals
279693,The May Planners
336817,New travelers
390980,The Pandemic Drop-offs
493337,New travelers
669065,The October Loyals
267566,The January Average
711319,The Lost Holiday Drifters
683239,The Pandemic Drop-offs
387834,The September Loyals
101709,The November Loyals
200321,The October Loyals
620480,The October Loyals
926277,The September Loyals
216517,The September Loyals
345238,The September Loyals
434965,New travelers
515981,The March Loyals
270337,The February Loyals
117169,The September Loyals
652194,The January Average
193917,The December Loyals
813868,New travelers
152936,New travelers
364137,The May Planners
454668,The September Loyals
493088,The June Loyals
601068,New travelers
508402,The Summer-Fall Hybrids
843233,The June Loyals
106444,The Summer-Fall Hybrids
833576,The November Loyals
782284,The September Loyals
574542,The February Loyals
623903,The December Loyals
175711,The Summer-Fall Hybrids
239606,The November Loyals
272225,New travelers
334224,The February Loyals
314718,The September Loyals
830975,The March Loyals
258323,The January Average
117240,The Summer-Fall Hybrids
362823,New travelers
312074,The June Loyals
700705,The September Loyals
281979,The February Loyals
318845,New travelers
670606,The September Loyals
551055,The March Loyals
666761,The Pandemic Drop-offs
207484,New travelers
777875,The January Average
803407,The June Loyals
128534,The November Loyals
513446,The January Average
445282,New travelers
607555,The December Loyals
709415,The March Loyals
855198,The September Loyals
261957,The November Loyals
210734,The November Loyals
425940,The June Loyals
541410,The Q4 Boomerang
561321,The June Loyals
186942,The February Loyals
250280,The December Loyals
500437,New travelers
163301,New travelers
742822,The Summer-Fall Hybrids
697477,The May Planners
364067,The October Loyals
534505,New travelers
242980,New travelers
878582,The Summer-Fall Hybrids
444646,The November Loyals
799655,The June Loyals
677717,The Dormant Browsers
756065,The March Loyals
956438,The December Loyals
244652,The September Loyals
366654,The December Loyals
461937,The June Loyals
319464,New travelers
758210,The November Loyals
262366,The November Loyals
575844,The October Loyals
577795,The March Loyals
644630,The February Loyals
779066,The September Loyals
901582,New travelers
914088,The January Average
974630,The June Loyals
680553,New travelers
426981,The September Loyals
539322,The October Loyals
570668,New travelers
171691,New travelers
732524,The May Planners
701235,The November Loyals
178081,New travelers
679638,The November Loyals
199810,The December Loyals
411533,The September Loyals
747939,The January Average
641970,The September Loyals
924153,The September Loyals
625557,The May Planners
906615,The September Loyals
682819,The November Loyals
179944,The September Loyals
457605,The Lost Holiday Drifters
795235,New travelers
482424,New travelers
168385,The November Loyals
157300,The Summer-Fall Hybrids
472225,The November Loyals
331598,The February Loyals
311636,The September Loyals
496668,New travelers
153439,New travelers
402251,The February Loyals
511226,New travelers
525918,The Dormant Browsers
782282,The October Loyals
341728,The February Loyals
155253,The Lost Holiday Drifters
258067,The Summer-Fall Hybrids
950437,The September Loyals
243734,The Summer-Fall Hybrids
613185,The January Average
809733,The June Loyals
547407,The September Loyals
169603,New travelers
275954,New travelers
538877,The September Loyals
812899,The March Loyals
875232,The February Loyals
572812,The Lost Holiday Drifters
834306,The January Average
256483,The October Loyals
466384,New travelers
565452,The October Loyals
638389,The May Planners
809216,The February Loyals
203815,The Lost Holiday Drifters
997395,The February Loyals
426439,The November Loyals
465891,The Autumn Budget
380247,The October Loyals
662380,The February Loyals
753814,The September Loyals
917585,The September Loyals
294278,New travelers
496686,The Lost Holiday Drifters
544493,The December Loyals
919055,New travelers
290638,The March Loyals
632556,The March Loyals
815541,The May Planners
840120,The September Loyals
177814,New travelers
339274,New travelers
817822,The March Loyals
248461,The February Loyals
636293,The September Loyals
210205,The May Planners
262336,The March Loyals
583718,The March Loyals
927887,The December Loyals
166537,The January Average
632816,New travelers
281032,New travelers
586076,New travelers
233958,The January Average
523188,New travelers
675405,The October Loyals
705633,New travelers
203033,The February Loyals
427036,The Dormant Browsers
549982,The May Planners
857949,New travelers
184735,The October Loyals
298712,The March Loyals
453448,The Summer-Fall Hybrids
608159,The September Loyals
416940,The Lost Holiday Drifters
455068,The May Planners
139974,New travelers
794951,The Autumn Budget
942703,The October Loyals
655016,The Lost Holiday Drifters
129071,New travelers
252531,New travelers
688168,The May Planners
530051,VIPs
917998,The September Loyals
288735,The December Loyals
529579,New travelers
891179,The September Loyals
882353,The October Loyals
899883,The Autumn Budget
597981,The March Loyals
391927,The September Loyals
454022,The December Loyals
784608,The September Loyals
357138,The February Loyals
538770,The November Loyals
670215,The December Loyals
794502,The Dormant Browsers
327098,The February Loyals
963757,The February Loyals
640163,New travelers
398819,The June Loyals
369091,The November Loyals
716961,The December Loyals
250586,The June Loyals
769361,The October Loyals
735666,The June Loyals
190791,The February Loyals
126308,New travelers
390022,New travelers
416575,The December Loyals
500788,The September Loyals
882443,New travelers
427804,New travelers
396267,The February Loyals
952222,The March Loyals
873045,The May Planners
990598,The February Loyals
384750,The June Loyals
665100,The June Loyals
235454,The Lost Holiday Drifters
833998,The June Loyals
175804,The January Average
861879,The Pandemic Drop-offs
443985,The March Loyals
701617,The December Loyals
394979,The September Loyals
464220,The September Loyals
245800,The September Loyals
952959,The February Loyals
617484,The September Loyals
430618,The September Loyals
276947,The Autumn Budget
580592,New travelers
417825,The November Loyals
622302,New travelers
397947,The January Average
139518,The September Loyals
592966,The September Loyals
321734,The Q4 Boomerang
912128,The May Planners
135578,The Dormant Browsers
933807,The May Planners
847283,New travelers
142190,The September Loyals
574506,The Dormant Browsers
408886,The October Loyals
101664,The November Loyals
307049,The November Loyals
726544,The Q4 Boomerang
337453,The Dormant Browsers
166239,The May Planners
711625,The January Average
223313,The Dormant Browsers
924796,New travelers
833052,VIPs
194009,The Summer-Fall Hybrids
288636,The Summer-Fall Hybrids
391900,The Dormant Browsers
499128,The January Average
743798,The September Loyals
779159,The September Loyals
899825,The June Loyals
756355,The September Loyals
175584,The September Loyals
435097,The June Loyals
612162,The June Loyals
797991,The December Loyals
996086,The March Loyals
499945,The June Loyals
878929,The Summer-Fall Hybrids
362841,The June Loyals
921489,The June Loyals
166705,The September Loyals
927676,The March Loyals
439068,New travelers
926058,New travelers
765223,New travelers
880580,New travelers
970637,The December Loyals
979703,The February Loyals
213480,Holiday Travelers
921403,The Lost Holiday Drifters
216040,The September Loyals
981536,The September Loyals
404801,The Q4 Boomerang
400272,The March Loyals
772081,The Q4 Boomerang
817074,The Dormant Browsers
756317,The Summer-Fall Hybrids
950593,The September Loyals
794677,The September Loyals
123344,The December Loyals
149318,The November Loyals
199374,The May Planners
713465,The September Loyals
716533,The September Loyals
411583,The March Loyals
572505,New travelers
236701,New travelers
394927,The Summer-Fall Hybrids
523210,The January Average
532592,The October Loyals
116016,The June Loyals
376072,The June Loyals
494498,The September Loyals
618409,The September Loyals
201365,The February Loyals
206108,The January Average
997121,The Autumn Budget
379446,The Q4 Boomerang
337980,The October Loyals
654919,New travelers
876269,The October Loyals
322606,The September Loyals
342583,The December Loyals
770634,The December Loyals
139270,New travelers
191869,The December Loyals
138565,The September Loyals
420439,The May Planners
575145,New travelers
991638,The May Planners
850828,The December Loyals
950356,The March Loyals
212848,The Summer-Fall Hybrids
208584,The February Loyals
401645,The March Loyals
135554,The Dormant Browsers
422204,The November Loyals
663402,Holiday Travelers
908120,The May Planners
327285,The February Loyals
454073,The December Loyals
778865,The March Loyals
542636,New travelers
593651,The September Loyals
152007,The Dormant Browsers
195684,New travelers
737477,The January Average
975749,The September Loyals
966512,The Dormant Browsers
255818,The Lost Holiday Drifters
396018,The October Loyals
854835,The Lost Holiday Drifters
550575,New travelers
917983,The September Loyals
555947,The Summer-Fall Hybrids
879177,The September Loyals
892000,New travelers
936010,New travelers
116332,The September Loyals
313681,The September Loyals
118514,New travelers
624065,The October Loyals
589765,The December Loyals
812149,The January Average
820541,The September Loyals
509149,The Pandemic Drop-offs
496233,The September Loyals
579438,New travelers
955479,The January Average
159856,The September Loyals
113476,The October Loyals
707754,The September Loyals
626510,New travelers
918042,The September Loyals
972994,The March Loyals
110262,The Dormant Browsers
304764,The Pandemic Drop-offs
923680,The November Loyals
261468,The January Average
240761,The Dormant Browsers
689477,The September Loyals
959977,The Summer-Fall Hybrids
858013,Holiday Travelers
941380,The May Planners
773986,The February Loyals
464114,The Q4 Boomerang
268293,The February Loyals
929097,The January Average
492159,The September Loyals
565876,The September Loyals
248885,The October Loyals
768010,The Summer-Fall Hybrids
817573,The February Loyals
263339,The February Loyals
848804,The February Loyals
871045,The March Loyals
123420,The December Loyals
155623,New travelers
179042,The February Loyals
883002,The December Loyals
693852,The March Loyals
618817,The October Loyals
446096,New travelers
201898,The Lost Holiday Drifters
243455,The June Loyals
514235,The May Planners
858453,The September Loyals
257393,New travelers
972795,The Summer-Fall Hybrids
875560,The December Loyals
980494,New travelers
699397,The September Loyals
561053,VIPs
898229,The March Loyals
173356,The November Loyals
663382,The October Loyals
462247,The Dormant Browsers
533365,The December Loyals
619404,The May Planners
370014,The November Loyals
672308,The June Loyals
855190,New travelers
647726,The September Loyals
112026,The December Loyals
853540,The March Loyals
400513,New travelers
755014,The May Planners
212707,The November Loyals
120192,The September Loyals
201475,The Summer-Fall Hybrids
374941,The May Planners
502141,The September Loyals
332430,The February Loyals
941882,The February Loyals
872814,The October Loyals
969378,The November Loyals
608504,New travelers
902562,The January Average
998580,The September Loyals
606600,The February Loyals
329826,The October Loyals
723912,The February Loyals
491513,The September Loyals
665031,New travelers
192355,The September Loyals
651645,New travelers
147602,The December Loyals
514042,The Summer-Fall Hybrids
945703,The Summer-Fall Hybrids
828852,The October Loyals
505871,New travelers
381748,The September Loyals
533950,The March Loyals
973070,New travelers
131721,The January Average
314842,The September Loyals
138873,The Lost Holiday Drifters
223081,New travelers
135872,The Lost Holiday Drifters
863093,New travelers
812373,The May Planners
618523,The May Planners
705113,The September Loyals
659112,The February Loyals
765955,The May Planners
375814,The May Planners
969687,The December Loyals
289732,The September Loyals
585275,The November Loyals
710364,The January Average
419275,The September Loyals
264145,The May Planners
658726,The Lost Holiday Drifters
256920,New travelers
314898,The September Loyals
140735,New travelers
284362,The October Loyals
792932,The Lost Holiday Drifters
198713,The September Loyals
713853,The May Planners
349490,The June Loyals
369242,The September Loyals
985320,The Lost Holiday Drifters
921886,The January Average
189836,The February Loyals
788870,The June Loyals
753456,The Q4 Boomerang
759847,The Dormant Browsers
605790,The November Loyals
984086,The October Loyals
442249,The February Loyals
858222,New travelers
866295,The Pandemic Drop-offs
546827,The November Loyals
938822,VIPs
300606,The December Loyals
392335,The March Loyals
189822,The September Loyals
678243,The February Loyals
138025,The Lost Holiday Drifters
290554,The November Loyals
681593,The Summer-Fall Hybrids
705006,The January Average
907077,The September Loyals
842793,The February Loyals
273144,The September Loyals
311857,New travelers
112894,New travelers
895346,The September Loyals
826149,The January Average
459128,The March Loyals
524951,New travelers
649994,The September Loyals
413101,The December Loyals
165893,The November Loyals
206207,The February Loyals
697162,The Summer-Fall Hybrids
222102,The December Loyals
752259,The March Loyals
577278,The January Average
685546,The June Loyals
931657,The Dormant Browsers
486143,The September Loyals
148767,The October Loyals
696864,The November Loyals
437403,The Lost Holiday Drifters
672649,New travelers
894532,New travelers
767648,The March Loyals
521225,The March Loyals
521486,The June Loyals
912984,New travelers
956477,The June Loyals
225920,The November Loyals
821712,New travelers
365596,The January Average
251874,The May Planners
660684,The January Average
839494,New travelers
432200,The March Loyals
467631,The May Planners
540109,The May Planners
893294,The January Average
919285,The Dormant Browsers
684491,The February Loyals
978934,New travelers
405318,The January Average
266757,The September Loyals
643912,The September Loyals
593386,The September Loyals
654122,The October Loyals
668843,The November Loyals
707424,The November Loyals
725962,The Q4 Boomerang
411686,The Dormant Browsers
481860,New travelers
164017,The Summer-Fall Hybrids
812417,The May Planners
473786,The September Loyals
438698,New travelers
732368,The December Loyals
124761,The December Loyals
126581,The March Loyals
502390,The March Loyals
940760,The October Loyals
914609,The September Loyals
717250,The June Loyals
233877,New travelers
768996,The May Planners
932526,The Summer-Fall Hybrids
323542,The February Loyals
637580,The January Average
183208,The May Planners
131342,The October Loyals
331094,The Q4 Boomerang
424126,The May Planners
869226,The September Loyals
437357,The May Planners
485040,The May Planners
840376,The February Loyals
187887,The October Loyals
113679,The September Loyals
188542,The May Planners
579990,The December Loyals
295412,The October Loyals
523904,The November Loyals
702269,The Q4 Boomerang
561917,The Q4 Boomerang
169665,The June Loyals
178720,The January Average
813725,The December Loyals
160779,New travelers
819315,New travelers
882544,The May Planners
853704,The September Loyals
521252,The March Loyals
538550,The March Loyals
851931,The November Loyals
704603,The May Planners
787018,New travelers
872079,The Q4 Boomerang
622527,The September Loyals
992488,The May Planners
616746,The Dormant Browsers
714379,The May Planners
242917,The January Average
986055,The December Loyals
601940,The May Planners
740754,The Summer-Fall Hybrids
222644,New travelers
882466,The September Loyals
233831,New travelers
216139,The December Loyals
286614,New travelers
759899,The October Loyals
122283,The Dormant Browsers
227293,The September Loyals
669368,The June Loyals
696199,The March Loyals
904920,The December Loyals
781777,The September Loyals
344671,The Q4 Boomerang
274204,The February Loyals
312933,The November Loyals
576184,The March Loyals
682356,The February Loyals
861470,The Dormant Browsers
904736,The January Average
539739,New travelers
213934,The September Loyals
461199,The September Loyals
719162,The Lost Holiday Drifters
818940,The Q4 Boomerang
563217,The November Loyals
679155,New travelers
362293,The September Loyals
564305,New travelers
659205,The December Loyals
329302,The June Loyals
280588,The May Planners
470739,New travelers
694512,The October Loyals
680485,The Lost Holiday Drifters
744612,The November Loyals
444154,The September Loyals
828040,New travelers
127279,The September Loyals
584564,The March Loyals
460943,The Lost Holiday Drifters
296141,New travelers
176521,The Summer-Fall Hybrids
314317,The March Loyals
357567,The November Loyals
734791,The October Loyals
977274,The September Loyals
202182,The September Loyals
522758,The December Loyals
389488,The January Average
700958,New travelers
139356,New travelers
355515,The September Loyals
979983,The Q4 Boomerang
974606,The October Loyals
360730,The September Loyals
221775,The January Average
116045,The September Loyals
492433,The January Average
516133,The January Average
351897,The Summer-Fall Hybrids
399704,The June Loyals
423254,The March Loyals
579584,New travelers
946645,The Lost Holiday Drifters
687463,The November Loyals
915286,The September Loyals
696504,The March Loyals
954293,The Q4 Boomerang
225576,The May Planners
605269,The March Loyals
726688,The December Loyals
795840,The Lost Holiday Drifters
802002,The March Loyals
883155,The September Loyals
664493,The January Average
967502,The Summer-Fall Hybrids
560990,The Q4 Boomerang
530955,The June Loyals
929302,The March Loyals
515134,The November Loyals
645244,The December Loyals
937254,New travelers
959673,The September Loyals
856830,The January Average
113656,New travelers
339573,The September Loyals
267717,The Q4 Boomerang
108481,New travelers
676408,The May Planners
423228,The September Loyals
307033,The September Loyals
484774,New travelers
573458,The March Loyals
372755,The January Average
909260,The May Planners
811335,The May Planners
460770,New travelers
742281,The October Loyals
238442,The January Average
535482,The Dormant Browsers
131321,The May Planners
645114,The Q4 Boomerang
429244,The January Average
951719,The December Loyals
336281,The December Loyals
673424,The October Loyals
927703,The February Loyals
636813,The November Loyals
967490,The November Loyals
256360,The March Loyals
658076,The Q4 Boomerang
933682,The Summer-Fall Hybrids
241468,New travelers
728386,The Q4 Boomerang
738890,The Lost Holiday Drifters
405928,The September Loyals
475532,The September Loyals
198147,The January Average
234435,The September Loyals
302839,The Summer-Fall Hybrids
566182,The Dormant Browsers
721973,The February Loyals
458745,The Dormant Browsers
246736,The September Loyals
703374,The Q4 Boomerang
275637,The January Average
148487,The October Loyals
581531,The October Loyals
585495,New travelers
685631,The Lost Holiday Drifters
711285,New travelers
863223,The December Loyals
988552,New travelers
519742,The September Loyals
526481,The May Planners
517538,The September Loyals
707762,New travelers
261125,The March Loyals
108666,The December Loyals
560149,The May Planners
624487,The February Loyals
657980,New travelers
884875,The January Average
635026,New travelers
199603,The March Loyals
444652,The Autumn Budget
698510,The January Average
470450,New travelers
565602,The November Loyals
891604,The September Loyals
356828,The June Loyals
478890,The September Loyals
930774,The Q4 Boomerang
789892,The October Loyals
856348,The September Loyals
932623,The September Loyals
436041,The November Loyals
372111,The September Loyals
278464,New travelers
878518,New travelers
872752,The Q4 Boomerang
432941,The Lost Holiday Drifters
607997,The March Loyals
720131,The Q4 Boomerang
913153,New travelers
263592,The June Loyals
472719,The May Planners
924630,The June Loyals
786255,The November Loyals
857771,The Lost Holiday Drifters
803177,New travelers
717891,The December Loyals
946070,The September Loyals
580554,The February Loyals
891727,The September Loyals
208517,The May Planners
354547,The March Loyals
941683,The September Loyals
412429,The Autumn Budget
912252,The November Loyals
343884,New travelers
628475,The February Loyals
201273,The Dormant Browsers
733728,The December Loyals
733096,The June Loyals
776453,The November Loyals
761613,The September Loyals
932244,New travelers
630711,The February Loyals
589101,The May Planners
782804,New travelers
980338,The December Loyals
828731,The September Loyals
456367,The February Loyals
242304,The February Loyals
929913,The November Loyals
709238,The June Loyals
606214,The March Loyals
295327,The September Loyals
419748,The September Loyals
540380,New travelers
851981,The June Loyals
948693,The May Planners
247391,The Lost Holiday Drifters
937228,The September Loyals
667634,The January Average
840059,The May Planners
884522,The January Average
102376,The Summer-Fall Hybrids
259110,The September Loyals
470671,The September Loyals
189775,The November Loyals
646189,The March Loyals
253466,The May Planners
283807,The November Loyals
312630,The Summer-Fall Hybrids
918017,The Dormant Browsers
766012,New travelers
663098,New travelers
939856,The Q4 Boomerang
515826,The March Loyals
475535,New travelers
725120,The December Loyals
151036,The Dormant Browsers
845820,The Lost Holiday Drifters
887511,The Dormant Browsers
254230,The January Average
439361,The May Planners
362471,The January Average
928644,VIPs
185830,The December Loyals
187318,The Dormant Browsers
389928,The September Loyals
444366,The November Loyals
939098,The May Planners
418793,The February Loyals
445496,The February Loyals
773865,The September Loyals
329735,The September Loyals
151327,The June Loyals
347231,The November Loyals
835973,The September Loyals
372663,The Q4 Boomerang
672904,The December Loyals
841373,The Summer-Fall Hybrids
579931,The May Planners
157704,The September Loyals
319052,The January Average
229265,The Dormant Browsers
741244,New travelers
618390,The December Loyals
814112,The Q4 Boomerang
221361,New travelers
277565,The May Planners
900753,The Pandemic Drop-offs
377928,New travelers
328116,The November Loyals
609664,New travelers
192994,The September Loyals
298671,The October Loyals
805598,New travelers
301603,The September Loyals
675240,New travelers
852012,New travelers
307047,The September Loyals
847772,The September Loyals
683503,The May Planners
220794,The September Loyals
655995,New travelers
757416,New travelers
826589,The January Average
703104,The September Loyals
523399,The Lost Holiday Drifters
648586,The February Loyals
124931,New travelers
575833,The December Loyals
161956,The Summer-Fall Hybrids
489279,The December Loyals
880805,The Q4 Boomerang
867757,The September Loyals
652518,The September Loyals
207001,The June Loyals
975846,The May Planners
198010,The September Loyals
543285,The Dormant Browsers
432843,The February Loyals
373242,The Dormant Browsers
263246,The December Loyals
110065,The Dormant Browsers
172491,New travelers
788001,The October Loyals
103383,New travelers
600712,The Summer-Fall Hybrids
666189,New travelers
738473,The September Loyals
256003,The December Loyals
881000,The January Average
889569,The February Loyals
165742,The October Loyals
576074,The September Loyals
942017,The Lost Holiday Drifters
315235,The December Loyals
426429,The October Loyals
602275,The Lost Holiday Drifters
116732,The Summer-Fall Hybrids
436010,The January Average
745920,The Summer-Fall Hybrids
988638,The March Loyals
285335,The October Loyals
722003,The May Planners
770452,The February Loyals
195960,The January Average
390297,New travelers
655957,The November Loyals
257417,The December Loyals
599394,New travelers
953198,The December Loyals
728228,The September Loyals
863459,The March Loyals
901461,New travelers
460894,The May Planners
307032,The Lost Holiday Drifters
486909,The September Loyals
160740,The March Loyals
326028,The Q4 Boomerang
573681,The September Loyals
815841,The Dormant Browsers
981195,The May Planners
333064,The September Loyals
792103,The October Loyals
426223,The January Average
545410,The September Loyals
990218,The November Loyals
614000,The November Loyals
377444,The Lost Holiday Drifters
721406,The February Loyals
302258,The September Loyals
101487,The January Average
397934,The January Average
406252,The Summer-Fall Hybrids
555118,The December Loyals
874267,The September Loyals
182235,The January Average
290620,The Q4 Boomerang
697393,The Pandemic Drop-offs
829316,New travelers
397099,New travelers
886439,The May Planners
161338,The September Loyals
594598,The September Loyals
237312,The Summer-Fall Hybrids
728302,The October Loyals
212602,New travelers
929871,The October Loyals
645508,The November Loyals
116999,The June Loyals
631854,The March Loyals
762671,The Q4 Boomerang
969938,Holiday Travelers
290564,The Summer-Fall Hybrids
634615,The Dormant Browsers
999524,The January Average
478284,The Lost Holiday Drifters
111573,The February Loyals
975477,The May Planners
581513,VIPs
145322,The March Loyals
243005,The December Loyals
306400,The June Loyals
823590,The February Loyals
121139,The October Loyals
187835,New travelers
307623,The December Loyals
331697,The February Loyals
719736,The January Average
656036,The Pandemic Drop-offs
155020,New travelers
954454,New travelers
430670,New travelers
408170,New travelers
919338,The May Planners
905787,The January Average
536794,The December Loyals
665679,New travelers
340927,The May Planners
809107,The Dormant Browsers
218917,The November Loyals
334192,New travelers
739808,The November Loyals
855635,The February Loyals
969617,New travelers
645145,The December Loyals
681399,The September Loyals
986623,The Q4 Boomerang
211058,The January Average
104673,The September Loyals
330562,The Dormant Browsers
209994,The November Loyals
611084,The May Planners
200708,The November Loyals
907252,The October Loyals
893040,The November Loyals
251012,The Summer-Fall Hybrids
276484,New travelers
377464,The November Loyals
462701,The October Loyals
715797,The Q4 Boomerang
445251,The Summer-Fall Hybrids
772484,The January Average
858817,New travelers
182543,The June Loyals
228557,New travelers
968225,The September Loyals
886876,The January Average
368027,The January Average
384409,New travelers
257506,The May Planners
299464,The June Loyals
117053,The June Loyals
265784,New travelers
136106,The June Loyals
221709,New travelers
545127,The January Average
128975,The Summer-Fall Hybrids
991275,New travelers
866403,The December Loyals
742009,The November Loyals
332823,Holiday Travelers
356613,The March Loyals
952911,The Summer-Fall Hybrids
967637,The June Loyals
445704,The October Loyals
332027,The December Loyals
778027,New travelers
225363,The November Loyals
571180,The January Average
321213,The March Loyals
190405,The Lost Holiday Drifters
619537,The May Planners
780298,The November Loyals
968312,The May Planners
487486,VIPs
807769,The November Loyals
945455,The Pandemic Drop-offs
287266,The November Loyals
445599,New travelers
738096,The September Loyals
703109,The November Loyals
512358,New travelers
380843,The May Planners
633640,The September Loyals
194886,The November Loyals
594200,New travelers
691365,New travelers
616374,The Lost Holiday Drifters
776931,New travelers
768415,The September Loyals
469702,New travelers
485795,The October Loyals
308362,The November Loyals
350692,The June Loyals
850359,The May Planners
107420,The Dormant Browsers
366500,The February Loyals
860032,The Q4 Boomerang
135134,The November Loyals
456632,The September Loyals
459517,The May Planners
708807,The May Planners
474846,The October Loyals
441631,New travelers
612186,The March Loyals
828232,The May Planners
884570,New travelers
130077,The February Loyals
695978,The September Loyals
488044,The September Loyals
998085,The October Loyals
916880,The March Loyals
328111,The February Loyals
928922,The September Loyals
939431,VIPs
112863,The November Loyals
978907,New travelers
178459,New travelers
907945,New travelers
497784,The March Loyals
651694,The September Loyals
952602,New travelers
219555,The November Loyals
828862,New travelers
487727,The Summer-Fall Hybrids
493819,The September Loyals
746296,The March Loyals
709982,The September Loyals
511437,The Q4 Boomerang
227398,New travelers
520660,The September Loyals
732694,The March Loyals
898887,New travelers
800945,New travelers
855530,The January Average
513123,The June Loyals
139022,The Dormant Browsers
973728,The September Loyals
504919,The May Planners
263069,The March Loyals
885176,The Summer-Fall Hybrids
659731,New travelers
914074,The Q4 Boomerang
204840,New travelers
696128,The March Loyals
729084,The March Loyals
188136,The May Planners
364596,New travelers
390377,The Lost Holiday Drifters
807942,New travelers
438593,New travelers
935161,The September Loyals
577360,The September Loyals
958915,The March Loyals
197890,The May Planners
984429,The November Loyals
615411,The March Loyals
843665,The June Loyals
732813,The December Loyals
376144,The Q4 Boomerang
432655,The September Loyals
740763,The October Loyals
894448,The June Loyals
881749,The January Average
199478,The January Average
533388,New travelers
350979,The June Loyals
436419,New travelers
232884,The Summer-Fall Hybrids
572663,The October Loyals
212350,The February Loyals
352501,The November Loyals
634900,The September Loyals
824712,The September Loyals
115705,The September Loyals
396471,The September Loyals
408915,New travelers
491310,VIPs
505798,The September Loyals
252271,The September Loyals
428765,New travelers
703972,New travelers
824163,The November Loyals
757834,The February Loyals
244398,The March Loyals
868154,The January Average
107037,VIPs
219160,New travelers
448273,The March Loyals
731286,New travelers
755145,New travelers
208961,The September Loyals
546177,The November Loyals
937911,The December Loyals
667157,The Q4 Boomerang
472692,The June Loyals
566951,The Summer-Fall Hybrids
716548,The February Loyals
936273,The November Loyals
424216,The February Loyals
962989,The September Loyals
823998,The September Loyals
745870,New travelers
363983,New travelers
189613,New travelers
494515,The March Loyals
695564,New travelers
553879,The October Loyals
573830,New travelers
968497,VIPs
792277,New travelers
793384,The September Loyals
430197,The May Planners
447387,The September Loyals
772362,New travelers
447675,The February Loyals
413659,The Summer-Fall Hybrids
675956,The September Loyals
396920,The May Planners
319947,The December Loyals
276037,The September Loyals
758840,The June Loyals
166846,The May Planners
314372,The September Loyals
727573,The October Loyals
153395,The May Planners
522677,The June Loyals
184678,The January Average
449555,The June Loyals
528226,The September Loyals
644265,The May Planners
842835,New travelers
953614,The January Average
390880,The January Average
676877,The October Loyals
415446,The Q4 Boomerang
282678,The February Loyals
815850,The December Loyals
828182,The September Loyals
687262,The January Average
472373,The March Loyals
131253,The June Loyals
194480,The Dormant Browsers
376484,The May Planners
684305,The June Loyals
863374,New travelers
905161,New travelers
278164,The September Loyals
342980,The Dormant Browsers
652431,New travelers
277375,The March Loyals
678925,The February Loyals
703507,The October Loyals
961264,New travelers
400802,The March Loyals
640831,The January Average
670002,The March Loyals
550434,The September Loyals
492505,The February Loyals
548037,The September Loyals
596173,New travelers
569940,The September Loyals
987530,The October Loyals
396155,The September Loyals
605134,The March Loyals
137850,The November Loyals
512169,New travelers
661411,The September Loyals
711565,The Dormant Browsers
241677,The September Loyals
825484,The February Loyals
216666,New travelers
721494,The Q4 Boomerang
118376,New travelers
905806,The March Loyals
197086,The January Average
304080,The Q4 Boomerang
775520,The Lost Holiday Drifters
409051,The September Loyals
590280,The September Loyals
737842,The September Loyals
296095,New travelers
430097,The December Loyals
432366,The January Average
175169,The November Loyals
784710,New travelers
406411,The October Loyals
258166,The May Planners
357298,The September Loyals
730214,The December Loyals
811333,The September Loyals
157751,The February Loyals
789149,The December Loyals
667398,The Lost Holiday Drifters
540112,The October Loyals
744746,New travelers
823113,The March Loyals
482922,New travelers
467222,The March Loyals
204424,The September Loyals
477219,The October Loyals
817298,New travelers
106757,The February Loyals
210755,The September Loyals
272476,The Summer-Fall Hybrids
476648,The December Loyals
676669,The March Loyals
922815,The November Loyals
947026,The May Planners
162155,New travelers
234807,The January Average
715271,The June Loyals
876243,New travelers
496329,The May Planners
881428,New travelers
259446,The September Loyals
695987,The Summer-Fall Hybrids
465476,New travelers
375371,New travelers
414433,The January Average
107296,The Summer-Fall Hybrids
521043,New travelers
481851,New travelers
885763,The March Loyals
488647,The Summer-Fall Hybrids
324049,New travelers
968842,The Lost Holiday Drifters
745354,The September Loyals
686232,The January Average
835240,The March Loyals
916269,The September Loyals
942952,New travelers
965713,The November Loyals
604510,New travelers
504564,The Dormant Browsers
519419,The June Loyals
671115,The May Planners
471000,The February Loyals
677404,The May Planners
772194,The November Loyals
869804,The October Loyals
983440,New travelers
851901,The September Loyals
337148,The October Loyals
847704,The March Loyals
295561,The Lost Holiday Drifters
248265,The June Loyals
875789,The Q4 Boomerang
822995,The September Loyals
219779,The March Loyals
155348,New travelers
205697,The May Planners
827215,The September Loyals
411420,The October Loyals
179153,The October Loyals
205826,New travelers
602931,The January Average
346560,The Pandemic Drop-offs
277855,The September Loyals
348600,The Dormant Browsers
863219,The December Loyals
524055,The January Average
825730,New travelers
859516,The September Loyals
737534,The September Loyals
677217,The September Loyals
600432,The January Average
170152,New travelers
958283,New travelers
705020,The March Loyals
194722,The June Loyals
225486,The September Loyals
885871,The Summer-Fall Hybrids
670751,The December Loyals
347914,New travelers
336902,The Q4 Boomerang
709656,The Dormant Browsers
796900,The May Planners
823567,The May Planners
921777,The May Planners
342483,The October Loyals
107993,The June Loyals
412186,The September Loyals
670131,The May Planners
143151,The March Loyals
643643,New travelers
955750,The June Loyals
577398,The December Loyals
736685,The November Loyals
844477,New travelers
781963,New travelers
398965,The May Planners
410202,The November Loyals
555745,The October Loyals
977550,The September Loyals
448812,The May Planners
436282,New travelers
636213,The March Loyals
864128,The September Loyals
424098,The September Loyals
740083,The November Loyals
292384,The January Average
596911,The November Loyals
636749,The September Loyals
681032,The November Loyals
237107,New travelers
896095,The Summer-Fall Hybrids
448751,New travelers
719300,The Summer-Fall Hybrids
767175,The Q4 Boomerang
733467,New travelers
605768,New travelers
963067,The September Loyals
348994,The June Loyals
376725,The October Loyals
324997,The September Loyals
160905,The June Loyals
365557,The March Loyals
196757,New travelers
321027,The February Loyals
113779,The January Average
624881,The Summer-Fall Hybrids
219270,New travelers
282259,The October Loyals
529544,The Dormant Browsers
870281,The September Loyals
399943,The October Loyals
763406,The January Average
280822,The January Average
572073,The October Loyals
683901,The November Loyals
790008,The November Loyals
841324,New travelers
699281,The Lost Holiday Drifters
667275,The Dormant Browsers
953693,The February Loyals
150301,The June Loyals
606004,The Summer-Fall Hybrids
268414,The Summer-Fall Hybrids
643669,The January Average
267306,The September Loyals
846313,The December Loyals
266640,The October Loyals
107730,The June Loyals
649194,The February Loyals
450665,The June Loyals
574688,New travelers
403764,New travelers
999513,The May Planners
833148,The Lost Holiday Drifters
915009,New travelers
375467,New travelers
600541,The Q4 Boomerang
116735,The February Loyals
247551,The December Loyals
675409,The March Loyals
144615,The May Planners
933187,The September Loyals
239476,The February Loyals
568870,The September Loyals
750153,New travelers
717229,The September Loyals
996900,The June Loyals
260000,The September Loyals
615131,The May Planners
813352,New travelers
121351,The Lost Holiday Drifters
206925,The February Loyals
467359,The January Average
191626,The Dormant Browsers
644865,The October Loyals
821918,The December Loyals
972129,The October Loyals
149348,The September Loyals
960959,New travelers
837269,The Dormant Browsers
611029,The May Planners
602585,The June Loyals
960441,The March Loyals
709724,The December Loyals
355578,The Summer-Fall Hybrids
740063,The September Loyals
961965,The October Loyals
167491,New travelers
651377,The March Loyals
680738,The September Loyals
108430,The May Planners
776443,The November Loyals
398839,The December Loyals
243273,New travelers
187838,The May Planners
946439,New travelers
530880,The February Loyals
904397,The Pandemic Drop-offs
939399,The September Loyals
300371,The December Loyals
532997,The June Loyals
103969,The November Loyals
173673,The Dormant Browsers
562510,The Lost Holiday Drifters
183129,The January Average
483274,New travelers
880402,The December Loyals
525612,The March Loyals
103151,The September Loyals
961440,New travelers
171350,The June Loyals
944636,The September Loyals
300460,The May Planners
224178,New travelers
212301,The Lost Holiday Drifters
798533,The November Loyals
905854,The June Loyals
571992,The May Planners
191656,The Dormant Browsers
193519,The Summer-Fall Hybrids
255320,The September Loyals
688132,New travelers
498028,The December Loyals
339880,The January Average
181184,The May Planners
906217,New travelers
273054,New travelers
728009,New travelers
401824,The December Loyals
278013,The May Planners
759551,The November Loyals
512471,The June Loyals
402966,The Dormant Browsers
834576,The March Loyals
867561,New travelers
578998,The November Loyals
863262,The September Loyals
744181,The Dormant Browsers
380001,The October Loyals
648455,The September Loyals
545534,The May Planners
923527,The September Loyals
491481,The June Loyals
309041,The November Loyals
187077,The February Loyals
939571,The December Loyals
912940,New travelers
302827,New travelers
797704,New travelers
168290,The November Loyals
856496,New travelers
491907,The December Loyals
675419,New travelers
447771,The November Loyals
849510,The September Loyals
687533,The September Loyals
767971,New travelers
683276,New travelers
225746,The September Loyals
248497,New travelers
379562,The February Loyals
343139,The Summer-Fall Hybrids
345765,The November Loyals
123525,The June Loyals
175528,The September Loyals
374967,The October Loyals
607565,The June Loyals
749430,The Summer-Fall Hybrids
902966,The September Loyals
559111,The Dormant Browsers
190524,The October Loyals
266561,The Q4 Boomerang
563086,The March Loyals
625033,The March Loyals
643300,The June Loyals
353369,The Q4 Boomerang
309456,The November Loyals
923959,The October Loyals
651097,The September Loyals
570299,The January Average
258296,The Lost Holiday Drifters
710029,The February Loyals
760424,The September Loyals
746031,The September Loyals
529331,New travelers
364710,The Q4 Boomerang
566374,The December Loyals
333051,New travelers
642323,The Dormant Browsers
798869,New travelers
977244,The December Loyals
801738,The June Loyals
219139,The September Loyals
228030,New travelers
592992,The March Loyals
179870,The Autumn Budget
838263,New travelers
592003,The May Planners
767366,The Pandemic Drop-offs
433172,The September Loyals
697356,The Dormant Browsers
225318,The October Loyals
551533,New travelers
926083,The February Loyals
240044,The September Loyals
583327,The March Loyals
586944,The October Loyals
856406,The Q4 Boomerang
946771,The March Loyals
994044,The October Loyals
262422,The March Loyals
864485,The December Loyals
571942,The September Loyals
298853,The September Loyals
343547,The January Average
434922,The September Loyals
804816,The Pandemic Drop-offs
302921,The June Loyals
973897,The June Loyals
142763,New travelers
291148,The November Loyals
302804,The Dormant Browsers
746853,New travelers
332780,The May Planners
373204,New travelers
751270,The Lost Holiday Drifters
602384,The Lost Holiday Drifters
758432,The September Loyals
203745,The September Loyals
156138,The November Loyals
373950,The December Loyals
161557,New travelers
326699,The October Loyals
823663,New travelers
854812,The May Planners
890232,The Lost Holiday Drifters
559619,The Lost Holiday Drifters
627869,New travelers
780525,New travelers
346205,The October Loyals
985427,The Lost Holiday Drifters
850245,The Q4 Boomerang
915948,The March Loyals
479015,The October Loyals
659251,The February Loyals
949829,The October Loyals
426536,The January Average
621695,The January Average
370090,The November Loyals
653636,The May Planners
663514,The September Loyals
260726,The November Loyals
397891,New travelers
405339,The November Loyals
508456,New travelers
576057,The Lost Holiday Drifters
614373,The January Average
724272,The January Average
582067,New travelers
628596,The September Loyals
113363,The Q4 Boomerang
172345,VIPs
103985,The Q4 Boomerang
357903,New travelers
860684,The June Loyals
531515,The October Loyals
653539,The February Loyals
150134,The September Loyals
316527,The January Average
825464,The May Planners
123697,The September Loyals
467151,The May Planners
613195,The Dormant Browsers
976834,New travelers
136049,New travelers
122206,New travelers
173873,The March Loyals
203973,The Q4 Boomerang
276204,The October Loyals
291595,The Q4 Boomerang
606852,The March Loyals
952532,New travelers
971637,The Summer-Fall Hybrids
746772,The December Loyals
454750,The March Loyals
141139,The May Planners
308144,Holiday Travelers
632515,The Q4 Boomerang
612370,New travelers
840882,The December Loyals
437262,New travelers
825315,The May Planners
760061,The January Average
603005,New travelers
127289,The September Loyals
435883,New travelers
537124,The March Loyals
849884,The December Loyals
523246,The November Loyals
684296,New travelers
859972,The September Loyals
833783,The September Loyals
779929,The October Loyals
196583,The January Average
735627,The February Loyals
549537,The October Loyals
461353,The October Loyals
920321,The September Loyals
185129,The February Loyals
891097,The September Loyals
443130,The May Planners
607480,The Summer-Fall Hybrids
365421,The September Loyals
369943,The December Loyals
727497,The Autumn Budget
600792,The Dormant Browsers
688691,The September Loyals
623946,The Q4 Boomerang
302134,The November Loyals
767494,New travelers
637765,VIPs
647791,New travelers
278987,New travelers
695076,The March Loyals
384146,New travelers
456167,The September Loyals
488303,The Summer-Fall Hybrids
895537,The February Loyals
529415,The January Average
591547,The January Average
142224,The May Planners
106689,The Q4 Boomerang
410341,The June Loyals
948825,The January Average
525525,The September Loyals
683699,The September Loyals
210485,New travelers
717780,The September Loyals
546869,The Summer-Fall Hybrids
261423,The June Loyals
715369,The September Loyals
173506,The November Loyals
579943,The February Loyals
174923,The September Loyals
105074,The September Loyals
724222,The December Loyals
327019,New travelers
451740,New travelers
987482,The June Loyals
555398,The October Loyals
778317,The October Loyals
176848,New travelers
626070,New travelers
323735,The September Loyals
958743,New travelers
137209,New travelers
390209,The October Loyals
286975,The September Loyals
919832,The May Planners
387553,The Q4 Boomerang
867801,The May Planners
609650,The Dormant Browsers
298535,The October Loyals
424139,The May Planners
459163,The November Loyals
593116,The September Loyals
668970,New travelers
707974,The Q4 Boomerang
831987,New travelers
372522,The October Loyals
675506,New travelers
816705,The January Average
527067,The November Loyals
802200,The September Loyals
565074,New travelers
853421,The February Loyals
651210,New travelers
574005,New travelers
377173,The February Loyals
706792,The September Loyals
346828,The September Loyals
370959,New travelers
104849,The May Planners
339220,The Summer-Fall Hybrids
836523,The February Loyals
526579,The September Loyals
331184,The Summer-Fall Hybrids
479950,The September Loyals
371368,The Summer-Fall Hybrids
780150,The October Loyals
849569,New travelers
684826,The September Loyals
862932,The Autumn Budget
104431,The June Loyals
822723,The Lost Holiday Drifters
243018,The January Average
718922,The May Planners
472405,The November Loyals
240861,New travelers
305100,The October Loyals
329446,New travelers
648231,New travelers
810028,The December Loyals
331857,The November Loyals
456117,The May Planners
873977,The March Loyals
480872,The Q4 Boomerang
515634,The Q4 Boomerang
801607,New travelers
249811,The Summer-Fall Hybrids
671906,New travelers
530214,The Lost Holiday Drifters
826230,New travelers
480203,The September Loyals
486890,The September Loyals
190570,The Pandemic Drop-offs
273070,The March Loyals
444748,The September Loyals
526479,New travelers
945166,The September Loyals
396996,The September Loyals
639466,New travelers
732144,The January Average
998078,The September Loyals
100140,The October Loyals
646225,The May Planners
279580,The January Average
664771,The October Loyals
482940,The March Loyals
662045,The May Planners
666877,VIPs
444371,The January Average
512640,The December Loyals
952026,The September Loyals
264034,New travelers
509962,The June Loyals
950216,The Q4 Boomerang
868719,The February Loyals
400958,The September Loyals
641586,The February Loyals
496403,The Pandemic Drop-offs
737755,The September Loyals
234630,The January Average
641162,New travelers
614441,The May Planners
652756,The Q4 Boomerang
463882,The March Loyals
904669,The September Loyals
955666,The September Loyals
225930,The January Average
574081,The Dormant Browsers
712521,The Dormant Browsers
369867,The Q4 Boomerang
181377,The March Loyals
407468,The October Loyals
882263,The October Loyals
499583,New travelers
376618,The January Average
154644,The September Loyals
683356,The June Loyals
753637,The Q4 Boomerang
923062,The December Loyals
723969,New travelers
846215,New travelers
231084,The June Loyals
765793,The September Loyals
562358,New travelers
550352,The January Average
746554,The September Loyals
336541,The Autumn Budget
872340,New travelers
967838,The March Loyals
429471,The November Loyals
544619,The Lost Holiday Drifters
829627,The January Average
417841,New travelers
392713,New travelers
213086,The Summer-Fall Hybrids
735964,The March Loyals
216596,The March Loyals
887328,The January Average
911585,The June Loyals
708933,The Summer-Fall Hybrids
102877,The October Loyals
546456,The November Loyals
272148,The January Average
939992,The Q4 Boomerang
318291,New travelers
403052,New travelers
349447,New travelers
931247,The Pandemic Drop-offs
466781,The Dormant Browsers
700225,The October Loyals
894608,The September Loyals
140381,The October Loyals
262774,The Summer-Fall Hybrids
315736,The September Loyals
549064,The June Loyals
608537,New travelers
808206,The December Loyals
813739,The September Loyals
939683,The November Loyals
188120,The February Loyals
117482,The March Loyals
897229,The March Loyals
889687,The November Loyals
427976,The November Loyals
497756,New travelers
916300,The February Loyals
294027,The November Loyals
982543,New travelers
267739,The November Loyals
535413,The Autumn Budget
629706,The May Planners
132552,New travelers
336770,The May Planners
159486,The Pandemic Drop-offs
576345,The Summer-Fall Hybrids
561570,The March Loyals
573290,The Q4 Boomerang
497891,The September Loyals
755374,The May Planners
321762,The Dormant Browsers
612955,The March Loyals
260464,The September Loyals
963595,The May Planners
193150,The September Loyals
369416,The Summer-Fall Hybrids
888506,The May Planners
410790,The September Loyals
865401,The September Loyals
894099,The Q4 Boomerang
797158,The November Loyals
918272,The January Average
297684,The May Planners
687186,The September Loyals
458614,The Dormant Browsers
231013,The September Loyals
277884,The Q4 Boomerang
452873,The May Planners
465741,The December Loyals
515860,The October Loyals
777549,The September Loyals
916358,Holiday Travelers
100102,The May Planners
977693,The Q4 Boomerang
675516,The June Loyals
751823,The December Loyals
194065,New travelers
375683,The May Planners
631406,The Summer-Fall Hybrids
864161,The March Loyals
976423,The September Loyals
959280,The November Loyals
531619,The September Loyals
728563,The Summer-Fall Hybrids
552016,The March Loyals
982296,The September Loyals
113874,New travelers
562404,The March Loyals
135841,The September Loyals
926611,The September Loyals
426958,The May Planners
442479,The September Loyals
870687,The February Loyals
569347,The September Loyals
831860,The November Loyals
857235,New travelers
465729,The February Loyals
240963,The December Loyals
336831,New travelers
942083,The September Loyals
851549,The June Loyals
333207,Holiday Travelers
677560,The September Loyals
757420,The December Loyals
344768,New travelers
347634,The January Average
421752,New travelers
663416,The March Loyals
221813,The October Loyals
747187,The September Loyals
283980,The October Loyals
487212,The March Loyals
288612,New travelers
921746,The Lost Holiday Drifters
638085,New travelers
835440,The Pandemic Drop-offs
700207,The February Loyals
747668,The January Average
203607,The Summer-Fall Hybrids
260245,The September Loyals
417904,The March Loyals
973059,The Summer-Fall Hybrids
459563,The September Loyals
332289,The March Loyals
400313,The Summer-Fall Hybrids
373886,The January Average
490387,New travelers
409908,The September Loyals
210647,The September Loyals
904602,The May Planners
346704,The Dormant Browsers
926867,New travelers
485062,The May Planners
635517,The Summer-Fall Hybrids
906780,The September Loyals
715255,The Summer-Fall Hybrids
948489,The September Loyals
397272,New travelers
478700,The November Loyals
789052,The September Loyals
453887,The May Planners
991893,The September Loyals
972648,The January Average
500058,The Lost Holiday Drifters
940901,New travelers
960005,The December Loyals
267020,The June Loyals
283338,The Q4 Boomerang
872234,The September Loyals
408500,The September Loyals
762259,The November Loyals
804930,The November Loyals
877008,New travelers
913809,New travelers
445169,The June Loyals
795492,The May Planners
744567,The May Planners
651605,The September Loyals
945379,New travelers
132209,The October Loyals
826113,The Dormant Browsers
682709,The February Loyals
662164,The Dormant Browsers
189854,New travelers
309727,The May Planners
700286,The Summer-Fall Hybrids
859258,The Dormant Browsers
938603,The November Loyals
192772,New travelers
744135,The Summer-Fall Hybrids
478050,The February Loyals
607115,The May Planners
347212,New travelers
236710,The March Loyals
208256,The September Loyals
224000,The December Loyals
767331,The Summer-Fall Hybrids
844193,The September Loyals
135279,The Summer-Fall Hybrids
433496,The December Loyals
604526,The Dormant Browsers
645081,The September Loyals
932233,The September Loyals
806598,The October Loyals
105789,The February Loyals
158901,The January Average
398603,The June Loyals
287690,The September Loyals
352068,The September Loyals
418718,The Autumn Budget
709499,The June Loyals
336271,The November Loyals
401834,The December Loyals
649656,The March Loyals
406099,New travelers
961427,The January Average
470381,The June Loyals
728085,The October Loyals
600651,The January Average
164094,The December Loyals
841631,The October Loyals
363513,New travelers
561413,The March Loyals
332225,The May Planners
170531,The January Average
561873,The November Loyals
279634,The Pandemic Drop-offs
641903,New travelers
694648,New travelers
491690,New travelers
641164,The March Loyals
247833,The Q4 Boomerang
464248,The May Planners
811471,The February Loyals
569188,The Lost Holiday Drifters
818040,New travelers
434751,The January Average
878510,The Pandemic Drop-offs
653542,The June Loyals
831812,The Pandemic Drop-offs
219646,New travelers
843101,The November Loyals
335306,The Summer-Fall Hybrids
976831,New travelers
670430,The March Loyals
278932,The October Loyals
561107,The May Planners
990905,The March Loyals
846291,The November Loyals
578811,The March Loyals
741677,The November Loyals
785965,New travelers
972791,The Q4 Boomerang
109022,The March Loyals
904501,The June Loyals
985266,The May Planners
138065,The Lost Holiday Drifters
528332,The November Loyals
603407,The May Planners
607405,The December Loyals
809449,The November Loyals
834615,The September Loyals
330858,The June Loyals
504525,The September Loyals
716360,The October Loyals
687589,The January Average
619268,The May Planners
923234,The September Loyals
138204,The December Loyals
753306,The Lost Holiday Drifters
918326,The June Loyals
678493,The December Loyals
781355,The September Loyals
371737,New travelers
391034,The October Loyals
273414,The March Loyals
515023,New travelers
746536,The January Average
864288,The November Loyals
702147,The Dormant Browsers
724723,The Summer-Fall Hybrids
772152,The Summer-Fall Hybrids
173227,The Summer-Fall Hybrids
413088,The November Loyals
667293,The March Loyals
140290,The September Loyals
994571,The September Loyals
191780,New travelers
575948,The June Loyals
144641,The Dormant Browsers
192250,The March Loyals
628452,New travelers
940904,New travelers
195895,The May Planners
758389,The March Loyals
870764,The February Loyals
636533,New travelers
817245,The March Loyals
977676,New travelers
523170,The May Planners
239956,The May Planners
918807,The June Loyals
423473,The Q4 Boomerang
702048,The Summer-Fall Hybrids
181830,The March Loyals
362680,The February Loyals
347850,The November Loyals
808498,The February Loyals
927559,New travelers
450323,The June Loyals
756481,The January Average
796429,New travelers
930620,New travelers
442838,The June Loyals
336037,The Dormant Browsers
479198,The January Average
552441,The Dormant Browsers
152406,The January Average
447925,The March Loyals
884691,The September Loyals
197608,The November Loyals
802336,The Q4 Boomerang
229075,New travelers
983810,New travelers
153003,The September Loyals
199405,The January Average
495403,The September Loyals
156945,The Summer-Fall Hybrids
783363,The Q4 Boomerang
443967,New travelers
992985,The September Loyals
737949,The February Loyals
846046,The June Loyals
379506,The September Loyals
423941,The June Loyals
303396,The Lost Holiday Drifters
798954,The September Loyals
493640,The Q4 Boomerang
661546,New travelers
196367,The May Planners
573649,The Dormant Browsers
337235,The October Loyals
706820,The January Average
620406,The May Planners
502943,The October Loyals
473674,New travelers
624704,New travelers
686769,The March Loyals
690671,The January Average
733515,The Q4 Boomerang
841674,New travelers
974041,The February Loyals
556492,The Q4 Boomerang
820344,New travelers
235398,The November Loyals
514632,The June Loyals
581079,The Dormant Browsers
324242,The October Loyals
669066,The September Loyals
616956,The Q4 Boomerang
779882,The March Loyals
415915,The February Loyals
299454,The Dormant Browsers
429354,The November Loyals
612595,New travelers
708230,The March Loyals
224664,The September Loyals
873116,The September Loyals
701012,New travelers
851563,The March Loyals
977080,The March Loyals
973060,The Lost Holiday Drifters
293663,The Lost Holiday Drifters
248433,The September Loyals
314108,The Summer-Fall Hybrids
358201,The February Loyals
480158,The June Loyals
576658,New travelers
824990,The December Loyals
992002,The March Loyals
384744,The January Average
808920,The March Loyals
611356,The October Loyals
133859,The December Loyals
212128,The May Planners
692129,The May Planners
855602,New travelers
946998,The February Loyals
300106,New travelers
973524,The September Loyals
316290,The November Loyals
338838,The June Loyals
413115,The February Loyals
588789,The March Loyals
686044,The January Average
820341,The September Loyals
833165,New travelers
149655,The Autumn Budget
164064,New travelers
893574,The Autumn Budget
192115,The November Loyals
570971,The Autumn Budget
548682,The December Loyals
705806,The Dormant Browsers
962657,The February Loyals
139511,The June Loyals
830394,New travelers
922000,The January Average
533391,New travelers
681328,The Summer-Fall Hybrids
610684,The June Loyals
766775,The Q4 Boomerang
998072,The Pandemic Drop-offs
327203,The Summer-Fall Hybrids
570806,The September Loyals
797992,New travelers
801368,The September Loyals
348672,The September Loyals
469545,New travelers
438526,The December Loyals
502946,The Dormant Browsers
188307,The June Loyals
215567,The November Loyals
169418,The Summer-Fall Hybrids
376983,The Q4 Boomerang
801948,New travelers
546025,The September Loyals
674372,New travelers
248950,New travelers
700096,The May Planners
815804,The November Loyals
205087,The January Average
979634,The March Loyals
546231,The February Loyals
990918,The September Loyals
967772,The November Loyals
286718,The May Planners
750154,New travelers
404012,New travelers
949134,The September Loyals
446403,The June Loyals
822066,Holiday Travelers
375757,The September Loyals
652816,The May Planners
669028,The September Loyals
503673,The January Average
950029,The June Loyals
511444,The Summer-Fall Hybrids
818995,The October Loyals
257981,The January Average
203293,The February Loyals
281305,The September Loyals
136232,The September Loyals
348475,The November Loyals
399514,The Pandemic Drop-offs
919340,The February Loyals
974330,The March Loyals
895544,The November Loyals
272893,The November Loyals
835149,VIPs
366049,New travelers
515142,New travelers
879416,The Q4 Boomerang
999120,The March Loyals
521431,The September Loyals
349695,New travelers
522261,The October Loyals
454609,New travelers
707273,The Lost Holiday Drifters
331325,The September Loyals
682528,The September Loyals
937862,The March Loyals
488071,The September Loyals
499346,The Q4 Boomerang
620078,The Summer-Fall Hybrids
757387,The December Loyals
786391,The May Planners
837273,The Q4 Boomerang
841204,The March Loyals
844348,The February Loyals
261964,The November Loyals
712114,The Q4 Boomerang
323593,New travelers
790341,The September Loyals
910576,The September Loyals
132756,The Summer-Fall Hybrids
246800,The May Planners
298156,New travelers
375722,The January Average
411715,New travelers
532848,The Lost Holiday Drifters
816122,The Dormant Browsers
894691,New travelers
976695,The December Loyals
991230,The March Loyals
383842,The Autumn Budget
459948,The October Loyals
664054,The September Loyals
264409,New travelers
248487,The September Loyals
507486,The June Loyals
385638,The Pandemic Drop-offs
662166,The September Loyals
299573,The Pandemic Drop-offs
839422,The September Loyals
250609,New travelers
131673,The January Average
728316,The Pandemic Drop-offs
983450,New travelers
530436,The December Loyals
653340,The May Planners
271641,The Dormant Browsers
745636,The Dormant Browsers
852597,The September Loyals
418233,New travelers
491704,New travelers
724033,The March Loyals
130548,The May Planners
198813,The October Loyals
270011,The September Loyals
344990,The January Average
369121,The September Loyals
591758,The September Loyals
628320,The May Planners
741725,The Lost Holiday Drifters
562655,The June Loyals
164973,The January Average
394363,New travelers
577195,New travelers
822653,New travelers
317060,The February Loyals
511302,The September Loyals
682654,The Pandemic Drop-offs
365635,The November Loyals
616739,The Dormant Browsers
835760,The Dormant Browsers
777990,The January Average
867833,The May Planners
245419,The October Loyals
731819,The October Loyals
235220,New travelers
296626,The December Loyals
553954,The September Loyals
108381,The September Loyals
176284,The February Loyals
510505,The November Loyals
639258,The Autumn Budget
446135,New travelers
557138,The Autumn Budget
664666,The March Loyals
654983,New travelers
675243,The September Loyals
825333,The Summer-Fall Hybrids
685208,The March Loyals
638740,New travelers
485486,New travelers
787571,The Lost Holiday Drifters
339941,The September Loyals
539370,The December Loyals
547213,The September Loyals
722538,The January Average
535436,The Summer-Fall Hybrids
885739,The March Loyals
256467,New travelers
297379,The November Loyals
921899,The December Loyals
511541,The March Loyals
122685,The January Average
401760,The June Loyals
247514,The February Loyals
992028,The November Loyals
782078,New travelers
710005,The June Loyals
546163,New travelers
838283,The November Loyals
281737,The Summer-Fall Hybrids
344669,New travelers
128325,Holiday Travelers
370979,New travelers
146400,The Summer-Fall Hybrids
855394,The Dormant Browsers
573964,The February Loyals
369739,The December Loyals
667262,The May Planners
758656,The Lost Holiday Drifters
286927,The November Loyals
552278,The November Loyals
632130,The December Loyals
645635,New travelers
789624,The December Loyals
706497,The September Loyals
963487,The September Loyals
343247,New travelers
657748,The May Planners
186295,The February Loyals
112733,The September Loyals
781647,The May Planners
157771,The Lost Holiday Drifters
103860,The December Loyals
245671,New travelers
538341,The October Loyals
672255,New travelers
991529,The September Loyals
363178,The Lost Holiday Drifters
974189,New travelers
529471,The May Planners
549404,The Autumn Budget
874984,The January Average
170079,The May Planners
405030,New travelers
467401,The Summer-Fall Hybrids
803656,The Q4 Boomerang
495148,The January Average
300454,New travelers
965254,New travelers
286551,The February Loyals
123908,The October Loyals
289472,The Q4 Boomerang
692628,The January Average
803956,The February Loyals
608850,The December Loyals
788091,The November Loyals
110030,The Lost Holiday Drifters
307136,The June Loyals
277025,The Lost Holiday Drifters
484894,The December Loyals
252476,The September Loyals
512071,The November Loyals
789004,The September Loyals
948325,The March Loyals
210416,The June Loyals
349153,The November Loyals
855351,New travelers
328213,The January Average
554104,The Summer-Fall Hybrids
260622,The February Loyals
692671,The September Loyals
725807,The December Loyals
308991,The September Loyals
330365,The September Loyals
873488,The October Loyals
126181,New travelers
278898,The September Loyals
597209,The October Loyals
560104,The January Average
941064,The November Loyals
347466,The June Loyals
448654,The May Planners
423432,The November Loyals
854855,New travelers
395168,The Dormant Browsers
464799,The May Planners
600309,The Q4 Boomerang
810338,The January Average
153582,New travelers
349001,The October Loyals
748649,The February Loyals
815248,The Lost Holiday Drifters
963814,The March Loyals
999498,The June Loyals
870857,The September Loyals
640588,The February Loyals
310853,The March Loyals
579710,VIPs
426533,The December Loyals
309277,The January Average
850092,The May Planners
611046,The Lost Holiday Drifters
921191,New travelers
218277,The September Loyals
232703,The December Loyals
559261,The Dormant Browsers
987425,The November Loyals
553453,The September Loyals
738467,The September Loyals
862096,The September Loyals
420738,The September Loyals
106978,The November Loyals
985183,The March Loyals
224740,The January Average
440885,The October Loyals
590246,The September Loyals
497030,New travelers
519984,The September Loyals
215751,New travelers
716197,The Summer-Fall Hybrids
413815,The October Loyals
499658,The November Loyals
213723,The October Loyals
232203,The Summer-Fall Hybrids
663746,New travelers
986143,The June Loyals
764302,New travelers
124536,New travelers
161574,The June Loyals
494899,The September Loyals
371402,The Dormant Browsers
628669,The December Loyals
979639,The November Loyals
220616,The December Loyals
840038,The September Loyals
986288,The September Loyals
264053,New travelers
265612,New travelers
638162,The November Loyals
642976,The Q4 Boomerang
208649,The October Loyals
623861,The May Planners
481262,New travelers
977037,New travelers
216269,The May Planners
817158,The June Loyals
937645,The September Loyals
721225,The January Average
723978,The February Loyals
742493,The October Loyals
298232,The September Loyals
348065,The June Loyals
967017,The September Loyals
119917,New travelers
347276,The Lost Holiday Drifters
456887,The December Loyals
506372,New travelers
506749,The Lost Holiday Drifters
527773,The June Loyals
605127,The December Loyals
728837,The September Loyals
877251,The September Loyals
939074,New travelers
820542,The March Loyals
247247,The Lost Holiday Drifters
276931,New travelers
434136,The February Loyals
781970,The September Loyals
223238,New travelers
737474,The September Loyals
540966,The September Loyals
470334,The Lost Holiday Drifters
247103,New travelers
420434,The May Planners
515579,The Lost Holiday Drifters
523722,The February Loyals
617960,The November Loyals
911372,The September Loyals
199021,The Lost Holiday Drifters
989081,New travelers
375890,The February Loyals
785114,The Q4 Boomerang
875657,The September Loyals
742359,New travelers
877595,The September Loyals
241990,New travelers
470738,The January Average
219714,The January Average
411094,The October Loyals
545514,New travelers
824917,The June Loyals
109660,The February Loyals
202358,The December Loyals
924132,The September Loyals
177518,The June Loyals
304824,The Autumn Budget
677322,The Pandemic Drop-offs
550303,New travelers
817066,The September Loyals
237018,The May Planners
719576,New travelers
893376,New travelers
579890,The February Loyals
855922,The December Loyals
386790,The March Loyals
399917,New travelers
441670,The Pandemic Drop-offs
455651,The September Loyals
488549,The March Loyals
626542,The December Loyals
683250,New travelers
854077,The March Loyals
854704,The June Loyals
310396,The September Loyals
319469,The June Loyals
957419,The June Loyals
201276,The Summer-Fall Hybrids
949612,New travelers
765481,The January Average
325935,The Summer-Fall Hybrids
982969,The September Loyals
293496,The June Loyals
501552,The September Loyals
515049,The December Loyals
641384,The October Loyals
734801,The October Loyals
833683,The January Average
880849,The September Loyals
960708,The September Loyals
247607,The September Loyals
390350,The February Loyals
924089,The February Loyals
410702,The October Loyals
937484,The Dormant Browsers
548335,The December Loyals
567805,New travelers
631801,The Q4 Boomerang
921392,New travelers
197239,New travelers
502848,The February Loyals
195150,The September Loyals
396997,The September Loyals
904802,The Lost Holiday Drifters
129030,The May Planners
329039,The October Loyals
521576,The November Loyals
683550,New travelers
111329,The September Loyals
454327,The October Loyals
747395,The May Planners
989816,The May Planners
131893,The February Loyals
900894,The February Loyals
277367,The March Loyals
807152,The October Loyals
140375,New travelers
354464,The September Loyals
359360,The November Loyals
606060,The October Loyals
997439,The June Loyals
113831,The January Average
643854,The September Loyals
858352,The September Loyals
133608,The Dormant Browsers
224924,The October Loyals
759983,New travelers
205505,The February Loyals
305102,The November Loyals
369000,The November Loyals
837175,The February Loyals
632638,The September Loyals
876757,Holiday Travelers
187161,The Lost Holiday Drifters
948145,The January Average
133518,The November Loyals
716750,The March Loyals
671368,The March Loyals
877242,The September Loyals
975613,The Lost Holiday Drifters
130419,The September Loyals
454663,The October Loyals
523194,The Autumn Budget
628211,The June Loyals
690984,The Q4 Boomerang
871124,The March Loyals
890882,The Q4 Boomerang
311556,The February Loyals
969732,The March Loyals
597522,New travelers
866242,The November Loyals
445418,New travelers
821137,The September Loyals
495787,The December Loyals
836706,The December Loyals
494284,The November Loyals
156355,The Q4 Boomerang
521653,The September Loyals
412203,The February Loyals
603968,The Q4 Boomerang
485300,New travelers
904992,The Q4 Boomerang
213813,The September Loyals
556982,The February Loyals
213113,The September Loyals
355908,The November Loyals
138369,The March Loyals
845994,The February Loyals
811959,New travelers
568172,The November Loyals
971670,New travelers
336139,The September Loyals
750454,The May Planners
655082,The January Average
206773,The June Loyals
214639,The March Loyals
543456,The Lost Holiday Drifters
451711,The October Loyals
998934,The December Loyals
795512,The March Loyals
116897,New travelers
715689,The Autumn Budget
865066,The Dormant Browsers
305556,New travelers
970964,The September Loyals
654941,The January Average
746402,The September Loyals
460629,The September Loyals
768354,The February Loyals
238640,The Summer-Fall Hybrids
745908,The January Average
360537,The February Loyals
679253,The Dormant Browsers
386825,The May Planners
583252,The March Loyals
568171,The December Loyals
885848,The September Loyals
734938,The Lost Holiday Drifters
780973,The February Loyals
128633,The September Loyals
511588,The December Loyals
536577,The March Loyals
580068,The Lost Holiday Drifters
661088,The February Loyals
114553,The January Average
736829,The January Average
737940,The September Loyals
189294,New travelers
349638,The June Loyals
577386,The September Loyals
504663,The Lost Holiday Drifters
756929,The March Loyals
782485,The June Loyals
196016,The May Planners
604077,New travelers
520137,The January Average
692151,The March Loyals
188033,The May Planners
634185,The February Loyals
374881,The October Loyals
800800,Holiday Travelers
676622,The January Average
894175,The September Loyals
492789,The March Loyals
586164,The September Loyals
243557,The September Loyals
802023,New travelers
422436,New travelers
295884,The November Loyals
631442,New travelers
845319,The January Average
440618,The September Loyals
299585,The December Loyals
540796,The Lost Holiday Drifters
771872,The Dormant Browsers
883489,The November Loyals
945761,The Lost Holiday Drifters
958709,The June Loyals
465692,The June Loyals
586711,The September Loyals
126148,New travelers
555001,The February Loyals
196442,The March Loyals
131637,New travelers
650486,The September Loyals
830385,The January Average
627485,The October Loyals
467510,The Pandemic Drop-offs
766530,The October Loyals
131997,The March Loyals
174669,The Q4 Boomerang
999891,The Lost Holiday Drifters
645566,The February Loyals
675457,The February Loyals
122858,New travelers
127946,The September Loyals
474945,The February Loyals
509965,The September Loyals
590012,New travelers
669812,The May Planners
695965,New travelers
925819,The October Loyals
941865,The November Loyals
793645,The March Loyals
445839,The November Loyals
708555,New travelers
159960,The May Planners
963541,The Summer-Fall Hybrids
218383,The September Loyals
696577,The March Loyals
602783,The January Average
208585,New travelers
575612,The September Loyals
196467,The May Planners
665374,New travelers
838885,The June Loyals
444022,The September Loyals
838784,The Lost Holiday Drifters
701803,The June Loyals
802797,The September Loyals
832431,The May Planners
157712,The June Loyals
381307,The September Loyals
562661,New travelers
209134,New travelers
121410,The October Loyals
668599,The Summer-Fall Hybrids
195419,The October Loyals
198625,The October Loyals
261426,The Lost Holiday Drifters
435049,The September Loyals
789797,The June Loyals
898587,The Lost Holiday Drifters
122577,The November Loyals
197320,The December Loyals
776613,The January Average
249408,The Summer-Fall Hybrids
582929,The May Planners
122049,The May Planners
559362,The September Loyals
785223,The September Loyals
197514,The February Loyals
539144,The June Loyals
803586,The Lost Holiday Drifters
164211,New travelers
561933,New travelers
475690,The June Loyals
744778,The February Loyals
612060,The June Loyals
859508,The Dormant Browsers
261780,The December Loyals
252472,New travelers
482938,New travelers
944093,The December Loyals
796099,The September Loyals
807074,New travelers
530206,The May Planners
915287,New travelers
471188,The March Loyals
454041,The September Loyals
220806,The December Loyals
789190,The February Loyals
925198,New travelers
984798,The September Loyals
311619,The Autumn Budget
545744,The May Planners
438875,Holiday Travelers
898149,The Q4 Boomerang
537829,New travelers
747315,The October Loyals
496759,The September Loyals
181434,New travelers
697824,New travelers
686223,New travelers
904974,New travelers
215089,The November Loyals
299367,New travelers
437545,The January Average
987171,The January Average
152148,The January Average
932363,New travelers
808721,The November Loyals
155488,The February Loyals
969483,The May Planners
948591,The May Planners
548752,The March Loyals
818567,The February Loyals
190149,The December Loyals
563587,The November Loyals
264107,The May Planners
211217,The Summer-Fall Hybrids
169857,The May Planners
373665,New travelers
482351,The Summer-Fall Hybrids
793094,The October Loyals
848562,The September Loyals
330779,The March Loyals
687962,The December Loyals
145542,New travelers
450205,The May Planners
100727,The November Loyals
363866,The Lost Holiday Drifters
743241,The March Loyals
701645,New travelers
435358,New travelers
686371,The Q4 Boomerang
464105,The September Loyals
152681,The January Average
367492,The Autumn Budget
568734,The March Loyals
883056,New travelers
352617,The Dormant Browsers
131956,New travelers
395912,The December Loyals
572045,New travelers
865213,New travelers
575030,The Autumn Budget
211715,The Lost Holiday Drifters
554761,The September Loyals
566165,The October Loyals
124195,New travelers
400079,The September Loyals
946172,The Pandemic Drop-offs
957901,The Autumn Budget
995142,The December Loyals
157879,The Summer-Fall Hybrids
441741,The December Loyals
461354,The Q4 Boomerang
582690,The October Loyals
751990,The October Loyals
743121,The December Loyals
773805,The September Loyals
166953,The March Loyals
235428,The October Loyals
238556,The December Loyals
657946,New travelers
839362,The September Loyals
938719,New travelers
978130,The March Loyals
707470,The December Loyals
950445,The November Loyals
140768,The February Loyals
857845,The November Loyals
277607,New travelers
193928,The October Loyals
755070,The December Loyals
801338,The March Loyals
889964,New travelers
274354,The May Planners
834571,The September Loyals
206871,The November Loyals
242789,The January Average
958791,The December Loyals
134760,The September Loyals
874612,The Lost Holiday Drifters
283290,The November Loyals
616447,The Q4 Boomerang
653851,The Q4 Boomerang
929980,The December Loyals
810448,The September Loyals
959728,The Q4 Boomerang
515444,New travelers
953784,The Summer-Fall Hybrids
536186,The September Loyals
390874,The November Loyals
509909,The Lost Holiday Drifters
923560,The September Loyals
421001,The September Loyals
917610,The March Loyals
285579,The September Loyals
769976,The Pandemic Drop-offs
837705,The May Planners
614164,The October Loyals
248886,New travelers
944261,The January Average
432564,The Lost Holiday Drifters
653354,New travelers
750162,New travelers
757047,The September Loyals
808005,The June Loyals
515298,New travelers
614246,The September Loyals
103731,The September Loyals
453578,New travelers
771035,The February Loyals
893427,The Dormant Browsers
232609,The March Loyals
191057,The Lost Holiday Drifters
844152,The December Loyals
460929,The June Loyals
630209,The Lost Holiday Drifters
219043,The March Loyals
537711,The May Planners
122009,The Pandemic Drop-offs
453136,The September Loyals
922188,The March Loyals
780529,New travelers
721438,The December Loyals
761015,The December Loyals
891233,New travelers
671528,The January Average
240500,The Q4 Boomerang
800220,The Autumn Budget
749801,The June Loyals
625434,The December Loyals
505070,New travelers
120554,The March Loyals
962661,The September Loyals
622697,The September Loyals
501856,The September Loyals
893057,The September Loyals
541163,The November Loyals
633067,New travelers
736615,The October Loyals
967883,The January Average
248011,The September Loyals
959137,The September Loyals
591854,The February Loyals
346225,The November Loyals
625318,New travelers
450150,The Autumn Budget
569315,The September Loyals
622036,The Summer-Fall Hybrids
287343,New travelers
226842,The December Loyals
802084,New travelers
540268,The Q4 Boomerang
504190,New travelers
566630,The March Loyals
374639,The May Planners
447470,The November Loyals
442306,The January Average
901978,The Dormant Browsers
330040,The December Loyals
899009,The February Loyals
988510,The December Loyals
124355,The January Average
429557,The November Loyals
176599,The March Loyals
550058,The January Average
577872,The Lost Holiday Drifters
731696,The January Average
773086,The November Loyals
713423,The March Loyals
965154,The Dormant Browsers
432938,The November Loyals
757446,The November Loyals
531293,The February Loyals
763132,The October Loyals
271680,The March Loyals
454223,New travelers
547575,The September Loyals
845041,The March Loyals
856705,The June Loyals
532945,New travelers
570531,New travelers
111584,The Dormant Browsers
612339,The May Planners
720514,The February Loyals
413426,The September Loyals
702746,The June Loyals
442458,The June Loyals
513553,The March Loyals
633490,New travelers
665645,The Q4 Boomerang
724378,The December Loyals
224132,New travelers
701308,The September Loyals
275762,The September Loyals
672582,New travelers
649321,The May Planners
286262,The June Loyals
391509,The September Loyals
420490,The September Loyals
162167,The March Loyals
803357,New travelers
809299,The Summer-Fall Hybrids
327474,The May Planners
274428,The September Loyals
791342,The September Loyals
352005,The May Planners
526164,The September Loyals
898495,The December Loyals
499423,New travelers
291509,The December Loyals
472325,The January Average
165484,The March Loyals
766766,New travelers
327565,New travelers
730088,The March Loyals
759311,The March Loyals
682813,The November Loyals
206119,The March Loyals
933552,New travelers
522788,The Q4 Boomerang
547699,The January Average
286182,New travelers
980837,The Autumn Budget
858341,The February Loyals
161525,New travelers
266284,The December Loyals
454630,The February Loyals
580169,The February Loyals
818616,The November Loyals
439092,The Summer-Fall Hybrids
808392,The December Loyals
834726,The September Loyals
465842,The November Loyals
727197,New travelers
837031,The January Average
367751,The November Loyals
880099,New travelers
136020,The September Loyals
191150,The Summer-Fall Hybrids
256188,The Q4 Boomerang
495286,The Autumn Budget
939521,New travelers
783604,The March Loyals
453654,The March Loyals
271297,The Q4 Boomerang
600914,The May Planners
847771,The September Loyals
663521,The October Loyals
900795,The February Loyals
559007,The May Planners
264050,New travelers
515656,The November Loyals
612019,The Q4 Boomerang
727648,The May Planners
817070,The September Loyals
107466,The September Loyals
352916,The March Loyals
692535,The December Loyals
128572,New travelers
986551,The September Loyals
121999,New travelers
330947,New travelers
568678,The March Loyals
389146,The September Loyals
787086,New travelers
472283,New travelers
676406,The December Loyals
401859,The February Loyals
371422,The January Average
492226,The Q4 Boomerang
842527,The June Loyals
789465,New travelers
653259,The January Average
161414,The Q4 Boomerang
391557,The Summer-Fall Hybrids
787416,The May Planners
845435,The February Loyals
992854,The October Loyals
302792,New travelers
293676,The March Loyals
431586,The February Loyals
202831,The September Loyals
811022,New travelers
465570,The September Loyals
304887,New travelers
970152,New travelers
325268,The October Loyals
560597,The Dormant Browsers
976413,The March Loyals
274117,The September Loyals
321436,The September Loyals
116948,The Summer-Fall Hybrids
190716,The Summer-Fall Hybrids
621814,The March Loyals
779679,The December Loyals
992886,The Dormant Browsers
194813,The Q4 Boomerang
204693,The December Loyals
877352,The Lost Holiday Drifters
957413,The September Loyals
221254,The Pandemic Drop-offs
319850,The September Loyals
407305,The May Planners
428345,New travelers
466953,The January Average
962480,New travelers
808399,The December Loyals
107902,The May Planners
136637,The November Loyals
847579,The September Loyals
882025,The September Loyals
465746,The February Loyals
615617,The December Loyals
908580,The December Loyals
156879,New travelers
800481,The June Loyals
914799,New travelers
109399,The November Loyals
577726,The February Loyals
729752,New travelers
768078,The September Loyals
941984,The Summer-Fall Hybrids
894436,The February Loyals
643605,The September Loyals
237651,The January Average
420488,The October Loyals
568712,The September Loyals
935876,The September Loyals
616416,The May Planners
888404,The Q4 Boomerang
256189,New travelers
101018,The March Loyals
387971,The March Loyals
395525,The May Planners
792873,The December Loyals
239221,New travelers
278227,New travelers
501877,The March Loyals
436990,The February Loyals
965758,The Autumn Budget
660178,The October Loyals
904741,The May Planners
406367,New travelers
787277,New travelers
576936,The December Loyals
626767,New travelers
983353,New travelers
161780,New travelers
974848,The Dormant Browsers
363199,The May Planners
465950,New travelers
516337,The November Loyals
666301,The November Loyals
676376,The February Loyals
202696,The March Loyals
409174,New travelers
150253,The March Loyals
160927,The March Loyals
793608,New travelers
515805,The October Loyals
390974,The January Average
984180,New travelers
289151,The May Planners
445177,The February Loyals
542014,The September Loyals
958767,The November Loyals
859957,The March Loyals
220244,The September Loyals
387506,The November Loyals
823212,New travelers
387121,The June Loyals
173235,The Summer-Fall Hybrids
801882,The November Loyals
612013,The Pandemic Drop-offs
733046,The November Loyals
356460,The September Loyals
428604,The Dormant Browsers
484811,The Dormant Browsers
947234,New travelers
275049,The January Average
770362,The Lost Holiday Drifters
129343,The January Average
288369,The March Loyals
382464,The September Loyals
890395,The September Loyals
909677,The February Loyals
650657,The October Loyals
352026,The Lost Holiday Drifters
493283,The December Loyals
610573,The November Loyals
181728,The December Loyals
253098,The January Average
930848,The September Loyals
681921,The February Loyals
751824,The February Loyals
505779,The January Average
129434,The November Loyals
501875,The September Loyals
131228,The Summer-Fall Hybrids
144593,The February Loyals
884654,New travelers
958472,The January Average
226387,The Pandemic Drop-offs
423153,New travelers
314742,The September Loyals
345802,The June Loyals
608326,The Dormant Browsers
401424,The Lost Holiday Drifters
383808,The December Loyals
880505,The June Loyals
318561,The September Loyals
174729,The December Loyals
371675,The September Loyals
774249,The Lost Holiday Drifters
782329,The January Average
640920,The Lost Holiday Drifters
947408,The September Loyals
586199,The Summer-Fall Hybrids
384543,The June Loyals
387203,New travelers
182320,The Dormant Browsers
279430,The September Loyals
832367,The February Loyals
465962,The February Loyals
762272,The October Loyals
926874,New travelers
857247,The October Loyals
719673,The December Loyals
643117,The June Loyals
440785,The November Loyals
588980,The March Loyals
731593,The September Loyals
700343,The October Loyals
608508,The June Loyals
662594,The September Loyals
583539,The June Loyals
168727,New travelers
741483,The September Loyals
526867,New travelers
432031,The September Loyals
490806,The May Planners
587136,The Pandemic Drop-offs
424451,New travelers
306596,The Q4 Boomerang
246737,The March Loyals
256544,The November Loyals
344580,The Summer-Fall Hybrids
534904,The December Loyals
713998,The January Average
602222,The February Loyals
656027,The December Loyals
575123,The September Loyals
707869,The December Loyals
752688,The January Average
327015,The June Loyals
442868,The October Loyals
703160,New travelers
681649,The June Loyals
507189,The September Loyals
698915,New travelers
111176,The September Loyals
893789,The March Loyals
764844,New travelers
397820,The May Planners
692741,New travelers
782606,New travelers
898437,The October Loyals
788407,The June Loyals
310252,The November Loyals
147700,The January Average
547190,The September Loyals
654086,The March Loyals
919818,The October Loyals
763084,The September Loyals
204237,The October Loyals
611086,The March Loyals
205367,The Q4 Boomerang
422245,New travelers
152139,The December Loyals
558248,New travelers
278865,The October Loyals
320685,The March Loyals
459099,The January Average
811619,The June Loyals
883376,The Summer-Fall Hybrids
733658,The September Loyals
939760,New travelers
298829,The October Loyals
226422,The September Loyals
314189,The Q4 Boomerang
436969,The September Loyals
544837,The February Loyals
560936,The Dormant Browsers
636965,The October Loyals
266516,The November Loyals
346103,The September Loyals
778393,The May Planners
259700,New travelers
234588,The October Loyals
580834,The March Loyals
733601,New travelers
402177,New travelers
959192,The March Loyals
718031,The September Loyals
187390,The Q4 Boomerang
603587,The March Loyals
425717,The November Loyals
184755,The Dormant Browsers
222050,New travelers
472964,The September Loyals
499027,The September Loyals
761240,The October Loyals
885933,The March Loyals
945199,The Q4 Boomerang
501655,The January Average
530425,The September Loyals
173252,The May Planners
148258,The March Loyals
307159,New travelers
140079,The May Planners
345615,The September Loyals
996238,The November Loyals
540751,The March Loyals
798672,The February Loyals
929451,The February Loyals
526316,The February Loyals
913571,The September Loyals
142122,New travelers
338837,New travelers
381065,The Lost Holiday Drifters
492883,The November Loyals
656288,The October Loyals
684699,New travelers
731373,The Q4 Boomerang
840262,The October Loyals
844641,The November Loyals
366161,New travelers
611481,VIPs
526586,The March Loyals
202035,New travelers
112226,The June Loyals
712362,The March Loyals
614574,The Summer-Fall Hybrids
198570,New travelers
622953,New travelers
415402,The Q4 Boomerang
749705,The Dormant Browsers
854249,The January Average
981117,The May Planners
148570,The September Loyals
138475,The March Loyals
888417,The December Loyals
573347,New travelers
307622,The November Loyals
451042,New travelers
486600,The February Loyals
761403,The November Loyals
356712,The March Loyals
432716,The September Loyals
805008,The February Loyals
902679,The September Loyals
924469,The June Loyals
505776,The Q4 Boomerang
154868,The Q4 Boomerang
722566,The November Loyals
216573,The October Loyals
727952,New travelers
323099,The June Loyals
538042,The Dormant Browsers
601143,The December Loyals
641827,New travelers
798871,The September Loyals
200326,The Summer-Fall Hybrids
434430,New travelers
872669,New travelers
992065,The Lost Holiday Drifters
718887,The May Planners
238647,The September Loyals
757270,The Lost Holiday Drifters
924489,The September Loyals
453165,The Lost Holiday Drifters
998972,The Pandemic Drop-offs
695385,New travelers
947635,The December Loyals
249466,The January Average
862659,The Lost Holiday Drifters
987153,The February Loyals
985374,The September Loyals
485282,The November Loyals
851830,The February Loyals
253852,The May Planners
746863,New travelers
958923,The January Average
777871,The March Loyals
976623,The February Loyals
338212,The September Loyals
897387,The December Loyals
460058,The November Loyals
158400,The March Loyals
662880,The October Loyals
179489,New travelers
508501,The September Loyals
382953,The June Loyals
845180,The Dormant Browsers
209357,The October Loyals
705243,The February Loyals
371580,The June Loyals
173343,The February Loyals
771259,The November Loyals
404434,The February Loyals
164226,The March Loyals
794620,New travelers
101148,The December Loyals
442018,The Dormant Browsers
804137,The March Loyals
743879,The June Loyals
403282,Holiday Travelers
203947,The Lost Holiday Drifters
360472,The October Loyals
568798,The May Planners
569369,The February Loyals
858961,The Summer-Fall Hybrids
318902,The November Loyals
591367,The March Loyals
747993,The May Planners
251324,The March Loyals
394946,The Lost Holiday Drifters
190529,The September Loyals
497576,The Summer-Fall Hybrids
331669,The Lost Holiday Drifters
488853,The December Loyals
232755,The February Loyals
350001,The March Loyals
706970,New travelers
408561,The September Loyals
426124,The November Loyals
829476,The October Loyals
626762,The March Loyals
461974,The Q4 Boomerang
819718,The October Loyals
165260,The March Loyals
551828,The September Loyals
853641,The December Loyals
617171,The September Loyals
924736,New travelers
487930,The September Loyals
855050,New travelers
664112,The May Planners
257301,The May Planners
103823,The May Planners
305910,The Q4 Boomerang
800094,The September Loyals
498998,The Summer-Fall Hybrids
869283,The January Average
611415,The February Loyals
763177,The October Loyals
475634,The September Loyals
726139,The January Average
782393,The November Loyals
596153,The November Loyals
215051,The Autumn Budget
579377,The December Loyals
126665,The October Loyals
711490,The Q4 Boomerang
166955,The September Loyals
405602,The February Loyals
112709,The March Loyals
163645,The January Average
752885,New travelers
853232,The Lost Holiday Drifters
975692,New travelers
262177,The May Planners
273391,The May Planners
966688,New travelers
306869,The March Loyals
904370,New travelers
511981,The Lost Holiday Drifters
762044,The November Loyals
255032,The Lost Holiday Drifters
419661,The Q4 Boomerang
319193,The Lost Holiday Drifters
713580,The February Loyals
542182,The November Loyals
108346,The Dormant Browsers
666608,The May Planners
324013,The Lost Holiday Drifters
374736,The Dormant Browsers
883660,The September Loyals
257369,The Lost Holiday Drifters
656858,New travelers
401060,The November Loyals
967347,The Summer-Fall Hybrids
979010,The February Loyals
747816,New travelers
407238,The December Loyals
705490,New travelers
568667,New travelers
119519,The January Average
587196,The Lost Holiday Drifters
539674,The June Loyals
602649,The Pandemic Drop-offs
570637,The Summer-Fall Hybrids
269154,The November Loyals
539742,The October Loyals
585976,New travelers
666417,The May Planners
212604,The June Loyals
715645,The February Loyals
133956,The September Loyals
458984,The October Loyals
803150,The September Loyals
669978,The October Loyals
741428,The Summer-Fall Hybrids
942926,The September Loyals
132320,The Summer-Fall Hybrids
930887,New travelers
545541,The September Loyals
397104,The May Planners
913949,The June Loyals
144879,The November Loyals
113694,The September Loyals
895725,The June Loyals
443970,The Q4 Boomerang
100642,The January Average
646262,New travelers
257509,New travelers
342007,The May Planners
643362,The Lost Holiday Drifters
936547,The September Loyals
980414,The December Loyals
335371,The September Loyals
606455,The September Loyals
937638,The November Loyals
724599,New travelers
307740,The February Loyals
238753,The September Loyals
302467,The June Loyals
573954,The February Loyals
825490,The September Loyals
993986,The December Loyals
342836,The Summer-Fall Hybrids
554487,The March Loyals
374984,The May Planners
607993,The Lost Holiday Drifters
918478,The February Loyals
541751,The Q4 Boomerang
638804,The May Planners
266968,The December Loyals
210630,The June Loyals
439696,The February Loyals
449654,The December Loyals
615251,The March Loyals
947099,The March Loyals
373771,The Q4 Boomerang
832625,The November Loyals
153146,The January Average
239027,The December Loyals
792795,The May Planners
821043,The February Loyals
360732,New travelers
183716,The September Loyals
456716,The September Loyals
111788,The September Loyals
452725,The November Loyals
428853,The September Loyals
894111,The September Loyals
410347,The October Loyals
485674,The September Loyals
833801,The September Loyals
968671,The December Loyals
240143,New travelers
926250,The Summer-Fall Hybrids
167670,New travelers
958059,The September Loyals
138449,New travelers
348143,New travelers
831644,New travelers
547355,The May Planners
934577,New travelers
603674,The October Loyals
738204,The December Loyals
884844,The September Loyals
871739,The Lost Holiday Drifters
800571,The May Planners
315848,The January Average
847357,The September Loyals
395511,The Summer-Fall Hybrids
387523,The October Loyals
631200,The June Loyals
324364,The February Loyals
879601,The May Planners
995128,The December Loyals
617516,The Summer-Fall Hybrids
496675,New travelers
871188,The Dormant Browsers
206328,The March Loyals
303207,The January Average
615854,The December Loyals
833547,New travelers
428376,The October Loyals
383954,The Pandemic Drop-offs
298681,The October Loyals
597300,The May Planners
571603,The Summer-Fall Hybrids
637453,New travelers
980915,The September Loyals
331995,The Lost Holiday Drifters
779977,The October Loyals
877488,The December Loyals
326703,New travelers
363864,The Autumn Budget
973921,The Q4 Boomerang
661193,The February Loyals
824360,The December Loyals
462279,New travelers
843836,The Q4 Boomerang
412284,The Dormant Browsers
564449,The December Loyals
999589,New travelers
700356,New travelers
394078,The Q4 Boomerang
245307,New travelers
452985,The Lost Holiday Drifters
745080,New travelers
285411,The September Loyals
322733,The February Loyals
479278,The May Planners
123060,The February Loyals
980935,The September Loyals
364908,The September Loyals
610482,The Lost Holiday Drifters
166475,The January Average
352101,The September Loyals
387570,The September Loyals
434621,The Summer-Fall Hybrids
815834,The September Loyals
901478,New travelers
294634,The Summer-Fall Hybrids
538949,New travelers
674394,The September Loyals
664737,The June Loyals
225656,New travelers
168641,New travelers
725580,The Q4 Boomerang
243153,New travelers
736389,The February Loyals
719383,The September Loyals
252419,The March Loyals
471662,The January Average
345841,The September Loyals
421930,The September Loyals
760176,The June Loyals
610860,New travelers
612510,The November Loyals
468522,New travelers
189707,The Summer-Fall Hybrids
142511,The Q4 Boomerang
248593,The November Loyals
419570,The September Loyals
279221,The September Loyals
650621,The March Loyals
967032,The May Planners
209675,The November Loyals
888649,The June Loyals
466754,The Dormant Browsers
994763,The March Loyals
789444,The November Loyals
615054,The December Loyals
324066,New travelers
834550,The June Loyals
335671,The June Loyals
997741,The Summer-Fall Hybrids
322451,The June Loyals
967150,The October Loyals
486956,The December Loyals
288451,The Lost Holiday Drifters
598799,The January Average
420508,The January Average
355775,The January Average
394196,The Q4 Boomerang
718029,The September Loyals
518061,The January Average
899871,The June Loyals
995333,The June Loyals
455866,The September Loyals
663719,The November Loyals
704967,The May Planners
546796,The March Loyals
169253,New travelers
459737,The December Loyals
831424,New travelers
598364,The October Loyals
351367,The March Loyals
526822,The March Loyals
504403,The March Loyals
945485,The December Loyals
373374,The September Loyals
655039,New travelers
842641,The September Loyals
205698,The February Loyals
348202,The March Loyals
709869,New travelers
339151,The September Loyals
438822,The September Loyals
844125,The October Loyals
298817,The September Loyals
273052,The Autumn Budget
975298,The September Loyals
233051,New travelers
618226,New travelers
875796,New travelers
870574,The September Loyals
644251,The September Loyals
369569,The September Loyals
300867,New travelers
244865,The May Planners
379629,The June Loyals
332387,The September Loyals
428452,New travelers
167795,The November Loyals
182272,The January Average
262613,The May Planners
293212,The January Average
567227,The June Loyals
665890,The May Planners
204763,The September Loyals
691259,The October Loyals
205170,The December Loyals
462337,The May Planners
677435,The December Loyals
499132,The November Loyals
482777,New travelers
818597,The Dormant Browsers
498632,The September Loyals
422152,The September Loyals
644652,The January Average
182749,The November Loyals
377858,New travelers
602086,The Pandemic Drop-offs
209021,The Summer-Fall Hybrids
906848,The September Loyals
593277,The Dormant Browsers
100364,The Q4 Boomerang
392402,The March Loyals
504545,New travelers
909020,The Dormant Browsers
171264,The March Loyals
273213,The November Loyals
902833,New travelers
714825,The September Loyals
363314,The May Planners
377288,The September Loyals
439572,New travelers
128007,The February Loyals
751628,The June Loyals
359466,The March Loyals
278822,The October Loyals
260452,The March Loyals
694828,The March Loyals
921130,The September Loyals
926609,The September Loyals
397787,The Summer-Fall Hybrids
607752,New travelers
856483,The Q4 Boomerang
653015,The May Planners
909238,The Dormant Browsers
437737,The February Loyals
797398,The Lost Holiday Drifters
525129,The February Loyals
418910,The March Loyals
430413,The September Loyals
893555,The Lost Holiday Drifters
193665,The March Loyals
659454,New travelers
732009,The May Planners
792695,The December Loyals
851986,The June Loyals
298869,The June Loyals
770702,The Q4 Boomerang
641642,The Summer-Fall Hybrids
724979,The Pandemic Drop-offs
272672,The June Loyals
728818,The Lost Holiday Drifters
256821,The October Loyals
546037,New travelers
930489,The February Loyals
302186,The November Loyals
313437,The May Planners
476371,New travelers
378827,The October Loyals
996349,The January Average
176166,The May Planners
982059,The September Loyals
300870,The September Loyals
127241,The Q4 Boomerang
514652,New travelers
340156,New travelers
166938,The September Loyals
840667,The May Planners
515667,The March Loyals
534805,The Q4 Boomerang
581260,The November Loyals
428843,The January Average
562588,The Q4 Boomerang
148216,The Summer-Fall Hybrids
161774,New travelers
741031,The September Loyals
486933,The Q4 Boomerang
495942,The January Average
877346,The Q4 Boomerang
989134,The June Loyals
533157,The February Loyals
745729,The September Loyals
366894,The May Planners
747759,The January Average
208630,New travelers
492700,The Lost Holiday Drifters
701485,The February Loyals
937127,The May Planners
582843,New travelers
561520,The September Loyals
998061,New travelers
475313,New travelers
687199,The October Loyals
692291,New travelers
598706,The October Loyals
892068,The January Average
409603,The Summer-Fall Hybrids
407411,The February Loyals
943425,The Q4 Boomerang
214995,The May Planners
545179,The May Planners
304131,The January Average
228469,New travelers
346925,The June Loyals
159500,The September Loyals
516519,New travelers
451391,The March Loyals
412480,The Q4 Boomerang
482402,The June Loyals
715817,The September Loyals
238796,The May Planners
430880,The September Loyals
766886,The November Loyals
724414,The November Loyals
341867,The November Loyals
746807,The December Loyals
807570,The September Loyals
617008,The February Loyals
394213,The Pandemic Drop-offs
863019,The January Average
961650,The Lost Holiday Drifters
701792,The Lost Holiday Drifters
389583,The December Loyals
771880,The Q4 Boomerang
906262,The October Loyals
916713,The September Loyals
290395,The November Loyals
800433,The Summer-Fall Hybrids
637687,The March Loyals
168302,The Q4 Boomerang
230840,The December Loyals
366576,New travelers
375451,The Q4 Boomerang
665773,New travelers
197113,The September Loyals
715555,The Lost Holiday Drifters
249833,The Q4 Boomerang
667341,The December Loyals
487359,The February Loyals
460934,The February Loyals
491773,The June Loyals
841369,The June Loyals
533213,The Lost Holiday Drifters
381651,The March Loyals
400600,The Q4 Boomerang
607453,The September Loyals
943997,New travelers
351029,The September Loyals
386986,The September Loyals
817135,The Q4 Boomerang
314705,New travelers
346598,The Autumn Budget
285485,The Autumn Budget
203306,New travelers
428020,The June Loyals
432298,The May Planners
375105,The February Loyals
658861,The January Average
556649,The February Loyals
583003,The Q4 Boomerang
928942,The January Average
327688,The September Loyals
519796,The February Loyals
560714,The Summer-Fall Hybrids
215260,The Summer-Fall Hybrids
720146,The May Planners
757691,The January Average
854709,The September Loyals
935235,The November Loyals
339819,The November Loyals
910028,New travelers
241069,New travelers
257463,Holiday Travelers
468220,The December Loyals
923766,New travelers
498897,The Summer-Fall Hybrids
425567,The Dormant Browsers
197491,New travelers
921278,The February Loyals
372175,The Lost Holiday Drifters
284866,The May Planners
629341,New travelers
764889,The May Planners
172757,The February Loyals
901550,Holiday Travelers
944124,The September Loyals
535539,The March Loyals
151010,New travelers
261109,The September Loyals
332276,The May Planners
481076,The Autumn Budget
375162,New travelers
493606,New travelers
404011,The March Loyals
486880,New travelers
438199,The May Planners
159533,New travelers
597124,New travelers
777544,New travelers
912539,The Q4 Boomerang
240365,The Lost Holiday Drifters
541040,The October Loyals
706876,New travelers
142925,The Q4 Boomerang
510224,The September Loyals
677606,The June Loyals
678933,The September Loyals
684386,The March Loyals
349767,The February Loyals
148486,The February Loyals
180380,The September Loyals
151399,The December Loyals
208634,The February Loyals
661487,The February Loyals
892723,The September Loyals
201292,The October Loyals
216652,The Dormant Browsers
114131,The Q4 Boomerang
257880,The November Loyals
478127,The January Average
826697,The Lost Holiday Drifters
844222,The Lost Holiday Drifters
338803,New travelers
136089,The February Loyals
246117,New travelers
179585,The March Loyals
789932,The October Loyals
387307,The Summer-Fall Hybrids
674637,The May Planners
777418,The Dormant Browsers
876083,The January Average
982895,New travelers
175902,The Q4 Boomerang
334574,New travelers
457947,New travelers
969653,The Dormant Browsers
407478,The Lost Holiday Drifters
787322,New travelers
702677,The January Average
432215,The December Loyals
330515,The March Loyals
664759,The Autumn Budget
693238,The May Planners
233991,The June Loyals
142950,The May Planners
579283,The Dormant Browsers
981201,The November Loyals
874937,New travelers
650957,New travelers
448147,The October Loyals
194200,The May Planners
817069,The Q4 Boomerang
776736,The June Loyals
741700,The December Loyals
380526,The September Loyals
893909,The December Loyals
394167,The January Average
340467,The January Average
374440,The March Loyals
787651,New travelers
828959,The January Average
526765,The March Loyals
478108,The September Loyals
293222,New travelers
545567,The September Loyals
289516,The September Loyals
450735,The Autumn Budget
686555,The September Loyals
491948,The Dormant Browsers
914316,The November Loyals
453135,The January Average
639626,New travelers
800357,The December Loyals
901758,The June Loyals
362855,The March Loyals
517729,The October Loyals
588657,The March Loyals
275849,The June Loyals
760975,The February Loyals
908728,The March Loyals
332082,The September Loyals
738332,The February Loyals
886764,New travelers
915439,The September Loyals
993058,The September Loyals
200960,The March Loyals
744860,The Pandemic Drop-offs
656487,The January Average
441155,The March Loyals
680581,The June Loyals
114219,The September Loyals
606712,The Pandemic Drop-offs
793125,The Q4 Boomerang
997008,New travelers
132337,The June Loyals
280796,The March Loyals
564909,The March Loyals
210770,The October Loyals
741842,The June Loyals
928188,New travelers
674923,The October Loyals
336143,The September Loyals
801176,The October Loyals
379281,The Autumn Budget
104739,New travelers
682707,The March Loyals
924634,The December Loyals
750955,The June Loyals
811140,New travelers
984824,New travelers
353308,New travelers
870203,The March Loyals
967035,The September Loyals
359446,The March Loyals
576871,The January Average
821010,The September Loyals
966949,New travelers
720465,The May Planners
122946,The May Planners
474752,The October Loyals
888297,The May Planners
286989,The January Average
480675,New travelers
363483,New travelers
689440,The Dormant Browsers
154782,The Q4 Boomerang
830223,The September Loyals
908994,New travelers
525188,The December Loyals
137944,The January Average
197578,The November Loyals
604039,New travelers
820454,The June Loyals
472695,The March Loyals
644390,The November Loyals
878388,The February Loyals
837526,New travelers
138908,The September Loyals
841957,New travelers
597023,The February Loyals
226847,New travelers
199493,New travelers
618379,The September Loyals
125059,New travelers
254860,The November Loyals
405418,The December Loyals
936440,The Summer-Fall Hybrids
404233,The September Loyals
256198,The Q4 Boomerang
110170,The Summer-Fall Hybrids
159942,The Lost Holiday Drifters
671639,The November Loyals
873498,The March Loyals
263612,The Pandemic Drop-offs
230240,The September Loyals
319012,The September Loyals
205371,The February Loyals
618886,The September Loyals
140674,The Summer-Fall Hybrids
731238,The January Average
233768,The September Loyals
461540,The Dormant Browsers
721364,New travelers
918964,The Q4 Boomerang
950393,The March Loyals
773973,The March Loyals
301784,The November Loyals
792898,The November Loyals
441442,The February Loyals
427444,The Q4 Boomerang
223643,New travelers
229621,The September Loyals
159751,The February Loyals
618731,The January Average
635162,The Lost Holiday Drifters
321795,The March Loyals
423409,The Summer-Fall Hybrids
336809,The September Loyals
835009,The September Loyals
663062,The Q4 Boomerang
739820,The February Loyals
254371,The December Loyals
218545,The November Loyals
572015,The September Loyals
367782,New travelers
699962,The November Loyals
363967,New travelers
603050,The Pandemic Drop-offs
947711,The December Loyals
170321,The March Loyals
154958,New travelers
278054,New travelers
135257,The Q4 Boomerang
895921,The December Loyals
386607,The September Loyals
618089,New travelers
218122,The September Loyals
498932,The May Planners
533302,The September Loyals
255740,The January Average
855383,The September Loyals
103699,The Dormant Browsers
297172,The Q4 Boomerang
798817,The January Average
810833,The February Loyals
615945,New travelers
483154,The February Loyals
305412,The September Loyals
716785,The November Loyals
235459,The December Loyals
915147,The November Loyals
707699,The October Loyals
827815,New travelers
978484,The September Loyals
301744,The May Planners
955533,New travelers
730737,The May Planners
828328,New travelers
542208,New travelers
783791,The Autumn Budget
592064,New travelers
376863,The January Average
423821,The November Loyals
964789,The January Average
639705,The June Loyals
781062,The March Loyals
580500,The Q4 Boomerang
738652,The September Loyals
123164,The January Average
389804,The June Loyals
532203,The September Loyals
697962,New travelers
581427,The January Average
645895,The September Loyals
409951,The September Loyals
507838,The October Loyals
614871,The Q4 Boomerang
509686,The January Average
601834,The November Loyals
381316,The February Loyals
794523,The Summer-Fall Hybrids
296887,The November Loyals
935110,New travelers
541358,The October Loyals
861669,Holiday Travelers
558686,The March Loyals
659011,The November Loyals
201256,The Dormant Browsers
537132,The January Average
470989,The September Loyals
858266,The February Loyals
479724,The March Loyals
315527,The October Loyals
759518,The Summer-Fall Hybrids
121710,The November Loyals
260112,New travelers
489534,The September Loyals
492973,The Autumn Budget
597156,The Q4 Boomerang
678460,The February Loyals
745811,The January Average
870045,The June Loyals
665533,New travelers
166829,The Summer-Fall Hybrids
915164,New travelers
508795,The Summer-Fall Hybrids
327638,New travelers
899592,The February Loyals
179075,The November Loyals
216661,The March Loyals
345908,The Q4 Boomerang
312867,The September Loyals
834453,The November Loyals
766262,New travelers
270304,The December Loyals
682521,The Lost Holiday Drifters
136470,The September Loyals
309110,The September Loyals
783515,The Lost Holiday Drifters
446886,The Pandemic Drop-offs
571760,The December Loyals
148865,The Q4 Boomerang
952322,The June Loyals
144301,New travelers
954718,The Dormant Browsers
428305,The September Loyals
172444,The January Average
308176,The March Loyals
782124,The June Loyals
194254,The Summer-Fall Hybrids
161769,The May Planners
793995,The December Loyals
747926,The January Average
930562,The January Average
326280,The September Loyals
834799,The March Loyals
169697,The September Loyals
263260,The November Loyals
976153,The February Loyals
724071,The Q4 Boomerang
534324,New travelers
663641,New travelers
329281,New travelers
573505,The March Loyals
418626,New travelers
197062,The Q4 Boomerang
565710,The November Loyals
905288,New travelers
257820,New travelers
179773,The Pandemic Drop-offs
771976,New travelers
698932,The October Loyals
170311,The March Loyals
897904,The June Loyals
108857,The Lost Holiday Drifters
568205,The March Loyals
410558,VIPs
848574,The Lost Holiday Drifters
590752,The March Loyals
389551,The May Planners
430265,The Autumn Budget
403507,The December Loyals
974441,The Lost Holiday Drifters
415088,The Dormant Browsers
466813,The Lost Holiday Drifters
824906,The October Loyals
183755,The November Loyals
695878,The September Loyals
770968,The January Average
279654,The November Loyals
631557,The June Loyals
595169,The June Loyals
296457,New travelers
750384,The March Loyals
510502,The May Planners
241436,The December Loyals
252165,New travelers
523272,The September Loyals
767907,The January Average
889697,The March Loyals
408134,The Summer-Fall Hybrids
133324,The June Loyals
883468,The Pandemic Drop-offs
678217,New travelers
186668,The November Loyals
491005,The December Loyals
266474,The June Loyals
318537,New travelers
922347,New travelers
368330,The October Loyals
629753,The September Loyals
409798,The November Loyals
949952,The September Loyals
210339,The March Loyals
557872,The September Loyals
343706,The December Loyals
357059,The March Loyals
901887,New travelers
612742,New travelers
937250,The September Loyals
871445,The November Loyals
681250,The March Loyals
418930,The February Loyals
412024,The June Loyals
905634,The Summer-Fall Hybrids
299760,The March Loyals
182534,The December Loyals
996333,The March Loyals
953448,The Autumn Budget
617099,The September Loyals
274211,The October Loyals
318753,The Dormant Browsers
618830,The September Loyals
429894,The February Loyals
253619,The Autumn Budget
147408,New travelers
633631,The December Loyals
196892,The May Planners
215869,The September Loyals
241600,The November Loyals
665467,The June Loyals
494263,The February Loyals
860017,The June Loyals
275531,The Summer-Fall Hybrids
753141,The May Planners
366467,The December Loyals
995868,New travelers
278045,New travelers
359816,The May Planners
432255,The March Loyals
235716,The September Loyals
208368,The Summer-Fall Hybrids
533638,The September Loyals
750152,The October Loyals
972636,The September Loyals
938516,The September Loyals
997710,The Pandemic Drop-offs
625945,The September Loyals
538760,The March Loyals
897835,The September Loyals
115505,The Q4 Boomerang
464970,New travelers
529140,The June Loyals
638469,The September Loyals
698242,The February Loyals
250540,New travelers
442014,The October Loyals
859196,New travelers
444050,New travelers
746385,New travelers
381395,The September Loyals
740603,The Autumn Budget
464720,The June Loyals
230337,The Summer-Fall Hybrids
441356,The Dormant Browsers
971609,The Dormant Browsers
770727,The Pandemic Drop-offs
651622,The June Loyals
750247,New travelers
858294,The December Loyals
465197,The February Loyals
105992,The March Loyals
469404,The January Average
660457,The October Loyals
547764,New travelers
333451,The March Loyals
823789,The November Loyals
704308,New travelers
722324,The September Loyals
227234,The Summer-Fall Hybrids
967738,New travelers
266479,The Q4 Boomerang
301323,New travelers
775573,The June Loyals
948747,The September Loyals
814490,The March Loyals
130497,The Q4 Boomerang
381459,The January Average
871972,The December Loyals
176480,The September Loyals
838589,The Lost Holiday Drifters
433752,The Q4 Boomerang
709566,The January Average
916003,New travelers
216109,The September Loyals
113529,New travelers
445146,New travelers
132563,New travelers
528160,The September Loyals
497201,The June Loyals
518582,The November Loyals
708566,The February Loyals
834063,The Pandemic Drop-offs
168349,The November Loyals
709844,New travelers
128749,The Q4 Boomerang
121068,The February Loyals
399101,The Lost Holiday Drifters
735266,The February Loyals
943460,The September Loyals
932973,The September Loyals
185509,The February Loyals
255108,The Dormant Browsers
395384,The December Loyals
650721,The Summer-Fall Hybrids
686728,New travelers
859343,The Pandemic Drop-offs
948117,The December Loyals
595028,The May Planners
855510,New travelers
963016,The October Loyals
129914,The May Planners
400486,The September Loyals
878653,The September Loyals
323154,The March Loyals
466795,The May Planners
657730,The Lost Holiday Drifters
683288,The Lost Holiday Drifters
686220,The June Loyals
831442,The September Loyals
582166,New travelers
424585,The Lost Holiday Drifters
469075,The May Planners
723715,The Q4 Boomerang
249352,The June Loyals
372824,The January Average
276806,The Summer-Fall Hybrids
128950,The May Planners
178461,The October Loyals
678967,The September Loyals
854831,The Dormant Browsers
407798,The January Average
457552,New travelers
942191,The Summer-Fall Hybrids
552823,The March Loyals
906826,The November Loyals
817744,The May Planners
163615,The March Loyals
399065,The March Loyals
612488,The January Average
644893,The Pandemic Drop-offs
940523,New travelers
627670,The September Loyals
712220,New travelers
723061,The December Loyals
621218,The September Loyals
265072,The March Loyals
402638,The Dormant Browsers
960913,The January Average
899734,New travelers
796347,The May Planners
688178,The March Loyals
761600,The Q4 Boomerang
237293,The September Loyals
880406,The January Average
245356,The January Average
362736,The October Loyals
459971,The October Loyals
994541,The November Loyals
517533,The September Loyals
667041,The June Loyals
968090,The June Loyals
897545,The Summer-Fall Hybrids
314441,New travelers
866362,The May Planners
387584,The June Loyals
266429,The Pandemic Drop-offs
384328,The January Average
590393,New travelers
615989,The January Average
351238,The June Loyals
396726,The March Loyals
795174,The Summer-Fall Hybrids
266326,New travelers
553973,The September Loyals
512179,The March Loyals
407032,The October Loyals
851499,New travelers
434888,The June Loyals
206332,New travelers
154606,The January Average
172348,The Summer-Fall Hybrids
112842,The March Loyals
505204,The January Average
491404,The Autumn Budget
390562,New travelers
493894,The March Loyals
527244,The Dormant Browsers
349730,The September Loyals
397533,The November Loyals
767058,The September Loyals
458939,The September Loyals
244538,The September Loyals
681270,The January Average
576736,New travelers
206680,The June Loyals
475550,The September Loyals
702257,The February Loyals
921357,The September Loyals
941621,The Lost Holiday Drifters
180321,The Dormant Browsers
773095,New travelers
445632,The November Loyals
658175,VIPs
568814,The December Loyals
692275,The May Planners
380255,The May Planners
936860,New travelers
463490,The May Planners
827334,The Summer-Fall Hybrids
274107,New travelers
506170,The November Loyals
874842,The Summer-Fall Hybrids
552546,New travelers
519276,The June Loyals
560713,The November Loyals
723672,The September Loyals
438299,The May Planners
657842,New travelers
231090,The September Loyals
236874,The September Loyals
504311,The September Loyals
289693,The Lost Holiday Drifters
775185,The December Loyals
206366,The February Loyals
197973,The Dormant Browsers
576354,The March Loyals
590025,The Autumn Budget
827819,The January Average
447943,The May Planners
595334,New travelers
358039,The Q4 Boomerang
508923,The June Loyals
649404,New travelers
177677,New travelers
239955,The May Planners
565351,The June Loyals
969219,New travelers
146099,The Q4 Boomerang
312226,The Q4 Boomerang
624980,The November Loyals
785738,The November Loyals
898438,The May Planners
229308,New travelers
605874,The Summer-Fall Hybrids
929282,The September Loyals
424688,The September Loyals
965688,The Dormant Browsers
140823,The May Planners
795486,The March Loyals
920145,The Lost Holiday Drifters
939333,New travelers
119638,New travelers
735171,New travelers
839579,The Q4 Boomerang
589074,New travelers
280879,The January Average
304117,The September Loyals
520202,The March Loyals
522285,The Q4 Boomerang
972121,The December Loyals
907636,The September Loyals
323249,New travelers
347013,The December Loyals
378920,The September Loyals
635616,The January Average
559879,The Summer-Fall Hybrids
555831,The Pandemic Drop-offs
923201,The November Loyals
661708,The Summer-Fall Hybrids
134397,The September Loyals
326988,The September Loyals
788354,The February Loyals
324125,The September Loyals
489221,The May Planners
891696,The September Loyals
475123,The September Loyals
781052,The September Loyals
273478,The January Average
666702,The Lost Holiday Drifters
834523,The May Planners
951624,The September Loyals
709479,The Lost Holiday Drifters
943553,The January Average
106839,The October Loyals
326418,The December Loyals
723820,The Q4 Boomerang
446302,The February Loyals
275209,The Dormant Browsers
129976,The November Loyals
197096,The September Loyals
160707,The February Loyals
340604,New travelers
502784,New travelers
974209,The October Loyals
244611,The December Loyals
931244,The September Loyals
778590,The February Loyals
669810,The December Loyals
485705,New travelers
400265,The September Loyals
575070,The June Loyals
734838,The Dormant Browsers
371159,The September Loyals
876254,The March Loyals
252563,The Lost Holiday Drifters
233738,The December Loyals
420008,The September Loyals
494536,New travelers
132935,The January Average
175832,New travelers
501602,The January Average
438869,The May Planners
493350,The Autumn Budget
800878,The January Average
749112,The November Loyals
966372,The September Loyals
270969,New travelers
885723,The September Loyals
372237,The May Planners
116207,The Lost Holiday Drifters
152014,The February Loyals
236794,New travelers
851370,New travelers
452994,New travelers
769602,New travelers
874184,The September Loyals
562361,New travelers
497281,New travelers
269297,The September Loyals
414757,The January Average
300945,The February Loyals
115749,New travelers
325382,The September Loyals
901690,The June Loyals
207220,The September Loyals
490932,The September Loyals
159351,The June Loyals
714757,The September Loyals
643476,The Summer-Fall Hybrids
755406,The Q4 Boomerang
245440,The Lost Holiday Drifters
853266,The Lost Holiday Drifters
563428,New travelers
125919,The Summer-Fall Hybrids
360256,The Summer-Fall Hybrids
468192,The May Planners
711775,New travelers
480502,New travelers
700430,The November Loyals
828988,The January Average
783928,The May Planners
288491,The June Loyals
985211,The June Loyals
628924,The May Planners
157672,The Dormant Browsers
120140,The March Loyals
713299,The February Loyals
888430,The Q4 Boomerang
892632,The September Loyals
331992,New travelers
424917,The September Loyals
570796,The December Loyals
402706,The February Loyals
557458,The February Loyals
410218,The March Loyals
567261,The November Loyals
241455,New travelers
580472,The March Loyals
522111,The September Loyals
569720,The March Loyals
932100,New travelers
277188,The November Loyals
356812,The February Loyals
888115,The January Average
873468,The September Loyals
117358,New travelers
205195,New travelers
118379,The November Loyals
229210,The January Average
963642,The January Average
681822,The March Loyals
193953,The May Planners
206284,The March Loyals
299501,The September Loyals
627778,The Summer-Fall Hybrids
590727,The Pandemic Drop-offs
669501,The March Loyals
939766,The June Loyals
971164,The December Loyals
983416,The September Loyals
441113,The Q4 Boomerang
170656,The November Loyals
676371,New travelers
286611,The Autumn Budget
713085,The December Loyals
197509,The February Loyals
264904,New travelers
469238,New travelers
891810,The September Loyals
361707,The September Loyals
292617,The September Loyals
853608,The September Loyals
871287,The January Average
300051,The September Loyals
703505,The September Loyals
201683,The January Average
324143,The February Loyals
950947,New travelers
126219,The October Loyals
668325,The September Loyals
712026,The September Loyals
828918,The June Loyals
928804,The November Loyals
327910,The September Loyals
553530,The September Loyals
720536,New travelers
971627,The January Average
120868,The September Loyals
163388,The June Loyals
280659,The March Loyals
615578,The May Planners
726735,The September Loyals
473648,New travelers
183096,The November Loyals
673492,The Dormant Browsers
239184,The September Loyals
674933,The October Loyals
772381,The September Loyals
319433,The March Loyals
582429,The Pandemic Drop-offs
755362,The May Planners
616611,New travelers
553089,The March Loyals
983968,The September Loyals
411204,The January Average
347629,The October Loyals
207860,The January Average
485933,The June Loyals
548126,The September Loyals
907934,The September Loyals
761694,The Dormant Browsers
601625,The December Loyals
740407,New travelers
185561,The November Loyals
495912,The October Loyals
527838,The June Loyals
235709,The February Loyals
777351,The December Loyals
585793,The November Loyals
383147,The January Average
653890,New travelers
475395,The Lost Holiday Drifters
442251,The Summer-Fall Hybrids
690776,The September Loyals
193147,The September Loyals
477787,The Q4 Boomerang
699739,The March Loyals
102207,The Dormant Browsers
764578,The May Planners
570469,The January Average
466645,New travelers
890617,The September Loyals
983199,New travelers
663513,The September Loyals
487726,The May Planners
255623,New travelers
982501,The Q4 Boomerang
517129,New travelers
747655,New travelers
190561,The December Loyals
997653,The Lost Holiday Drifters
305150,The October Loyals
918053,The September Loyals
948831,The June Loyals
726684,The September Loyals
590936,The October Loyals
806348,The Dormant Browsers
480021,The Lost Holiday Drifters
953341,The December Loyals
682840,The October Loyals
733434,New travelers
446662,New travelers
863809,The Dormant Browsers
190256,The December Loyals
411272,New travelers
480389,New travelers
388624,The May Planners
712132,New travelers
367511,The September Loyals
771667,The November Loyals
333595,The September Loyals
891647,The September Loyals
483623,The September Loyals
313477,The March Loyals
399666,The Q4 Boomerang
813439,The September Loyals
295533,The Dormant Browsers
829162,The May Planners
477598,The September Loyals
123773,The December Loyals
729542,New travelers
352809,The Q4 Boomerang
513778,The September Loyals
324662,The September Loyals
394248,The November Loyals
640555,The May Planners
286370,The March Loyals
902298,The January Average
655480,The June Loyals
975944,The January Average
500115,New travelers
724139,The September Loyals
983713,The October Loyals
918984,The May Planners
989478,The December Loyals
548390,New travelers
837327,New travelers
861558,The January Average
487901,The November Loyals
579684,The Pandemic Drop-offs
142545,The December Loyals
141181,The September Loyals
336127,The September Loyals
796990,The Autumn Budget
513125,The May Planners
907015,The Summer-Fall Hybrids
923336,The June Loyals
915243,The Pandemic Drop-offs
434657,The Pandemic Drop-offs
142749,The June Loyals
102168,The Autumn Budget
242839,New travelers
920326,The December Loyals
775678,New travelers
356561,The May Planners
245929,The May Planners
932249,The March Loyals
264308,The September Loyals
320414,New travelers
395639,The May Planners
589745,The September Loyals
986018,The November Loyals
369658,The December Loyals
262374,The October Loyals
252782,The December Loyals
482711,The March Loyals
486112,The Summer-Fall Hybrids
685608,The September Loyals
663072,New travelers
743335,New travelers
187710,The May Planners
847724,The January Average
326724,The June Loyals
222425,New travelers
594626,New travelers
466862,The September Loyals
194694,The January Average
456436,The January Average
698647,The November Loyals
566640,The June Loyals
453034,The September Loyals
590647,The May Planners
684776,The February Loyals
346090,The December Loyals
508934,The February Loyals
885888,The May Planners
332716,The January Average
412995,The October Loyals
478373,The January Average
649487,The Pandemic Drop-offs
250422,The December Loyals
793801,New travelers
872069,The Lost Holiday Drifters
501217,New travelers
875473,The Q4 Boomerang
275933,The Dormant Browsers
312248,The March Loyals
923041,The December Loyals
592485,The November Loyals
940256,The September Loyals
185013,The January Average
127827,The Q4 Boomerang
566957,The March Loyals
570920,The November Loyals
693528,The Summer-Fall Hybrids
382739,New travelers
117725,New travelers
345931,The November Loyals
637927,New travelers
861191,The September Loyals
548883,New travelers
769891,The September Loyals
926175,The September Loyals
868830,The Pandemic Drop-offs
939320,New travelers
431020,The September Loyals
444218,New travelers
693913,The December Loyals
895180,New travelers
244721,New travelers
208329,The March Loyals
490562,The Q4 Boomerang
859871,New travelers
888131,The Dormant Browsers
452282,The November Loyals
868926,The Summer-Fall Hybrids
484853,The February Loyals
620674,New travelers
501165,The Q4 Boomerang
611464,The December Loyals
599925,The Autumn Budget
992524,The December Loyals
212977,The Q4 Boomerang
228673,The September Loyals
413345,The September Loyals
678603,The Dormant Browsers
659481,The Q4 Boomerang
909800,The Summer-Fall Hybrids
173884,New travelers
893661,The November Loyals
539854,The Lost Holiday Drifters
457695,New travelers
583788,New travelers
449858,The September Loyals
595024,The November Loyals
780266,The Q4 Boomerang
530839,The November Loyals
527582,The November Loyals
645927,VIPs
574745,New travelers
185808,The June Loyals
428526,The Dormant Browsers
284290,The November Loyals
649104,The September Loyals
400030,The December Loyals
862543,New travelers
259219,The Dormant Browsers
148322,Holiday Travelers
164313,The November Loyals
620084,The Autumn Budget
931238,New travelers
773012,The September Loyals
312455,The February Loyals
575573,The November Loyals
855372,The February Loyals
729161,The March Loyals
839132,The Q4 Boomerang
177146,The September Loyals
596297,New travelers
750280,The November Loyals
967093,The September Loyals
156750,The March Loyals
425620,New travelers
979548,The March Loyals
424983,The June Loyals
370517,The June Loyals
779573,The February Loyals
632399,The March Loyals
288164,New travelers
144695,New travelers
141043,The Lost Holiday Drifters
323345,The November Loyals
804534,The October Loyals
866501,New travelers
782503,New travelers
284889,The November Loyals
501189,New travelers
144328,The March Loyals
270183,The Pandemic Drop-offs
653324,New travelers
846717,New travelers
594636,The Q4 Boomerang
621731,The January Average
901780,The October Loyals
660395,The October Loyals
319658,The Q4 Boomerang
305572,New travelers
853037,New travelers
454145,The Summer-Fall Hybrids
138896,The September Loyals
163598,The September Loyals
101356,New travelers
390435,The March Loyals
836622,The March Loyals
463230,The September Loyals
967693,The Lost Holiday Drifters
820370,The May Planners
419953,The October Loyals
790734,The January Average
509474,New travelers
748586,The Dormant Browsers
694757,The February Loyals
741422,The Summer-Fall Hybrids
149782,The September Loyals
525579,The October Loyals
855400,The May Planners
584537,The March Loyals
447401,The Summer-Fall Hybrids
366727,The Lost Holiday Drifters
325901,The Q4 Boomerang
621832,The October Loyals
774226,The September Loyals
743320,New travelers
831797,The Q4 Boomerang
134827,New travelers
155763,The September Loyals
274083,The June Loyals
384412,New travelers
414727,The January Average
973860,The June Loyals
545378,The January Average
180207,The Dormant Browsers
911089,The January Average
814698,The Autumn Budget
369603,The June Loyals
747509,The Autumn Budget
268842,The November Loyals
310534,The September Loyals
743734,The December Loyals
877730,The September Loyals
519933,The June Loyals
955138,New travelers
557932,The May Planners
329730,The Summer-Fall Hybrids
147986,The Lost Holiday Drifters
944491,The Lost Holiday Drifters
410209,The December Loyals
622334,The October Loyals
422276,The January Average
548244,The September Loyals
283122,The May Planners
970401,New travelers
714536,The March Loyals
720197,The December Loyals
863490,New travelers
662665,The Dormant Browsers
889796,The February Loyals
965590,The September Loyals
975466,New travelers
498989,The February Loyals
177457,The February Loyals
645688,The May Planners
583175,The Lost Holiday Drifters
771753,New travelers
960082,The January Average
417118,The January Average
359138,New travelers
306203,New travelers
314147,The September Loyals
279967,The September Loyals
217497,New travelers
319671,The October Loyals
379038,New travelers
840481,The November Loyals
412743,The Q4 Boomerang
806815,The January Average
894724,New travelers
764703,The Q4 Boomerang
794602,The September Loyals
275298,The November Loyals
337260,The March Loyals
938873,The March Loyals
989406,New travelers
770591,The June Loyals
201891,The September Loyals
301155,The February Loyals
287591,The June Loyals
668136,The Dormant Browsers
881001,The January Average
803844,The September Loyals
606344,The Lost Holiday Drifters
714944,The October Loyals
936603,The Q4 Boomerang
663343,The November Loyals
255183,New travelers
315225,The December Loyals
166535,The March Loyals
757885,The January Average
401943,New travelers
536517,The March Loyals
942403,The June Loyals
538507,The June Loyals
405201,The September Loyals
312312,The Dormant Browsers
867624,The June Loyals
603539,The November Loyals
117351,New travelers
856942,The June Loyals
202271,New travelers
408838,The January Average
901520,The June Loyals
264491,The December Loyals
609296,The March Loyals
362925,The December Loyals
167933,The September Loyals
439251,The February Loyals
552669,The September Loyals
252679,The Summer-Fall Hybrids
542893,The January Average
823436,The Lost Holiday Drifters
754517,The January Average
553943,The February Loyals
462616,The Dormant Browsers
157566,The Q4 Boomerang
656360,The March Loyals
566550,New travelers
996488,The January Average
558543,The September Loyals
221075,The Summer-Fall Hybrids
646178,The September Loyals
171419,The September Loyals
769166,New travelers
513661,The March Loyals
535852,The November Loyals
365138,The March Loyals
975181,New travelers
585386,The March Loyals
956144,The February Loyals
480074,The June Loyals
818077,The November Loyals
700497,New travelers
913721,The March Loyals
534009,The September Loyals
967628,The September Loyals
541000,The June Loyals
847601,New travelers
101515,The March Loyals
253082,New travelers
200309,The September Loyals
555024,The Lost Holiday Drifters
905360,The Dormant Browsers
504860,The September Loyals
253689,The September Loyals
345244,The September Loyals
763621,The Lost Holiday Drifters
804368,The Summer-Fall Hybrids
708982,The Autumn Budget
729205,The December Loyals
121919,The March Loyals
884708,The December Loyals
737451,New travelers
666572,The Summer-Fall Hybrids
430500,The September Loyals
463263,The September Loyals
443199,The September Loyals
604943,The May Planners
327866,The February Loyals
617447,The December Loyals
427163,The January Average
920171,New travelers
909543,The May Planners
122890,The September Loyals
697029,The December Loyals
884062,The October Loyals
400392,The October Loyals
912588,The December Loyals
593039,The Q4 Boomerang
911852,The Pandemic Drop-offs
107487,The Q4 Boomerang
192009,The February Loyals
717407,The September Loyals
640116,The Dormant Browsers
282723,The October Loyals
122020,The May Planners
143266,New travelers
163776,The October Loyals
892556,New travelers
924878,The Summer-Fall Hybrids
854884,The September Loyals
546171,New travelers
844479,The February Loyals
148612,The February Loyals
235506,The Dormant Browsers
517472,The Summer-Fall Hybrids
700011,New travelers
780236,The September Loyals
874876,The Q4 Boomerang
990955,The January Average
743256,The October Loyals
931828,New travelers
408493,The Autumn Budget
415148,The October Loyals
397848,New travelers
154855,The Dormant Browsers
890437,The December Loyals
766909,New travelers
322435,New travelers
438511,New travelers
365413,The May Planners
423978,The January Average
628081,The March Loyals
362167,The September Loyals
418753,The Q4 Boomerang
264486,The February Loyals
100550,The September Loyals
600482,The May Planners
911920,The September Loyals
816937,New travelers
118612,The May Planners
209405,The October Loyals
262810,The December Loyals
258228,The October Loyals
730748,The Lost Holiday Drifters
846515,VIPs
166110,New travelers
223632,The November Loyals
156666,New travelers
834066,The March Loyals
967904,The January Average
534151,The Summer-Fall Hybrids
948961,New travelers
403473,The March Loyals
131761,The October Loyals
189197,The February Loyals
643225,The September Loyals
572811,The February Loyals
979901,The Dormant Browsers
726848,The December Loyals
318264,The May Planners
105700,New travelers
240886,The June Loyals
489115,The January Average
961595,The February Loyals
281926,The May Planners
736518,The February Loyals
612122,The November Loyals
859144,The Lost Holiday Drifters
327498,New travelers
493775,The January Average
509714,The November Loyals
875483,The October Loyals
142609,The Summer-Fall Hybrids
210910,The February Loyals
848185,The January Average
550896,The February Loyals
847136,The February Loyals
876057,The January Average
573986,The Lost Holiday Drifters
817609,The Autumn Budget
152305,The June Loyals
537397,The January Average
739684,New travelers
415640,New travelers
513246,The June Loyals
156730,The Q4 Boomerang
515185,The September Loyals
259067,The Dormant Browsers
303049,New travelers
505179,The Dormant Browsers
465170,New travelers
118320,The May Planners
612834,The September Loyals
100890,The March Loyals
177483,The March Loyals
327555,The October Loyals
845176,The June Loyals
313688,The May Planners
348751,The November Loyals
902555,The Autumn Budget
599560,The Pandemic Drop-offs
902993,New travelers
830743,The March Loyals
388292,The March Loyals
811289,The December Loyals
880205,The February Loyals
369841,The February Loyals
225087,The September Loyals
879787,The September Loyals
603653,New travelers
654540,The Q4 Boomerang
711500,The Q4 Boomerang
365515,The February Loyals
456259,The June Loyals
314202,The November Loyals
793761,The June Loyals
102726,The November Loyals
232022,The December Loyals
482796,New travelers
901747,The Q4 Boomerang
617326,The November Loyals
401101,The Summer-Fall Hybrids
861867,New travelers
383912,The September Loyals
769495,New travelers
959044,The November Loyals
853565,The Lost Holiday Drifters
752609,The Pandemic Drop-offs
551652,The October Loyals
819149,The October Loyals
991983,The Lost Holiday Drifters
222065,The October Loyals
331353,The February Loyals
767908,The January Average
793285,The May Planners
785826,The December Loyals
488891,New travelers
355039,The Q4 Boomerang
683485,The January Average
856364,The September Loyals
871206,The February Loyals
916843,The November Loyals
556050,The November Loyals
937742,The December Loyals
688891,The Autumn Budget
315054,The Q4 Boomerang
964744,The Summer-Fall Hybrids
979598,The September Loyals
572345,The December Loyals
513480,The December Loyals
212493,New travelers
936570,The November Loyals
600220,New travelers
141844,The December Loyals
627428,The September Loyals
463361,The September Loyals
559388,The September Loyals
426022,New travelers
535251,The January Average
390117,The December Loyals
144355,The December Loyals
792418,The May Planners
182782,The February Loyals
393853,The January Average
148201,The May Planners
306872,The Dormant Browsers
225529,New travelers
573344,The December Loyals
417553,New travelers
799622,New travelers
277341,New travelers
246323,The Summer-Fall Hybrids
490553,The September Loyals
815584,The Summer-Fall Hybrids
983393,The March Loyals
383787,The September Loyals
714121,The November Loyals
110001,The February Loyals
124377,New travelers
344797,The September Loyals
822665,The March Loyals
700748,The March Loyals
478315,The September Loyals
278815,The June Loyals
370842,The March Loyals
703249,The Q4 Boomerang
590989,The December Loyals
836112,The September Loyals
776782,The Summer-Fall Hybrids
477362,The February Loyals
117460,The June Loyals
454665,New travelers
969500,The May Planners
128467,The May Planners
825165,The January Average
226866,The Q4 Boomerang
844959,The March Loyals
628431,The September Loyals
746580,The Lost Holiday Drifters
969092,The October Loyals
510329,The May Planners
192685,The September Loyals
616162,The January Average
105552,The March Loyals
263068,The Q4 Boomerang
638466,The Lost Holiday Drifters
712590,The November Loyals
969350,The March Loyals
999986,The September Loyals
164034,The January Average
883174,The September Loyals
621190,The September Loyals
402964,The March Loyals
104103,The May Planners
170791,The September Loyals
179053,New travelers
849105,The September Loyals
672570,The February Loyals
661150,The October Loyals
237319,The Dormant Browsers
936305,The February Loyals
831404,The February Loyals
684934,The December Loyals
833754,New travelers
336357,The October Loyals
763071,The January Average
989986,The November Loyals
399251,The November Loyals
718764,The September Loyals
743481,New travelers
944980,The September Loyals
644374,The September Loyals
738279,The February Loyals
889786,The May Planners
991627,The Q4 Boomerang
432392,The September Loyals
809404,The January Average
452459,The October Loyals
452208,Holiday Travelers
248620,The January Average
320031,The March Loyals
682980,The Lost Holiday Drifters
527565,The May Planners
750171,The September Loyals
961837,The November Loyals
105712,The May Planners
750862,The January Average
374401,The March Loyals
824076,New travelers
721713,The May Planners
227433,New travelers
650801,New travelers
757041,The December Loyals
489371,The March Loyals
698988,The January Average
454720,The March Loyals
885274,The September Loyals
413798,The September Loyals
767857,The Q4 Boomerang
335324,The March Loyals
952244,New travelers
595747,The January Average
146527,The September Loyals
647393,New travelers
112732,The March Loyals
340638,The Q4 Boomerang
819809,The May Planners
214030,The June Loyals
646198,The Lost Holiday Drifters
142649,New travelers
428162,The February Loyals
221627,New travelers
535183,The Lost Holiday Drifters
698505,The November Loyals
867327,The May Planners
268789,The February Loyals
104732,The February Loyals
759322,The October Loyals
760077,New travelers
329214,The September Loyals
496357,The January Average
851982,The March Loyals
668510,The September Loyals
210870,The Q4 Boomerang
840021,The October Loyals
906715,The December Loyals
984055,The Q4 Boomerang
923799,The March Loyals
898417,The May Planners
164512,The September Loyals
297167,The September Loyals
662848,The December Loyals
929707,New travelers
148234,The June Loyals
999788,The Lost Holiday Drifters
623327,The Autumn Budget
904410,New travelers
494885,The December Loyals
718454,New travelers
553396,The September Loyals
863384,The September Loyals
444085,The March Loyals
743835,The November Loyals
113040,The January Average
540756,The February Loyals
773739,The September Loyals
912352,New travelers
775440,The December Loyals
636673,The October Loyals
937849,The Lost Holiday Drifters
262717,The September Loyals
532759,Holiday Travelers
453466,The Dormant Browsers
213297,The December Loyals
758328,The Pandemic Drop-offs
254667,The November Loyals
137020,New travelers
767767,The June Loyals
788555,New travelers
867472,The December Loyals
148111,New travelers
600021,The Lost Holiday Drifters
624935,The September Loyals
760614,The Autumn Budget
559483,The September Loyals
689839,The Summer-Fall Hybrids
244419,The September Loyals
332409,The November Loyals
211625,The September Loyals
611582,The October Loyals
547217,New travelers
876850,The September Loyals
514523,The Dormant Browsers
954570,Holiday Travelers
718516,The Autumn Budget
118298,New travelers
823257,The Lost Holiday Drifters
368062,The Lost Holiday Drifters
472488,The Pandemic Drop-offs
549540,The September Loyals
421580,The November Loyals
998112,The December Loyals
985516,The November Loyals
484504,The November Loyals
763591,The December Loyals
601626,The September Loyals
618302,The March Loyals
149225,The March Loyals
399417,The December Loyals
482528,The Dormant Browsers
919951,The November Loyals
979467,The Summer-Fall Hybrids
822696,The January Average
810517,The Lost Holiday Drifters
883963,The September Loyals
493369,New travelers
843642,The September Loyals
222874,The June Loyals
255653,The February Loyals
606989,The February Loyals
740326,New travelers
763241,The June Loyals
883065,The February Loyals
844046,New travelers
183023,New travelers
948785,The March Loyals
683664,New travelers
294617,The September Loyals
157816,VIPs
556688,The February Loyals
477295,The February Loyals
891218,New travelers
586870,The October Loyals
748914,New travelers
204535,New travelers
170211,The January Average
616226,The June Loyals
533198,The January Average
979389,The September Loyals
420856,New travelers
174044,The June Loyals
576878,The June Loyals
386979,The Dormant Browsers
591641,The January Average
930089,New travelers
132884,The January Average
200802,The February Loyals
754850,New travelers
206466,The May Planners
320180,The September Loyals
999911,New travelers
582256,New travelers
732377,The Q4 Boomerang
966920,New travelers
769669,The Q4 Boomerang
767534,The May Planners
860724,The December Loyals
918350,New travelers
267930,The Pandemic Drop-offs
934150,New travelers
758927,The Summer-Fall Hybrids
426990,The May Planners
519677,The September Loyals
302414,The September Loyals
967462,The March Loyals
350269,New travelers
967966,The January Average
698072,The June Loyals
832864,The May Planners
846796,The November Loyals
248138,The October Loyals
104541,The September Loyals
263866,The Dormant Browsers
514530,The March Loyals
940156,The March Loyals
312530,The June Loyals
347423,The Q4 Boomerang
990077,The January Average
571169,New travelers
569313,The June Loyals
872341,New travelers
516271,The November Loyals
920118,The Summer-Fall Hybrids
186020,The May Planners
247692,The Summer-Fall Hybrids
559342,The Q4 Boomerang
639116,The Lost Holiday Drifters
316982,The December Loyals
321748,The September Loyals
357589,The December Loyals
483198,The May Planners
652501,The January Average
622632,New travelers
401062,The Dormant Browsers
451226,The December Loyals
252628,New travelers
379117,The Lost Holiday Drifters
883852,The February Loyals
735676,The Q4 Boomerang
228273,The September Loyals
863744,The September Loyals
585271,The March Loyals
833197,The March Loyals
148690,The March Loyals
221469,The September Loyals
295138,The February Loyals
115427,The September Loyals
729293,The February Loyals
309602,The January Average
575434,The March Loyals
823816,The January Average
957571,The November Loyals
303573,The January Average
541741,The Q4 Boomerang
351889,The November Loyals
368435,New travelers
118675,The June Loyals
489628,New travelers
705911,The September Loyals
425826,New travelers
698627,New travelers
325599,VIPs
358792,The January Average
885682,The June Loyals
333644,New travelers
565690,The May Planners
662750,The May Planners
733608,The September Loyals
618461,The June Loyals
437440,The November Loyals
885357,The May Planners
323068,The June Loyals
464828,The Lost Holiday Drifters
965482,The February Loyals
394200,New travelers
519873,The Dormant Browsers
846243,The September Loyals
343051,The Dormant Browsers
882044,The September Loyals
721300,The March Loyals
904378,The October Loyals
311762,The June Loyals
209886,The September Loyals
347987,New travelers
749972,The September Loyals
667798,New travelers
965012,The September Loyals
247050,The May Planners
463854,The Autumn Budget
763224,New travelers
628017,The March Loyals
858445,The February Loyals
348774,The November Loyals
992930,The May Planners
340924,The September Loyals
312774,The December Loyals
633992,The May Planners
838160,The June Loyals
160135,The October Loyals
467685,The Q4 Boomerang
100504,The Dormant Browsers
284892,The December Loyals
530299,The September Loyals
387695,The June Loyals
234922,The Q4 Boomerang
268307,The June Loyals
407008,New travelers
440699,New travelers
592034,New travelers
416127,The May Planners
672819,New travelers
221595,New travelers
187758,The September Loyals
136169,The November Loyals
105193,New travelers
759017,The September Loyals
860657,The February Loyals
862212,The Autumn Budget
162496,The September Loyals
994443,The September Loyals
528095,New travelers
185531,The Lost Holiday Drifters
280574,The February Loyals
537887,The October Loyals
543862,The Dormant Browsers
734752,The May Planners
428520,The Dormant Browsers
189329,The May Planners
567070,The February Loyals
542574,New travelers
134000,New travelers
396863,The September Loyals
134738,The June Loyals
989429,New travelers
150291,The June Loyals
231319,New travelers
235092,The June Loyals
283358,The September Loyals
652781,New travelers
749212,The February Loyals
846125,The November Loyals
781797,The Pandemic Drop-offs
373737,The Pandemic Drop-offs
235030,New travelers
504802,The September Loyals
845684,The September Loyals
177199,New travelers
460938,The December Loyals
239525,New travelers
152338,The March Loyals
374344,The Autumn Budget
744528,The May Planners
140191,The March Loyals
755082,The March Loyals
207492,The December Loyals
827353,The October Loyals
974777,The December Loyals
672039,The December Loyals
208553,The November Loyals
561961,The March Loyals
809587,The February Loyals
121737,The Autumn Budget
489592,The Lost Holiday Drifters
198961,The October Loyals
319123,The September Loyals
122561,New travelers
584405,The June Loyals
544306,The Pandemic Drop-offs
806008,VIPs
112632,The September Loyals
434098,The February Loyals
511835,New travelers
338125,New travelers
288112,The Lost Holiday Drifters
161241,The March Loyals
517781,The Summer-Fall Hybrids
648077,The December Loyals
671077,The Q4 Boomerang
535892,The February Loyals
973357,The March Loyals
542287,The January Average
966698,The Q4 Boomerang
262586,The May Planners
355512,New travelers
739513,New travelers
983551,The February Loyals
771353,The Pandemic Drop-offs
738651,The Q4 Boomerang
753994,The September Loyals
300964,The December Loyals
423119,The Lost Holiday Drifters
591414,New travelers
666667,The March Loyals
431286,New travelers
523037,New travelers
184924,The January Average
231755,The November Loyals
268500,The Autumn Budget
311692,The Q4 Boomerang
168160,The November Loyals
145988,The February Loyals
760835,The September Loyals
170965,The January Average
898119,New travelers
883755,The May Planners
589795,The September Loyals
879812,New travelers
128615,New travelers
734224,The September Loyals
913522,The March Loyals
716019,The Summer-Fall Hybrids
765293,The January Average
313602,The June Loyals
382678,New travelers
482567,The Q4 Boomerang
794863,The September Loyals
971987,The March Loyals
361109,The September Loyals
855506,The January Average
725413,The January Average
817375,The October Loyals
811567,The October Loyals
856074,The September Loyals
114018,The February Loyals
715300,The September Loyals
335162,The January Average
219276,The June Loyals
502012,The September Loyals
414741,The September Loyals
615529,The September Loyals
631379,The January Average
210236,The June Loyals
170566,The March Loyals
261187,New travelers
861058,The March Loyals
871074,The November Loyals
704270,The September Loyals
535587,The March Loyals
348471,The June Loyals
969342,The September Loyals
264741,The November Loyals
925353,The September Loyals
491495,New travelers
698390,The March Loyals
693372,The January Average
955448,The Q4 Boomerang
103536,The September Loyals
444237,The September Loyals
562501,New travelers
315361,The September Loyals
459636,The June Loyals
299419,The January Average
819497,The January Average
625320,The Q4 Boomerang
944243,New travelers
770524,New travelers
375987,The January Average
514616,The Dormant Browsers
550686,The May Planners
622324,The September Loyals
232137,The December Loyals
867046,The Q4 Boomerang
585853,The December Loyals
706106,The May Planners
486422,New travelers
372353,The June Loyals
772608,New travelers
280602,New travelers
144523,The September Loyals
438746,The September Loyals
628837,New travelers
530666,The September Loyals
959821,The October Loyals
837932,The September Loyals
570683,The September Loyals
783610,The Lost Holiday Drifters
268076,The February Loyals
966389,The October Loyals
413266,The September Loyals
516674,The March Loyals
933779,The Lost Holiday Drifters
385747,New travelers
540901,New travelers
996997,The September Loyals
530098,The February Loyals
289134,New travelers
904693,The Autumn Budget
287799,The Summer-Fall Hybrids
945780,The January Average
187435,The June Loyals
789057,The Q4 Boomerang
208787,The November Loyals
282545,New travelers
517945,The September Loyals
445549,The June Loyals
441345,New travelers
967274,New travelers
421748,The September Loyals
852253,Holiday Travelers
666504,The September Loyals
775639,The May Planners
364372,New travelers
383826,The May Planners
437598,The January Average
610432,The September Loyals
140769,New travelers
472921,New travelers
270935,The September Loyals
817613,The June Loyals
842279,Holiday Travelers
221446,The December Loyals
341549,The May Planners
366116,The January Average
437288,The May Planners
672781,The Summer-Fall Hybrids
235857,The May Planners
883606,New travelers
521545,The October Loyals
797187,The Lost Holiday Drifters
827190,The May Planners
381284,The November Loyals
397377,The March Loyals
309108,The September Loyals
716371,New travelers
122545,The Autumn Budget
159227,The October Loyals
698122,The October Loyals
319378,The September Loyals
366263,The February Loyals
202329,The Q4 Boomerang
537990,The March Loyals
863751,The Summer-Fall Hybrids
735000,The Q4 Boomerang
582674,New travelers
758695,The February Loyals
215639,The Summer-Fall Hybrids
953431,The December Loyals
998820,VIPs
400979,The December Loyals
384010,The Q4 Boomerang
943211,The June Loyals
512219,The May Planners
953673,The September Loyals
348238,The Lost Holiday Drifters
347001,The January Average
175387,The Lost Holiday Drifters
180137,New travelers
559124,VIPs
242637,New travelers
369392,The June Loyals
794248,New travelers
421458,The December Loyals
886361,The Q4 Boomerang
376572,The March Loyals
917798,The November Loyals
647214,The September Loyals
264690,The September Loyals
150909,The September Loyals
686196,The September Loyals
181607,New travelers
526165,The September Loyals
570406,The December Loyals
828895,The January Average
281571,The June Loyals
610631,New travelers
182531,The Pandemic Drop-offs
115633,The March Loyals
284419,The Q4 Boomerang
793154,The November Loyals
779427,The May Planners
475700,The December Loyals
437251,The Lost Holiday Drifters
981198,New travelers
840135,The Summer-Fall Hybrids
158113,The September Loyals
294396,The Summer-Fall Hybrids
114903,The May Planners
639613,The March Loyals
817102,The October Loyals
999304,The Lost Holiday Drifters
552235,New travelers
531868,The October Loyals
139023,New travelers
765202,The February Loyals
136516,The October Loyals
938628,The December Loyals
965948,The September Loyals
249982,The December Loyals
606117,New travelers
456095,The March Loyals
805140,The September Loyals
845061,The May Planners
346499,New travelers
397817,The November Loyals
716589,The Summer-Fall Hybrids
756043,New travelers
757547,The October Loyals
934604,The October Loyals
325190,The November Loyals
114307,The November Loyals
809301,New travelers
468380,New travelers
444786,The December Loyals
842770,The February Loyals
633910,New travelers
660958,The February Loyals
233437,The Lost Holiday Drifters
874158,The Summer-Fall Hybrids
150074,The September Loyals
903379,The September Loyals
782596,The September Loyals
210498,The December Loyals
494206,The November Loyals
200681,The November Loyals
585420,The March Loyals
219747,The February Loyals
353396,The December Loyals
853272,The September Loyals
467926,The June Loyals
285631,The February Loyals
651740,The February Loyals
616500,The September Loyals
628533,The September Loyals
783438,New travelers
622822,The Q4 Boomerang
227796,The January Average
328181,The September Loyals
384686,The November Loyals
536941,The Autumn Budget
414584,The September Loyals
329833,New travelers
627191,The Lost Holiday Drifters
855381,The Pandemic Drop-offs
495369,New travelers
263237,The September Loyals
526784,The March Loyals
714962,The March Loyals
783300,The May Planners
830818,The January Average
821117,The September Loyals
837360,The February Loyals
119731,The November Loyals
720557,The November Loyals
319387,The September Loyals
290756,The March Loyals
826556,New travelers
479766,The February Loyals
163058,The January Average
788217,New travelers
961978,The September Loyals
299034,The May Planners
150004,The September Loyals
549562,The Q4 Boomerang
684371,The December Loyals
317624,The September Loyals
529988,New travelers
835764,The October Loyals
395300,New travelers
391091,New travelers
577844,The May Planners
166677,The Lost Holiday Drifters
457797,The November Loyals
579322,The December Loyals
682194,The December Loyals
719706,The May Planners
472807,The Lost Holiday Drifters
348056,The January Average
836295,The Lost Holiday Drifters
608087,The September Loyals
264733,The March Loyals
618112,The March Loyals
256502,The December Loyals
564813,New travelers
952434,New travelers
793328,The November Loyals
861156,The November Loyals
749883,The October Loyals
381471,New travelers
797897,The March Loyals
823665,The September Loyals
903209,The December Loyals
949406,The December Loyals
169529,New travelers
908404,The February Loyals
592302,The Summer-Fall Hybrids
111286,The February Loyals
432145,The June Loyals
554155,The Summer-Fall Hybrids
166175,The February Loyals
909106,The Q4 Boomerang
708360,The June Loyals
512522,The September Loyals
838584,The November Loyals
785992,The February Loyals
889023,The Q4 Boomerang
326803,The September Loyals
182785,The Dormant Browsers
183456,New travelers
799148,The Q4 Boomerang
192141,The March Loyals
821462,The Q4 Boomerang
358054,The Lost Holiday Drifters
738253,New travelers
864084,The November Loyals
146090,New travelers
471706,The November Loyals
584737,The Summer-Fall Hybrids
792915,The October Loyals
959402,The September Loyals
482169,The June Loyals
491986,The January Average
788325,The February Loyals
442192,The January Average
812248,The September Loyals
833233,The February Loyals
744204,The March Loyals
311346,The September Loyals
525740,The December Loyals
492011,The September Loyals
690191,The October Loyals
442418,The Dormant Browsers
127350,The June Loyals
262770,New travelers
470245,The March Loyals
172971,The Summer-Fall Hybrids
302874,The September Loyals
121930,New travelers
199652,The December Loyals
661469,The January Average
787276,The September Loyals
295064,The May Planners
172532,New travelers
254097,New travelers
324248,The May Planners
649918,The Q4 Boomerang
773364,The March Loyals
817932,The December Loyals
472933,The November Loyals
727072,New travelers
415201,New travelers
311841,The Summer-Fall Hybrids
592431,The February Loyals
580212,The Summer-Fall Hybrids
975918,The February Loyals
892199,The December Loyals
588292,The Pandemic Drop-offs
314558,New travelers
309639,New travelers
512284,The March Loyals
232395,The June Loyals
237274,The September Loyals
208940,The June Loyals
106623,New travelers
819055,The November Loyals
913060,The March Loyals
414661,New travelers
970576,The Summer-Fall Hybrids
210226,The December Loyals
987122,The December Loyals
285982,The February Loyals
553018,New travelers
341302,The December Loyals
414033,VIPs
951546,The January Average
144402,The November Loyals
588864,New travelers
454985,The March Loyals
370539,The October Loyals
966797,The November Loyals
595658,The December Loyals
144977,The January Average
300836,The September Loyals
408378,New travelers
575089,New travelers
945974,The November Loyals
947906,The December Loyals
350587,The October Loyals
829263,The December Loyals
844949,New travelers
296566,The Dormant Browsers
320980,New travelers
409156,The December Loyals
549444,The November Loyals
633749,The December Loyals
649961,The October Loyals
401857,The May Planners
605803,The March Loyals
359275,The May Planners
457456,The September Loyals
532464,The February Loyals
818881,The Q4 Boomerang
161045,The October Loyals
443865,The May Planners
489394,New travelers
675936,The September Loyals
423844,New travelers
205156,The February Loyals
653572,The September Loyals
137858,The Dormant Browsers
597532,The May Planners
725004,The Q4 Boomerang
907209,The May Planners
102788,The November Loyals
149846,The September Loyals
547016,The February Loyals
147064,The October Loyals
194762,New travelers
227547,The November Loyals
382271,The May Planners
109495,The January Average
127039,The September Loyals
722120,The December Loyals
784847,The January Average
734647,The September Loyals
106037,The February Loyals
896685,New travelers
873169,The January Average
209249,The March Loyals
428903,The February Loyals
542296,The September Loyals
961639,The January Average
868552,New travelers
529922,The June Loyals
919437,The September Loyals
142855,The March Loyals
282472,New travelers
612995,The September Loyals
883025,New travelers
165550,The September Loyals
190052,The May Planners
475974,The June Loyals
355906,The September Loyals
563076,The September Loyals
894478,The December Loyals
787875,The January Average
828643,The September Loyals
423686,The March Loyals
265975,The May Planners
545889,New travelers
952077,The Dormant Browsers
587867,The September Loyals
862097,The May Planners
683487,The March Loyals
524586,New travelers
632097,The October Loyals
105335,The May Planners
681961,New travelers
306676,The September Loyals
130217,The Lost Holiday Drifters
255425,The December Loyals
286942,The May Planners
249693,The June Loyals
849298,The September Loyals
978712,New travelers
177583,The Q4 Boomerang
335964,The December Loyals
755759,The Summer-Fall Hybrids
681887,The September Loyals
678858,New travelers
409741,The May Planners
505167,New travelers
217772,The Autumn Budget
261715,The February Loyals
600563,The Summer-Fall Hybrids
487605,The October Loyals
106592,The March Loyals
525548,The January Average
138653,New travelers
642401,The Pandemic Drop-offs
111034,The December Loyals
629394,The Dormant Browsers
937922,The February Loyals
674805,The December Loyals
740577,The November Loyals
481191,The Dormant Browsers
191537,The June Loyals
609174,The March Loyals
261077,The September Loyals
671309,The Lost Holiday Drifters
579883,The Q4 Boomerang
171192,The Dormant Browsers
627568,The Lost Holiday Drifters
920068,New travelers
463146,The Lost Holiday Drifters
792361,The Summer-Fall Hybrids
823208,The November Loyals
467175,The September Loyals
835377,The Summer-Fall Hybrids
110211,The Pandemic Drop-offs
124056,The September Loyals
129409,The September Loyals
369035,The May Planners
619826,The February Loyals
683470,The October Loyals
825217,The January Average
534481,The December Loyals
691909,The May Planners
756891,The December Loyals
445879,The September Loyals
827790,The Summer-Fall Hybrids
959778,New travelers
148382,New travelers
544337,The March Loyals
194482,The June Loyals
364264,The November Loyals
523897,The June Loyals
907025,The Dormant Browsers
503242,New travelers
694942,The September Loyals
476539,The June Loyals
272787,The May Planners
603077,The September Loyals
227239,The January Average
290250,New travelers
628578,The September Loyals
726268,The November Loyals
483863,The June Loyals
213841,The November Loyals
179603,The September Loyals
221721,The March Loyals
336238,The Lost Holiday Drifters
956946,The December Loyals
317100,The September Loyals
707114,The September Loyals
722368,The December Loyals
214661,The February Loyals
855384,The June Loyals
192136,The January Average
365619,The September Loyals
598711,The Dormant Browsers
670985,The December Loyals
753887,The June Loyals
124038,The December Loyals
516242,The September Loyals
187958,New travelers
211966,The February Loyals
677045,The February Loyals
352034,New travelers
238193,The November Loyals
482370,New travelers
816420,The May Planners
472532,The March Loyals
891927,New travelers
344483,The September Loyals
488188,The January Average
667974,The October Loyals
858125,New travelers
972673,The October Loyals
250194,New travelers
659781,The Summer-Fall Hybrids
760196,The December Loyals
187175,The October Loyals
561981,The Lost Holiday Drifters
812599,The September Loyals
702161,New travelers
352702,The October Loyals
186469,New travelers
380709,The Q4 Boomerang
313473,The September Loyals
562376,The January Average
212209,The September Loyals
469616,The May Planners
622801,New travelers
740025,The January Average
308202,New travelers
973112,The March Loyals
525508,The September Loyals
228995,The September Loyals
666222,The September Loyals
560283,The Pandemic Drop-offs
330870,New travelers
394941,The September Loyals
394715,The October Loyals
828816,The May Planners
762971,New travelers
400224,The March Loyals
130208,The January Average
950213,The February Loyals
690969,The September Loyals
775170,The November Loyals
790178,The September Loyals
517222,The Dormant Browsers
305604,The Lost Holiday Drifters
683685,New travelers
910645,New travelers
790475,The January Average
901578,The Q4 Boomerang
565227,New travelers
376630,The Lost Holiday Drifters
527656,The Pandemic Drop-offs
651277,New travelers
828109,New travelers
692992,The June Loyals
111899,The Lost Holiday Drifters
120164,The September Loyals
768113,The June Loyals
972462,New travelers
427358,The January Average
364153,The September Loyals
424526,The September Loyals
838032,The Summer-Fall Hybrids
615327,Holiday Travelers
263921,The May Planners
994679,The Dormant Browsers
549598,The Pandemic Drop-offs
834760,The October Loyals
607123,The September Loyals
789001,The October Loyals
134470,The September Loyals
164374,The February Loyals
498573,The May Planners
822749,The May Planners
537421,The September Loyals
126526,New travelers
240760,The September Loyals
882725,The February Loyals
196240,The May Planners
798029,The Q4 Boomerang
867284,The Q4 Boomerang
232317,New travelers
551296,The December Loyals
272848,The September Loyals
278307,The November Loyals
410938,The September Loyals
880709,The Summer-Fall Hybrids
116562,New travelers
891105,New travelers
272001,The September Loyals
492036,The Pandemic Drop-offs
568329,The June Loyals
182148,VIPs
176142,New travelers
860206,The Summer-Fall Hybrids
595980,The September Loyals
586446,The February Loyals
407999,The March Loyals
514451,The September Loyals
494438,The Lost Holiday Drifters
226710,The September Loyals
900505,The Dormant Browsers
226360,The October Loyals
585039,The December Loyals
114857,The January Average
304870,New travelers
160154,The March Loyals
322501,The October Loyals
364049,The September Loyals
251211,The Summer-Fall Hybrids
155654,The November Loyals
395324,The February Loyals
538795,VIPs
363780,New travelers
711129,New travelers
344039,New travelers
906267,The May Planners
297621,The September Loyals
489459,New travelers
428402,The February Loyals
216359,New travelers
424270,The Dormant Browsers
549200,The September Loyals
288530,The September Loyals
350901,The November Loyals
388140,The December Loyals
646137,The June Loyals
331699,The October Loyals
521949,The Lost Holiday Drifters
835566,The Lost Holiday Drifters
356955,The February Loyals
718972,The January Average
826136,The February Loyals
278983,The June Loyals
584880,The May Planners
212553,New travelers
398846,The May Planners
541961,The February Loyals
549715,The March Loyals
710515,The Q4 Boomerang
375540,The May Planners
477676,The September Loyals
628618,The October Loyals
918163,The January Average
489301,The March Loyals
162420,The September Loyals
259252,The October Loyals
203625,The June Loyals
323792,New travelers
124088,The May Planners
945064,The September Loyals
875819,The Q4 Boomerang
352653,The September Loyals
405699,The October Loyals
815328,The September Loyals
880740,New travelers
623071,The Q4 Boomerang
708892,The Autumn Budget
237586,The Pandemic Drop-offs
364895,The September Loyals
771960,The June Loyals
360744,New travelers
409684,The November Loyals
909328,The Dormant Browsers
177962,The November Loyals
101768,The Q4 Boomerang
793423,The November Loyals
642738,New travelers
251195,The June Loyals
935313,The Q4 Boomerang
257236,The September Loyals
626068,New travelers
217401,The Pandemic Drop-offs
563633,The December Loyals
757879,The October Loyals
591234,New travelers
936761,The Dormant Browsers
126466,The March Loyals
320576,The March Loyals
497226,The Lost Holiday Drifters
794480,The Q4 Boomerang
830225,The January Average
406988,New travelers
423336,Holiday Travelers
377724,The December Loyals
800137,The November Loyals
232685,The March Loyals
784782,The January Average
991924,The December Loyals
257862,The Q4 Boomerang
479960,The Summer-Fall Hybrids
109552,The May Planners
915198,The February Loyals
152276,The September Loyals
475175,The February Loyals
593421,The January Average
872676,The June Loyals
175488,The October Loyals
561654,The February Loyals
719850,New travelers
721372,The November Loyals
988728,New travelers
289133,The September Loyals
733907,New travelers
939428,The September Loyals
754416,The Autumn Budget
658546,The September Loyals
802860,The January Average
895878,The September Loyals
484446,The September Loyals
116932,The January Average
281608,The January Average
506572,The February Loyals
618877,New travelers
155964,The January Average
196992,The September Loyals
255267,The September Loyals
789120,The June Loyals
445783,New travelers
429692,The Lost Holiday Drifters
997654,The May Planners
832921,The December Loyals
324900,New travelers
572668,The May Planners
185774,The November Loyals
170534,New travelers
111022,The October Loyals
419377,The January Average
797078,The February Loyals
428757,The February Loyals
131560,The September Loyals
963690,The Q4 Boomerang
277094,The October Loyals
696096,The Autumn Budget
174925,New travelers
717359,New travelers
518834,The September Loyals
539125,The September Loyals
399372,The September Loyals
845807,The February Loyals
969586,The June Loyals
556164,The Dormant Browsers
345572,The February Loyals
467607,The Q4 Boomerang
888049,The June Loyals
184456,The November Loyals
873426,New travelers
334324,The June Loyals
396867,New travelers
865798,New travelers
183692,The May Planners
265566,The March Loyals
301301,The May Planners
931914,The December Loyals
556865,The Summer-Fall Hybrids
230693,The September Loyals
810693,New travelers
921903,New travelers
185857,The May Planners
947001,The May Planners
156980,New travelers
336724,The June Loyals
389081,New travelers
859730,The February Loyals
344464,The September Loyals
304779,The September Loyals
302158,The December Loyals
474333,The June Loyals
620122,The November Loyals
692328,The June Loyals
920100,The October Loyals
799781,The March Loyals
385912,The December Loyals
929410,The March Loyals
912939,The Dormant Browsers
418327,The February Loyals
804536,The March Loyals
141945,The September Loyals
796484,The November Loyals
763341,The October Loyals
659419,The June Loyals
798433,The September Loyals
220139,New travelers
385358,The March Loyals
312048,The May Planners
480259,The Q4 Boomerang
501976,The January Average
502376,The Dormant Browsers
425477,New travelers
585082,The May Planners
451961,New travelers
604461,The January Average
834304,The September Loyals
773418,The September Loyals
841770,The Q4 Boomerang
754042,The September Loyals
642002,The October Loyals
369229,The October Loyals
551946,The February Loyals
542043,The December Loyals
840866,The September Loyals
108625,The March Loyals
624407,The November Loyals
950446,The December Loyals
822956,The March Loyals
631543,The December Loyals
440642,The September Loyals
966953,The December Loyals
933259,The May Planners
244367,The June Loyals
298181,The January Average
793904,The September Loyals
921059,New travelers
334997,The September Loyals
328446,The May Planners
925504,The Summer-Fall Hybrids
693133,The October Loyals
499890,The October Loyals
406810,The February Loyals
545947,The March Loyals
800610,The February Loyals
209787,The September Loyals
947497,VIPs
943195,The Lost Holiday Drifters
386342,The March Loyals
557519,The September Loyals
260408,The June Loyals
672236,The September Loyals
585316,The Autumn Budget
268129,The February Loyals
506252,The May Planners
613860,New travelers
694241,The February Loyals
297306,The February Loyals
814894,New travelers
220892,The February Loyals
973846,The May Planners
725835,The March Loyals
894322,The Dormant Browsers
137646,The December Loyals
712874,New travelers
828967,The June Loyals
344413,The May Planners
968253,The October Loyals
167578,The September Loyals
648380,The March Loyals
379836,The November Loyals
159397,The February Loyals
585975,The October Loyals
126424,The Summer-Fall Hybrids
149174,New travelers
975407,The February Loyals
296097,The Lost Holiday Drifters
129827,The December Loyals
491643,New travelers
290109,New travelers
794625,New travelers
106218,The January Average
283437,The May Planners
631100,New travelers
903534,The November Loyals
955087,New travelers
142434,The Lost Holiday Drifters
846458,VIPs
473775,The September Loyals
627354,The September Loyals
131098,The December Loyals
621823,The Dormant Browsers
750130,The January Average
941545,The Dormant Browsers
949821,New travelers
662936,The January Average
985707,New travelers
895080,New travelers
424793,The Dormant Browsers
967443,The January Average
152355,The November Loyals
511875,The February Loyals
913156,The Summer-Fall Hybrids
838634,The November Loyals
404106,The June Loyals
164192,The Autumn Budget
777197,The March Loyals
878240,The February Loyals
122173,New travelers
950107,The Q4 Boomerang
292061,The September Loyals
320377,New travelers
936044,New travelers
967500,New travelers
646399,The September Loyals
331560,The November Loyals
241854,The Pandemic Drop-offs
465864,The Q4 Boomerang
981427,The December Loyals
277826,New travelers
896283,New travelers
715792,The March Loyals
175017,The May Planners
564114,The March Loyals
450125,New travelers
228896,The October Loyals
271235,The Summer-Fall Hybrids
382252,The September Loyals
626030,The December Loyals
152307,The January Average
290465,The September Loyals
329910,New travelers
503257,VIPs
960417,The Dormant Browsers
507005,The November Loyals
103490,The September Loyals
922047,New travelers
805902,New travelers
107119,The March Loyals
584727,The November Loyals
677901,The Lost Holiday Drifters
742666,New travelers
270499,The December Loyals
665454,New travelers
761305,New travelers
568525,The September Loyals
947763,New travelers
994803,New travelers
667781,The May Planners
537013,The May Planners
978040,New travelers
685518,The Lost Holiday Drifters
300623,The Pandemic Drop-offs
834943,The December Loyals
239605,The December Loyals
365208,New travelers
914044,The September Loyals
411586,The January Average
472824,The May Planners
900083,The November Loyals
911503,The November Loyals
712426,The October Loyals
512097,The May Planners
643059,The January Average
246187,The June Loyals
333295,The September Loyals
815643,The May Planners
688533,The January Average
677329,The Summer-Fall Hybrids
166273,The Q4 Boomerang
732808,The January Average
764595,The November Loyals
738431,The September Loyals
334437,The September Loyals
989746,The September Loyals
476068,The September Loyals
735263,The September Loyals
739352,The February Loyals
201436,The Lost Holiday Drifters
380788,The Pandemic Drop-offs
380954,New travelers
509810,The November Loyals
735038,The May Planners
310833,New travelers
459404,The October Loyals
620969,The Q4 Boomerang
762072,VIPs
672600,The October Loyals
194493,The March Loyals
693922,The March Loyals
454514,The March Loyals
366977,The Dormant Browsers
931701,New travelers
116895,The Q4 Boomerang
795084,The Dormant Browsers
828924,New travelers
139699,New travelers
815381,New travelers
758789,The May Planners
390480,New travelers
413994,The December Loyals
683838,Holiday Travelers
480957,The February Loyals
956233,New travelers
695162,The Pandemic Drop-offs
950707,The September Loyals
569677,New travelers
315014,The May Planners
128587,The Q4 Boomerang
576110,The March Loyals
471944,New travelers
843378,The March Loyals
477157,The Summer-Fall Hybrids
237402,The May Planners
353076,New travelers
878575,The June Loyals
340802,The December Loyals
486831,The December Loyals
952696,The Summer-Fall Hybrids
173398,The March Loyals
832301,The September Loyals
721366,The December Loyals
535151,The November Loyals
881362,The June Loyals
312744,New travelers
910416,New travelers
999940,The Autumn Budget
222490,The December Loyals
550539,New travelers
687984,New travelers
882911,The May Planners
751718,The February Loyals
976007,The March Loyals
647956,The Summer-Fall Hybrids
981691,The May Planners
145017,New travelers
193827,The October Loyals
594672,The May Planners
667314,The Pandemic Drop-offs
452342,The September Loyals
699751,The May Planners
330278,The May Planners
160640,The February Loyals
969165,The Summer-Fall Hybrids
601341,The November Loyals
641039,VIPs
737542,The September Loyals
190429,New travelers
687401,The May Planners
462036,The Summer-Fall Hybrids
565634,New travelers
412880,The February Loyals
558040,The November Loyals
994940,The September Loyals
732231,The January Average
395622,The September Loyals
812894,The September Loyals
888357,The May Planners
404805,New travelers
866455,The October Loyals
163137,New travelers
837615,New travelers
164947,The November Loyals
109517,The December Loyals
801788,The November Loyals
865198,The September Loyals
272289,New travelers
718752,The June Loyals
750199,The September Loyals
191044,The Lost Holiday Drifters
220822,The September Loyals
477654,The September Loyals
755290,The September Loyals
790165,The March Loyals
131772,The Summer-Fall Hybrids
291831,New travelers
736220,New travelers
184959,VIPs
904704,The September Loyals
501490,The October Loyals
123151,New travelers
727348,The September Loyals
481590,The Q4 Boomerang
483125,The May Planners
688319,The December Loyals
800196,New travelers
148677,New travelers
517739,The May Planners
640009,The Dormant Browsers
398351,The December Loyals
770759,The Lost Holiday Drifters
669894,The June Loyals
887609,The December Loyals
993266,The September Loyals
808096,The June Loyals
833322,The February Loyals
853438,The Summer-Fall Hybrids
887209,The March Loyals
912712,The October Loyals
678991,New travelers
895821,New travelers
479445,The September Loyals
757696,The May Planners
254361,The December Loyals
380262,The March Loyals
274765,New travelers
665024,The December Loyals
958544,The September Loyals
350631,The March Loyals
742321,The Lost Holiday Drifters
746061,The February Loyals
830836,New travelers
933208,The May Planners
921624,New travelers
312979,The March Loyals
485745,The June Loyals
476652,The September Loyals
595083,The January Average
121856,The Dormant Browsers
371969,The May Planners
428114,The September Loyals
670981,New travelers
773571,The Pandemic Drop-offs
510865,The February Loyals
123727,The Summer-Fall Hybrids
456958,The March Loyals
508022,The December Loyals
787660,The December Loyals
329839,The March Loyals
917685,The December Loyals
352053,The September Loyals
630338,The December Loyals
784490,The September Loyals
175954,The November Loyals
988043,The February Loyals
536371,New travelers
966350,The Lost Holiday Drifters
702522,The March Loyals
529085,The September Loyals
604332,The June Loyals
442695,New travelers
971107,The September Loyals
838270,The September Loyals
552568,New travelers
919329,The September Loyals
930325,The February Loyals
375909,The March Loyals
477739,The September Loyals
643507,The Summer-Fall Hybrids
464962,The September Loyals
829886,The October Loyals
183948,The October Loyals
818886,New travelers
231462,The February Loyals
605500,The September Loyals
602685,The September Loyals
183388,The Dormant Browsers
628840,The Summer-Fall Hybrids
170982,New travelers
314589,The October Loyals
892258,The November Loyals
158969,The February Loyals
101544,The February Loyals
638495,The June Loyals
815207,The January Average
890936,The February Loyals
666337,The May Planners
832566,The September Loyals
101895,The May Planners
120635,New travelers
968064,The Summer-Fall Hybrids
741138,The May Planners
851421,The September Loyals
396998,The May Planners
925573,The January Average
977178,The December Loyals
776547,The May Planners
210725,The June Loyals
434679,The October Loyals
531290,The Dormant Browsers
987347,The June Loyals
116238,New travelers
713067,The Lost Holiday Drifters
777300,The January Average
518677,The January Average
130032,The Summer-Fall Hybrids
336665,New travelers
949290,The January Average
840267,The Dormant Browsers
128459,The January Average
150233,The Lost Holiday Drifters
203772,The January Average
225327,The May Planners
572547,VIPs
487070,The December Loyals
645712,The September Loyals
308704,The February Loyals
404742,The September Loyals
464959,The September Loyals
555576,The September Loyals
631714,New travelers
704709,The September Loyals
732213,The November Loyals
112856,The February Loyals
819924,The Autumn Budget
340874,The Dormant Browsers
697323,New travelers
728568,The November Loyals
309861,The November Loyals
113904,The January Average
776464,The September Loyals
911723,New travelers
249813,The June Loyals
913895,The January Average
226194,The May Planners
264823,The September Loyals
398586,The January Average
939238,The Dormant Browsers
686059,The June Loyals
266234,The November Loyals
400844,New travelers
642099,The March Loyals
680168,New travelers
152685,New travelers
346766,New travelers
480275,The October Loyals
218127,The Lost Holiday Drifters
435249,The May Planners
480858,The Lost Holiday Drifters
870120,The September Loyals
925978,The February Loyals
726873,The March Loyals
539760,The February Loyals
804911,New travelers
756280,New travelers
871219,The November Loyals
545582,The March Loyals
467139,New travelers
868568,The January Average
803976,The Q4 Boomerang
577998,New travelers
622019,The September Loyals
902083,The September Loyals
389706,The September Loyals
404339,The Dormant Browsers
480435,The Pandemic Drop-offs
592251,The June Loyals
690916,The September Loyals
397480,The September Loyals
827275,The Lost Holiday Drifters
514403,The December Loyals
191814,The October Loyals
781293,The Lost Holiday Drifters
554983,The September Loyals
857219,The Lost Holiday Drifters
840659,The Q4 Boomerang
156868,The September Loyals
729805,The Summer-Fall Hybrids
808524,The February Loyals
415332,The March Loyals
689275,The November Loyals
169247,The June Loyals
928734,New travelers
320004,The May Planners
955652,The May Planners
717632,The September Loyals
108896,The Pandemic Drop-offs
372647,The November Loyals
943647,The September Loyals
501885,New travelers
259734,The Lost Holiday Drifters
561307,New travelers
533539,The June Loyals
667800,New travelers
325490,The September Loyals
558969,The November Loyals
863070,The September Loyals
617296,The Summer-Fall Hybrids
724781,The December Loyals
965751,The Q4 Boomerang
368981,The June Loyals
562234,The September Loyals
574492,New travelers
998776,The Dormant Browsers
139087,The September Loyals
187876,New travelers
218538,VIPs
822122,The March Loyals
639419,The May Planners
196096,The Lost Holiday Drifters
218278,The September Loyals
300023,The September Loyals
795446,The February Loyals
703804,The December Loyals
671764,New travelers
937512,The February Loyals
348681,The September Loyals
328602,New travelers
882590,The March Loyals
967819,New travelers
243272,New travelers
232533,New travelers
433857,The March Loyals
231080,The Lost Holiday Drifters
288384,The September Loyals
294289,New travelers
850821,The Q4 Boomerang
644017,The September Loyals
440595,The February Loyals
955463,The March Loyals
865855,The June Loyals
476273,The Q4 Boomerang
136121,The March Loyals
424812,The Summer-Fall Hybrids
539505,New travelers
210291,Holiday Travelers
148810,New travelers
941852,The October Loyals
188071,The December Loyals
115852,The January Average
467848,The Summer-Fall Hybrids
711605,The Q4 Boomerang
866983,The February Loyals
989837,New travelers
700474,New travelers
515790,New travelers
295355,The March Loyals
462174,The November Loyals
671803,The June Loyals
271675,The February Loyals
767006,The February Loyals
353455,The June Loyals
366687,The March Loyals
191065,The October Loyals
257194,New travelers
540548,The February Loyals
526094,The January Average
100301,The September Loyals
943393,New travelers
737027,New travelers
430398,The Q4 Boomerang
877603,The Summer-Fall Hybrids
642031,New travelers
106936,The December Loyals
173446,The October Loyals
865429,The June Loyals
618524,The March Loyals
163405,New travelers
912633,New travelers
424337,The March Loyals
612144,The February Loyals
495253,The October Loyals
844145,New travelers
365346,The February Loyals
975531,New travelers
345518,The September Loyals
717100,The September Loyals
174666,New travelers
678284,The March Loyals
526508,The January Average
932748,The Lost Holiday Drifters
488346,New travelers
748019,The October Loyals
142290,The May Planners
153884,The October Loyals
260714,The November Loyals
273243,The Summer-Fall Hybrids
399379,The February Loyals
401956,The May Planners
424837,The January Average
573897,The September Loyals
574302,The January Average
637721,The March Loyals
880033,The September Loyals
924787,The February Loyals
370443,The October Loyals
470022,The December Loyals
352170,The January Average
694915,New travelers
127663,The May Planners
987921,The September Loyals
228748,The September Loyals
954453,The January Average
255546,The January Average
988307,The September Loyals
727873,The Summer-Fall Hybrids
841249,The September Loyals
300465,The November Loyals
660768,The September Loyals
647041,The October Loyals
673301,The March Loyals
102299,The September Loyals
483875,The Dormant Browsers
520207,The October Loyals
547561,The September Loyals
590981,The Summer-Fall Hybrids
769023,The Lost Holiday Drifters
300676,The May Planners
425779,The Lost Holiday Drifters
879260,New travelers
366487,The December Loyals
659147,The May Planners
796104,Holiday Travelers
928438,The Autumn Budget
440758,New travelers
778952,The October Loyals
295423,The March Loyals
488872,The February Loyals
444997,The January Average
890447,The March Loyals
130179,The Q4 Boomerang
167587,The September Loyals
495707,The Q4 Boomerang
431021,The March Loyals
928868,The February Loyals
140005,The May Planners
347733,New travelers
187902,The Summer-Fall Hybrids
539436,The May Planners
298160,New travelers
709212,New travelers
304620,The Lost Holiday Drifters
798351,The February Loyals
196812,The February Loyals
749827,The Q4 Boomerang
423035,The September Loyals
726932,The May Planners
290356,New travelers
777514,The Q4 Boomerang
114638,The October Loyals
612795,The January Average
410544,The January Average
518210,New travelers
667356,The Lost Holiday Drifters
842049,The June Loyals
430048,The December Loyals
608384,The September Loyals
397141,The September Loyals
758165,The June Loyals
200012,The September Loyals
689909,The September Loyals
677141,The December Loyals
772952,The Summer-Fall Hybrids
237729,The September Loyals
994285,The November Loyals
165443,The June Loyals
858669,The June Loyals
261787,The June Loyals
962011,The October Loyals
514493,New travelers
731510,The May Planners
128210,The January Average
322193,The June Loyals
316308,The October Loyals
755367,The December Loyals
970639,The September Loyals
238342,The Q4 Boomerang
492575,The Lost Holiday Drifters
879638,New travelers
204111,The Lost Holiday Drifters
270909,The June Loyals
403893,The January Average
530833,The February Loyals
286388,New travelers
329692,The June Loyals
571964,The March Loyals
892273,New travelers
127645,The January Average
342554,The May Planners
459683,The Q4 Boomerang
634727,The May Planners
805377,The June Loyals
211549,The September Loyals
948783,The October Loyals
630588,The February Loyals
912420,The January Average
439900,The September Loyals
842047,New travelers
295205,The May Planners
748055,The November Loyals
163639,The November Loyals
800998,New travelers
867532,The Q4 Boomerang
169948,The September Loyals
432592,The November Loyals
697272,The February Loyals
737676,New travelers
127966,The December Loyals
623008,The Summer-Fall Hybrids
267428,The September Loyals
498030,The Dormant Browsers
194640,The March Loyals
678514,The December Loyals
803830,The Dormant Browsers
986086,The March Loyals
462803,The June Loyals
614379,The September Loyals
303621,New travelers
721377,The January Average
434215,The November Loyals
536671,The September Loyals
970746,The September Loyals
185919,The September Loyals
128789,The September Loyals
181423,The June Loyals
203577,The December Loyals
242203,New travelers
247680,The May Planners
270862,The September Loyals
313185,The September Loyals
360942,The May Planners
567412,The September Loyals
763806,New travelers
868912,The December Loyals
930209,The May Planners
133732,The October Loyals
169865,New travelers
830673,The June Loyals
323043,The February Loyals
400985,The June Loyals
180484,New travelers
455941,The December Loyals
393403,The June Loyals
790943,New travelers
137106,The June Loyals
646277,The May Planners
796281,The September Loyals
807297,The Dormant Browsers
150767,The September Loyals
451080,New travelers
290184,The Lost Holiday Drifters
569236,The December Loyals
684835,The Q4 Boomerang
874336,The September Loyals
611618,The June Loyals
688139,The January Average
755015,The Q4 Boomerang
897673,The Lost Holiday Drifters
127725,The October Loyals
705453,The June Loyals
199809,The March Loyals
491391,The June Loyals
533470,The January Average
209729,The January Average
311946,The October Loyals
415916,The March Loyals
523110,The September Loyals
536848,The Lost Holiday Drifters
604436,New travelers
608974,The September Loyals
638253,The September Loyals
686471,The January Average
959514,New travelers
504455,The Summer-Fall Hybrids
522251,The Summer-Fall Hybrids
590098,The March Loyals
341904,New travelers
621180,The November Loyals
700245,The September Loyals
960195,The September Loyals
492165,The February Loyals
894041,The September Loyals
384286,The February Loyals
693045,The Summer-Fall Hybrids
240829,The November Loyals
904300,The October Loyals
404720,The January Average
508080,The Autumn Budget
313544,The Pandemic Drop-offs
557723,The June Loyals
133066,The October Loyals
469532,New travelers
295578,The February Loyals
581682,The May Planners
193781,The January Average
595323,The December Loyals
417721,New travelers
287224,New travelers
516491,The June Loyals
287198,The September Loyals
825336,The May Planners
792094,New travelers
685683,The June Loyals
937030,The January Average
449530,The Dormant Browsers
597191,The September Loyals
153760,The Lost Holiday Drifters
429054,The September Loyals
284621,The September Loyals
434760,The June Loyals
663897,New travelers
934235,The June Loyals
355102,The Dormant Browsers
979135,The February Loyals
309933,The February Loyals
510537,The Q4 Boomerang
153656,The Lost Holiday Drifters
274141,The September Loyals
192543,The September Loyals
321427,The Q4 Boomerang
628844,The December Loyals
702800,The March Loyals
159608,The February Loyals
765518,The September Loyals
506293,The Lost Holiday Drifters
824315,The September Loyals
196777,The Summer-Fall Hybrids
257705,The September Loyals
262562,The September Loyals
338786,The February Loyals
225067,The February Loyals
794784,The September Loyals
270022,The Dormant Browsers
982017,The September Loyals
119634,The October Loyals
212544,The January Average
304445,The Summer-Fall Hybrids
315869,The March Loyals
373429,New travelers
492401,The March Loyals
637760,The May Planners
793180,New travelers
843212,The June Loyals
854969,New travelers
966210,The Q4 Boomerang
993271,The September Loyals
401454,The September Loyals
709659,The February Loyals
589466,The March Loyals
804770,The Summer-Fall Hybrids
164657,The January Average
253825,The March Loyals
299919,The Dormant Browsers
593781,The September Loyals
731958,The November Loyals
296690,The November Loyals
863349,The September Loyals
695107,The January Average
989067,New travelers
325379,The September Loyals
493972,The May Planners
278719,New travelers
624216,The October Loyals
738320,The September Loyals
525476,New travelers
970706,The March Loyals
313424,The January Average
907324,New travelers
735966,The Dormant Browsers
953612,The Q4 Boomerang
788283,The Lost Holiday Drifters
773593,New travelers
837408,New travelers
500026,The November Loyals
771307,The September Loyals
194571,The October Loyals
381234,The May Planners
416091,The Q4 Boomerang
677218,The Dormant Browsers
852629,New travelers
873551,The Dormant Browsers
914368,The September Loyals
306667,The November Loyals
332466,The February Loyals
923164,The March Loyals
527434,The March Loyals
905478,The September Loyals
402034,The May Planners
215626,The December Loyals
762446,New travelers
148982,New travelers
368549,The November Loyals
925918,New travelers
243642,The January Average
821202,The January Average
743108,New travelers
487777,The January Average
896372,The Summer-Fall Hybrids
711874,The June Loyals
904114,The February Loyals
246734,The November Loyals
888316,The Lost Holiday Drifters
646187,The Summer-Fall Hybrids
799967,The September Loyals
407119,The November Loyals
972732,The September Loyals
108907,The March Loyals
202716,The Dormant Browsers
207821,The February Loyals
828884,New travelers
464385,New travelers
659637,The October Loyals
107719,The January Average
787625,The June Loyals
297954,New travelers
707588,The October Loyals
241714,The October Loyals
927975,The September Loyals
933707,The October Loyals
981220,The Lost Holiday Drifters
180977,The October Loyals
217364,The June Loyals
852572,New travelers
700335,The September Loyals
989040,New travelers
521875,The November Loyals
778168,The May Planners
879036,The November Loyals
191189,New travelers
736414,The January Average
441304,The October Loyals
842982,The November Loyals
165019,The June Loyals
453494,The November Loyals
274896,The March Loyals
371532,The May Planners
198485,The June Loyals
392682,The Dormant Browsers
754163,New travelers
641189,The September Loyals
868250,The October Loyals
360031,New travelers
810581,The February Loyals
261044,The October Loyals
667117,The September Loyals
868327,New travelers
132774,The October Loyals
209058,The June Loyals
431187,New travelers
475930,The Lost Holiday Drifters
483802,New travelers
509669,The Q4 Boomerang
571409,New travelers
658996,The January Average
679609,The Q4 Boomerang
686612,The Lost Holiday Drifters
986217,The May Planners
987221,The September Loyals
378014,The May Planners
676873,The January Average
911971,The February Loyals
704600,The December Loyals
895267,The May Planners
625497,The December Loyals
943775,The February Loyals
541178,The September Loyals
932513,The Dormant Browsers
563142,The Q4 Boomerang
979575,The September Loyals
184490,New travelers
655892,The February Loyals
552328,The January Average
992542,New travelers
661050,The October Loyals
664034,The Lost Holiday Drifters
746520,The December Loyals
434489,The September Loyals
933865,The Lost Holiday Drifters
139479,The Pandemic Drop-offs
153462,The Summer-Fall Hybrids
918397,New travelers
138737,The September Loyals
285942,The September Loyals
522763,The Dormant Browsers
713257,The September Loyals
397376,New travelers
724168,The December Loyals
275446,The October Loyals
654225,The Dormant Browsers
282872,The November Loyals
583005,The March Loyals
418636,The Dormant Browsers
834544,The September Loyals
690510,New travelers
915846,The November Loyals
549091,The Q4 Boomerang
563774,The January Average
692841,The Q4 Boomerang
996254,The September Loyals
134717,The September Loyals
779412,The Dormant Browsers
566714,The October Loyals
815603,New travelers
325661,The March Loyals
894788,The December Loyals
248752,The Q4 Boomerang
306880,The October Loyals
793892,New travelers
809207,The Dormant Browsers
453587,The Lost Holiday Drifters
736970,The January Average
229861,New travelers
347227,The Q4 Boomerang
556778,The September Loyals
845819,The March Loyals
881846,The January Average
308255,The Summer-Fall Hybrids
420243,New travelers
195977,The January Average
693665,The January Average
141877,The October Loyals
928292,The May Planners
435129,The September Loyals
898552,The Summer-Fall Hybrids
317689,New travelers
787833,The May Planners
637100,New travelers
690029,The February Loyals
215840,The December Loyals
630071,The September Loyals
298344,The May Planners
929231,New travelers
243965,New travelers
595775,New travelers
123667,The June Loyals
340723,The Q4 Boomerang
117975,The Lost Holiday Drifters
300818,The October Loyals
313571,New travelers
353032,The September Loyals
371065,The October Loyals
455892,The March Loyals
645078,New travelers
685653,New travelers
727415,The September Loyals
777540,The November Loyals
944855,The September Loyals
957686,The November Loyals
118355,The Autumn Budget
128753,New travelers
268145,The May Planners
281064,The December Loyals
294849,The Summer-Fall Hybrids
534649,The March Loyals
560024,The January Average
681785,The December Loyals
781227,New travelers
944035,The October Loyals
988419,The Summer-Fall Hybrids
835683,The September Loyals
629177,The September Loyals
765747,The September Loyals
110296,The September Loyals
280641,The September Loyals
310911,The Q4 Boomerang
567571,The February Loyals
601681,The February Loyals
710115,The September Loyals
721437,The March Loyals
755533,The November Loyals
769709,The March Loyals
784380,New travelers
860602,The September Loyals
974758,The Dormant Browsers
355628,New travelers
874614,The September Loyals
264701,The March Loyals
367617,The Lost Holiday Drifters
405804,The March Loyals
440213,The June Loyals
543693,The December Loyals
553389,The May Planners
627373,New travelers
663659,New travelers
816323,The May Planners
992769,New travelers
996686,The May Planners
477468,The February Loyals
953927,The Summer-Fall Hybrids
421310,The Lost Holiday Drifters
585850,The September Loyals
224298,The September Loyals
395871,The Dormant Browsers
605320,The December Loyals
648286,New travelers
993650,The December Loyals
568786,The September Loyals
968325,The June Loyals
516276,The Q4 Boomerang
786827,The Q4 Boomerang
525245,New travelers
847183,The June Loyals
441389,The December Loyals
621583,The September Loyals
394812,The September Loyals
689981,The February Loyals
326234,The October Loyals
661442,New travelers
742749,The October Loyals
839115,The September Loyals
161415,The February Loyals
835133,New travelers
585642,The September Loyals
968632,The September Loyals
548638,New travelers
743849,The September Loyals
202108,New travelers
113861,The Summer-Fall Hybrids
336138,The March Loyals
970351,The September Loyals
289476,The Dormant Browsers
592218,The Lost Holiday Drifters
201355,The February Loyals
771220,New travelers
865352,The Q4 Boomerang
191508,New travelers
432961,New travelers
103975,New travelers
391861,The October Loyals
434113,The May Planners
706510,The September Loyals
348718,New travelers
939485,The January Average
577467,The March Loyals
618656,The May Planners
594028,The May Planners
815344,New travelers
605761,Holiday Travelers
946963,The Lost Holiday Drifters
110422,The Dormant Browsers
917346,The September Loyals
786330,New travelers
506746,The November Loyals
182159,Holiday Travelers
436705,The Pandemic Drop-offs
688557,The December Loyals
889061,The December Loyals
255019,New travelers
300376,New travelers
876319,The September Loyals
946956,New travelers
502047,New travelers
873578,New travelers
334454,The October Loyals
348245,New travelers
137744,The Summer-Fall Hybrids
734077,The December Loyals
350238,The December Loyals
587633,The June Loyals
763761,The November Loyals
635302,The Q4 Boomerang
969360,The September Loyals
581380,New travelers
699875,The June Loyals
967253,The Pandemic Drop-offs
477599,The Lost Holiday Drifters
298539,The Dormant Browsers
950467,The October Loyals
926531,New travelers
936319,The January Average
254940,The September Loyals
299113,The January Average
941122,The Pandemic Drop-offs
963921,New travelers
427354,The Dormant Browsers
711263,The Summer-Fall Hybrids
989148,The February Loyals
594649,The December Loyals
339005,The September Loyals
558138,The Q4 Boomerang
712236,The Summer-Fall Hybrids
804402,The June Loyals
167001,The Pandemic Drop-offs
789431,New travelers
643364,The May Planners
896651,The Q4 Boomerang
995404,New travelers
522493,The September Loyals
572890,The Q4 Boomerang
551710,New travelers
600785,The March Loyals
332175,The February Loyals
700566,The October Loyals
212477,The May Planners
984878,The May Planners
497106,The Dormant Browsers
795129,The January Average
433353,The December Loyals
497613,The January Average
314014,The May Planners
916000,The June Loyals
596327,The September Loyals
749817,The December Loyals
308798,The May Planners
831693,The Q4 Boomerang
466865,The January Average
901954,The December Loyals
719242,The January Average
838938,The June Loyals
537914,The Q4 Boomerang
462232,New travelers
136608,The Q4 Boomerang
750324,The September Loyals
358020,The September Loyals
607885,The September Loyals
318786,The May Planners
752274,The November Loyals
227429,The September Loyals
779444,New travelers
531841,The January Average
536132,The Dormant Browsers
609667,The May Planners
734490,The June Loyals
969485,The June Loyals
740703,The May Planners
463833,The Pandemic Drop-offs
600664,The October Loyals
604772,The November Loyals
633162,New travelers
905569,The November Loyals
337842,The September Loyals
413050,The May Planners
216658,The November Loyals
465540,The September Loyals
825239,The September Loyals
254546,The January Average
614219,The March Loyals
453972,The September Loyals
855559,The September Loyals
225972,The May Planners
384986,The September Loyals
786709,The September Loyals
861095,The September Loyals
378793,The February Loyals
555081,The September Loyals
202156,The September Loyals
452530,The September Loyals
629299,The Summer-Fall Hybrids
704607,The Lost Holiday Drifters
222929,The November Loyals
242028,The September Loyals
188828,The September Loyals
241421,The December Loyals
258088,The May Planners
677527,The June Loyals
561072,The September Loyals
210835,The December Loyals
972222,The September Loyals
262937,New travelers
281075,The September Loyals
596544,The Summer-Fall Hybrids
613076,The May Planners
428778,The Dormant Browsers
634392,The June Loyals
438707,The March Loyals
790089,The May Planners
684103,The Lost Holiday Drifters
891237,The March Loyals
453408,The September Loyals
257579,The December Loyals
828735,The September Loyals
238814,The September Loyals
123702,The Dormant Browsers
453971,The Autumn Budget
562703,New travelers
274803,New travelers
426530,The November Loyals
785398,The January Average
883693,New travelers
639807,The October Loyals
817851,The May Planners
435378,The February Loyals
454471,The February Loyals
374117,The May Planners
790094,The May Planners
337341,The Lost Holiday Drifters
614122,The September Loyals
392781,New travelers
464639,The Pandemic Drop-offs
498149,The February Loyals
672395,The May Planners
807262,New travelers
410552,The March Loyals
718655,The Summer-Fall Hybrids
175342,The September Loyals
384356,New travelers
738732,The Dormant Browsers
975767,The May Planners
945834,The Summer-Fall Hybrids
102730,The Summer-Fall Hybrids
120393,The May Planners
160266,New travelers
195131,New travelers
195137,The September Loyals
413620,The October Loyals
624463,The December Loyals
675848,The September Loyals
725100,The June Loyals
798752,The Dormant Browsers
895560,The September Loyals
208586,New travelers
791132,The February Loyals
247220,The November Loyals
329056,The Dormant Browsers
367547,The January Average
240774,New travelers
327320,The December Loyals
856782,The January Average
951954,The November Loyals
349132,The November Loyals
672089,The February Loyals
659967,The May Planners
923268,New travelers
300166,The February Loyals
380110,The September Loyals
154680,The December Loyals
957325,New travelers
496052,New travelers
943804,The October Loyals
513170,The September Loyals
950390,The Lost Holiday Drifters
462815,The Q4 Boomerang
511568,The September Loyals
813320,The September Loyals
431829,The October Loyals
732113,The Q4 Boomerang
595320,The September Loyals
877630,The Summer-Fall Hybrids
277610,The March Loyals
802870,The June Loyals
231614,The September Loyals
870960,New travelers
419818,The November Loyals
440112,The September Loyals
200991,The May Planners
203084,The October Loyals
467046,The November Loyals
575849,The November Loyals
100380,The March Loyals
959059,The May Planners
457716,The September Loyals
528122,The March Loyals
857971,The Dormant Browsers
932323,New travelers
172162,New travelers
815498,The September Loyals
271148,The November Loyals
614377,The Q4 Boomerang
176379,New travelers
851231,The September Loyals
312607,The September Loyals
928916,The January Average
420394,The Summer-Fall Hybrids
628917,The December Loyals
802535,New travelers
492265,The Lost Holiday Drifters
687895,The October Loyals
137040,The Autumn Budget
270575,The January Average
661321,The September Loyals
908643,The Summer-Fall Hybrids
197642,The September Loyals
345597,The December Loyals
511626,New travelers
677925,New travelers
188147,The March Loyals
761510,The February Loyals
909845,The Summer-Fall Hybrids
417274,The February Loyals
100646,The Summer-Fall Hybrids
236767,The June Loyals
327653,The December Loyals
342725,The June Loyals
509136,The May Planners
583754,The Q4 Boomerang
613747,The September Loyals
740509,New travelers
764869,The January Average
905320,The September Loyals
943056,New travelers
996159,New travelers
329162,The November Loyals
342527,The November Loyals
807681,The November Loyals
192600,The September Loyals
575342,The Pandemic Drop-offs
592532,New travelers
671911,The May Planners
690199,The October Loyals
721664,The September Loyals
773844,The Dormant Browsers
789288,The Pandemic Drop-offs
849425,The October Loyals
687639,The March Loyals
429689,New travelers
858196,The January Average
194394,The September Loyals
432729,New travelers
732862,New travelers
942681,The November Loyals
188006,The May Planners
838881,The May Planners
308171,The December Loyals
450417,New travelers
749033,The June Loyals
851130,The February Loyals
989802,The September Loyals
204343,The September Loyals
516995,The December Loyals
354206,The Q4 Boomerang
944810,The June Loyals
175285,The January Average
638685,The October Loyals
497421,The September Loyals
730561,New travelers
458864,New travelers
928957,The March Loyals
186901,The October Loyals
511573,The September Loyals
614106,The Dormant Browsers
909503,The September Loyals
320772,The January Average
740918,The January Average
478142,The September Loyals
612719,The December Loyals
887117,The Dormant Browsers
587420,The November Loyals
639346,New travelers
563981,The March Loyals
852323,The May Planners
206914,The October Loyals
583272,The Q4 Boomerang
702542,The June Loyals
757010,The December Loyals
463926,The Summer-Fall Hybrids
716362,The September Loyals
257440,The January Average
610916,New travelers
671383,The March Loyals
722399,The November Loyals
369795,The Summer-Fall Hybrids
527090,New travelers
106477,The September Loyals
690890,The September Loyals
767894,The January Average
259789,The Summer-Fall Hybrids
741384,New travelers
391397,The June Loyals
973168,The February Loyals
324739,The January Average
530517,The March Loyals
242779,The September Loyals
781570,The September Loyals
426698,The December Loyals
985115,The Q4 Boomerang
153626,The September Loyals
189158,The May Planners
163970,The November Loyals
635719,The October Loyals
500280,The December Loyals
139532,The December Loyals
169393,The September Loyals
172259,The Pandemic Drop-offs
177598,The October Loyals
246405,The October Loyals
280864,The February Loyals
404314,The October Loyals
434477,The October Loyals
459345,The May Planners
551837,The December Loyals
632435,The Summer-Fall Hybrids
920102,New travelers
132296,The November Loyals
240132,The February Loyals
367811,New travelers
418779,The September Loyals
432718,The February Loyals
671119,The February Loyals
762485,The March Loyals
774272,The September Loyals
822051,The December Loyals
952545,The March Loyals
968867,New travelers
848632,The December Loyals
989568,The Summer-Fall Hybrids
164743,The November Loyals
172724,New travelers
304528,New travelers
419749,The January Average
284203,The March Loyals
914152,The January Average
119135,The September Loyals
691220,The February Loyals
213246,Holiday Travelers
246571,The June Loyals
930502,The May Planners
116288,Holiday Travelers
857497,The January Average
369682,The Summer-Fall Hybrids
430107,The September Loyals
435657,The March Loyals
515822,The May Planners
275358,The October Loyals
456785,The October Loyals
188318,The February Loyals
966729,The May Planners
922484,The September Loyals
926300,The Autumn Budget
211891,The June Loyals
660294,The June Loyals
267291,The September Loyals
409989,New travelers
758738,The December Loyals
708634,The March Loyals
370660,New travelers
849587,The May Planners
599442,The March Loyals
752580,The November Loyals
462663,The September Loyals
978048,Holiday Travelers
826975,New travelers
858427,New travelers
420457,The December Loyals
497108,The January Average
238156,The May Planners
776317,New travelers
250619,The September Loyals
680376,The Q4 Boomerang
691855,New travelers
833728,The February Loyals
258951,The September Loyals
354477,The November Loyals
417001,New travelers
626211,The October Loyals
597197,The October Loyals
986421,The January Average
779085,The March Loyals
921705,The September Loyals
317888,The September Loyals
777171,The September Loyals
932745,The September Loyals
947620,The May Planners
742509,The January Average
924268,The September Loyals
202218,The Q4 Boomerang
612963,New travelers
666473,The January Average
136715,The September Loyals
539941,New travelers
365166,New travelers
628952,The May Planners
690866,The September Loyals
947158,The Summer-Fall Hybrids
123780,New travelers
157200,The June Loyals
392953,The Q4 Boomerang
395962,New travelers
737509,The Dormant Browsers
335852,The January Average
865727,The Summer-Fall Hybrids
659607,The September Loyals
706884,The Pandemic Drop-offs
197067,The September Loyals
376424,The May Planners
490250,The May Planners
317827,The September Loyals
782318,New travelers
119997,The June Loyals
356507,The September Loyals
422496,The October Loyals
929728,The January Average
343879,The Dormant Browsers
406176,The November Loyals
494384,The January Average
581661,The December Loyals
618823,The February Loyals
641050,The January Average
695596,New travelers
739084,The March Loyals
743610,The December Loyals
829588,The June Loyals
878816,New travelers
969810,The September Loyals
565960,The December Loyals
641704,The June Loyals
108264,The September Loyals
298601,The September Loyals
581481,The September Loyals
693608,The March Loyals
772370,The June Loyals
843037,The December Loyals
201550,New travelers
212189,The March Loyals
216487,The October Loyals
674118,The September Loyals
880436,The June Loyals
387455,The Summer-Fall Hybrids
877124,The January Average
107461,The November Loyals
785076,The September Loyals
510353,The Dormant Browsers
764896,The October Loyals
838845,The October Loyals
929712,The Pandemic Drop-offs
229391,New travelers
576654,New travelers
383367,New travelers
393101,New travelers
574627,New travelers
276035,The June Loyals
445679,New travelers
474458,The October Loyals
968764,The Q4 Boomerang
200744,The December Loyals
448354,The September Loyals
421744,The June Loyals
953892,The Dormant Browsers
745901,The March Loyals
794323,The February Loyals
622992,New travelers
711571,The October Loyals
206772,The March Loyals
860099,The March Loyals
348215,The May Planners
966089,New travelers
208323,The June Loyals
244296,The September Loyals
577501,The March Loyals
961218,The December Loyals
604076,New travelers
343103,The December Loyals
454880,The October Loyals
328188,The February Loyals
401350,The Q4 Boomerang
486197,The Q4 Boomerang
625451,The May Planners
908882,New travelers
979644,The June Loyals
851390,The March Loyals
887266,The May Planners
128032,The Q4 Boomerang
171042,New travelers
337066,The January Average
581651,New travelers
582066,The September Loyals
643705,The June Loyals
752107,The June Loyals
798881,The November Loyals
868025,The January Average
918112,The September Loyals
977305,The March Loyals
447796,The Summer-Fall Hybrids
584845,The September Loyals
457127,New travelers
498643,The October Loyals
489985,The Dormant Browsers
909727,The Dormant Browsers
474047,New travelers
651469,New travelers
190227,The October Loyals
212849,The May Planners
100753,The May Planners
794723,The December Loyals
250363,New travelers
460349,The September Loyals
317776,The December Loyals
798352,New travelers
543901,The March Loyals
837641,The March Loyals
292546,The September Loyals
718962,The October Loyals
309304,The September Loyals
834537,New travelers
515775,The June Loyals
576363,The October Loyals
696732,The Q4 Boomerang
190827,The May Planners
599372,The Summer-Fall Hybrids
641121,New travelers
446988,The May Planners
863280,The October Loyals
148749,New travelers
618719,The May Planners
381189,The October Loyals
575821,New travelers
172284,New travelers
243191,The December Loyals
269694,The October Loyals
312545,The Q4 Boomerang
353096,The September Loyals
401766,The September Loyals
446352,The November Loyals
481457,The Summer-Fall Hybrids
549686,The November Loyals
911668,The December Loyals
453032,The September Loyals
696562,The Q4 Boomerang
559576,The May Planners
822205,New travelers
513099,The Summer-Fall Hybrids
765655,New travelers
316933,The Autumn Budget
890650,The Q4 Boomerang
162489,The Q4 Boomerang
950933,The March Loyals
139135,The October Loyals
374931,The June Loyals
713520,The Lost Holiday Drifters
779106,The February Loyals
778066,The Autumn Budget
820204,The September Loyals
550598,New travelers
592350,The January Average
113578,The Lost Holiday Drifters
900853,The September Loyals
318755,The May Planners
469660,The March Loyals
133821,The January Average
915156,The November Loyals
214095,The January Average
948714,The December Loyals
783255,The February Loyals
796544,The Lost Holiday Drifters
134012,New travelers
841948,The Q4 Boomerang
536018,The December Loyals
603545,The May Planners
338750,New travelers
982535,The February Loyals
138121,The October Loyals
516594,The March Loyals
796943,New travelers
844677,The May Planners
528782,New travelers
942355,The December Loyals
140391,The Summer-Fall Hybrids
220538,The Dormant Browsers
178565,New travelers
729173,The September Loyals
781924,The September Loyals
453133,The June Loyals
465421,The March Loyals
439252,The Lost Holiday Drifters
985839,The March Loyals
321012,The May Planners
528331,The March Loyals
383391,New travelers
186810,The February Loyals
771901,The February Loyals
104960,The Dormant Browsers
172200,The Q4 Boomerang
253412,New travelers
293689,New travelers
348400,The January Average
354461,The January Average
478986,The September Loyals
729444,New travelers
750649,The November Loyals
805170,The December Loyals
834790,The Q4 Boomerang
997434,The February Loyals
218757,The Summer-Fall Hybrids
830171,The September Loyals
571239,The December Loyals
976529,The November Loyals
127785,The November Loyals
503357,The June Loyals
166865,The December Loyals
313732,The September Loyals
254579,The September Loyals
631583,The May Planners
799657,New travelers
957881,The September Loyals
649422,The December Loyals
733627,The March Loyals
515929,The June Loyals
570600,The Summer-Fall Hybrids
640614,The September Loyals
864845,The November Loyals
431640,The December Loyals
850414,The May Planners
352490,The December Loyals
593327,The Lost Holiday Drifters
114214,The Lost Holiday Drifters
562644,The May Planners
618494,The Dormant Browsers
662934,New travelers
734458,The February Loyals
784946,The December Loyals
433477,The Q4 Boomerang
489244,The February Loyals
352216,New travelers
770568,New travelers
492496,The February Loyals
747571,The September Loyals
843737,New travelers
483969,New travelers
547500,The October Loyals
354084,The September Loyals
634386,The March Loyals
482551,The June Loyals
788947,The February Loyals
753089,The May Planners
877419,The Pandemic Drop-offs
106616,New travelers
618022,The Summer-Fall Hybrids
586365,The Summer-Fall Hybrids
677153,New travelers
193946,New travelers
891128,The October Loyals
358151,The March Loyals
430559,New travelers
236129,The September Loyals
879904,The December Loyals
726309,New travelers
498610,The Dormant Browsers
728486,The March Loyals
110394,The October Loyals
450865,The February Loyals
711510,The September Loyals
372652,The November Loyals
294865,The November Loyals
462595,The September Loyals
328180,The Summer-Fall Hybrids
444365,The September Loyals
164298,The Pandemic Drop-offs
167465,The March Loyals
722089,The January Average
802452,The May Planners
214605,The December Loyals
592515,New travelers
299107,The February Loyals
613303,The September Loyals
602587,The October Loyals
674643,New travelers
138810,New travelers
314081,New travelers
545278,The September Loyals
625859,The September Loyals
844556,The March Loyals
925385,The September Loyals
351500,The March Loyals
459164,The Summer-Fall Hybrids
730246,The Summer-Fall Hybrids
999631,The March Loyals
574771,The January Average
975949,The September Loyals
165224,The Lost Holiday Drifters
237858,New travelers
260855,The February Loyals
296567,The October Loyals
427140,The March Loyals
458029,New travelers
616083,The March Loyals
675651,The September Loyals
717762,New travelers
720079,The June Loyals
740090,The January Average
839527,The December Loyals
198900,The December Loyals
340881,New travelers
216762,The March Loyals
824351,The September Loyals
510440,The September Loyals
803234,The December Loyals
493598,The December Loyals
848694,The Pandemic Drop-offs
688731,The Q4 Boomerang
839356,The September Loyals
141655,The May Planners
549751,The December Loyals
443232,The September Loyals
588993,New travelers
451425,The Summer-Fall Hybrids
928354,The January Average
534813,The December Loyals
614810,The June Loyals
103502,The Summer-Fall Hybrids
334575,The January Average
455896,The November Loyals
469781,The Dormant Browsers
533488,The Q4 Boomerang
630694,The Lost Holiday Drifters
707557,The September Loyals
738459,The September Loyals
947863,The January Average
793134,The June Loyals
891903,The March Loyals
129817,The February Loyals
897734,New travelers
618300,The February Loyals
935836,New travelers
167062,The October Loyals
212735,The October Loyals
246591,The Autumn Budget
275413,The May Planners
285636,The Q4 Boomerang
327972,The December Loyals
351292,New travelers
375430,The March Loyals
660349,New travelers
663213,New travelers
744837,New travelers
198785,New travelers
695069,The Lost Holiday Drifters
281952,New travelers
515905,The September Loyals
228772,The Lost Holiday Drifters
839748,The June Loyals
561801,New travelers
990947,New travelers
540905,The September Loyals
625599,The December Loyals
707017,The Q4 Boomerang
807256,The March Loyals
653191,The January Average
955292,Holiday Travelers
164500,New travelers
587480,The September Loyals
294283,The October Loyals
478247,The March Loyals
637249,The March Loyals
989220,New travelers
888291,The September Loyals
456613,The Summer-Fall Hybrids
473563,The September Loyals
432059,The February Loyals
772827,The Summer-Fall Hybrids
119845,The November Loyals
133128,The June Loyals
293137,New travelers
608070,The September Loyals
887995,The February Loyals
400873,New travelers
936211,The November Loyals
659767,The June Loyals
723208,New travelers
168843,The October Loyals
278059,New travelers
455606,The September Loyals
826166,The Q4 Boomerang
167515,The December Loyals
581007,The September Loyals
364356,The September Loyals
375203,The Lost Holiday Drifters
551938,The February Loyals
556808,The September Loyals
571970,The September Loyals
603658,The March Loyals
616650,The June Loyals
688820,The February Loyals
709472,The December Loyals
900331,New travelers
910092,New travelers
654751,The October Loyals
680945,New travelers
150596,New travelers
224130,The October Loyals
448912,The March Loyals
813520,The September Loyals
273177,The January Average
565900,The October Loyals
662392,The Lost Holiday Drifters
270203,New travelers
939474,New travelers
699220,New travelers
605421,The January Average
642808,The December Loyals
496830,New travelers
992268,The May Planners
415372,The September Loyals
691761,The October Loyals
287927,The February Loyals
858667,The February Loyals
137751,The June Loyals
604839,New travelers
556958,The October Loyals
689459,The Autumn Budget
874415,The Dormant Browsers
897716,The December Loyals
853957,The September Loyals
294071,The Dormant Browsers
682064,New travelers
158508,The June Loyals
728679,The February Loyals
205430,The February Loyals
882874,New travelers
371079,The September Loyals
574330,The June Loyals
617471,The September Loyals
203133,The January Average
443770,New travelers
378498,New travelers
742064,The Dormant Browsers
265665,New travelers
605322,The September Loyals
262683,The November Loyals
264095,The Summer-Fall Hybrids
184895,The February Loyals
268932,The June Loyals
989473,The Lost Holiday Drifters
282854,The October Loyals
944355,The October Loyals
171906,The June Loyals
357574,The March Loyals
768748,The February Loyals
784185,The June Loyals
117915,New travelers
945091,The November Loyals
341907,The Pandemic Drop-offs
377674,The September Loyals
478278,The September Loyals
975309,The September Loyals
588220,The May Planners
832745,The September Loyals
580979,The Summer-Fall Hybrids
865977,The November Loyals
593710,The May Planners
141023,The March Loyals
576071,The March Loyals
127137,The December Loyals
432370,The February Loyals
739704,The Pandemic Drop-offs
971142,The November Loyals
318564,The October Loyals
495926,New travelers
381496,The Dormant Browsers
878281,The December Loyals
454718,The March Loyals
946061,The Summer-Fall Hybrids
471523,The March Loyals
644434,The October Loyals
904283,The September Loyals
516301,The January Average
298865,The September Loyals
471583,The October Loyals
363774,The January Average
450896,The September Loyals
816510,New travelers
971157,The October Loyals
951712,The September Loyals
724987,The September Loyals
975497,The November Loyals
562734,The May Planners
919889,The June Loyals
805226,The May Planners
956402,The November Loyals
564882,The March Loyals
952730,The September Loyals
144261,New travelers
381176,New travelers
382889,The Summer-Fall Hybrids
384907,New travelers
422398,The December Loyals
435613,The September Loyals
449046,The September Loyals
456822,The March Loyals
474894,The January Average
629410,The November Loyals
952582,The Summer-Fall Hybrids
583223,The May Planners
914514,New travelers
524968,New travelers
873886,The February Loyals
583271,The Lost Holiday Drifters
906274,The Lost Holiday Drifters
903006,The May Planners
969053,The September Loyals
609072,The Summer-Fall Hybrids
996796,The October Loyals
214322,The Q4 Boomerang
224854,The March Loyals
443243,The December Loyals
472445,The Pandemic Drop-offs
520091,Holiday Travelers
531430,The September Loyals
616722,The September Loyals
752047,The January Average
911525,VIPs
971528,The February Loyals
988249,The February Loyals
154736,The December Loyals
903496,The June Loyals
873022,The Pandemic Drop-offs
913340,The January Average
184496,The January Average
753533,The September Loyals
572265,The January Average
938636,The March Loyals
193824,The September Loyals
722169,The September Loyals
129555,The October Loyals
637986,The June Loyals
185496,The Autumn Budget
858802,The October Loyals
548722,The June Loyals
421691,The November Loyals
566663,New travelers
698395,The January Average
828076,The May Planners
498319,New travelers
618824,The May Planners
503832,The November Loyals
737764,The January Average
419732,New travelers
880897,New travelers
389812,New travelers
975387,The September Loyals
842959,The January Average
419540,The December Loyals
749684,The September Loyals
183339,New travelers
239182,The March Loyals
872297,The Q4 Boomerang
201055,The Q4 Boomerang
913449,Holiday Travelers
166011,New travelers
739138,The September Loyals
970014,New travelers
275306,The May Planners
621093,The June Loyals
300806,The December Loyals
999982,New travelers
344260,The January Average
423272,The December Loyals
241374,The May Planners
522234,The October Loyals
773943,The February Loyals
957452,The September Loyals
622006,The December Loyals
963036,The May Planners
373554,New travelers
814236,The Autumn Budget
186199,The November Loyals
857682,The March Loyals
346346,The Q4 Boomerang
470373,The November Loyals
940822,The June Loyals
947679,New travelers
742673,New travelers
895684,The September Loyals
365642,The Q4 Boomerang
927202,The September Loyals
344052,The Q4 Boomerang
787548,The September Loyals
258248,The September Loyals
242288,VIPs
652212,The May Planners
481531,New travelers
551510,The January Average
818329,New travelers
336878,New travelers
969616,The May Planners
623341,New travelers
849589,The November Loyals
474905,The May Planners
716294,The May Planners
131257,The June Loyals
628409,The November Loyals
554136,The June Loyals
557867,The November Loyals
726077,The Q4 Boomerang
234878,The September Loyals
250311,The September Loyals
759991,The October Loyals
446712,The September Loyals
874938,New travelers
131047,The June Loyals
367562,The February Loyals
386298,The Q4 Boomerang
398655,New travelers
441419,The Lost Holiday Drifters
459017,The January Average
539705,New travelers
542118,The November Loyals
697905,The September Loyals
877654,The October Loyals
532978,The March Loyals
608419,The January Average
720178,New travelers
375399,The February Loyals
417507,The October Loyals
565805,The December Loyals
342156,The June Loyals
584536,The December Loyals
614100,The September Loyals
756663,The Q4 Boomerang
361266,The March Loyals
762562,New travelers
852520,The September Loyals
902742,The Q4 Boomerang
366537,The November Loyals
915933,The December Loyals
397962,New travelers
882084,New travelers
155791,The February Loyals
668020,The March Loyals
386037,The January Average
465927,New travelers
130823,The September Loyals
952003,The December Loyals
353786,The Dormant Browsers
762255,The Summer-Fall Hybrids
290200,The Autumn Budget
811429,New travelers
609730,The January Average
181140,The June Loyals
539746,New travelers
484543,The Lost Holiday Drifters
492090,The November Loyals
106046,The February Loyals
545586,The Summer-Fall Hybrids
176115,The October Loyals
528697,The Q4 Boomerang
473564,The Lost Holiday Drifters
516362,The October Loyals
119198,The September Loyals
356237,The September Loyals
503638,The Dormant Browsers
706007,The Q4 Boomerang
731254,New travelers
889501,The Lost Holiday Drifters
895994,The Q4 Boomerang
918341,The Dormant Browsers
923761,The September Loyals
925609,The May Planners
283654,The October Loyals
319304,The Summer-Fall Hybrids
846194,The September Loyals
265226,The January Average
540551,The October Loyals
235882,The January Average
263762,The September Loyals
255994,New travelers
607856,The September Loyals
295302,The Dormant Browsers
837012,The November Loyals
592213,New travelers
309584,The September Loyals
512191,The November Loyals
720765,The December Loyals
436569,The September Loyals
599145,The February Loyals
340574,The Summer-Fall Hybrids
877101,The November Loyals
865759,The Autumn Budget
551975,The September Loyals
821216,The November Loyals
259342,The September Loyals
490774,The September Loyals
906852,The March Loyals
913233,The January Average
573995,New travelers
845580,The September Loyals
262305,The Q4 Boomerang
790366,New travelers
453876,The Q4 Boomerang
956908,The December Loyals
262099,The November Loyals
500759,The March Loyals
644163,The September Loyals
649089,New travelers
636017,New travelers
780423,The December Loyals
222748,The September Loyals
839328,The September Loyals
172987,The October Loyals
188470,The Lost Holiday Drifters
237492,The November Loyals
346390,New travelers
375792,The Q4 Boomerang
616350,The Autumn Budget
652374,The Autumn Budget
724435,The November Loyals
764227,New travelers
770327,The June Loyals
851562,The November Loyals
917779,The May Planners
585066,New travelers
694723,The February Loyals
157731,The May Planners
780140,The September Loyals
356558,The May Planners
890673,The Autumn Budget
322955,New travelers
873761,The September Loyals
591841,The September Loyals
827172,The December Loyals
167569,New travelers
504219,The May Planners
130439,The Lost Holiday Drifters
429308,The September Loyals
578013,The May Planners
772960,The September Loyals
283326,The September Loyals
391564,The September Loyals
218373,New travelers
715640,The February Loyals
442282,The December Loyals
902852,The Q4 Boomerang
306051,The February Loyals
586191,The February Loyals
204848,New travelers
752729,The September Loyals
103304,The December Loyals
446171,The February Loyals
763183,The October Loyals
952672,The Summer-Fall Hybrids
643099,New travelers
711541,The December Loyals
829003,The November Loyals
901049,The Pandemic Drop-offs
444524,The November Loyals
974829,The October Loyals
499089,The September Loyals
930337,New travelers
130086,The November Loyals
153193,The March Loyals
340492,New travelers
377364,New travelers
571643,The February Loyals
624485,New travelers
595215,The June Loyals
707999,The Lost Holiday Drifters
910373,New travelers
939204,New travelers
101540,The Summer-Fall Hybrids
268630,The October Loyals
272114,New travelers
634850,The February Loyals
214504,The May Planners
411296,New travelers
225279,The January Average
370093,The March Loyals
968943,The March Loyals
184090,The Q4 Boomerang
867056,The June Loyals
316666,New travelers
346678,The November Loyals
118729,The Lost Holiday Drifters
316633,The Dormant Browsers
605926,The March Loyals
934212,The October Loyals
234454,The Q4 Boomerang
624621,The Q4 Boomerang
298327,The May Planners
405442,The September Loyals
350910,New travelers
622906,The September Loyals
137852,The Summer-Fall Hybrids
723591,The September Loyals
693295,The February Loyals
801832,New travelers
125969,The March Loyals
776139,The June Loyals
827546,The October Loyals
834120,The November Loyals
300845,The November Loyals
308891,The Summer-Fall Hybrids
373888,The Q4 Boomerang
545087,The September Loyals
203773,The Summer-Fall Hybrids
983524,The February Loyals
478107,The Q4 Boomerang
684081,New travelers
298343,The June Loyals
480239,The September Loyals
234895,Holiday Travelers
262176,The May Planners
266148,The May Planners
678454,The September Loyals
920840,The February Loyals
565242,The Dormant Browsers
838482,The June Loyals
104267,The Q4 Boomerang
127410,The January Average
382983,New travelers
116703,The May Planners
388777,The June Loyals
536485,The September Loyals
282532,New travelers
601775,The September Loyals
344627,The January Average
557525,The January Average
650377,The January Average
832046,The Q4 Boomerang
310965,The November Loyals
571215,The December Loyals
131558,The May Planners
680304,The Lost Holiday Drifters
454356,New travelers
589394,New travelers
487823,The Lost Holiday Drifters
790813,The September Loyals
416216,The Summer-Fall Hybrids
667901,The February Loyals
813681,The January Average
599078,The Summer-Fall Hybrids
733350,The September Loyals
931622,The Q4 Boomerang
822811,The Pandemic Drop-offs
991056,The Summer-Fall Hybrids
604681,The December Loyals
777118,The December Loyals
433020,New travelers
595236,The Summer-Fall Hybrids
275244,The May Planners
604328,New travelers
697917,New travelers
615201,The June Loyals
721639,The Lost Holiday Drifters
628130,The September Loyals
854998,VIPs
118628,The October Loyals
712584,The March Loyals
136334,The February Loyals
479359,New travelers
169137,The May Planners
184306,The February Loyals
708343,The January Average
746377,New travelers
588445,The January Average
975412,The September Loyals
129171,The Q4 Boomerang
274410,The May Planners
277587,The September Loyals
389429,The May Planners
600302,The October Loyals
786966,The Pandemic Drop-offs
795155,New travelers
836713,The March Loyals
919117,The October Loyals
940796,The November Loyals
236003,The Summer-Fall Hybrids
584458,The September Loyals
227804,The Dormant Browsers
458072,The October Loyals
832810,New travelers
949974,The Summer-Fall Hybrids
661054,The June Loyals
901987,The October Loyals
158680,The May Planners
287088,The February Loyals
331078,The March Loyals
383627,The September Loyals
411690,The May Planners
503025,The May Planners
517940,New travelers
679607,The January Average
854902,The January Average
981664,The September Loyals
992631,New travelers
255509,The September Loyals
641103,The November Loyals
670210,The December Loyals
938324,The May Planners
653973,The March Loyals
589427,The Dormant Browsers
194758,The February Loyals
973111,The December Loyals
124085,The Autumn Budget
933968,The March Loyals
175814,The September Loyals
180832,The Lost Holiday Drifters
334329,The January Average
414305,The November Loyals
650870,The November Loyals
677695,The September Loyals
733324,The February Loyals
764305,The February Loyals
774326,The September Loyals
853003,New travelers
857942,The February Loyals
911744,New travelers
102464,The Autumn Budget
392558,New travelers
122094,The May Planners
947750,The February Loyals
673054,The May Planners
876765,New travelers
827731,The November Loyals
852573,The June Loyals
235885,The June Loyals
326272,The January Average
307619,New travelers
844749,The January Average
292096,The September Loyals
518064,The October Loyals
746314,The Lost Holiday Drifters
886227,New travelers
565991,Holiday Travelers
854610,The October Loyals
419758,The November Loyals
302129,The March Loyals
824216,The September Loyals
168316,The June Loyals
368713,New travelers
652852,The May Planners
866701,The September Loyals
517559,The October Loyals
648924,The October Loyals
633861,The September Loyals
677174,The November Loyals
680379,The May Planners
750974,The September Loyals
136065,New travelers
663422,The Summer-Fall Hybrids
141703,The November Loyals
221862,The January Average
412133,The September Loyals
551154,The Summer-Fall Hybrids
611990,The May Planners
658257,New travelers
571123,The January Average
755582,New travelers
409914,The June Loyals
873945,The February Loyals
364247,New travelers
733582,The November Loyals
813931,The September Loyals
956081,The Lost Holiday Drifters
154480,The February Loyals
578751,New travelers
930921,The September Loyals
349115,The May Planners
355491,The May Planners
984290,The Summer-Fall Hybrids
765877,The September Loyals
937065,The November Loyals
497070,New travelers
379120,The December Loyals
881628,Holiday Travelers
388478,The October Loyals
756892,The May Planners
727179,New travelers
515718,New travelers
135635,New travelers
577322,The May Planners
373144,The May Planners
790740,New travelers
319768,New travelers
976636,The May Planners
117219,The May Planners
388156,The September Loyals
866168,The January Average
348723,The September Loyals
724028,The Autumn Budget
468310,The September Loyals
615678,New travelers
745454,New travelers
612294,Holiday Travelers
163757,The September Loyals
962730,The February Loyals
954773,New travelers
348047,The October Loyals
474779,The Summer-Fall Hybrids
200067,The June Loyals
356578,The November Loyals
402918,The May Planners
739005,The October Loyals
805431,The March Loyals
442304,The February Loyals
993350,New travelers
406369,The Q4 Boomerang
445746,The December Loyals
860809,The January Average
211475,The Dormant Browsers
422989,The Pandemic Drop-offs
333773,The September Loyals
443198,The Q4 Boomerang
490563,The March Loyals
501569,The Lost Holiday Drifters
927305,The June Loyals
473410,The September Loyals
833221,The Dormant Browsers
568594,The February Loyals
802958,New travelers
462497,New travelers
216946,The June Loyals
368669,The Q4 Boomerang
892701,The September Loyals
980761,The February Loyals
861330,The Summer-Fall Hybrids
743018,The June Loyals
945430,The September Loyals
996984,New travelers
745830,The September Loyals
187618,New travelers
294334,The September Loyals
631070,The Q4 Boomerang
143981,The December Loyals
607489,The September Loyals
827339,The November Loyals
343383,The December Loyals
597294,New travelers
562093,The September Loyals
616857,The October Loyals
259878,The February Loyals
557996,The January Average
387648,The September Loyals
908801,New travelers
781621,The November Loyals
669222,The September Loyals
481105,The September Loyals
421923,The October Loyals
305287,The Lost Holiday Drifters
891335,The September Loyals
517087,The May Planners
166693,The June Loyals
782549,The June Loyals
418166,The February Loyals
961463,The October Loyals
162456,The January Average
851836,The December Loyals
981091,The February Loyals
299830,The February Loyals
369388,New travelers
399670,The May Planners
860172,The May Planners
864456,The May Planners
123586,The December Loyals
516255,Holiday Travelers
666381,The December Loyals
648432,The March Loyals
714939,The September Loyals
502952,New travelers
414318,The December Loyals
184478,The Dormant Browsers
403856,New travelers
460025,The September Loyals
984115,The December Loyals
200877,The January Average
561251,The May Planners
419182,The September Loyals
709726,The May Planners
794024,The September Loyals
975199,The June Loyals
680193,New travelers
150656,The Q4 Boomerang
201816,The September Loyals
351138,The February Loyals
860848,The October Loyals
355750,The September Loyals
432493,The October Loyals
494600,The February Loyals
996989,Holiday Travelers
874374,The September Loyals
892616,The March Loyals
532334,New travelers
321656,New travelers
532376,The Q4 Boomerang
274622,New travelers
207453,The December Loyals
384296,New travelers
819077,The January Average
677669,New travelers
460037,The Dormant Browsers
933848,The March Loyals
434802,The Summer-Fall Hybrids
640110,The October Loyals
333694,The September Loyals
576176,New travelers
654073,The March Loyals
392802,The December Loyals
782241,The November Loyals
377114,The January Average
129533,The Lost Holiday Drifters
245289,The September Loyals
311795,The Lost Holiday Drifters
819969,The September Loyals
177993,The May Planners
113184,New travelers
424027,New travelers
802206,The March Loyals
377247,The March Loyals
589430,The Lost Holiday Drifters
500038,The October Loyals
744138,The October Loyals
500767,The March Loyals
374679,The January Average
283110,The June Loyals
301112,The December Loyals
358979,The February Loyals
429829,The May Planners
773676,New travelers
981737,The September Loyals
538854,The May Planners
918404,New travelers
973485,The March Loyals
544690,VIPs
810755,The September Loyals
633202,The December Loyals
672431,The September Loyals
680181,The September Loyals
853603,The October Loyals
226643,The Summer-Fall Hybrids
251081,New travelers
332711,The October Loyals
305857,New travelers
562084,The September Loyals
730901,New travelers
859176,The November Loyals
297218,New travelers
354176,The Lost Holiday Drifters
547360,The March Loyals
773290,The June Loyals
569846,The Dormant Browsers
763000,The Pandemic Drop-offs
603070,The March Loyals
744789,The October Loyals
190720,The February Loyals
292516,New travelers
355724,New travelers
729418,The Q4 Boomerang
467249,The Q4 Boomerang
689112,The September Loyals
415862,The November Loyals
316082,The Autumn Budget
671628,The Dormant Browsers
632826,The January Average
682571,The Dormant Browsers
170368,The December Loyals
301152,The Dormant Browsers
993241,New travelers
150671,New travelers
891790,The June Loyals
295510,The January Average
375694,The June Loyals
182519,The Dormant Browsers
850170,The September Loyals
142906,The December Loyals
871980,The January Average
856667,The January Average
556626,The September Loyals
968447,The November Loyals
400181,The June Loyals
409102,The October Loyals
291510,The March Loyals
615385,The Pandemic Drop-offs
232555,The December Loyals
152740,New travelers
652498,The November Loyals
922926,The October Loyals
908201,New travelers
565533,The January Average
615022,The January Average
778031,The September Loyals
977363,The Lost Holiday Drifters
618124,The October Loyals
494179,The December Loyals
963985,The October Loyals
676631,The October Loyals
677213,The September Loyals
876755,The October Loyals
186807,The Lost Holiday Drifters
454690,The November Loyals
959478,The November Loyals
722988,The February Loyals
970092,The June Loyals
383190,The December Loyals
313254,The September Loyals
673401,The February Loyals
144830,The October Loyals
727428,The Autumn Budget
174343,The March Loyals
339800,The Lost Holiday Drifters
362586,The September Loyals
999731,The Pandemic Drop-offs
722518,The May Planners
750457,The Q4 Boomerang
905909,The November Loyals
156313,The November Loyals
501854,The March Loyals
821314,The May Planners
160471,New travelers
113442,New travelers
164794,The Summer-Fall Hybrids
231508,The September Loyals
869164,The March Loyals
820265,New travelers
177029,The Summer-Fall Hybrids
842855,The October Loyals
578114,The March Loyals
941127,The March Loyals
111485,The February Loyals
280087,The December Loyals
931183,The May Planners
506400,New travelers
683660,The June Loyals
989658,New travelers
793473,Holiday Travelers
379351,The October Loyals
169054,The March Loyals
456433,The May Planners
862258,The September Loyals
114927,The March Loyals
426302,The October Loyals
323448,The December Loyals
707860,New travelers
515605,The Pandemic Drop-offs
821820,The November Loyals
237751,New travelers
523296,The Summer-Fall Hybrids
566851,The November Loyals
420204,The Summer-Fall Hybrids
596033,New travelers
107203,The October Loyals
309480,The February Loyals
501551,The September Loyals
774386,The Summer-Fall Hybrids
383701,Holiday Travelers
678341,The May Planners
279821,The September Loyals
202784,The March Loyals
765542,New travelers
646023,New travelers
470952,New travelers
790240,The February Loyals
881871,The March Loyals
229612,The January Average
852571,The June Loyals
582874,New travelers
608493,The January Average
360240,The Q4 Boomerang
199509,The January Average
279883,New travelers
292497,The June Loyals
816330,New travelers
876426,The January Average
278213,The Q4 Boomerang
653400,The March Loyals
285776,The September Loyals
400470,The December Loyals
690641,The November Loyals
655325,The May Planners
760155,The September Loyals
567082,New travelers
647005,The Lost Holiday Drifters
736258,New travelers
966227,New travelers
177713,The November Loyals
346163,The March Loyals
966059,The September Loyals
369853,The March Loyals
267944,The January Average
207110,The Summer-Fall Hybrids
348463,The October Loyals
764634,The September Loyals
453349,The October Loyals
457489,The January Average
864806,The September Loyals
340307,The October Loyals
922634,The November Loyals
458963,The June Loyals
599746,The June Loyals
631704,The October Loyals
254161,New travelers
948051,The September Loyals
113804,The February Loyals
336076,New travelers
607275,The September Loyals
836374,The October Loyals
408259,The May Planners
812617,The Q4 Boomerang
617079,The October Loyals
675204,The September Loyals
375768,The November Loyals
794496,The March Loyals
282041,The February Loyals
585947,The February Loyals
775562,The Lost Holiday Drifters
224530,New travelers
210385,The September Loyals
758262,The June Loyals
287097,The February Loyals
751594,The Summer-Fall Hybrids
198645,The September Loyals
948662,The January Average
564138,The March Loyals
668253,The May Planners
746837,The March Loyals
983855,The Q4 Boomerang
422121,The September Loyals
135076,The January Average
602014,The September Loyals
520821,The March Loyals
559519,New travelers
562737,The October Loyals
900151,The May Planners
693494,The Summer-Fall Hybrids
176278,The Dormant Browsers
632103,The February Loyals
606877,The January Average
174743,The December Loyals
581396,The Dormant Browsers
740349,New travelers
183052,The June Loyals
725326,The September Loyals
147754,The January Average
564111,The February Loyals
682826,The November Loyals
461012,The January Average
638506,The February Loyals
605907,The November Loyals
609009,The January Average
747681,The January Average
199073,The December Loyals
998465,The March Loyals
240442,The January Average
631869,The May Planners
816763,The October Loyals
376862,The November Loyals
845699,The February Loyals
604019,The September Loyals
688615,New travelers
912957,The October Loyals
342044,The December Loyals
996231,New travelers
253282,The Pandemic Drop-offs
858674,The May Planners
850721,The May Planners
793662,The Autumn Budget
436719,The December Loyals
629966,New travelers
194657,New travelers
470323,VIPs
896331,The September Loyals
709747,The September Loyals
690970,The June Loyals
710145,New travelers
358794,The December Loyals
504638,The September Loyals
937312,The January Average
957557,The February Loyals
393565,The September Loyals
744731,New travelers
420481,The February Loyals
103043,The September Loyals
155374,The March Loyals
506793,New travelers
235930,The September Loyals
486048,The June Loyals
288776,The June Loyals
488679,The December Loyals
872946,The March Loyals
256013,The September Loyals
485196,The December Loyals
318654,The December Loyals
270248,The May Planners
422320,The January Average
289116,New travelers
920637,The December Loyals
840184,New travelers
620990,The Q4 Boomerang
196469,The September Loyals
156071,New travelers
996639,The September Loyals
532422,The September Loyals
604822,The October Loyals
136906,The September Loyals
518578,The Lost Holiday Drifters
142686,The January Average
717565,The October Loyals
982508,The June Loyals
290445,The February Loyals
344998,The September Loyals
599483,The September Loyals
716948,The January Average
778920,The May Planners
137227,The September Loyals
251020,New travelers
223958,The May Planners
267245,The February Loyals
269565,New travelers
383891,The May Planners
493827,New travelers
707716,The March Loyals
991371,New travelers
997857,New travelers
696609,The October Loyals
194859,New travelers
803529,The November Loyals
290964,The Summer-Fall Hybrids
325367,The November Loyals
263055,The May Planners
856654,The January Average
721423,The December Loyals
807902,The September Loyals
587619,The June Loyals
439675,The May Planners
960309,The Q4 Boomerang
215651,The September Loyals
115198,New travelers
700145,The September Loyals
478785,The May Planners
148453,New travelers
790123,The September Loyals
895778,New travelers
283994,The March Loyals
415067,The March Loyals
278676,The December Loyals
694168,The Lost Holiday Drifters
475713,The June Loyals
677068,The October Loyals
702284,The February Loyals
790303,The November Loyals
107835,The Q4 Boomerang
203950,The May Planners
146354,The Autumn Budget
512262,The September Loyals
652394,The February Loyals
762355,The February Loyals
788759,The November Loyals
834081,The December Loyals
420126,New travelers
842066,The November Loyals
714316,The November Loyals
108367,The Pandemic Drop-offs
172731,New travelers
258102,The May Planners
750688,The June Loyals
833704,The June Loyals
906468,The February Loyals
944821,The November Loyals
484317,The September Loyals
430813,The May Planners
982416,The January Average
607662,The December Loyals
748701,The June Loyals
664705,The January Average
520163,The February Loyals
604470,The September Loyals
587543,New travelers
855451,The Q4 Boomerang
993328,The May Planners
776153,The Lost Holiday Drifters
100883,The Dormant Browsers
577124,The Dormant Browsers
613546,The November Loyals
826271,The Lost Holiday Drifters
505790,The June Loyals
269120,The November Loyals
302198,The March Loyals
221328,The February Loyals
195069,New travelers
492966,The May Planners
875212,The September Loyals
824133,The May Planners
909066,The Lost Holiday Drifters
650358,The June Loyals
787606,The September Loyals
338872,The September Loyals
302657,New travelers
686031,The March Loyals
875086,The May Planners
970783,The Dormant Browsers
734880,The February Loyals
898000,The January Average
578203,The December Loyals
145688,The Q4 Boomerang
207865,The June Loyals
727686,The Lost Holiday Drifters
903797,The December Loyals
954231,The November Loyals
426141,New travelers
619920,The October Loyals
725575,The December Loyals
518622,The February Loyals
658407,The Lost Holiday Drifters
982528,The Lost Holiday Drifters
162568,New travelers
623569,The November Loyals
193722,The October Loyals
462366,The Lost Holiday Drifters
113755,The December Loyals
567210,The February Loyals
960629,The October Loyals
606074,The Summer-Fall Hybrids
303934,The January Average
329355,The June Loyals
594606,The Lost Holiday Drifters
656993,New travelers
765989,The November Loyals
810100,The October Loyals
239490,The June Loyals
555050,The September Loyals
357466,The September Loyals
384090,The January Average
641612,The Summer-Fall Hybrids
720626,The September Loyals
105932,The February Loyals
636000,The October Loyals
623654,The Lost Holiday Drifters
724424,The December Loyals
979330,The Lost Holiday Drifters
484592,The September Loyals
614428,New travelers
832665,The Summer-Fall Hybrids
246517,The Dormant Browsers
449417,The June Loyals
844834,The Autumn Budget
880948,The December Loyals
324773,The January Average
971030,New travelers
860553,New travelers
949890,The December Loyals
136772,The Pandemic Drop-offs
942685,The Lost Holiday Drifters
581712,The September Loyals
727363,New travelers
154726,The Pandemic Drop-offs
626312,New travelers
789859,The September Loyals
213112,The Q4 Boomerang
702325,New travelers
647491,The October Loyals
440511,Holiday Travelers
779184,The June Loyals
140598,The December Loyals
266365,The October Loyals
436226,The September Loyals
469230,The October Loyals
754936,New travelers
892639,New travelers
965674,The June Loyals
964791,The Dormant Browsers
183885,New travelers
542934,The Q4 Boomerang
155354,The September Loyals
828136,The May Planners
255767,New travelers
216725,The September Loyals
537387,The September Loyals
955716,The February Loyals
217802,The February Loyals
511472,The November Loyals
720300,The February Loyals
963464,The October Loyals
899509,The June Loyals
731494,The February Loyals
738435,The February Loyals
578688,The November Loyals
184009,The January Average
284461,The October Loyals
371875,The March Loyals
633627,The March Loyals
414382,New travelers
677704,The November Loyals
575487,New travelers
317205,The September Loyals
479509,The Q4 Boomerang
934529,The Lost Holiday Drifters
103916,The June Loyals
332869,The September Loyals
346554,New travelers
394454,The September Loyals
510264,The Dormant Browsers
535944,The September Loyals
572282,The September Loyals
808341,The Q4 Boomerang
818271,The Autumn Budget
898787,The June Loyals
402082,The November Loyals
518236,The September Loyals
405768,The Pandemic Drop-offs
423609,The February Loyals
825920,New travelers
160993,The September Loyals
192691,The February Loyals
661035,The Q4 Boomerang
243061,The September Loyals
153072,The Autumn Budget
576692,The March Loyals
951879,The Summer-Fall Hybrids
943068,The November Loyals
179956,The Summer-Fall Hybrids
113839,The September Loyals
157971,New travelers
977523,The September Loyals
954952,The March Loyals
151030,The November Loyals
781495,The June Loyals
411876,The September Loyals
865654,The Lost Holiday Drifters
385864,The June Loyals
194855,The Summer-Fall Hybrids
174702,The Q4 Boomerang
747604,New travelers
476288,The June Loyals
549858,The October Loyals
647658,New travelers
983822,The September Loyals
292957,The November Loyals
398611,The February Loyals
206947,The March Loyals
233819,The November Loyals
603009,The Q4 Boomerang
402390,The Lost Holiday Drifters
625123,The March Loyals
679132,The Q4 Boomerang
683751,The March Loyals
867780,The March Loyals
958274,The September Loyals
478666,The September Loyals
682419,The December Loyals
109896,The June Loyals
878284,New travelers
674738,The Pandemic Drop-offs
689993,New travelers
887748,The September Loyals
672336,The February Loyals
394806,The February Loyals
412362,New travelers
297327,The January Average
658330,The June Loyals
419626,The Dormant Browsers
707152,The Dormant Browsers
280790,New travelers
548251,The March Loyals
375597,The March Loyals
579015,The March Loyals
954558,The May Planners
874104,The October Loyals
105352,New travelers
110678,The May Planners
175104,The January Average
249559,The December Loyals
422803,The October Loyals
799510,The Autumn Budget
953210,The Dormant Browsers
134202,The February Loyals
549541,The September Loyals
933233,The December Loyals
797326,The Q4 Boomerang
927721,The Q4 Boomerang
954750,The January Average
488535,The September Loyals
925340,The October Loyals
857814,The June Loyals
671534,The May Planners
900460,The November Loyals
652370,The October Loyals
328349,New travelers
738597,The Dormant Browsers
607347,The March Loyals
922161,The March Loyals
832155,The Q4 Boomerang
868767,The June Loyals
875485,The Pandemic Drop-offs
537613,The September Loyals
964159,The September Loyals
128280,The March Loyals
250711,The December Loyals
806859,The Q4 Boomerang
457652,New travelers
184151,The November Loyals
668692,The November Loyals
233017,The Q4 Boomerang
219431,The March Loyals
195594,The June Loyals
309408,The February Loyals
966204,The March Loyals
366133,The January Average
260513,The November Loyals
397706,The May Planners
555102,The September Loyals
258238,The September Loyals
377796,New travelers
427733,The October Loyals
326174,New travelers
571340,The Summer-Fall Hybrids
775193,The January Average
859218,New travelers
251023,The December Loyals
348085,The September Loyals
285122,The January Average
597189,The September Loyals
932405,The June Loyals
351551,The Q4 Boomerang
551391,The December Loyals
274879,New travelers
460091,The January Average
885210,New travelers
861917,New travelers
516224,The September Loyals
805349,The May Planners
674689,The Summer-Fall Hybrids
908006,New travelers
317726,The January Average
804784,The February Loyals
266377,New travelers
340277,The May Planners
125068,The Summer-Fall Hybrids
571479,New travelers
581533,The January Average
472674,The November Loyals
431514,The Summer-Fall Hybrids
574723,The Summer-Fall Hybrids
794286,The May Planners
117618,The September Loyals
606371,The January Average
573217,The May Planners
902015,The September Loyals
549080,The May Planners
942984,The Dormant Browsers
421191,The October Loyals
395512,New travelers
897728,New travelers
441719,New travelers
810990,The March Loyals
924056,The February Loyals
592088,The September Loyals
600756,The September Loyals
180411,The June Loyals
572094,The Pandemic Drop-offs
344009,The December Loyals
144936,The Lost Holiday Drifters
302057,The May Planners
539106,The December Loyals
827288,New travelers
360868,New travelers
752874,The September Loyals
793742,The Lost Holiday Drifters
448774,The September Loyals
131463,The September Loyals
502212,The February Loyals
712130,The October Loyals
378267,The September Loyals
926961,The December Loyals
309921,The September Loyals
508215,New travelers
995943,New travelers
781347,The June Loyals
905180,The March Loyals
342929,The February Loyals
820223,The October Loyals
424012,The March Loyals
314935,The December Loyals
904367,The May Planners
616207,New travelers
218311,The February Loyals
316323,The Lost Holiday Drifters
923406,The Dormant Browsers
403258,New travelers
671928,The September Loyals
610585,The May Planners
962566,New travelers
366250,New travelers
575015,The Lost Holiday Drifters
144702,New travelers
980478,The September Loyals
932572,The September Loyals
244387,The October Loyals
329215,The December Loyals
963619,The Q4 Boomerang
857353,The November Loyals
468138,The November Loyals
414207,The November Loyals
452976,The October Loyals
561284,The May Planners
149426,The September Loyals
943048,The September Loyals
447804,The Pandemic Drop-offs
907595,New travelers
337488,The March Loyals
552818,The September Loyals
268439,The November Loyals
936214,The Dormant Browsers
642485,The Summer-Fall Hybrids
341594,The October Loyals
481902,The Pandemic Drop-offs
710203,New travelers
898630,The September Loyals
182058,The September Loyals
263127,The February Loyals
709385,The Summer-Fall Hybrids
224952,The September Loyals
326707,The May Planners
687525,The January Average
770094,The January Average
839659,The November Loyals
368772,The Q4 Boomerang
448577,The March Loyals
863259,The October Loyals
269632,The Summer-Fall Hybrids
705641,The March Loyals
133730,The December Loyals
960253,New travelers
602068,The Lost Holiday Drifters
690494,The January Average
571498,The October Loyals
390911,The January Average
939289,The Lost Holiday Drifters
133035,The November Loyals
435789,The February Loyals
502573,New travelers
318751,The Summer-Fall Hybrids
319822,The September Loyals
339845,The Dormant Browsers
666878,The June Loyals
761150,The Lost Holiday Drifters
786703,The March Loyals
694472,The September Loyals
891046,The November Loyals
243001,New travelers
382738,The October Loyals
900977,New travelers
831829,The September Loyals
385235,The February Loyals
206591,The September Loyals
167363,The November Loyals
335755,The December Loyals
574391,The Summer-Fall Hybrids
585509,New travelers
753977,The Lost Holiday Drifters
768518,The May Planners
935253,The May Planners
960678,New travelers
284610,The February Loyals
337815,The January Average
182184,The December Loyals
578944,The September Loyals
748831,The Lost Holiday Drifters
258860,The February Loyals
314413,New travelers
541564,The September Loyals
791765,The November Loyals
824668,The Dormant Browsers
176359,The March Loyals
408468,The Summer-Fall Hybrids
532378,The September Loyals
167219,New travelers
756496,The May Planners
196798,The September Loyals
140750,The June Loyals
584173,The February Loyals
855721,The December Loyals
734119,New travelers
456554,The March Loyals
474383,The Lost Holiday Drifters
892994,The September Loyals
273552,The Autumn Budget
863626,The January Average
314250,The February Loyals
135878,The October Loyals
476497,The May Planners
909476,The March Loyals
512897,The June Loyals
537795,The March Loyals
700276,The June Loyals
708271,The November Loyals
843672,New travelers
419237,The Lost Holiday Drifters
645147,The November Loyals
704074,The November Loyals
978654,The October Loyals
227015,The September Loyals
165596,The February Loyals
819592,The September Loyals
847559,The September Loyals
523288,The March Loyals
370990,The March Loyals
433946,The November Loyals
263822,The Summer-Fall Hybrids
387650,The May Planners
768030,The Dormant Browsers
220808,The Q4 Boomerang
304643,The September Loyals
320183,The Q4 Boomerang
387214,The Autumn Budget
413305,New travelers
600063,The September Loyals
846119,The Summer-Fall Hybrids
700731,The Pandemic Drop-offs
257391,The June Loyals
935068,The September Loyals
628180,The January Average
165339,The Q4 Boomerang
646022,The September Loyals
245575,The Q4 Boomerang
327903,The Summer-Fall Hybrids
701708,New travelers
245604,The February Loyals
649054,The March Loyals
496387,The December Loyals
928294,The October Loyals
210148,The Lost Holiday Drifters
265317,The March Loyals
765127,The May Planners
825809,The January Average
130953,The March Loyals
241144,The December Loyals
753130,New travelers
962267,The Dormant Browsers
401722,The September Loyals
994993,The September Loyals
142726,New travelers
693196,The March Loyals
712248,The May Planners
441423,The November Loyals
901775,The November Loyals
353535,New travelers
807058,New travelers
218425,The October Loyals
938323,The May Planners
638732,The September Loyals
583601,The Q4 Boomerang
895185,The September Loyals
641869,The September Loyals
529733,New travelers
377029,The June Loyals
638602,The September Loyals
373501,The May Planners
580628,New travelers
948658,The Summer-Fall Hybrids
521176,The March Loyals
907544,The February Loyals
597228,The October Loyals
351389,The June Loyals
533742,The November Loyals
916131,The March Loyals
178036,The September Loyals
601167,The June Loyals
821705,New travelers
662521,The March Loyals
191558,The Summer-Fall Hybrids
749362,New travelers
803084,New travelers
100644,The February Loyals
220564,The January Average
753987,The January Average
858814,New travelers
680565,The December Loyals
268958,The February Loyals
496482,The Summer-Fall Hybrids
464137,The November Loyals
958800,The February Loyals
691520,The December Loyals
611051,The February Loyals
151183,The May Planners
633135,The November Loyals
487027,New travelers
987612,The October Loyals
830071,New travelers
905469,New travelers
811139,The September Loyals
617108,The Pandemic Drop-offs
332983,New travelers
586891,The March Loyals
660197,The November Loyals
898788,The March Loyals
411365,New travelers
184976,The September Loyals
952629,The September Loyals
962055,New travelers
951226,The May Planners
478431,The September Loyals
153261,The September Loyals
455234,The Lost Holiday Drifters
441724,The November Loyals
103359,The September Loyals
509614,New travelers
634916,The Summer-Fall Hybrids
415077,The December Loyals
556622,The June Loyals
160250,The September Loyals
779082,The October Loyals
356980,The Summer-Fall Hybrids
617916,The January Average
125996,The January Average
135977,The February Loyals
948053,The December Loyals
165138,The January Average
593007,The June Loyals
207047,New travelers
276152,The September Loyals
780728,The September Loyals
389995,The November Loyals
112661,The Lost Holiday Drifters
682288,The September Loyals
271432,New travelers
267951,The June Loyals
407648,New travelers
742886,The January Average
259170,New travelers
379716,The September Loyals
955633,The May Planners
902690,The November Loyals
406373,The December Loyals
186246,The Dormant Browsers
467580,New travelers
492757,The November Loyals
728655,The September Loyals
437407,The October Loyals
571845,New travelers
436975,The March Loyals
126097,The January Average
779046,The September Loyals
638618,The March Loyals
627893,The January Average
831780,New travelers
836226,New travelers
975614,The March Loyals
269960,The June Loyals
519726,The Q4 Boomerang
327530,The June Loyals
511342,The May Planners
708458,The Q4 Boomerang
254575,The September Loyals
229692,The Dormant Browsers
129743,New travelers
146572,New travelers
301563,The February Loyals
613234,The March Loyals
731160,The February Loyals
194959,The October Loyals
973951,The May Planners
770651,The Q4 Boomerang
910336,New travelers
304601,The September Loyals
553412,The September Loyals
568484,The March Loyals
166911,The June Loyals
637235,New travelers
960555,New travelers
803747,The May Planners
307166,The September Loyals
799857,The February Loyals
648648,The November Loyals
301794,The March Loyals
286954,The January Average
705262,The Dormant Browsers
430221,The Q4 Boomerang
695428,The Dormant Browsers
772437,The September Loyals
834270,The May Planners
867840,The Q4 Boomerang
673934,The October Loyals
355184,The June Loyals
839295,The November Loyals
920966,The March Loyals
992072,The September Loyals
159233,The March Loyals
145480,The June Loyals
371191,The December Loyals
514552,The October Loyals
615673,The December Loyals
692252,The February Loyals
828481,The October Loyals
210752,The December Loyals
115405,The May Planners
655085,The Q4 Boomerang
956619,The February Loyals
754774,The February Loyals
289354,The January Average
613908,The September Loyals
538979,The Summer-Fall Hybrids
754264,The June Loyals
421432,New travelers
149430,The Dormant Browsers
634423,The September Loyals
342679,The December Loyals
717806,The September Loyals
226511,The January Average
586100,The September Loyals
566808,The November Loyals
665548,The January Average
327470,The November Loyals
584017,The October Loyals
287414,The November Loyals
227008,The October Loyals
124987,New travelers
540918,The October Loyals
408931,The December Loyals
518771,The October Loyals
148368,The September Loyals
371164,The September Loyals
299278,The May Planners
784787,New travelers
526644,The September Loyals
898122,The Q4 Boomerang
620587,New travelers
681309,The September Loyals
894620,The March Loyals
217792,The January Average
290024,The March Loyals
429933,The September Loyals
920545,The September Loyals
314182,New travelers
220601,New travelers
407173,The Dormant Browsers
307321,The Q4 Boomerang
720007,The May Planners
954424,The November Loyals
258799,New travelers
491253,The May Planners
144756,The November Loyals
670040,The Dormant Browsers
634807,The January Average
129429,The September Loyals
966285,The Summer-Fall Hybrids
340691,The September Loyals
959364,The Summer-Fall Hybrids
597630,The Lost Holiday Drifters
630869,The January Average
974500,The September Loyals
296736,The May Planners
438263,The January Average
198407,New travelers
601583,The Pandemic Drop-offs
352581,The Lost Holiday Drifters
664684,New travelers
526663,The December Loyals
707042,The September Loyals
134180,The May Planners
539537,The June Loyals
260155,The January Average
697079,New travelers
420222,The November Loyals
580586,The May Planners
833627,The Dormant Browsers
110099,The January Average
332208,The November Loyals
709123,The March Loyals
347861,The May Planners
668000,The December Loyals
641123,The December Loyals
788332,The January Average
415327,The Summer-Fall Hybrids
531793,The May Planners
598016,The September Loyals
121751,New travelers
361892,The September Loyals
201564,The June Loyals
508728,New travelers
550213,The September Loyals
173485,The September Loyals
571017,The March Loyals
455594,The November Loyals
330249,The September Loyals
794348,The Lost Holiday Drifters
561874,The September Loyals
319504,The September Loyals
105835,New travelers
372069,The Summer-Fall Hybrids
600013,The Autumn Budget
722629,The March Loyals
556266,The March Loyals
842405,The March Loyals
919668,The Q4 Boomerang
925433,The September Loyals
489781,The March Loyals
462459,The January Average
595681,The March Loyals
680754,New travelers
742854,Holiday Travelers
488130,The September Loyals
426317,The February Loyals
485383,The September Loyals
140077,The Summer-Fall Hybrids
264018,The January Average
348732,The Summer-Fall Hybrids
553254,The January Average
706918,The Summer-Fall Hybrids
790287,The Lost Holiday Drifters
811612,New travelers
494552,New travelers
667615,The Summer-Fall Hybrids
754175,The Q4 Boomerang
755276,The March Loyals
952493,The March Loyals
815626,The November Loyals
957008,The June Loyals
124351,The Lost Holiday Drifters
895601,The September Loyals
192651,The November Loyals
644417,The Lost Holiday Drifters
881943,Holiday Travelers
405465,New travelers
642409,New travelers
234047,The June Loyals
366911,The September Loyals
424540,The September Loyals
985622,New travelers
255718,The June Loyals
874589,The Lost Holiday Drifters
631232,New travelers
725705,The November Loyals
463890,The February Loyals
760842,The February Loyals
887026,New travelers
377302,The Pandemic Drop-offs
364931,The Dormant Browsers
920954,The October Loyals
103362,New travelers
953097,The September Loyals
146067,The March Loyals
842390,The Summer-Fall Hybrids
620741,The Q4 Boomerang
848003,The November Loyals
833024,The October Loyals
457525,The May Planners
220315,New travelers
547994,New travelers
324881,The March Loyals
233646,The February Loyals
809016,The March Loyals
350675,The May Planners
773219,Holiday Travelers
129515,The November Loyals
146760,The September Loyals
448483,New travelers
510841,The September Loyals
261229,The December Loyals
496728,The September Loyals
549862,The May Planners
277430,New travelers
728043,The Dormant Browsers
533666,The March Loyals
645600,The October Loyals
441340,The June Loyals
587591,The November Loyals
642449,The Summer-Fall Hybrids
514917,The September Loyals
401422,New travelers
260712,The Lost Holiday Drifters
979075,New travelers
441359,The January Average
256135,The October Loyals
765261,The February Loyals
900359,New travelers
909854,New travelers
704112,The September Loyals
756543,The March Loyals
141497,The Summer-Fall Hybrids
643026,The December Loyals
325498,The March Loyals
287385,New travelers
871145,The May Planners
843158,The January Average
896947,The November Loyals
453719,The February Loyals
784537,The February Loyals
346809,The March Loyals
757938,The February Loyals
950915,The February Loyals
764544,The January Average
756973,New travelers
745738,The February Loyals
401007,The September Loyals
981674,The March Loyals
723055,The December Loyals
357375,The September Loyals
958143,The November Loyals
328754,The June Loyals
946258,The March Loyals
210746,New travelers
302957,The February Loyals
774234,The October Loyals
557289,The June Loyals
603531,The November Loyals
682337,New travelers
368523,The Dormant Browsers
274179,The Summer-Fall Hybrids
833679,The Summer-Fall Hybrids
742062,The February Loyals
789303,The October Loyals
299366,The Lost Holiday Drifters
666952,The December Loyals
289863,The November Loyals
773390,The October Loyals
240476,The February Loyals
865411,The Q4 Boomerang
727446,The Q4 Boomerang
858557,The September Loyals
388639,The Summer-Fall Hybrids
317137,The Autumn Budget
925413,The March Loyals
650553,The September Loyals
536066,The May Planners
286641,The November Loyals
561219,The June Loyals
154864,The May Planners
945050,New travelers
144565,The December Loyals
536535,The February Loyals
921563,The September Loyals
231843,The March Loyals
519213,New travelers
429448,New travelers
841437,The November Loyals
608601,The Summer-Fall Hybrids
694388,The March Loyals
206576,New travelers
441439,The Dormant Browsers
496159,Holiday Travelers
804239,The November Loyals
818870,The Dormant Browsers
627502,The Q4 Boomerang
881106,New travelers
347997,New travelers
530281,The November Loyals
806839,The Q4 Boomerang
415896,The September Loyals
441782,The September Loyals
109840,The February Loyals
631683,The December Loyals
202227,New travelers
980952,The October Loyals
492812,The March Loyals
969689,The October Loyals
688410,The November Loyals
102184,The May Planners
292084,The February Loyals
964047,The October Loyals
997370,The Pandemic Drop-offs
536959,New travelers
574613,New travelers
277285,The December Loyals
572463,New travelers
604825,New travelers
696897,The May Planners
744698,The May Planners
842190,New travelers
374107,The October Loyals
558854,The September Loyals
988223,New travelers
335137,The March Loyals
347431,The September Loyals
299397,The Autumn Budget
426791,The March Loyals
595965,The October Loyals
481893,The September Loyals
456432,The January Average
326240,The Lost Holiday Drifters
500060,The February Loyals
699750,The February Loyals
754338,The January Average
729518,The January Average
248664,New travelers
146037,The September Loyals
305687,The December Loyals
633140,The September Loyals
326267,The February Loyals
696026,The Lost Holiday Drifters
868161,The September Loyals
169932,The December Loyals
716435,New travelers
750922,New travelers
751829,The May Planners
114743,The March Loyals
488884,The May Planners
663150,The May Planners
261573,The January Average
126216,The January Average
261283,The November Loyals
247471,The March Loyals
473144,The March Loyals
652614,The November Loyals
682103,The January Average
902693,The September Loyals
904805,The October Loyals
703852,The Lost Holiday Drifters
497194,The September Loyals
907950,The September Loyals
154136,The Lost Holiday Drifters
687412,The December Loyals
183374,The January Average
185288,New travelers
509607,The Autumn Budget
702938,New travelers
997964,The December Loyals
562411,The June Loyals
121236,The Lost Holiday Drifters
490860,The March Loyals
633458,The June Loyals
377289,The September Loyals
463298,New travelers
444259,The March Loyals
836984,New travelers
660922,The December Loyals
557852,New travelers
599491,The February Loyals
732362,The September Loyals
282181,New travelers
724510,New travelers
967298,The October Loyals
137185,The February Loyals
528229,The September Loyals
607696,The December Loyals
358968,The Q4 Boomerang
327163,The May Planners
883230,The February Loyals
262508,The Q4 Boomerang
963100,The September Loyals
436971,The Q4 Boomerang
619141,The Lost Holiday Drifters
928082,The October Loyals
960934,The October Loyals
734824,The March Loyals
296689,The May Planners
965698,The December Loyals
742319,The March Loyals
894048,The October Loyals
103436,The January Average
509060,The Q4 Boomerang
768255,The Dormant Browsers
934280,The June Loyals
310983,The September Loyals
357971,The September Loyals
545144,The Q4 Boomerang
752548,The March Loyals
402332,The September Loyals
756559,New travelers
603082,New travelers
131815,The February Loyals
873177,The September Loyals
667517,The Dormant Browsers
719719,The Summer-Fall Hybrids
307859,The February Loyals
629267,New travelers
750300,The September Loyals
114924,The Lost Holiday Drifters
821944,The Lost Holiday Drifters
767456,New travelers
202052,The December Loyals
976605,The June Loyals
462974,The January Average
105921,The September Loyals
192405,The September Loyals
683458,New travelers
552221,New travelers
819448,New travelers
273984,The September Loyals
846033,New travelers
556313,The March Loyals
366932,The October Loyals
621279,The January Average
641159,The June Loyals
163002,The May Planners
210247,The Summer-Fall Hybrids
238939,The Lost Holiday Drifters
575411,New travelers
756636,New travelers
224666,New travelers
810482,The May Planners
976489,The Autumn Budget
701216,The Summer-Fall Hybrids
321666,The May Planners
582883,The September Loyals
138759,New travelers
953281,The November Loyals
419491,New travelers
690862,The January Average
705980,The February Loyals
961455,New travelers
105251,The Lost Holiday Drifters
474921,The May Planners
481699,New travelers
464166,The March Loyals
811430,New travelers
711248,The October Loyals
691626,The May Planners
142812,The June Loyals
298967,New travelers
756515,The December Loyals
552945,New travelers
847502,The Pandemic Drop-offs
609878,New travelers
936232,New travelers
962637,The October Loyals
811162,The February Loyals
247721,The February Loyals
950832,The May Planners
548238,The September Loyals
383962,The Q4 Boomerang
512580,The Pandemic Drop-offs
430555,The November Loyals
583610,The March Loyals
199792,The Q4 Boomerang
481987,The Lost Holiday Drifters
664052,The September Loyals
212130,The September Loyals
109903,The November Loyals
173416,The June Loyals
586056,The Dormant Browsers
524379,The May Planners
627791,The September Loyals
393888,The February Loyals
791678,The September Loyals
704267,The Q4 Boomerang
432920,The March Loyals
168418,The Autumn Budget
996539,The September Loyals
203517,New travelers
420786,The Dormant Browsers
762951,The January Average
285386,New travelers
638152,The Summer-Fall Hybrids
447275,The September Loyals
773019,New travelers
654288,The October Loyals
573078,The Q4 Boomerang
623154,The Lost Holiday Drifters
205256,The September Loyals
266604,The October Loyals
601586,The October Loyals
450698,The September Loyals
879844,The January Average
745383,The Summer-Fall Hybrids
625784,The Dormant Browsers
107067,The September Loyals
812628,New travelers
109956,The Pandemic Drop-offs
310236,New travelers
214020,The February Loyals
463070,The Lost Holiday Drifters
686224,The February Loyals
564973,The September Loyals
239970,The September Loyals
530113,The Summer-Fall Hybrids
662209,The June Loyals
121095,The December Loyals
529746,New travelers
240330,The February Loyals
110752,The June Loyals
890839,New travelers
737221,The Lost Holiday Drifters
637641,The September Loyals
970976,The October Loyals
680445,The November Loyals
180219,The Summer-Fall Hybrids
170544,The September Loyals
916634,New travelers
817456,The September Loyals
582646,The Summer-Fall Hybrids
225743,New travelers
651006,The November Loyals
122517,The Lost Holiday Drifters
769560,The September Loyals
852094,The October Loyals
236037,New travelers
550262,New travelers
769763,The June Loyals
826312,New travelers
858957,The January Average
117456,The January Average
597267,The November Loyals
541009,The October Loyals
702686,New travelers
707698,The February Loyals
118076,The December Loyals
674462,The February Loyals
702406,The September Loyals
611538,The September Loyals
163083,The March Loyals
404417,The May Planners
350863,The December Loyals
766401,New travelers
988921,The October Loyals
989527,The Dormant Browsers
336141,The September Loyals
451528,The Q4 Boomerang
397053,The November Loyals
475500,The September Loyals
493925,The October Loyals
271365,The October Loyals
795607,New travelers
620792,The Lost Holiday Drifters
464044,The September Loyals
921102,The February Loyals
431521,The October Loyals
497861,The December Loyals
101594,The June Loyals
283066,The September Loyals
433881,New travelers
800016,The December Loyals
918276,The September Loyals
679531,The Lost Holiday Drifters
843972,The June Loyals
166333,The December Loyals
743263,The November Loyals
924493,The September Loyals
169950,New travelers
345978,The Summer-Fall Hybrids
569319,The February Loyals
374113,New travelers
212304,The November Loyals
329300,The May Planners
616522,New travelers
369715,New travelers
186146,New travelers
348740,The December Loyals
780504,The September Loyals
374585,The March Loyals
955773,New travelers
276289,The Dormant Browsers
417082,The December Loyals
217967,The Lost Holiday Drifters
473622,The May Planners
473548,The Autumn Budget
800268,The Summer-Fall Hybrids
182124,The September Loyals
872706,New travelers
684022,The September Loyals
161650,The Lost Holiday Drifters
329660,The June Loyals
954174,The February Loyals
934271,New travelers
653698,The May Planners
997945,The January Average
709948,The September Loyals
451886,The Summer-Fall Hybrids
460043,The November Loyals
110603,New travelers
150141,New travelers
215257,The January Average
240135,The Dormant Browsers
822507,The May Planners
710473,New travelers
641997,The October Loyals
759370,The January Average
359693,The December Loyals
786613,The December Loyals
462078,New travelers
242348,The November Loyals
902148,The October Loyals
487807,The June Loyals
855261,The January Average
771285,The December Loyals
499875,The September Loyals
361434,The September Loyals
522924,The December Loyals
807211,The Q4 Boomerang
330468,The September Loyals
655715,The December Loyals
693212,The October Loyals
970154,The September Loyals
737906,The January Average
542002,The September Loyals
717772,New travelers
675541,The January Average
868152,The March Loyals
527337,The March Loyals
942102,The October Loyals
137973,The Q4 Boomerang
937385,The December Loyals
810621,The November Loyals
396984,The March Loyals
567670,New travelers
440209,The June Loyals
796692,The February Loyals
912797,The February Loyals
874035,The Q4 Boomerang
490479,The September Loyals
380099,The January Average
655473,New travelers
154173,The Q4 Boomerang
202807,The September Loyals
568681,New travelers
593340,The March Loyals
445451,The June Loyals
729561,The Q4 Boomerang
792229,The March Loyals
152778,The February Loyals
476431,The June Loyals
872619,The Summer-Fall Hybrids
730771,The September Loyals
165265,The January Average
128754,The Lost Holiday Drifters
232290,The November Loyals
313292,The Dormant Browsers
687593,The Q4 Boomerang
470469,The February Loyals
428872,New travelers
624569,The Dormant Browsers
627913,New travelers
203143,The Lost Holiday Drifters
500022,The March Loyals
385718,The November Loyals
519826,The May Planners
297101,The June Loyals
430503,The October Loyals
612074,The February Loyals
639145,The May Planners
701223,The December Loyals
837580,The December Loyals
792086,The June Loyals
114021,The March Loyals
377642,New travelers
740992,The December Loyals
824610,The May Planners
832062,The February Loyals
773112,The September Loyals
829291,The September Loyals
211575,The May Planners
201339,The March Loyals
261273,The Q4 Boomerang
406254,The March Loyals
517614,The Dormant Browsers
547357,The January Average
934267,The September Loyals
849673,The October Loyals
244925,The January Average
561620,The November Loyals
298883,New travelers
979776,The March Loyals
154652,The October Loyals
326564,The September Loyals
594997,The Dormant Browsers
931834,New travelers
570116,The September Loyals
632720,The May Planners
154230,The January Average
636206,New travelers
647894,The June Loyals
167660,The September Loyals
950403,The March Loyals
644014,The September Loyals
582257,The January Average
542180,The February Loyals
118688,New travelers
118511,The Lost Holiday Drifters
793618,The January Average
682533,New travelers
599873,New travelers
294738,The May Planners
336484,The November Loyals
733906,The January Average
661744,The October Loyals
721088,The September Loyals
846953,The December Loyals
827164,The December Loyals
614350,The September Loyals
216937,New travelers
982446,The September Loyals
256434,The June Loyals
673872,The Q4 Boomerang
563749,The March Loyals
788159,The September Loyals
823628,The Summer-Fall Hybrids
799064,New travelers
603433,New travelers
617670,The September Loyals
382671,The October Loyals
517405,The December Loyals
542696,The March Loyals
700260,The January Average
881156,The Summer-Fall Hybrids
857481,The October Loyals
792412,The Lost Holiday Drifters
357166,New travelers
734952,The Q4 Boomerang
579245,New travelers
428649,The May Planners
552576,The November Loyals
389565,The November Loyals
420148,The September Loyals
479815,The Dormant Browsers
790649,The September Loyals
799919,The September Loyals
903648,The September Loyals
657668,The Summer-Fall Hybrids
859549,The February Loyals
754436,The October Loyals
138993,The October Loyals
863942,New travelers
491351,The March Loyals
635398,New travelers
481018,The February Loyals
495473,The February Loyals
789826,The September Loyals
289968,The February Loyals
319501,The January Average
940711,The March Loyals
263433,The November Loyals
527414,New travelers
189817,The February Loyals
850123,The Q4 Boomerang
852394,The September Loyals
250089,New travelers
414157,The October Loyals
684155,The November Loyals
777714,The May Planners
147891,The March Loyals
724660,The December Loyals
352078,The October Loyals
582427,The February Loyals
273198,The October Loyals
653637,The September Loyals
217204,The February Loyals
627826,The January Average
481955,The December Loyals
716236,The Lost Holiday Drifters
762474,The Q4 Boomerang
924793,The December Loyals
537038,The March Loyals
171257,The February Loyals
969913,The January Average
935738,The December Loyals
185285,The Summer-Fall Hybrids
204507,New travelers
714270,The November Loyals
368878,New travelers
139682,New travelers
562305,The February Loyals
615528,The November Loyals
420515,The September Loyals
311952,The Lost Holiday Drifters
320191,The September Loyals
536603,The Autumn Budget
642000,The March Loyals
405698,New travelers
593506,The June Loyals
496371,The November Loyals
631661,The October Loyals
207195,The May Planners
745290,The November Loyals
489956,The February Loyals
498793,The March Loyals
648365,The September Loyals
709059,New travelers
886677,The September Loyals
889671,The May Planners
172135,The Dormant Browsers
178403,The June Loyals
299448,New travelers
428536,The September Loyals
969933,The February Loyals
190236,The September Loyals
810071,The March Loyals
983900,The November Loyals
169525,The May Planners
532752,New travelers
270759,The February Loyals
514272,The September Loyals
991210,The Lost Holiday Drifters
371152,The September Loyals
614720,New travelers
488799,The September Loyals
766861,The Q4 Boomerang
744406,The Q4 Boomerang
171883,The September Loyals
290902,The November Loyals
134273,The November Loyals
984545,The June Loyals
730641,The May Planners
502615,The September Loyals
228151,The May Planners
286065,The June Loyals
385131,The February Loyals
543460,The February Loyals
668576,Holiday Travelers
861336,The September Loyals
922351,The January Average
515663,The March Loyals
230763,The June Loyals
784356,The Dormant Browsers
129510,The Dormant Browsers
486812,New travelers
640082,The February Loyals
968608,The September Loyals
118332,The October Loyals
239892,The September Loyals
413347,The November Loyals
269775,The Summer-Fall Hybrids
310867,New travelers
565787,New travelers
324506,The March Loyals
383202,The September Loyals
585377,The May Planners
346384,The May Planners
183025,The March Loyals
380294,The March Loyals
602361,The June Loyals
573972,The September Loyals
579581,The January Average
795554,New travelers
367774,The September Loyals
780855,New travelers
352337,The June Loyals
123083,The May Planners
616641,New travelers
872315,New travelers
204311,New travelers
539599,New travelers
601597,The Dormant Browsers
656639,The November Loyals
162485,The Lost Holiday Drifters
806283,The September Loyals
298506,The February Loyals
700924,The May Planners
865737,The September Loyals
141266,The September Loyals
502585,The February Loyals
835785,The May Planners
211984,The Dormant Browsers
763248,The Q4 Boomerang
650366,New travelers
159531,The February Loyals
294273,The Q4 Boomerang
539776,The March Loyals
451469,The September Loyals
278345,New travelers
106964,New travelers
272839,The November Loyals
535320,The June Loyals
807134,The September Loyals
834733,The December Loyals
264723,The November Loyals
463947,New travelers
543119,The November Loyals
301760,The March Loyals
857159,The May Planners
371739,The January Average
661069,The Lost Holiday Drifters
820501,The March Loyals
347982,New travelers
614782,The Q4 Boomerang
289294,The September Loyals
324713,New travelers
230429,The June Loyals
391542,The January Average
125300,The November Loyals
509746,The January Average
495773,The March Loyals
545497,The January Average
411116,The Dormant Browsers
830777,The Dormant Browsers
319801,The Summer-Fall Hybrids
540628,The December Loyals
978676,The November Loyals
628096,The November Loyals
165554,The Autumn Budget
286225,The September Loyals
442525,The December Loyals
694743,The September Loyals
831854,New travelers
954599,New travelers
809024,The February Loyals
997189,The September Loyals
114983,The Summer-Fall Hybrids
337812,New travelers
553944,New travelers
651020,VIPs
117932,The October Loyals
919894,The November Loyals
270761,The September Loyals
869116,The December Loyals
238752,The September Loyals
480846,The February Loyals
355839,New travelers
101547,The Dormant Browsers
153645,The Lost Holiday Drifters
196582,The October Loyals
309364,The December Loyals
591174,The Dormant Browsers
772237,The February Loyals
127052,New travelers
671359,New travelers
465603,The January Average
968828,New travelers
725294,The September Loyals
379572,The September Loyals
202293,The September Loyals
779211,The Pandemic Drop-offs
192013,The November Loyals
766562,Holiday Travelers
402624,New travelers
623478,The Summer-Fall Hybrids
405740,New travelers
819255,New travelers
359133,The January Average
337945,The October Loyals
535544,The October Loyals
193775,The December Loyals
326069,The June Loyals
874939,The December Loyals
432302,The September Loyals
951781,The June Loyals
436266,The Q4 Boomerang
708151,New travelers
693791,VIPs
611366,The Summer-Fall Hybrids
816196,The March Loyals
962801,The February Loyals
117033,The January Average
504078,The January Average
855998,The Q4 Boomerang
742669,The September Loyals
494887,The March Loyals
895651,The December Loyals
585162,New travelers
857629,The May Planners
702327,The March Loyals
430519,New travelers
123830,The Lost Holiday Drifters
441623,The October Loyals
246911,New travelers
120799,Holiday Travelers
607769,New travelers
626664,The March Loyals
695342,The May Planners
696329,The March Loyals
806639,The September Loyals
976596,The February Loyals
428523,The October Loyals
455937,The November Loyals
908301,The Dormant Browsers
931135,The September Loyals
955130,New travelers
191638,The January Average
338295,New travelers
704968,The September Loyals
473194,The February Loyals
923333,The December Loyals
371606,The March Loyals
907157,The January Average
611689,The October Loyals
830446,The June Loyals
741892,The February Loyals
143087,The May Planners
251436,The June Loyals
297568,The December Loyals
187025,The November Loyals
167177,The Q4 Boomerang
939752,The March Loyals
140483,The January Average
445338,The September Loyals
122166,The October Loyals
246581,New travelers
892066,The Q4 Boomerang
820406,The October Loyals
887228,The September Loyals
906836,The February Loyals
872335,The June Loyals
673399,The June Loyals
844540,The January Average
199513,The September Loyals
294172,The February Loyals
215294,New travelers
223018,The Q4 Boomerang
501699,The February Loyals
909547,The Q4 Boomerang
210442,New travelers
524536,New travelers
475991,The March Loyals
407340,The September Loyals
547559,The March Loyals
893771,The February Loyals
929009,The June Loyals
646359,The December Loyals
183523,The February Loyals
533509,The May Planners
517702,New travelers
414164,The January Average
428565,The May Planners
448142,The November Loyals
676289,The February Loyals
747339,The November Loyals
853871,The September Loyals
308591,The June Loyals
972157,The November Loyals
702005,The Q4 Boomerang
903146,The March Loyals
183626,The May Planners
184206,The December Loyals
111387,New travelers
880681,The October Loyals
390546,The September Loyals
256486,The February Loyals
961512,New travelers
349670,The May Planners
629995,The Q4 Boomerang
203409,The May Planners
587623,The May Planners
931097,The September Loyals
955649,The May Planners
756668,The Dormant Browsers
757060,New travelers
408863,The September Loyals
833305,The September Loyals
939932,The March Loyals
761114,The September Loyals
128245,The Lost Holiday Drifters
973407,The Q4 Boomerang
109029,New travelers
509514,The December Loyals
942287,New travelers
193212,The November Loyals
306112,New travelers
627970,The March Loyals
911663,The November Loyals
118365,The May Planners
716812,The September Loyals
839263,The September Loyals
862576,The October Loyals
479593,The February Loyals
521111,The March Loyals
861415,The March Loyals
256755,New travelers
727047,New travelers
926967,New travelers
784962,The March Loyals
997599,The September Loyals
367697,The October Loyals
522935,The February Loyals
982578,The September Loyals
212695,New travelers
497648,The Q4 Boomerang
890595,The June Loyals
375265,The September Loyals
794752,The June Loyals
950391,The May Planners
325802,The October Loyals
900801,New travelers
881304,The May Planners
780428,The September Loyals
266861,The December Loyals
137985,The September Loyals
620584,The March Loyals
812152,The Summer-Fall Hybrids
204926,The Pandemic Drop-offs
736459,The January Average
335246,New travelers
153586,The November Loyals
683910,The September Loyals
261832,The September Loyals
105214,The October Loyals
561041,The December Loyals
462495,The September Loyals
994219,New travelers
729581,The January Average
724513,New travelers
672391,The Q4 Boomerang
130446,The May Planners
225748,New travelers
239457,The March Loyals
253056,New travelers
271059,New travelers
357199,The Autumn Budget
852855,The Dormant Browsers
890646,The Dormant Browsers
114242,The June Loyals
472942,The September Loyals
346274,The November Loyals
148289,The Dormant Browsers
215719,The Q4 Boomerang
604471,The Lost Holiday Drifters
676409,The September Loyals
852995,The Summer-Fall Hybrids
799437,The December Loyals
452150,New travelers
893375,The December Loyals
480200,The December Loyals
338808,The Autumn Budget
653337,The March Loyals
908759,The October Loyals
489391,The September Loyals
249795,The Q4 Boomerang
558288,The Q4 Boomerang
748890,The March Loyals
507360,New travelers
517267,The November Loyals
454543,The May Planners
262369,The September Loyals
314328,The February Loyals
555218,The Dormant Browsers
445145,The October Loyals
657116,The September Loyals
236165,The March Loyals
502163,The September Loyals
551833,The September Loyals
995812,New travelers
198456,New travelers
355298,The September Loyals
754292,The November Loyals
639584,New travelers
447647,The January Average
261331,The November Loyals
582990,The Lost Holiday Drifters
120594,The September Loyals
315113,The October Loyals
413330,The Pandemic Drop-offs
958518,New travelers
688748,The Lost Holiday Drifters
352734,New travelers
450987,The Lost Holiday Drifters
767864,New travelers
385190,The June Loyals
916020,The January Average
663975,The Lost Holiday Drifters
548999,The January Average
851255,The September Loyals
468516,The March Loyals
427980,The November Loyals
804557,The September Loyals
900325,The Lost Holiday Drifters
156870,New travelers
222278,The September Loyals
463751,The October Loyals
614221,The Dormant Browsers
766777,The November Loyals
567151,The Dormant Browsers
981395,The September Loyals
572768,The Q4 Boomerang
612664,The February Loyals
244844,The Q4 Boomerang
292035,New travelers
277783,The October Loyals
917192,The September Loyals
602346,The December Loyals
816110,The September Loyals
928291,The January Average
656942,The September Loyals
924037,The September Loyals
856609,New travelers
142717,The February Loyals
156457,The December Loyals
968450,The May Planners
700770,The October Loyals
712605,The March Loyals
110476,The September Loyals
315337,New travelers
988149,The Q4 Boomerang
906178,The Summer-Fall Hybrids
633332,The Summer-Fall Hybrids
861162,The September Loyals
781110,The September Loyals
150883,The January Average
652741,New travelers
332003,New travelers
275386,The March Loyals
302066,New travelers
775304,Holiday Travelers
380627,The February Loyals
922741,New travelers
652862,The September Loyals
378153,New travelers
852786,New travelers
768959,New travelers
521699,The Lost Holiday Drifters
690637,The June Loyals
136430,The June Loyals
537852,The September Loyals
387568,The March Loyals
932599,New travelers
151627,The February Loyals
619596,Holiday Travelers
290507,The Q4 Boomerang
528363,The March Loyals
778030,The October Loyals
723091,The Autumn Budget
986126,New travelers
782100,The September Loyals
802519,New travelers
534464,The March Loyals
306231,The March Loyals
307296,The January Average
426994,The May Planners
321227,The February Loyals
802645,The September Loyals
203696,The November Loyals
433510,The October Loyals
607292,The November Loyals
996301,The Lost Holiday Drifters
918479,The June Loyals
226924,New travelers
135392,The September Loyals
147272,The February Loyals
356708,The Dormant Browsers
830811,The September Loyals
843816,New travelers
893866,The Dormant Browsers
435557,The February Loyals
686474,New travelers
271911,The February Loyals
211589,The September Loyals
455023,The March Loyals
157911,The December Loyals
163481,New travelers
840071,The September Loyals
992194,The September Loyals
944750,The November Loyals
314065,The January Average
579093,The Q4 Boomerang
298098,New travelers
811746,The February Loyals
621876,The September Loyals
508399,The September Loyals
523642,The May Planners
710598,The Summer-Fall Hybrids
115354,The September Loyals
346529,The February Loyals
740814,The December Loyals
968484,The December Loyals
170404,The November Loyals
311008,New travelers
470123,The September Loyals
360446,The March Loyals
471015,The October Loyals
697091,The October Loyals
926315,New travelers
790346,New travelers
230027,The January Average
877609,The May Planners
355669,The September Loyals
319059,The January Average
466477,The Lost Holiday Drifters
958931,The December Loyals
168123,The Q4 Boomerang
148942,The February Loyals
195994,The September Loyals
319430,The November Loyals
554255,New travelers
281550,The March Loyals
528173,The September Loyals
652809,New travelers
773397,The June Loyals
595529,New travelers
275118,The October Loyals
522851,New travelers
434658,The November Loyals
360485,New travelers
516984,The September Loyals
231641,The October Loyals
981150,The January Average
375056,The Dormant Browsers
756341,The May Planners
357161,The May Planners
802470,The September Loyals
925254,The September Loyals
501037,New travelers
555541,The January Average
182459,The January Average
103217,The June Loyals
597837,The November Loyals
724626,The Summer-Fall Hybrids
957572,The November Loyals
585854,The December Loyals
848998,The December Loyals
822305,The October Loyals
475172,The March Loyals
906316,The January Average
518561,The February Loyals
141614,The January Average
476327,The May Planners
829863,New travelers
360805,The September Loyals
659792,New travelers
798832,The December Loyals
939961,The March Loyals
501131,The September Loyals
837517,Holiday Travelers
491987,The September Loyals
664062,The December Loyals
184466,The January Average
660119,The January Average
361439,The October Loyals
178643,The October Loyals
636012,The March Loyals
714163,New travelers
911003,The January Average
972671,The Lost Holiday Drifters
526736,The Lost Holiday Drifters
382149,The September Loyals
383399,The October Loyals
919557,The January Average
924794,The September Loyals
232907,The Pandemic Drop-offs
814748,The September Loyals
861696,The September Loyals
222702,The Lost Holiday Drifters
890543,The March Loyals
611673,The September Loyals
485742,The January Average
933053,New travelers
340925,The September Loyals
862100,The June Loyals
845227,The May Planners
135574,The September Loyals
137952,The June Loyals
370066,The December Loyals
921776,The Summer-Fall Hybrids
428152,New travelers
956843,The March Loyals
180009,The December Loyals
410958,The Q4 Boomerang
517190,The October Loyals
793980,The September Loyals
100272,The October Loyals
227274,New travelers
609971,The June Loyals
829861,The February Loyals
277370,New travelers
503305,The February Loyals
735605,New travelers
509345,The May Planners
575571,The May Planners
890051,The May Planners
711795,The December Loyals
686432,New travelers
723457,The Q4 Boomerang
507567,The November Loyals
251223,The Summer-Fall Hybrids
982715,The January Average
333799,The September Loyals
159688,The September Loyals
641879,The Dormant Browsers
695686,The January Average
441135,The January Average
509809,The Summer-Fall Hybrids
192898,The December Loyals
427388,The Pandemic Drop-offs
473636,The September Loyals
637532,The January Average
618329,The January Average
335365,The September Loyals
445432,The September Loyals
159359,The Summer-Fall Hybrids
422349,The November Loyals
607117,The October Loyals
574163,The October Loyals
358513,The October Loyals
444661,The Lost Holiday Drifters
877034,New travelers
447092,The December Loyals
370877,The June Loyals
385593,The October Loyals
744234,The September Loyals
503560,The January Average
561481,The June Loyals
245227,New travelers
882718,The November Loyals
951116,The Dormant Browsers
112393,The May Planners
716932,The February Loyals
528712,The Q4 Boomerang
648596,The January Average
145192,New travelers
192816,New travelers
115805,The October Loyals
362055,The November Loyals
763618,The Lost Holiday Drifters
411897,The November Loyals
626973,The June Loyals
914920,New travelers
526629,The Autumn Budget
888901,The Lost Holiday Drifters
174803,The May Planners
560505,The November Loyals
208375,The Dormant Browsers
281118,The Autumn Budget
289139,The October Loyals
107212,The November Loyals
514145,The September Loyals
172983,The January Average
343605,The May Planners
400404,The Lost Holiday Drifters
961682,The February Loyals
645072,The February Loyals
345840,The Dormant Browsers
220802,The May Planners
543326,The May Planners
797675,The Pandemic Drop-offs
320042,The March Loyals
622610,The March Loyals
808353,The September Loyals
275846,New travelers
559721,The Summer-Fall Hybrids
787911,New travelers
577156,The December Loyals
787763,The November Loyals
511483,The Q4 Boomerang
830564,The September Loyals
316644,The December Loyals
506776,The September Loyals
876538,The June Loyals
217051,The January Average
832597,The September Loyals
804328,The January Average
836665,The May Planners
340736,New travelers
584426,New travelers
805013,The Dormant Browsers
740608,The September Loyals
122456,The September Loyals
366599,The September Loyals
857914,The September Loyals
815718,The February Loyals
597237,The May Planners
192556,The Q4 Boomerang
358384,The February Loyals
636177,The May Planners
445673,The September Loyals
925767,The Q4 Boomerang
542089,The Lost Holiday Drifters
494062,The Summer-Fall Hybrids
392098,The June Loyals
336451,New travelers
677976,The Lost Holiday Drifters
240942,The March Loyals
221204,The November Loyals
473204,The September Loyals
326823,The June Loyals
745769,The November Loyals
407924,New travelers
206890,The February Loyals
748174,New travelers
604724,The February Loyals
225262,The September Loyals
164013,The January Average
392619,The November Loyals
794136,The September Loyals
405735,The October Loyals
941109,The Dormant Browsers
691700,The November Loyals
208668,New travelers
636753,The Autumn Budget
191917,The January Average
140208,The September Loyals
179590,The November Loyals
186539,The October Loyals
345099,The December Loyals
745565,New travelers
767428,The December Loyals
436475,The January Average
893549,The September Loyals
751664,The December Loyals
876409,The January Average
781480,The May Planners
251521,New travelers
688902,New travelers
488811,The Summer-Fall Hybrids
918756,The December Loyals
442609,The September Loyals
780104,The Lost Holiday Drifters
473758,The February Loyals
572066,New travelers
689000,The September Loyals
379041,New travelers
990728,New travelers
698443,The Summer-Fall Hybrids
500248,The September Loyals
724989,The October Loyals
385092,The Dormant Browsers
679075,The November Loyals
489335,The September Loyals
932261,New travelers
354295,The March Loyals
805574,The January Average
227808,The Summer-Fall Hybrids
126239,The March Loyals
833317,The January Average
884992,New travelers
313673,New travelers
499518,The March Loyals
466998,The May Planners
753452,The September Loyals
652047,The September Loyals
305807,The February Loyals
152499,The Lost Holiday Drifters
449441,New travelers
769346,The November Loyals
150751,New travelers
548228,The December Loyals
959027,New travelers
238649,The December Loyals
196905,The November Loyals
114700,New travelers
107385,The Q4 Boomerang
228820,The Q4 Boomerang
342407,The February Loyals
881584,New travelers
133463,New travelers
775158,New travelers
507008,The Q4 Boomerang
123538,New travelers
187141,The Summer-Fall Hybrids
783789,The June Loyals
320784,The June Loyals
485787,The September Loyals
608517,The October Loyals
664856,The Dormant Browsers
819664,The June Loyals
698546,The May Planners
346532,The Lost Holiday Drifters
302980,New travelers
287942,The November Loyals
963644,The January Average
199358,New travelers
253046,The September Loyals
402052,The March Loyals
833891,The March Loyals
192554,The June Loyals
242719,New travelers
278568,New travelers
252082,The June Loyals
456177,New travelers
737519,The September Loyals
412487,The January Average
565171,The November Loyals
418470,The Q4 Boomerang
266298,The Lost Holiday Drifters
551429,The May Planners
172059,The March Loyals
268643,New travelers
105063,New travelers
620094,The June Loyals
175191,New travelers
849705,The November Loyals
695624,The March Loyals
908374,The October Loyals
978349,The November Loyals
924031,New travelers
213432,The December Loyals
248952,The November Loyals
296579,The Dormant Browsers
715947,The March Loyals
146839,The February Loyals
186754,The December Loyals
984409,The November Loyals
631051,The June Loyals
148208,The October Loyals
539704,The November Loyals
852863,The October Loyals
246722,The Autumn Budget
526975,New travelers
654249,New travelers
689818,The June Loyals
791280,The January Average
211755,The December Loyals
318180,The November Loyals
602150,The June Loyals
196514,The May Planners
169270,New travelers
767678,New travelers
212762,The November Loyals
896075,The October Loyals
107141,The May Planners
124207,New travelers
496831,The Q4 Boomerang
985765,The September Loyals
605849,The September Loyals
514395,The September Loyals
595235,The May Planners
250854,The March Loyals
974265,New travelers
517262,New travelers
587800,The September Loyals
634269,The Pandemic Drop-offs
735790,The September Loyals
861700,The Q4 Boomerang
197063,New travelers
927446,The Q4 Boomerang
100585,The September Loyals
540011,The September Loyals
854243,The November Loyals
560528,The September Loyals
586401,The Dormant Browsers
857161,The February Loyals
777531,The March Loyals
841636,The January Average
229166,The September Loyals
319868,The November Loyals
545010,New travelers
394321,The March Loyals
732880,New travelers
686783,The December Loyals
777108,The May Planners
129328,New travelers
106038,The September Loyals
355707,New travelers
580493,The Q4 Boomerang
630920,New travelers
439013,The Summer-Fall Hybrids
501109,The September Loyals
517295,The October Loyals
212579,The Q4 Boomerang
711823,The February Loyals
759093,The December Loyals
438641,The March Loyals
743953,New travelers
687820,The September Loyals
320996,The Dormant Browsers
806196,The March Loyals
188655,The November Loyals
547342,The Autumn Budget
819498,The Q4 Boomerang
568769,The February Loyals
873579,The December Loyals
660047,The May Planners
492367,The Q4 Boomerang
315482,The January Average
121183,The June Loyals
409512,The September Loyals
464606,The January Average
619916,The December Loyals
435777,New travelers
862159,The October Loyals
646519,The January Average
445024,The September Loyals
846864,The March Loyals
627244,New travelers
409984,The Q4 Boomerang
765428,The September Loyals
229842,The December Loyals
106637,The March Loyals
349278,Holiday Travelers
991084,The February Loyals
234836,The Pandemic Drop-offs
277788,The September Loyals
330741,The November Loyals
341725,The September Loyals
390343,The May Planners
673192,The September Loyals
954973,The March Loyals
381901,The May Planners
866606,The March Loyals
835508,The September Loyals
723476,The February Loyals
274431,The June Loyals
897293,The September Loyals
472787,The September Loyals
127496,New travelers
317260,The Q4 Boomerang
249639,New travelers
483631,The Pandemic Drop-offs
355099,New travelers
445073,The January Average
216719,The June Loyals
488009,The Dormant Browsers
992538,The June Loyals
467382,The October Loyals
425411,The December Loyals
536124,The October Loyals
420627,The June Loyals
102311,The September Loyals
405500,The December Loyals
668213,The March Loyals
835975,New travelers
294728,The October Loyals
373118,New travelers
744441,New travelers
831035,The February Loyals
887892,The September Loyals
918048,The October Loyals
468945,The May Planners
692685,The September Loyals
938093,The October Loyals
566737,The November Loyals
733889,The May Planners
679414,New travelers
431533,The September Loyals
590485,The September Loyals
816983,The December Loyals
379752,The January Average
723298,The February Loyals
635907,The Q4 Boomerang
558469,New travelers
132045,The Autumn Budget
393806,The December Loyals
473409,The October Loyals
369361,The November Loyals
672430,The May Planners
669890,The May Planners
579847,The October Loyals
889525,New travelers
103340,The March Loyals
779291,The June Loyals
225891,The October Loyals
360902,The May Planners
573475,The October Loyals
657777,New travelers
528260,New travelers
544752,The September Loyals
619840,The December Loyals
972787,The Autumn Budget
756867,The June Loyals
509044,The September Loyals
930041,New travelers
674281,The June Loyals
358255,New travelers
795908,New travelers
766969,The May Planners
975218,New travelers
491242,The Q4 Boomerang
526374,VIPs
545883,The Summer-Fall Hybrids
528055,The October Loyals
683126,The December Loyals
969924,The June Loyals
296088,New travelers
848736,The Dormant Browsers
969860,New travelers
281585,The January Average
398074,New travelers
991419,The March Loyals
217761,The Pandemic Drop-offs
732488,The January Average
799157,The November Loyals
648653,The September Loyals
837733,The November Loyals
326961,The September Loyals
472540,The December Loyals
411298,The March Loyals
823761,The January Average
674497,The October Loyals
645653,The September Loyals
663918,The September Loyals
868744,The December Loyals
277281,The October Loyals
127127,The December Loyals
561640,The March Loyals
969277,The March Loyals
896853,New travelers
557640,The September Loyals
511922,The Q4 Boomerang
184045,The December Loyals
368391,The Autumn Budget
672635,New travelers
131001,The June Loyals
209831,The September Loyals
313815,The December Loyals
991442,The Pandemic Drop-offs
853621,New travelers
173548,The September Loyals
937430,The January Average
767089,The December Loyals
846950,The May Planners
910142,The May Planners
824486,The December Loyals
485258,The Lost Holiday Drifters
525765,The December Loyals
924217,New travelers
795714,New travelers
969626,The March Loyals
564959,The February Loyals
722154,New travelers
736109,The September Loyals
994225,The October Loyals
819246,New travelers
498923,The June Loyals
569880,The September Loyals
341185,The March Loyals
858106,The September Loyals
900133,The February Loyals
635805,The Pandemic Drop-offs
717308,The May Planners
625524,The December Loyals
723347,The September Loyals
433116,New travelers
547542,The December Loyals
921410,New travelers
685533,The October Loyals
492695,The Autumn Budget
818114,The October Loyals
358586,New travelers
505962,The January Average
857538,The September Loyals
786624,The February Loyals
898427,The May Planners
462128,The October Loyals
976004,New travelers
633339,New travelers
732081,The January Average
908519,The September Loyals
930893,The Dormant Browsers
693625,The May Planners
596462,The Summer-Fall Hybrids
196845,The September Loyals
284442,The Dormant Browsers
234256,The September Loyals
182490,The November Loyals
985341,The January Average
537405,The Q4 Boomerang
193037,The Q4 Boomerang
277145,The May Planners
550769,The May Planners
245066,New travelers
696431,The September Loyals
998507,The January Average
283822,The June Loyals
221345,The November Loyals
530119,New travelers
106946,The September Loyals
493800,The June Loyals
299204,The Dormant Browsers
352377,The February Loyals
680839,The November Loyals
694158,The December Loyals
310681,New travelers
439574,The September Loyals
610096,The Summer-Fall Hybrids
656572,The December Loyals
971488,The June Loyals
973609,The Q4 Boomerang
158995,New travelers
442252,The March Loyals
365156,New travelers
757704,New travelers
142800,New travelers
475034,New travelers
694497,The March Loyals
644769,The January Average
751351,The June Loyals
699243,The September Loyals
543449,The Q4 Boomerang
756833,The September Loyals
180140,The March Loyals
108440,The March Loyals
322294,New travelers
489856,New travelers
702478,The October Loyals
974617,The May Planners
909242,The November Loyals
847609,The September Loyals
200764,New travelers
386936,New travelers
313461,The October Loyals
108528,The September Loyals
671933,The June Loyals
772438,The September Loyals
263812,The September Loyals
593684,The January Average
515639,New travelers
361827,The January Average
641327,The March Loyals
996794,The November Loyals
209850,New travelers
334143,The November Loyals
839694,The January Average
910809,New travelers
249723,The September Loyals
918021,The November Loyals
473259,New travelers
138981,The November Loyals
525202,New travelers
178077,The February Loyals
377489,The October Loyals
515386,The September Loyals
448823,The Lost Holiday Drifters
559723,The December Loyals
293100,The Lost Holiday Drifters
676203,The May Planners
996616,The February Loyals
895085,The September Loyals
706747,New travelers
347142,The October Loyals
142354,The September Loyals
345682,The September Loyals
618601,The March Loyals
252110,The Pandemic Drop-offs
906884,New travelers
409454,The December Loyals
161103,The February Loyals
171047,The June Loyals
244132,The September Loyals
855981,New travelers
446991,The October Loyals
940187,The Q4 Boomerang
574674,The September Loyals
140891,The May Planners
571670,The November Loyals
863599,The November Loyals
512599,The Dormant Browsers
572836,The Lost Holiday Drifters
475950,The Autumn Budget
530621,New travelers
737756,The September Loyals
185835,The October Loyals
113220,The Summer-Fall Hybrids
653441,The May Planners
860980,The November Loyals
445247,New travelers
366744,The June Loyals
748198,The October Loyals
543881,The Pandemic Drop-offs
793126,The May Planners
551809,The December Loyals
789206,The March Loyals
128041,The November Loyals
253528,The May Planners
339927,The February Loyals
434470,The January Average
440671,New travelers
741421,The May Planners
863108,The January Average
580201,The March Loyals
459991,New travelers
966391,The March Loyals
239749,New travelers
600884,The May Planners
848250,The September Loyals
858626,The December Loyals
377742,New travelers
475249,New travelers
681722,The May Planners
745668,The September Loyals
393206,The Dormant Browsers
467143,The February Loyals
277139,The January Average
842210,The Dormant Browsers
299412,The October Loyals
168026,The June Loyals
626217,New travelers
604645,The Dormant Browsers
204686,The November Loyals
614721,The March Loyals
756928,The January Average
884433,The November Loyals
901442,The March Loyals
871740,New travelers
484765,New travelers
585277,The February Loyals
285074,New travelers
503938,The February Loyals
982096,The December Loyals
813652,The November Loyals
939741,The Dormant Browsers
650704,The June Loyals
379962,The March Loyals
534510,The Pandemic Drop-offs
649855,The September Loyals
214354,The September Loyals
255951,The May Planners
355781,New travelers
875707,The Dormant Browsers
167575,The Pandemic Drop-offs
635509,New travelers
516791,The May Planners
725510,The Q4 Boomerang
189139,The March Loyals
109203,The October Loyals
161766,The November Loyals
798662,The October Loyals
964206,The Q4 Boomerang
516544,The November Loyals
513820,The May Planners
429921,The September Loyals
626746,The September Loyals
739284,The February Loyals
674375,New travelers
692121,New travelers
457374,New travelers
362134,New travelers
836964,The January Average
952093,The October Loyals
890404,The Dormant Browsers
909075,The May Planners
314258,The March Loyals
566767,The March Loyals
596787,The May Planners
465412,The February Loyals
399678,The June Loyals
701036,The Dormant Browsers
647672,The May Planners
772019,The September Loyals
160320,The October Loyals
987978,Holiday Travelers
771133,New travelers
193747,The December Loyals
883505,The September Loyals
336025,The November Loyals
545659,The November Loyals
529390,The December Loyals
617263,The September Loyals
729394,The June Loyals
596171,The Summer-Fall Hybrids
777931,The June Loyals
434081,The September Loyals
408651,The May Planners
734556,The Pandemic Drop-offs
534452,The November Loyals
443896,The November Loyals
257985,The Dormant Browsers
108462,The March Loyals
492158,The January Average
809218,The November Loyals
244308,The October Loyals
451448,New travelers
554453,The June Loyals
299210,The January Average
241849,The October Loyals
164363,The June Loyals
780389,New travelers
922206,The January Average
651835,The December Loyals
668959,The February Loyals
371672,The February Loyals
537722,The November Loyals
732606,The May Planners
840741,The June Loyals
868037,The September Loyals
938126,New travelers
230560,New travelers
283133,The March Loyals
341897,New travelers
823986,The Q4 Boomerang
606563,The October Loyals
619693,The October Loyals
467013,New travelers
547649,The September Loyals
606396,New travelers
257864,New travelers
313982,The September Loyals
793838,The May Planners
855883,The October Loyals
154172,The February Loyals
425720,The Summer-Fall Hybrids
566802,New travelers
973104,New travelers
421822,New travelers
863035,The March Loyals
550834,New travelers
638264,New travelers
249841,The September Loyals
684133,The Summer-Fall Hybrids
563188,The October Loyals
578167,The December Loyals
649972,The Pandemic Drop-offs
588095,The December Loyals
916851,The November Loyals
946001,The May Planners
578020,The May Planners
581419,New travelers
766691,The Lost Holiday Drifters
631839,The September Loyals
170710,The March Loyals
734226,The Lost Holiday Drifters
241495,The Dormant Browsers
829663,The September Loyals
443231,The February Loyals
382748,The May Planners
291336,The February Loyals
481293,The May Planners
377050,The May Planners
481048,The September Loyals
183305,The January Average
675104,The September Loyals
814703,The October Loyals
221643,The May Planners
547802,The May Planners
733603,The October Loyals
708258,The November Loyals
212862,The March Loyals
643480,The March Loyals
234562,The September Loyals
659536,The September Loyals
683920,The February Loyals
138768,The September Loyals
879185,The February Loyals
865803,The Q4 Boomerang
173531,The March Loyals
552755,The Lost Holiday Drifters
994877,The Dormant Browsers
635715,The September Loyals
885480,The December Loyals
786710,The September Loyals
500782,The September Loyals
425472,The February Loyals
445675,The September Loyals
101644,New travelers
115529,The September Loyals
358375,New travelers
771932,The Lost Holiday Drifters
820164,The September Loyals
869284,The December Loyals
362165,The May Planners
548202,New travelers
898162,The February Loyals
509928,The November Loyals
821419,New travelers
869971,The March Loyals
117342,The December Loyals
634418,The January Average
141742,The Q4 Boomerang
256574,The February Loyals
557597,New travelers
884040,The September Loyals
687170,The Dormant Browsers
153600,The June Loyals
271929,The September Loyals
761459,The September Loyals
185153,The March Loyals
879542,The October Loyals
534764,The Q4 Boomerang
574899,The November Loyals
212484,The Q4 Boomerang
394569,The Lost Holiday Drifters
847938,New travelers
969632,The May Planners
952938,The June Loyals
316970,New travelers
200863,VIPs
308197,The September Loyals
355994,The September Loyals
416105,New travelers
872774,The November Loyals
540291,New travelers
386649,The December Loyals
242387,New travelers
484225,New travelers
520428,The October Loyals
461325,New travelers
297520,The December Loyals
410963,The September Loyals
382980,The February Loyals
791809,The September Loyals
598059,The November Loyals
335421,The September Loyals
710255,The September Loyals
280895,The October Loyals
959453,New travelers
565040,The October Loyals
781354,The May Planners
838657,The February Loyals
576576,The January Average
825254,New travelers
579034,The May Planners
140977,VIPs
710069,The October Loyals
745938,New travelers
772181,The May Planners
838008,The Dormant Browsers
614063,The September Loyals
779171,The Summer-Fall Hybrids
134847,New travelers
198123,The March Loyals
727095,The September Loyals
243751,The Summer-Fall Hybrids
294580,The February Loyals
879964,New travelers
406294,The October Loyals
675710,New travelers
368591,The September Loyals
437086,The September Loyals
579318,The February Loyals
721456,The Dormant Browsers
697840,New travelers
296146,The February Loyals
117832,New travelers
165827,The March Loyals
297427,New travelers
726472,New travelers
299769,The Q4 Boomerang
208967,The February Loyals
667860,The February Loyals
769030,The December Loyals
966891,The March Loyals
253210,The March Loyals
368118,The Autumn Budget
368122,The March Loyals
217862,The September Loyals
296997,The March Loyals
316752,The March Loyals
771757,The September Loyals
482525,The September Loyals
664183,New travelers
963170,New travelers
822102,The Q4 Boomerang
541239,The Q4 Boomerang
783145,The October Loyals
195806,The March Loyals
931054,New travelers
942194,New travelers
679994,The Summer-Fall Hybrids
792698,The Autumn Budget
198836,The November Loyals
838232,The September Loyals
277494,The September Loyals
535367,The September Loyals
899543,New travelers
292618,The December Loyals
767416,The September Loyals
398086,The September Loyals
444894,The February Loyals
958687,The June Loyals
474027,New travelers
587378,The September Loyals
664379,The January Average
668968,The September Loyals
798814,The November Loyals
439566,The March Loyals
330433,The October Loyals
951458,The December Loyals
527712,The May Planners
198354,New travelers
675538,The December Loyals
801241,New travelers
805545,The Dormant Browsers
867070,The Q4 Boomerang
415341,The June Loyals
655263,New travelers
699343,The March Loyals
201561,The Autumn Budget
782719,The March Loyals
456360,The January Average
360017,The May Planners
123115,The February Loyals
136022,The December Loyals
140419,The May Planners
263569,The November Loyals
424208,The January Average
576294,The September Loyals
328668,The September Loyals
113864,The Summer-Fall Hybrids
554449,The May Planners
903641,The September Loyals
123784,New travelers
142715,The March Loyals
185815,New travelers
582097,New travelers
763403,The September Loyals
237303,The November Loyals
603446,The November Loyals
675616,The December Loyals
892967,The February Loyals
312568,The March Loyals
848498,New travelers
406287,The Pandemic Drop-offs
294642,The November Loyals
848159,The September Loyals
552747,The Q4 Boomerang
765079,The May Planners
991189,New travelers
392785,The September Loyals
512869,The September Loyals
659400,The November Loyals
648533,The October Loyals
326001,The November Loyals
624528,New travelers
892227,The October Loyals
940249,The May Planners
976330,New travelers
367338,The June Loyals
894919,The January Average
662022,The September Loyals
178540,The September Loyals
827677,The Lost Holiday Drifters
471466,New travelers
879265,The May Planners
264236,The March Loyals
767672,The November Loyals
899958,The September Loyals
170801,The Dormant Browsers
235102,The June Loyals
244475,The September Loyals
178409,The December Loyals
349838,The May Planners
486139,The March Loyals
892022,The March Loyals
992499,New travelers
214878,The September Loyals
743766,The September Loyals
915902,The Autumn Budget
241641,The January Average
838650,The May Planners
911812,The October Loyals
910969,The October Loyals
244414,The December Loyals
780991,New travelers
337983,The March Loyals
705353,The January Average
528809,The September Loyals
728687,New travelers
362642,The November Loyals
739767,The Q4 Boomerang
459735,The February Loyals
237106,The Summer-Fall Hybrids
468067,The September Loyals
955720,The September Loyals
980788,The October Loyals
941679,The May Planners
676639,The February Loyals
482561,The March Loyals
817520,The October Loyals
397242,The Pandemic Drop-offs
868659,New travelers
461559,The Summer-Fall Hybrids
167026,The September Loyals
545638,New travelers
457077,New travelers
120206,New travelers
193564,The December Loyals
312474,The March Loyals
469767,New travelers
656650,The September Loyals
125606,New travelers
625458,The December Loyals
577901,The Lost Holiday Drifters
717459,The September Loyals
887605,New travelers
246059,The Summer-Fall Hybrids
946525,The September Loyals
877152,New travelers
265575,The February Loyals
759417,The October Loyals
811569,The September Loyals
459223,The May Planners
837810,The December Loyals
859821,The November Loyals
145552,The March Loyals
436901,The September Loyals
306331,The November Loyals
241675,The November Loyals
343011,The May Planners
456614,The Q4 Boomerang
460110,The December Loyals
956071,The December Loyals
972298,The February Loyals
952641,The Dormant Browsers
407433,The December Loyals
412402,The September Loyals
426384,The October Loyals
246399,New travelers
495058,The September Loyals
956630,New travelers
707710,New travelers
116372,The March Loyals
708519,The March Loyals
552966,The June Loyals
489609,The Lost Holiday Drifters
735515,The September Loyals
305243,The February Loyals
198075,The May Planners
224842,New travelers
151967,The Dormant Browsers
328323,The Summer-Fall Hybrids
815789,The September Loyals
927401,The October Loyals
258202,The June Loyals
953757,The Q4 Boomerang
744608,The February Loyals
664277,The December Loyals
313860,The February Loyals
534734,The Summer-Fall Hybrids
821739,The June Loyals
130593,The September Loyals
804521,The October Loyals
778310,The February Loyals
395446,The Summer-Fall Hybrids
567219,New travelers
977377,The Pandemic Drop-offs
491122,The September Loyals
288774,New travelers
620446,The November Loyals
388046,The January Average
957377,The Q4 Boomerang
470480,The September Loyals
984968,New travelers
507281,The September Loyals
180925,The December Loyals
879506,The June Loyals
707967,The January Average
434568,The September Loyals
454632,The March Loyals
374293,The Q4 Boomerang
666933,The September Loyals
391673,The September Loyals
677292,New travelers
899271,New travelers
939466,The June Loyals
707023,The October Loyals
697169,The January Average
856818,New travelers
296217,The Autumn Budget
177700,The March Loyals
307178,The May Planners
459936,The September Loyals
508126,The September Loyals
807289,The October Loyals
161180,The November Loyals
169302,The Dormant Browsers
357988,The November Loyals
839412,The Autumn Budget
559657,New travelers
678544,New travelers
145220,The January Average
986507,The Summer-Fall Hybrids
796705,New travelers
235229,The Q4 Boomerang
535327,New travelers
924173,The January Average
986208,The March Loyals
340583,The October Loyals
547442,The Q4 Boomerang
911906,The November Loyals
943380,The March Loyals
982433,The Dormant Browsers
287962,New travelers
292021,The May Planners
476258,The January Average
979053,The November Loyals
798708,The Summer-Fall Hybrids
486200,The Dormant Browsers
645057,The February Loyals
653070,The September Loyals
626560,The Summer-Fall Hybrids
219806,New travelers
805159,The December Loyals
751602,The November Loyals
383656,The May Planners
900726,The November Loyals
787899,New travelers
850034,The March Loyals
477517,The September Loyals
708692,The September Loyals
162166,The June Loyals
503615,The October Loyals
801391,The February Loyals
266953,The Q4 Boomerang
515645,The Dormant Browsers
709595,The October Loyals
503217,The September Loyals
940200,New travelers
637151,The Summer-Fall Hybrids
572927,The Summer-Fall Hybrids
733497,New travelers
550856,The September Loyals
664084,The March Loyals
980145,New travelers
324139,The November Loyals
472356,The September Loyals
156673,The September Loyals
299165,New travelers
988594,New travelers
487799,The Summer-Fall Hybrids
217235,New travelers
194709,The Dormant Browsers
462638,The October Loyals
376969,The February Loyals
496820,The June Loyals
499963,The Summer-Fall Hybrids
834286,The November Loyals
622776,The Dormant Browsers
167335,The September Loyals
421252,The Q4 Boomerang
794552,The November Loyals
180922,The September Loyals
358012,The Q4 Boomerang
937418,The December Loyals
895451,The February Loyals
429292,The December Loyals
822211,The June Loyals
165900,The September Loyals
216683,The June Loyals
718745,The Dormant Browsers
297607,The Autumn Budget
793619,The Q4 Boomerang
393380,The September Loyals
903290,The January Average
994308,The Q4 Boomerang
441128,The March Loyals
857708,The September Loyals
800831,The Summer-Fall Hybrids
264632,The September Loyals
482218,The September Loyals
145177,The June Loyals
186593,The September Loyals
470591,The May Planners
374850,The February Loyals
841456,The November Loyals
746796,The Lost Holiday Drifters
677751,The December Loyals
963523,The June Loyals
279231,The Autumn Budget
187291,The Dormant Browsers
407377,The September Loyals
822765,The May Planners
764980,The May Planners
522408,The November Loyals
703278,New travelers
696826,The October Loyals
161276,The November Loyals
235585,New travelers
534972,The March Loyals
439819,The March Loyals
221993,Holiday Travelers
810899,The September Loyals
298280,The November Loyals
587769,New travelers
424100,The Summer-Fall Hybrids
332077,The Dormant Browsers
755337,The November Loyals
465980,The Q4 Boomerang
713831,The September Loyals
747609,The Summer-Fall Hybrids
706199,The Q4 Boomerang
763797,The June Loyals
333213,The June Loyals
581668,The May Planners
550519,The Summer-Fall Hybrids
781219,The September Loyals
920657,The Q4 Boomerang
589818,The Lost Holiday Drifters
472589,The June Loyals
128611,The September Loyals
596674,The October Loyals
702809,The Autumn Budget
183748,The November Loyals
910056,The November Loyals
427919,The January Average
205658,The March Loyals
870022,The October Loyals
853039,The Summer-Fall Hybrids
495168,The May Planners
113877,The November Loyals
540715,The Q4 Boomerang
628860,The February Loyals
953420,The Dormant Browsers
349470,New travelers
927339,The October Loyals
647684,The February Loyals
555205,The June Loyals
633330,The September Loyals
525246,The November Loyals
777231,The September Loyals
329364,The February Loyals
445427,New travelers
997478,The September Loyals
977916,The October Loyals
378454,The May Planners
927848,The March Loyals
287023,The Summer-Fall Hybrids
362541,The October Loyals
365404,The December Loyals
377375,New travelers
652636,New travelers
333825,The December Loyals
848615,The January Average
869672,New travelers
606962,The Summer-Fall Hybrids
970102,The October Loyals
157092,The February Loyals
657118,The March Loyals
462355,The March Loyals
559016,The October Loyals
996152,The Dormant Browsers
995777,The September Loyals
845782,The October Loyals
908844,The January Average
121605,The September Loyals
305618,New travelers
711552,The May Planners
153075,New travelers
117910,The February Loyals
812804,The Summer-Fall Hybrids
891413,The September Loyals
865406,The September Loyals
376929,The Lost Holiday Drifters
133698,The February Loyals
913866,The June Loyals
137383,New travelers
434693,The Dormant Browsers
711214,The December Loyals
765446,New travelers
867446,The Summer-Fall Hybrids
408309,The June Loyals
619337,The Q4 Boomerang
801483,The September Loyals
170091,New travelers
541953,The Pandemic Drop-offs
351145,The June Loyals
631369,New travelers
726065,The November Loyals
732602,New travelers
816608,The September Loyals
884909,The September Loyals
966142,The Q4 Boomerang
374275,The November Loyals
574726,The June Loyals
603371,The Q4 Boomerang
684691,The June Loyals
119690,The Q4 Boomerang
892630,New travelers
234515,The February Loyals
480864,The September Loyals
379384,The October Loyals
805816,The February Loyals
772025,New travelers
756967,The May Planners
816406,New travelers
380928,The December Loyals
677335,The Autumn Budget
247180,The December Loyals
528985,The September Loyals
920211,The March Loyals
604792,The September Loyals
632352,The May Planners
713236,The May Planners
965079,The October Loyals
499563,New travelers
527941,The October Loyals
667678,New travelers
906428,The February Loyals
651631,The September Loyals
209107,New travelers
471858,The March Loyals
230070,The Lost Holiday Drifters
764555,The January Average
819521,New travelers
218601,The September Loyals
171788,New travelers
598705,The September Loyals
139932,The November Loyals
641734,The September Loyals
430059,The September Loyals
974715,New travelers
652357,New travelers
255215,The September Loyals
137161,The March Loyals
100853,The January Average
233774,New travelers
253283,The Pandemic Drop-offs
798525,The May Planners
140534,The May Planners
422787,The November Loyals
569769,New travelers
490840,The June Loyals
850953,The September Loyals
577265,The November Loyals
319664,The January Average
468534,New travelers
870223,New travelers
744320,The Q4 Boomerang
886086,The February Loyals
626046,New travelers
511584,The November Loyals
758322,New travelers
740105,The Dormant Browsers
549757,The March Loyals
968638,The January Average
277033,The June Loyals
646289,The Q4 Boomerang
941719,The Pandemic Drop-offs
991090,The September Loyals
156684,The September Loyals
247714,The September Loyals
143422,The October Loyals
220131,The Dormant Browsers
420339,The February Loyals
244245,The September Loyals
821296,The June Loyals
440198,The October Loyals
123668,The September Loyals
866995,The Dormant Browsers
702863,The September Loyals
161546,New travelers
329720,The June Loyals
171937,The September Loyals
454628,Holiday Travelers
484422,The May Planners
521684,The September Loyals
620563,The March Loyals
679311,The January Average
774321,The May Planners
806157,New travelers
846055,The September Loyals
312148,The December Loyals
810503,The Q4 Boomerang
712636,The Lost Holiday Drifters
716863,The February Loyals
445176,The January Average
749418,New travelers
615244,The Summer-Fall Hybrids
735341,The November Loyals
459835,The Lost Holiday Drifters
864318,The March Loyals
640418,The Dormant Browsers
379238,The September Loyals
445915,New travelers
578234,The Lost Holiday Drifters
693393,New travelers
569972,New travelers
417929,The March Loyals
726701,The June Loyals
426027,The September Loyals
965116,The Dormant Browsers
482345,The January Average
232579,The Q4 Boomerang
163723,New travelers
378968,The February Loyals
652300,New travelers
668235,New travelers
725795,The January Average
268281,The Pandemic Drop-offs
335545,The September Loyals
999272,The June Loyals
800499,The March Loyals
336469,The March Loyals
785129,New travelers
753038,The June Loyals
902421,The Lost Holiday Drifters
871022,The Summer-Fall Hybrids
558258,The Dormant Browsers
974738,New travelers
172233,The Q4 Boomerang
231592,The October Loyals
577374,The June Loyals
325134,The December Loyals
403118,The September Loyals
921530,The Pandemic Drop-offs
616137,The May Planners
988234,New travelers
916594,The October Loyals
486226,The October Loyals
805977,The November Loyals
534571,New travelers
692856,The September Loyals
646935,The June Loyals
202248,The January Average
853417,The September Loyals
139600,The Q4 Boomerang
883702,The January Average
660098,New travelers
839461,The Summer-Fall Hybrids
425294,The December Loyals
503573,The February Loyals
473093,The June Loyals
173798,The November Loyals
925850,The Q4 Boomerang
570318,The October Loyals
185573,The September Loyals
744228,New travelers
213545,New travelers
225205,New travelers
412793,The May Planners
527235,The October Loyals
486955,The January Average
626474,The June Loyals
870169,New travelers
873297,The Lost Holiday Drifters
958869,New travelers
323424,The September Loyals
686561,New travelers
238070,New travelers
563094,New travelers
248196,The Lost Holiday Drifters
375297,The January Average
598360,The December Loyals
721688,The June Loyals
753219,The January Average
835779,The January Average
233969,The June Loyals
640238,The June Loyals
256627,New travelers
716068,The June Loyals
369084,The January Average
711853,The Summer-Fall Hybrids
577860,The Pandemic Drop-offs
709279,The October Loyals
131717,New travelers
921298,The October Loyals
282140,The Q4 Boomerang
963473,The October Loyals
210761,The Dormant Browsers
649052,The June Loyals
138894,The September Loyals
582364,The October Loyals
788292,The December Loyals
737602,New travelers
563410,The September Loyals
154175,The September Loyals
739021,The May Planners
418938,The May Planners
204484,The September Loyals
701391,The March Loyals
827309,The March Loyals
584377,The May Planners
542085,The December Loyals
729537,The December Loyals
175360,The September Loyals
305380,The March Loyals
961213,The Q4 Boomerang
868230,The January Average
802305,The January Average
106048,New travelers
244039,The October Loyals
698159,New travelers
437158,The February Loyals
331301,The November Loyals
321388,The May Planners
124119,The June Loyals
132592,The February Loyals
216072,New travelers
580159,The Summer-Fall Hybrids
756862,The Summer-Fall Hybrids
748635,The September Loyals
243444,The January Average
831928,The Pandemic Drop-offs
791466,The Summer-Fall Hybrids
831696,The November Loyals
594681,The Lost Holiday Drifters
148381,The September Loyals
372169,New travelers
297382,The March Loyals
106589,New travelers
145193,New travelers
194737,The Summer-Fall Hybrids
272097,The February Loyals
679623,The December Loyals
416973,The December Loyals
935274,The May Planners
630034,The January Average
407233,New travelers
207500,The September Loyals
494213,The September Loyals
893120,The Q4 Boomerang
732863,VIPs
326603,The February Loyals
579785,New travelers
232924,The November Loyals
674781,The January Average
802974,New travelers
883968,The September Loyals
277594,The June Loyals
811802,The June Loyals
739617,The Dormant Browsers
449843,The October Loyals
559726,The February Loyals
935328,The May Planners
518305,The February Loyals
135381,The May Planners
999460,New travelers
281449,The September Loyals
751779,The September Loyals
937956,The June Loyals
344372,The Summer-Fall Hybrids
976700,Holiday Travelers
838771,The May Planners
408047,The September Loyals
397065,The May Planners
876232,The December Loyals
597313,The March Loyals
180231,New travelers
541435,The September Loyals
616342,The September Loyals
920162,The May Planners
856502,The March Loyals
178864,The March Loyals
669493,New travelers
445137,The September Loyals
318285,The Summer-Fall Hybrids
765924,The September Loyals
812513,The February Loyals
841916,The November Loyals
971608,The Lost Holiday Drifters
141456,The Summer-Fall Hybrids
369646,The March Loyals
377968,The May Planners
432579,New travelers
634181,The October Loyals
863516,The December Loyals
154889,The Lost Holiday Drifters
496191,The January Average
788997,The December Loyals
365761,The May Planners
641160,The October Loyals
541037,The September Loyals
678616,The January Average
380795,The September Loyals
156948,The October Loyals
370300,The December Loyals
772834,The September Loyals
346295,The Dormant Browsers
633787,The September Loyals
264365,New travelers
211030,The Dormant Browsers
244595,New travelers
431034,The May Planners
505988,The February Loyals
766733,The September Loyals
945133,The September Loyals
517797,The Dormant Browsers
997539,The November Loyals
671173,The Autumn Budget
462253,The Lost Holiday Drifters
729154,The March Loyals
546997,The Dormant Browsers
393329,The Q4 Boomerang
481931,The February Loyals
707146,The September Loyals
173834,The Summer-Fall Hybrids
503988,New travelers
863884,The September Loyals
140223,New travelers
833169,New travelers
652034,The January Average
601105,The February Loyals
502353,The February Loyals
696486,The March Loyals
562677,The October Loyals
612311,The May Planners
908248,New travelers
920792,The September Loyals
777861,The Q4 Boomerang
283770,New travelers
576947,The March Loyals
138853,The Dormant Browsers
325593,New travelers
861675,The January Average
634328,The Lost Holiday Drifters
553061,The September Loyals
689389,The November Loyals
558598,The September Loyals
532832,The January Average
727847,The May Planners
156305,The November Loyals
604630,New travelers
237888,The March Loyals
260515,The September Loyals
617348,The March Loyals
728021,The January Average
764513,The May Planners
957764,The May Planners
358948,New travelers
937788,The February Loyals
704423,The September Loyals
952163,New travelers
100737,The September Loyals
881983,The September Loyals
321954,The September Loyals
379110,The November Loyals
270160,New travelers
330053,The December Loyals
482882,The Dormant Browsers
337857,The November Loyals
375115,New travelers
102308,New travelers
676941,The September Loyals
835062,The March Loyals
236093,The September Loyals
607588,New travelers
101363,The February Loyals
188559,The September Loyals
591377,The June Loyals
717521,The September Loyals
302188,New travelers
686509,The September Loyals
394195,The Lost Holiday Drifters
581294,The October Loyals
447439,The Lost Holiday Drifters
199507,The June Loyals
619483,The November Loyals
190465,The January Average
925164,New travelers
341169,The June Loyals
278916,The November Loyals
265284,The November Loyals
305843,The Q4 Boomerang
507112,The February Loyals
574835,The January Average
608605,The December Loyals
832983,The Q4 Boomerang
708539,The October Loyals
467945,The January Average
747227,The Q4 Boomerang
223534,The September Loyals
387721,The September Loyals
887730,The November Loyals
948576,The September Loyals
883773,The June Loyals
243696,The March Loyals
995079,New travelers
217124,The September Loyals
185101,The May Planners
611817,The September Loyals
665646,The Dormant Browsers
726499,The May Planners
921375,The November Loyals
968807,The February Loyals
471098,The September Loyals
365863,The December Loyals
565008,New travelers
871606,The May Planners
346456,The May Planners
251779,The June Loyals
236001,The December Loyals
306708,The February Loyals
241165,New travelers
689912,The February Loyals
204000,The Summer-Fall Hybrids
112797,New travelers
591272,The November Loyals
957628,The February Loyals
825465,The Summer-Fall Hybrids
203245,New travelers
358997,New travelers
929885,The December Loyals
692729,The September Loyals
649442,Holiday Travelers
679485,The October Loyals
512615,The September Loyals
931170,New travelers
754599,The March Loyals
266884,New travelers
328394,New travelers
373321,New travelers
521702,The May Planners
546994,The Lost Holiday Drifters
972954,New travelers
881399,New travelers
768072,The May Planners
914937,The June Loyals
227303,New travelers
367680,The September Loyals
372865,The Pandemic Drop-offs
200552,The November Loyals
975212,New travelers
549402,The March Loyals
891012,The March Loyals
294048,The February Loyals
743257,New travelers
467455,The Lost Holiday Drifters
134148,The Summer-Fall Hybrids
513590,The May Planners
648043,The December Loyals
995734,The March Loyals
904512,The Q4 Boomerang
926129,The Dormant Browsers
999550,The September Loyals
478770,The January Average
260285,New travelers
205671,The October Loyals
298543,The Summer-Fall Hybrids
322000,The November Loyals
483436,The October Loyals
536823,The November Loyals
782818,The January Average
928964,The September Loyals
603744,The January Average
495381,The March Loyals
413459,The January Average
801227,The June Loyals
551981,The September Loyals
576217,The June Loyals
633938,The May Planners
645450,The September Loyals
919748,The February Loyals
960761,New travelers
540142,The February Loyals
296104,The Lost Holiday Drifters
160143,The February Loyals
230124,The Q4 Boomerang
663067,The January Average
795230,The November Loyals
813455,The September Loyals
392575,The November Loyals
386926,The November Loyals
801542,New travelers
261789,The June Loyals
359011,The January Average
194297,The May Planners
330680,VIPs
201343,The January Average
363743,The March Loyals
477869,The November Loyals
924405,The Q4 Boomerang
575147,The November Loyals
596818,The November Loyals
575818,The September Loyals
436827,The March Loyals
955424,The June Loyals
828026,The Lost Holiday Drifters
842848,New travelers
106979,The November Loyals
599369,The March Loyals
531052,The May Planners
354483,The May Planners
941324,New travelers
988345,The March Loyals
341942,The May Planners
430475,The November Loyals
424317,New travelers
166825,New travelers
230942,The September Loyals
264331,The October Loyals
651250,The September Loyals
440320,The September Loyals
333039,The September Loyals
288015,New travelers
995527,The January Average
419493,The May Planners
781519,The November Loyals
473772,The February Loyals
458041,The October Loyals
329094,The June Loyals
143389,The December Loyals
252136,The February Loyals
255087,The October Loyals
869471,The November Loyals
961533,The Dormant Browsers
352306,The May Planners
167879,The Q4 Boomerang
678837,The November Loyals
795468,The January Average
441313,The March Loyals
909880,The Lost Holiday Drifters
649770,The May Planners
368566,The September Loyals
636045,The October Loyals
665701,The Dormant Browsers
321074,The June Loyals
507128,The Lost Holiday Drifters
764167,The November Loyals
842523,New travelers
885386,New travelers
359575,The September Loyals
253609,The Summer-Fall Hybrids
157766,The January Average
320728,The Q4 Boomerang
374721,The Dormant Browsers
880619,The Summer-Fall Hybrids
103758,New travelers
667718,New travelers
924643,The November Loyals
497836,The January Average
910716,The June Loyals
229530,The February Loyals
338291,New travelers
555301,The February Loyals
691542,VIPs
160181,The November Loyals
602043,New travelers
972964,The Dormant Browsers
567048,The March Loyals
962600,New travelers
707513,The March Loyals
935570,The Dormant Browsers
287211,The Lost Holiday Drifters
696444,The October Loyals
846718,New travelers
745420,The May Planners
204220,The September Loyals
365451,The February Loyals
652642,The Dormant Browsers
676585,The November Loyals
721707,The November Loyals
750893,New travelers
761423,The October Loyals
776399,New travelers
813567,The February Loyals
125393,The November Loyals
702868,The March Loyals
287254,The Summer-Fall Hybrids
504319,New travelers
869504,The February Loyals
586753,The November Loyals
657492,The September Loyals
200168,The Summer-Fall Hybrids
136345,New travelers
918631,The September Loyals
976307,The May Planners
433815,The March Loyals
622794,New travelers
858228,The Q4 Boomerang
789573,The March Loyals
353614,New travelers
458199,The Summer-Fall Hybrids
170232,The Lost Holiday Drifters
806995,The March Loyals
756526,New travelers
295387,The November Loyals
389225,The May Planners
530235,The November Loyals
531398,The Summer-Fall Hybrids
727595,The May Planners
173092,The September Loyals
263402,The Q4 Boomerang
912396,The September Loyals
151655,The December Loyals
412394,The November Loyals
775160,The January Average
465990,The September Loyals
745028,New travelers
942189,The Q4 Boomerang
869190,The January Average
527004,The Dormant Browsers
188218,New travelers
502977,The June Loyals
736219,The Q4 Boomerang
289665,The November Loyals
149462,The March Loyals
632981,The Summer-Fall Hybrids
561228,The December Loyals
830903,New travelers
477993,The September Loyals
811748,The Lost Holiday Drifters
246935,The March Loyals
772628,The January Average
104353,The March Loyals
526222,The May Planners
150754,The June Loyals
824462,The September Loyals
540836,New travelers
638733,The September Loyals
362201,The October Loyals
272144,The February Loyals
216095,The Dormant Browsers
851021,The Lost Holiday Drifters
413052,The March Loyals
836486,The September Loyals
751223,New travelers
244271,The September Loyals
114399,New travelers
362742,The Q4 Boomerang
396446,The September Loyals
935862,New travelers
529458,The September Loyals
214123,The Lost Holiday Drifters
209846,New travelers
925979,New travelers
133429,The November Loyals
134857,The Summer-Fall Hybrids
236026,The May Planners
426414,The September Loyals
605787,The September Loyals
752663,The November Loyals
812057,The January Average
977236,The Q4 Boomerang
995695,The September Loyals
705756,New travelers
708654,The June Loyals
938914,The December Loyals
671849,The February Loyals
209102,The September Loyals
574930,New travelers
656454,New travelers
338059,The December Loyals
544182,The September Loyals
688627,The May Planners
762389,The October Loyals
826930,New travelers
791202,The September Loyals
997912,New travelers
697766,The November Loyals
428129,The October Loyals
352747,The Dormant Browsers
919463,New travelers
556188,The June Loyals
576587,The January Average
468970,The December Loyals
840984,The September Loyals
285220,The October Loyals
904304,The September Loyals
858563,The January Average
951746,The Dormant Browsers
323720,The November Loyals
134241,The February Loyals
125493,New travelers
564838,The Q4 Boomerang
414239,The January Average
922210,The June Loyals
627915,The June Loyals
132928,The Lost Holiday Drifters
102740,New travelers
642247,New travelers
247645,The June Loyals
303445,New travelers
730370,The May Planners
181770,New travelers
692936,The Q4 Boomerang
909483,The February Loyals
237434,The March Loyals
961331,The January Average
318595,New travelers
436805,The Q4 Boomerang
504208,The January Average
410343,The Lost Holiday Drifters
192098,The May Planners
411744,The January Average
271463,VIPs
794334,New travelers
313996,The Lost Holiday Drifters
258849,The February Loyals
645333,New travelers
367006,New travelers
683875,The Q4 Boomerang
559127,The Lost Holiday Drifters
566991,The Dormant Browsers
105841,The September Loyals
652790,The September Loyals
159525,The September Loyals
148753,The October Loyals
179707,New travelers
202055,The May Planners
945765,The October Loyals
136879,The Dormant Browsers
428710,The May Planners
111507,The May Planners
281108,New travelers
675442,The June Loyals
599778,The September Loyals
893725,The May Planners
581596,The September Loyals
656415,The October Loyals
483899,The March Loyals
329736,The December Loyals
244527,New travelers
490053,The September Loyals
685720,The May Planners
229677,The May Planners
138777,New travelers
295078,The February Loyals
819267,The February Loyals
527194,The September Loyals
255028,The Lost Holiday Drifters
465241,The June Loyals
881828,The September Loyals
674327,The October Loyals
218241,The November Loyals
703937,The January Average
160203,The January Average
555517,New travelers
964151,The May Planners
538308,New travelers
470076,The May Planners
113293,The Summer-Fall Hybrids
602213,The November Loyals
723691,The September Loyals
836720,The Q4 Boomerang
835920,The September Loyals
893632,The March Loyals
405351,The January Average
924936,The May Planners
594468,New travelers
685375,The June Loyals
175320,The November Loyals
155118,The January Average
602574,The June Loyals
269434,New travelers
407933,The September Loyals
940213,The September Loyals
999758,New travelers
945037,The Autumn Budget
861629,New travelers
312180,The September Loyals
506193,The Pandemic Drop-offs
232871,The September Loyals
365887,New travelers
937071,New travelers
145292,New travelers
181033,The Summer-Fall Hybrids
267352,The December Loyals
670836,New travelers
276650,The November Loyals
944541,The September Loyals
142621,The May Planners
600746,The February Loyals
802556,The June Loyals
909068,New travelers
382971,New travelers
171638,VIPs
461859,The June Loyals
403500,The February Loyals
612269,The October Loyals
755867,The June Loyals
384599,The October Loyals
420202,The Q4 Boomerang
106776,The January Average
194786,The February Loyals
102851,The December Loyals
250921,The November Loyals
584796,New travelers
159745,The September Loyals
252954,The January Average
324048,The June Loyals
759310,New travelers
969764,The January Average
330131,The September Loyals
632199,The March Loyals
774931,New travelers
958299,The Summer-Fall Hybrids
231992,The Q4 Boomerang
555298,The September Loyals
507998,The September Loyals
840008,The Dormant Browsers
802478,The November Loyals
280292,The February Loyals
514559,The September Loyals
558511,The September Loyals
942601,The May Planners
605184,The September Loyals
765408,The Dormant Browsers
730768,New travelers
869133,The October Loyals
981851,The September Loyals
634503,The September Loyals
827668,The Lost Holiday Drifters
742732,The October Loyals
183235,The September Loyals
336247,The December Loyals
937662,The September Loyals
117939,The Lost Holiday Drifters
831964,The March Loyals
944506,The December Loyals
248356,The March Loyals
420590,VIPs
970195,The February Loyals
512177,The June Loyals
275807,The Q4 Boomerang
928116,The September Loyals
785389,New travelers
328303,The January Average
983130,The Summer-Fall Hybrids
313763,The Dormant Browsers
240209,The June Loyals
670000,The June Loyals
867301,The December Loyals
137529,The Lost Holiday Drifters
276648,The Summer-Fall Hybrids
398506,The January Average
300960,The February Loyals
280828,The September Loyals
622883,The March Loyals
419522,The October Loyals
588015,The February Loyals
782515,The June Loyals
109478,The September Loyals
458640,New travelers
541557,The September Loyals
665403,The September Loyals
774103,The September Loyals
505390,The September Loyals
867112,The March Loyals
942535,The Summer-Fall Hybrids
475132,The May Planners
468520,New travelers
571163,The September Loyals
317919,The May Planners
615826,The June Loyals
720939,The September Loyals
343218,The September Loyals
274535,The Dormant Browsers
265557,The February Loyals
563945,The October Loyals
919823,The January Average
562324,New travelers
335143,The December Loyals
880065,The May Planners
713406,The January Average
404475,The May Planners
423598,The May Planners
519442,The March Loyals
415381,The March Loyals
273020,The February Loyals
262211,The October Loyals
511765,The June Loyals
165188,The May Planners
180488,The November Loyals
543422,The June Loyals
859553,The Dormant Browsers
819375,The September Loyals
391611,The May Planners
864327,The December Loyals
920197,New travelers
684201,The March Loyals
807553,The December Loyals
211802,The Dormant Browsers
270901,The March Loyals
145323,The September Loyals
138421,The December Loyals
332962,The October Loyals
442103,The May Planners
801146,The May Planners
817041,New travelers
823453,The Summer-Fall Hybrids
122357,The September Loyals
360981,The Summer-Fall Hybrids
802621,The March Loyals
251641,The January Average
895433,The September Loyals
317774,The March Loyals
630265,The December Loyals
222743,The November Loyals
148766,New travelers
571406,New travelers
707592,New travelers
849616,New travelers
817288,New travelers
511253,The May Planners
167257,The December Loyals
433307,New travelers
601997,New travelers
860528,New travelers
507514,The September Loyals
207543,Holiday Travelers
553261,The October Loyals
883916,New travelers
882409,The Dormant Browsers
952326,The January Average
117782,The October Loyals
739345,The October Loyals
480760,The January Average
486708,The October Loyals
486897,The October Loyals
752217,VIPs
606846,The September Loyals
939094,The June Loyals
324404,New travelers
348350,New travelers
713094,The September Loyals
850694,The November Loyals
251950,The May Planners
926451,The November Loyals
866073,The October Loyals
117333,The September Loyals
668865,The September Loyals
467361,The September Loyals
881413,The June Loyals
981304,The December Loyals
254372,The December Loyals
128405,New travelers
134085,The September Loyals
213013,The September Loyals
238367,The Dormant Browsers
686709,The October Loyals
542976,The Dormant Browsers
769521,The December Loyals
835295,The Lost Holiday Drifters
852006,The September Loyals
870039,The February Loyals
991050,The October Loyals
246273,The October Loyals
278836,The Summer-Fall Hybrids
863392,New travelers
741801,The March Loyals
867289,The November Loyals
718227,The September Loyals
730795,New travelers
140130,The Lost Holiday Drifters
519087,The October Loyals
590514,The January Average
422164,New travelers
418784,New travelers
502670,The September Loyals
719824,The Summer-Fall Hybrids
723968,The Summer-Fall Hybrids
641884,The February Loyals
472376,New travelers
274858,The February Loyals
698573,The February Loyals
567420,The January Average
526020,New travelers
502152,New travelers
536699,The Lost Holiday Drifters
265677,The June Loyals
221205,The December Loyals
302313,The Pandemic Drop-offs
337932,The Autumn Budget
348835,The September Loyals
423313,New travelers
719135,The September Loyals
747578,The February Loyals
498514,New travelers
504260,The Summer-Fall Hybrids
815796,The Dormant Browsers
704149,The December Loyals
339371,New travelers
402136,New travelers
413853,The Summer-Fall Hybrids
586734,The March Loyals
689353,The October Loyals
840088,The October Loyals
254567,The Q4 Boomerang
254745,New travelers
563977,The May Planners
361944,The Pandemic Drop-offs
903679,The Lost Holiday Drifters
988691,VIPs
149993,The May Planners
961961,The January Average
677513,The June Loyals
810668,The September Loyals
946816,The December Loyals
917870,The January Average
711680,The September Loyals
714161,New travelers
554442,The October Loyals
512426,The November Loyals
530712,New travelers
945996,The November Loyals
609778,The June Loyals
356240,The Summer-Fall Hybrids
813620,The January Average
685171,The March Loyals
797902,The January Average
411651,New travelers
718491,New travelers
648575,The January Average
818864,The September Loyals
805932,The March Loyals
558097,The June Loyals
489842,The September Loyals
733903,The September Loyals
579424,The Dormant Browsers
210815,The June Loyals
590778,The Summer-Fall Hybrids
971581,The June Loyals
210100,New travelers
316548,New travelers
329088,The Pandemic Drop-offs
355795,The November Loyals
475009,New travelers
476477,The November Loyals
893127,New travelers
561722,New travelers
748299,The September Loyals
508488,The June Loyals
919888,VIPs
166966,The January Average
610465,The January Average
765338,The May Planners
902200,New travelers
907858,The May Planners
546736,New travelers
954836,The November Loyals
414211,The September Loyals
164983,The Summer-Fall Hybrids
319742,New travelers
662489,The Lost Holiday Drifters
739781,The September Loyals
537907,The March Loyals
767752,The February Loyals
768365,The January Average
484939,New travelers
371148,New travelers
739227,The Summer-Fall Hybrids
656958,New travelers
740422,The February Loyals
741926,New travelers
944702,The February Loyals
248445,New travelers
528413,The September Loyals
122519,The December Loyals
412817,The September Loyals
959793,The December Loyals
893863,The September Loyals
857292,The June Loyals
605723,The June Loyals
275670,The January Average
554636,The September Loyals
803587,The Dormant Browsers
937946,The October Loyals
275949,New travelers
294016,The March Loyals
651281,The January Average
131990,The June Loyals
837833,The November Loyals
755668,The Autumn Budget
935665,New travelers
344527,The January Average
460673,The Dormant Browsers
598760,The May Planners
265383,The December Loyals
817714,The June Loyals
106754,The March Loyals
323341,New travelers
250315,The September Loyals
784597,New travelers
557880,The October Loyals
662406,The September Loyals
401710,The May Planners
945015,The May Planners
219984,New travelers
662272,The Autumn Budget
873965,The Pandemic Drop-offs
892797,The September Loyals
661502,The November Loyals
340931,The December Loyals
350486,New travelers
149841,The May Planners
489523,The January Average
714840,New travelers
768313,The Q4 Boomerang
933251,New travelers
300733,The March Loyals
434385,The June Loyals
486075,The October Loyals
737604,The November Loyals
959179,New travelers
435223,The May Planners
100590,New travelers
553956,The September Loyals
316793,The January Average
504867,The Q4 Boomerang
544167,The June Loyals
552776,The Lost Holiday Drifters
842582,The March Loyals
912864,The September Loyals
544301,The May Planners
798279,The Autumn Budget
376299,The September Loyals
342570,The September Loyals
583670,The March Loyals
588917,The November Loyals
635334,The March Loyals
112678,The December Loyals
987205,The September Loyals
398924,The September Loyals
640285,The February Loyals
487195,The March Loyals
755073,The October Loyals
128156,The September Loyals
773546,The Summer-Fall Hybrids
336722,The February Loyals
954587,New travelers
323660,New travelers
464394,The Summer-Fall Hybrids
154981,The September Loyals
235683,The Autumn Budget
465347,The Summer-Fall Hybrids
247433,VIPs
419973,The October Loyals
403675,The November Loyals
532419,New travelers
488675,The September Loyals
851979,New travelers
351296,The Autumn Budget
481028,The January Average
786442,The October Loyals
753864,New travelers
969719,The Lost Holiday Drifters
612140,The December Loyals
427177,The October Loyals
670666,The June Loyals
702528,The January Average
795743,New travelers
310700,The January Average
118864,The September Loyals
632951,The Q4 Boomerang
217054,The December Loyals
262467,The February Loyals
497854,The January Average
755977,The October Loyals
344232,The September Loyals
546773,The November Loyals
302628,The December Loyals
302460,The Dormant Browsers
672917,New travelers
900501,The June Loyals
823768,The September Loyals
680886,The November Loyals
776187,The October Loyals
615459,The Summer-Fall Hybrids
652627,New travelers
