Loyalty#,Value_Based_Cluster_Name
100018,Fly fanatics
100102,Long-tenure
100140,Fly fanatics
100214,New engaged
100272,Long-tenure
100301,High-Value Frequent Flyers
100364,Fly fanatics
100380,Long-tenure
100428,Long-tenure
100504,Lost Occasional Travelers
100550,Long-tenure
100585,Long-tenure
100590,High-Value Low transactions
100642,Long-tenure
100644,New engaged
100646,New engaged
100727,Long-tenure
100737,New engaged
100753,Fly fanatics
100816,Long-tenure
100853,New engaged
100883,Long-tenure
100890,Long-tenure
101018,Long-tenure
101148,Long-tenure
101363,New engaged
101487,Long-tenure
101515,Long-tenure
101540,New engaged
101544,High-Value Frequent Flyers
101547,New Low-Value Customers
101581,Long-tenure
101594,Fly fanatics
101644,New Low-Value Customers
101663,Fly fanatics
101664,Long-tenure
101709,Fly fanatics
101768,High-Value Low transactions
101876,Lost Occasional Travelers
101895,High-Value Frequent Flyers
101945,Long-tenure
102168,New Low-Value Customers
102184,Fly fanatics
102207,Long-tenure
102299,Fly fanatics
102311,Fly fanatics
102376,High-Value Low transactions
102464,New engaged
102615,Reengaged Customers
102726,New engaged
102730,New Low-Value Customers
102740,High-Value Low transactions
102788,New engaged
102851,High-Value Frequent Flyers
102877,Fly fanatics
102982,New engaged
103043,Fly fanatics
103151,High-Value Frequent Flyers
103217,Long-tenure
103304,Long-tenure
103340,Fly fanatics
103359,Fly fanatics
103362,Reengaged Customers
103436,Long-tenure
103490,High-Value Frequent Flyers
103502,New engaged
103536,Long-tenure
103699,New Low-Value Customers
103731,New engaged
103758,High-Value Low transactions
103823,Long-tenure
103860,Long-tenure
103862,Long-tenure
103916,Long-tenure
103969,High-Value Frequent Flyers
103970,Fly fanatics
103975,New Low-Value Customers
103985,Reengaged Customers
104103,Fly fanatics
104267,New Low-Value Customers
104353,High-Value Frequent Flyers
104431,Long-tenure
104541,Long-tenure
104586,Fly fanatics
104673,High-Value Frequent Flyers
104732,New engaged
104849,Fly fanatics
104960,Long-tenure
105063,New Low-Value Customers
105073,New Low-Value Customers
105074,Fly fanatics
105193,New Low-Value Customers
105214,Long-tenure
105251,Lost Occasional Travelers
105335,Long-tenure
105552,Fly fanatics
105688,Long-tenure
105712,New engaged
105789,Long-tenure
105835,New Low-Value Customers
105841,High-Value Frequent Flyers
105921,Long-tenure
105932,New engaged
105992,Fly fanatics
106037,Fly fanatics
106038,New engaged
106046,Fly fanatics
106048,New Low-Value Customers
106218,High-Value Frequent Flyers
106397,Long-tenure
106444,New Low-Value Customers
106477,Long-tenure
106592,Fly fanatics
106616,New Low-Value Customers
106623,New Low-Value Customers
106637,Long-tenure
106689,New engaged
106754,High-Value Frequent Flyers
106757,High-Value Frequent Flyers
106776,High-Value Frequent Flyers
106838,New engaged
106839,Fly fanatics
106936,High-Value Frequent Flyers
106946,Fly fanatics
106964,New Low-Value Customers
106978,Long-tenure
106979,Long-tenure
107037,High-Value Low transactions
107067,Fly fanatics
107119,High-Value Frequent Flyers
107141,Long-tenure
107203,Fly fanatics
107212,Long-tenure
107296,High-Value Low transactions
107385,New Low-Value Customers
107420,High-Value Low transactions
107461,Fly fanatics
107466,Fly fanatics
107487,New Low-Value Customers
107519,New Low-Value Customers
107571,New engaged
107649,Long-tenure
107719,Long-tenure
107730,High-Value Low transactions
107835,New Low-Value Customers
107902,New engaged
107993,High-Value Frequent Flyers
108264,Long-tenure
108346,New Low-Value Customers
108367,Lost Occasional Travelers
108381,Fly fanatics
108430,High-Value Frequent Flyers
108440,Long-tenure
108462,New engaged
108528,Fly fanatics
108625,High-Value Frequent Flyers
108666,New engaged
108857,Lost Occasional Travelers
108896,Lost Occasional Travelers
108907,Fly fanatics
109022,Long-tenure
109023,New engaged
109029,New Low-Value Customers
109203,Long-tenure
109399,New engaged
109478,High-Value Frequent Flyers
109495,Long-tenure
109517,High-Value Frequent Flyers
109552,High-Value Frequent Flyers
109612,New Low-Value Customers
109660,Fly fanatics
109767,Fly fanatics
109840,New engaged
109896,Long-tenure
109903,Long-tenure
109956,Lost Occasional Travelers
110001,New engaged
110030,Lost Occasional Travelers
110065,High-Value Low transactions
110099,Long-tenure
110142,New Low-Value Customers
110170,New Low-Value Customers
110211,Lost Occasional Travelers
110262,New engaged
110296,Long-tenure
110394,Long-tenure
110422,New Low-Value Customers
110476,Long-tenure
110678,Fly fanatics
110691,New engaged
110752,Long-tenure
111022,High-Value Frequent Flyers
111034,Long-tenure
111171,Long-tenure
111176,Long-tenure
111255,Long-tenure
111286,Long-tenure
111329,New engaged
111485,Fly fanatics
111507,High-Value Frequent Flyers
111573,High-Value Frequent Flyers
111584,New engaged
111646,Lost Occasional Travelers
111788,Fly fanatics
111899,Lost Occasional Travelers
111912,Fly fanatics
112026,Long-tenure
112226,Long-tenure
112393,Long-tenure
112522,New engaged
112632,New engaged
112661,Lost Occasional Travelers
112678,High-Value Frequent Flyers
112709,Fly fanatics
112732,Fly fanatics
112733,Long-tenure
112842,New engaged
112856,High-Value Frequent Flyers
112863,High-Value Frequent Flyers
113040,Long-tenure
113184,New Low-Value Customers
113220,Long-tenure
113293,High-Value Low transactions
113316,New Low-Value Customers
113363,New Low-Value Customers
113442,New Low-Value Customers
113476,Long-tenure
113529,New Low-Value Customers
113558,Fly fanatics
113578,Lost Occasional Travelers
113679,Fly fanatics
113694,Long-tenure
113755,Long-tenure
113779,High-Value Frequent Flyers
113804,New engaged
113831,Fly fanatics
113839,New engaged
113861,New engaged
113864,New Low-Value Customers
113874,New Low-Value Customers
113877,Fly fanatics
113904,High-Value Frequent Flyers
113919,New engaged
114018,Long-tenure
114021,Fly fanatics
114131,New Low-Value Customers
114214,Lost Occasional Travelers
114219,Long-tenure
114242,New engaged
114307,Long-tenure
114399,High-Value Low transactions
114493,New engaged
114553,Long-tenure
114638,Long-tenure
114700,New Low-Value Customers
114743,New Low-Value Customers
114835,New engaged
114857,Fly fanatics
114903,Long-tenure
114924,Lost Occasional Travelers
114927,New engaged
114983,Long-tenure
115322,Long-tenure
115354,Long-tenure
115405,New engaged
115427,Fly fanatics
115505,New Low-Value Customers
115529,Fly fanatics
115633,Long-tenure
115705,High-Value Frequent Flyers
115749,New Low-Value Customers
115805,Long-tenure
115852,High-Value Frequent Flyers
116016,Long-tenure
116045,Fly fanatics
116164,New Low-Value Customers
116207,Lost Occasional Travelers
116238,High-Value Low transactions
116288,New engaged
116332,Long-tenure
116372,Fly fanatics
116562,Reengaged Customers
116703,Long-tenure
116732,High-Value Low transactions
116735,High-Value Frequent Flyers
116895,High-Value Low transactions
116897,New Low-Value Customers
116932,New engaged
116948,New Low-Value Customers
116999,High-Value Frequent Flyers
117033,Long-tenure
117053,High-Value Frequent Flyers
117169,Long-tenure
117219,Fly fanatics
117240,New Low-Value Customers
117333,High-Value Frequent Flyers
117342,New engaged
117358,New Low-Value Customers
117408,Fly fanatics
117456,Fly fanatics
117460,New engaged
117482,Fly fanatics
117618,Long-tenure
117782,High-Value Frequent Flyers
117910,Fly fanatics
117915,New Low-Value Customers
117932,New engaged
117939,Lost Occasional Travelers
117975,Lost Occasional Travelers
118076,Fly fanatics
118320,Long-tenure
118332,Fly fanatics
118355,New engaged
118365,Long-tenure
118376,High-Value Low transactions
118379,Fly fanatics
118418,Fly fanatics
118511,Lost Occasional Travelers
118514,New Low-Value Customers
118612,New engaged
118628,New engaged
118632,Fly fanatics
118675,Fly fanatics
118729,Lost Occasional Travelers
118864,High-Value Frequent Flyers
119009,Long-tenure
119015,New Low-Value Customers
119135,Long-tenure
119198,Fly fanatics
119200,New engaged
119408,New Low-Value Customers
119460,Fly fanatics
119488,New engaged
119519,Long-tenure
119633,Long-tenure
119634,Fly fanatics
119638,New Low-Value Customers
119690,New Low-Value Customers
119731,Long-tenure
119837,Long-tenure
119845,Long-tenure
119997,Fly fanatics
120046,New engaged
120126,New engaged
120140,Fly fanatics
120164,High-Value Frequent Flyers
120192,Long-tenure
120393,New engaged
120434,New engaged
120554,Long-tenure
120583,Long-tenure
120594,Fly fanatics
120613,New engaged
120799,New Low-Value Customers
120868,New engaged
121068,New engaged
121095,Fly fanatics
121139,New engaged
121183,Fly fanatics
121236,Lost Occasional Travelers
121351,High-Value Low transactions
121410,Long-tenure
121605,Long-tenure
121710,Long-tenure
121737,New Low-Value Customers
121751,New Low-Value Customers
121856,High-Value Low transactions
121919,New Low-Value Customers
121930,New Low-Value Customers
121935,New engaged
122009,Long-tenure
122020,New engaged
122049,Long-tenure
122094,Long-tenure
122166,New engaged
122283,New engaged
122357,High-Value Frequent Flyers
122456,New engaged
122517,Lost Occasional Travelers
122519,High-Value Frequent Flyers
122545,New engaged
122561,New Low-Value Customers
122577,New engaged
122685,Fly fanatics
122797,New Low-Value Customers
122858,Reengaged Customers
122890,Fly fanatics
122946,New engaged
122958,Fly fanatics
123060,Fly fanatics
123083,Fly fanatics
123094,New Low-Value Customers
123115,Long-tenure
123164,New engaged
123344,New engaged
123393,Long-tenure
123420,Fly fanatics
123525,High-Value Frequent Flyers
123586,New engaged
123667,Long-tenure
123668,Fly fanatics
123697,Long-tenure
123702,Long-tenure
123727,High-Value Low transactions
123773,Long-tenure
123830,Lost Occasional Travelers
123908,Long-tenure
123944,New Low-Value Customers
124038,Fly fanatics
124056,New engaged
124085,New engaged
124088,New engaged
124119,Long-tenure
124195,New Low-Value Customers
124207,New Low-Value Customers
124351,Lost Occasional Travelers
124355,Long-tenure
124377,New Low-Value Customers
124678,Long-tenure
124761,Fly fanatics
125059,New Low-Value Customers
125068,New Low-Value Customers
125300,Fly fanatics
125393,High-Value Frequent Flyers
125493,High-Value Low transactions
125606,New Low-Value Customers
125919,New engaged
125969,Fly fanatics
125996,Long-tenure
126097,Fly fanatics
126216,Long-tenure
126219,Long-tenure
126239,Long-tenure
126262,Fly fanatics
126424,High-Value Frequent Flyers
126466,Long-tenure
126581,Fly fanatics
126665,New engaged
127039,Fly fanatics
127127,Fly fanatics
127128,New engaged
127137,Long-tenure
127185,Fly fanatics
127241,New Low-Value Customers
127279,Long-tenure
127289,Long-tenure
127311,Long-tenure
127350,Fly fanatics
127400,Long-tenure
127410,Fly fanatics
127496,New Low-Value Customers
127590,New engaged
127645,Fly fanatics
127663,Long-tenure
127725,New engaged
127785,Fly fanatics
127827,Long-tenure
127882,New engaged
127946,New engaged
127966,Fly fanatics
128007,New engaged
128032,New Low-Value Customers
128039,Fly fanatics
128041,New engaged
128156,High-Value Frequent Flyers
128210,Long-tenure
128245,Lost Occasional Travelers
128280,New engaged
128325,New engaged
128459,High-Value Frequent Flyers
128467,Long-tenure
128475,Long-tenure
128534,Long-tenure
128572,New Low-Value Customers
128587,High-Value Low transactions
128611,Long-tenure
128633,Long-tenure
128749,New Low-Value Customers
128754,Lost Occasional Travelers
128789,Long-tenure
128950,Long-tenure
128975,High-Value Frequent Flyers
129030,New engaged
129171,New Low-Value Customers
129343,Long-tenure
129372,New engaged
129409,New engaged
129429,New engaged
129434,Fly fanatics
129510,Long-tenure
129515,Long-tenure
129533,Lost Occasional Travelers
129555,Fly fanatics
129817,Long-tenure
129827,High-Value Frequent Flyers
129914,New engaged
129976,New engaged
130032,High-Value Frequent Flyers
130077,High-Value Frequent Flyers
130086,New engaged
130179,New Low-Value Customers
130208,Long-tenure
130217,Lost Occasional Travelers
130326,Long-tenure
130368,Fly fanatics
130419,Fly fanatics
130439,Lost Occasional Travelers
130446,New engaged
130497,New Low-Value Customers
130548,Long-tenure
130593,Long-tenure
130823,Long-tenure
130953,Fly fanatics
131001,Fly fanatics
131036,New engaged
131047,Fly fanatics
131098,High-Value Frequent Flyers
131228,New engaged
131253,High-Value Frequent Flyers
131257,Long-tenure
131321,New engaged
131342,Fly fanatics
131463,Long-tenure
131558,New engaged
131560,Long-tenure
131673,New engaged
131680,New engaged
131721,Fly fanatics
131761,Long-tenure
131772,High-Value Frequent Flyers
131815,Long-tenure
131893,Long-tenure
131956,Reengaged Customers
131990,High-Value Frequent Flyers
131997,Long-tenure
132045,New engaged
132209,Long-tenure
132296,Long-tenure
132319,Long-tenure
132320,New engaged
132337,Long-tenure
132552,New Low-Value Customers
132592,Fly fanatics
132705,Long-tenure
132756,New engaged
132774,Long-tenure
132884,Long-tenure
132914,Long-tenure
132928,Lost Occasional Travelers
132935,Long-tenure
133035,New engaged
133065,New engaged
133066,Fly fanatics
133128,New engaged
133324,New engaged
133429,High-Value Frequent Flyers
133518,Fly fanatics
133608,Long-tenure
133698,New engaged
133730,Long-tenure
133732,Long-tenure
133821,Fly fanatics
133859,Long-tenure
133956,New engaged
134000,Reengaged Customers
134012,Reengaged Customers
134085,High-Value Frequent Flyers
134148,High-Value Low transactions
134180,New engaged
134202,Long-tenure
134241,High-Value Frequent Flyers
134273,Long-tenure
134279,New Low-Value Customers
134397,New engaged
134470,New engaged
134717,New engaged
134738,Fly fanatics
134760,Fly fanatics
134847,New Low-Value Customers
134857,High-Value Frequent Flyers
135016,New engaged
135076,New engaged
135134,High-Value Frequent Flyers
135250,Long-tenure
135257,New Low-Value Customers
135279,New Low-Value Customers
135312,Fly fanatics
135381,Fly fanatics
135382,Fly fanatics
135392,Fly fanatics
135554,Long-tenure
135574,New engaged
135578,Long-tenure
135808,Long-tenure
135841,New engaged
135872,Lost Occasional Travelers
135878,Lost Occasional Travelers
135977,Fly fanatics
136020,Long-tenure
136022,Long-tenure
136049,New Low-Value Customers
136089,Fly fanatics
136106,High-Value Frequent Flyers
136121,High-Value Frequent Flyers
136169,Fly fanatics
136230,New Low-Value Customers
136232,Fly fanatics
136334,Fly fanatics
136430,Long-tenure
136470,Long-tenure
136473,New Low-Value Customers
136516,Long-tenure
136547,Long-tenure
136608,New Low-Value Customers
136637,Long-tenure
136715,New engaged
136772,Lost Occasional Travelers
136879,High-Value Low transactions
136906,Fly fanatics
137020,New Low-Value Customers
137040,New engaged
137106,Long-tenure
137161,New engaged
137185,Long-tenure
137209,New Low-Value Customers
137227,New engaged
137251,New Low-Value Customers
137529,Lost Occasional Travelers
137646,High-Value Frequent Flyers
137744,New Low-Value Customers
137751,New engaged
137845,Long-tenure
137850,High-Value Frequent Flyers
137852,New engaged
137858,New Low-Value Customers
137944,New engaged
137952,Long-tenure
137968,New Low-Value Customers
137973,New Low-Value Customers
137985,New engaged
137999,Long-tenure
138025,Lost Occasional Travelers
138065,Lost Occasional Travelers
138121,Fly fanatics
138204,Fly fanatics
138369,Long-tenure
138421,High-Value Frequent Flyers
138475,Long-tenure
138565,Fly fanatics
138653,New Low-Value Customers
138737,Fly fanatics
138746,Long-tenure
138759,New Low-Value Customers
138768,Fly fanatics
138810,New Low-Value Customers
138853,High-Value Low transactions
138873,Lost Occasional Travelers
138894,Fly fanatics
138896,Long-tenure
138908,Fly fanatics
138981,Fly fanatics
138993,Long-tenure
139022,High-Value Low transactions
139023,New Low-Value Customers
139087,High-Value Frequent Flyers
139135,New engaged
139479,Lost Occasional Travelers
139511,Long-tenure
139518,Fly fanatics
139532,New engaged
139600,New Low-Value Customers
139699,High-Value Low transactions
139863,New engaged
139932,Long-tenure
139974,New Low-Value Customers
140005,New engaged
140077,New Low-Value Customers
140079,Long-tenure
140130,High-Value Frequent Flyers
140191,New engaged
140208,Fly fanatics
140290,Fly fanatics
140381,Long-tenure
140391,Long-tenure
140392,Long-tenure
140419,New engaged
140483,Fly fanatics
140534,Long-tenure
140598,Long-tenure
140674,Long-tenure
140750,Long-tenure
140768,Long-tenure
140823,New engaged
140891,Fly fanatics
140977,New engaged
141023,Fly fanatics
141043,Lost Occasional Travelers
141047,Fly fanatics
141139,Fly fanatics
141181,New engaged
141233,Long-tenure
141266,Fly fanatics
141456,New Low-Value Customers
141497,New Low-Value Customers
141614,Long-tenure
141655,Long-tenure
141703,Fly fanatics
141742,New engaged
141844,Long-tenure
141877,Long-tenure
141945,High-Value Frequent Flyers
142190,New engaged
142224,New engaged
142290,New engaged
142354,Fly fanatics
142371,Long-tenure
142434,Lost Occasional Travelers
142511,New engaged
142545,Long-tenure
142609,New Low-Value Customers
142621,High-Value Frequent Flyers
142686,Fly fanatics
142715,New engaged
142717,Fly fanatics
142726,New Low-Value Customers
142749,Long-tenure
142812,Long-tenure
142855,New engaged
142906,Long-tenure
142925,New Low-Value Customers
142950,Long-tenure
143087,Fly fanatics
143151,High-Value Frequent Flyers
143266,New Low-Value Customers
143389,High-Value Frequent Flyers
143422,Long-tenure
143730,Long-tenure
143784,Long-tenure
143981,Fly fanatics
144328,Long-tenure
144355,Long-tenure
144402,New engaged
144514,New engaged
144523,Long-tenure
144565,New engaged
144593,Fly fanatics
144615,High-Value Frequent Flyers
144633,Long-tenure
144641,New Low-Value Customers
144756,New engaged
144830,Long-tenure
144879,New engaged
144936,Lost Occasional Travelers
144977,Long-tenure
145017,High-Value Low transactions
145177,Long-tenure
145193,New Low-Value Customers
145220,New engaged
145322,High-Value Frequent Flyers
145323,High-Value Frequent Flyers
145449,New Low-Value Customers
145480,Long-tenure
145552,Fly fanatics
145688,New Low-Value Customers
145988,New engaged
146028,Long-tenure
146037,New engaged
146067,Long-tenure
146086,New engaged
146090,New Low-Value Customers
146099,New Low-Value Customers
146215,New engaged
146354,New Low-Value Customers
146400,New engaged
146527,Fly fanatics
146560,New Low-Value Customers
146702,New engaged
146760,Long-tenure
146839,Fly fanatics
147064,Long-tenure
147241,New engaged
147272,Long-tenure
147408,New Low-Value Customers
147602,Fly fanatics
147700,New engaged
147754,Fly fanatics
147891,New engaged
147898,Long-tenure
147986,Lost Occasional Travelers
148201,Fly fanatics
148208,New engaged
148216,New Low-Value Customers
148234,Long-tenure
148258,New engaged
148289,New Low-Value Customers
148299,Long-tenure
148322,New Low-Value Customers
148368,Fly fanatics
148381,Long-tenure
148382,High-Value Low transactions
148453,New Low-Value Customers
148486,New engaged
148487,High-Value Frequent Flyers
148570,New engaged
148612,New engaged
148690,New engaged
148749,New Low-Value Customers
148753,High-Value Frequent Flyers
148767,Long-tenure
148865,New Low-Value Customers
148942,New engaged
148982,New Low-Value Customers
149174,High-Value Low transactions
149225,New engaged
149318,New engaged
149348,High-Value Frequent Flyers
149426,New engaged
149430,New Low-Value Customers
149462,High-Value Frequent Flyers
149549,New engaged
149655,New engaged
149782,Long-tenure
149841,High-Value Low transactions
149846,Fly fanatics
149884,New engaged
149912,New Low-Value Customers
149993,High-Value Frequent Flyers
150004,Long-tenure
150074,New engaged
150134,Long-tenure
150141,Reengaged Customers
150233,Lost Occasional Travelers
150253,Fly fanatics
150291,Long-tenure
150301,High-Value Frequent Flyers
150383,New Low-Value Customers
150656,New Low-Value Customers
150751,New Low-Value Customers
150754,High-Value Frequent Flyers
150767,New engaged
150883,New engaged
150909,Fly fanatics
151010,New Low-Value Customers
151030,New engaged
151036,High-Value Low transactions
151183,Long-tenure
151327,High-Value Frequent Flyers
151399,Long-tenure
151554,New engaged
151571,New Low-Value Customers
151627,New engaged
151655,High-Value Frequent Flyers
151967,New Low-Value Customers
152007,Lost Occasional Travelers
152014,Fly fanatics
152016,New Low-Value Customers
152139,New engaged
152148,Long-tenure
152276,Fly fanatics
152305,New engaged
152307,High-Value Low transactions
152338,Long-tenure
152355,High-Value Frequent Flyers
152406,Long-tenure
152423,Long-tenure
152499,Lost Occasional Travelers
152681,Long-tenure
152740,New Low-Value Customers
152778,Fly fanatics
153003,New engaged
153072,New engaged
153146,Fly fanatics
153193,Long-tenure
153261,Fly fanatics
153395,High-Value Frequent Flyers
153439,Reengaged Customers
153462,New Low-Value Customers
153582,New Low-Value Customers
153586,Fly fanatics
153600,New engaged
153626,Long-tenure
153645,Lost Occasional Travelers
153656,Lost Occasional Travelers
153760,Lost Occasional Travelers
153884,Fly fanatics
153953,New Low-Value Customers
153987,New Low-Value Customers
153998,New engaged
154136,Lost Occasional Travelers
154172,New engaged
154173,Reengaged Customers
154175,Long-tenure
154194,Reengaged Customers
154230,Fly fanatics
154480,Long-tenure
154606,New engaged
154643,New engaged
154644,Fly fanatics
154652,Long-tenure
154680,New engaged
154726,Lost Occasional Travelers
154736,New engaged
154782,New Low-Value Customers
154855,New Low-Value Customers
154864,New engaged
154868,New Low-Value Customers
154889,Lost Occasional Travelers
154981,High-Value Frequent Flyers
155020,High-Value Low transactions
155118,High-Value Frequent Flyers
155253,Lost Occasional Travelers
155354,Fly fanatics
155374,Fly fanatics
155488,Long-tenure
155654,New engaged
155763,New engaged
155791,New engaged
155795,New engaged
155820,Fly fanatics
155964,Fly fanatics
155965,New Low-Value Customers
156138,New engaged
156305,Long-tenure
156313,Fly fanatics
156355,New engaged
156457,Long-tenure
156666,New Low-Value Customers
156673,Long-tenure
156684,New engaged
156730,New Low-Value Customers
156750,New engaged
156868,High-Value Frequent Flyers
156870,New Low-Value Customers
156879,New Low-Value Customers
156945,New Low-Value Customers
156948,Fly fanatics
156959,New engaged
156980,High-Value Low transactions
157005,Fly fanatics
157092,Fly fanatics
157200,Long-tenure
157212,Fly fanatics
157300,New Low-Value Customers
157566,New Low-Value Customers
157672,New Low-Value Customers
157674,Long-tenure
157704,High-Value Frequent Flyers
157712,Long-tenure
157729,New Low-Value Customers
157731,Fly fanatics
157751,High-Value Frequent Flyers
157766,High-Value Frequent Flyers
157771,Lost Occasional Travelers
157816,New engaged
157879,New engaged
157902,New Low-Value Customers
157911,Long-tenure
158113,Long-tenure
158314,New Low-Value Customers
158400,Long-tenure
158401,New Low-Value Customers
158508,Fly fanatics
158560,New engaged
158680,New engaged
158901,New engaged
158969,High-Value Frequent Flyers
158995,New Low-Value Customers
159227,New engaged
159233,New engaged
159272,Fly fanatics
159275,Long-tenure
159344,Fly fanatics
159351,Long-tenure
159359,New Low-Value Customers
159397,High-Value Frequent Flyers
159486,Lost Occasional Travelers
159500,New engaged
159525,High-Value Frequent Flyers
159531,Long-tenure
159533,New Low-Value Customers
159608,Long-tenure
159680,Fly fanatics
159688,Fly fanatics
159745,High-Value Frequent Flyers
159751,Fly fanatics
159800,Lost Occasional Travelers
159856,Fly fanatics
159942,Lost Occasional Travelers
159960,Long-tenure
160135,Long-tenure
160143,High-Value Frequent Flyers
160154,High-Value Frequent Flyers
160181,High-Value Frequent Flyers
160203,High-Value Frequent Flyers
160250,Long-tenure
160266,New Low-Value Customers
160320,Long-tenure
160471,New Low-Value Customers
160640,High-Value Frequent Flyers
160686,Long-tenure
160707,Long-tenure
160740,High-Value Frequent Flyers
160773,Fly fanatics
160905,High-Value Frequent Flyers
160927,Fly fanatics
160993,New engaged
161045,New engaged
161103,Long-tenure
161180,Long-tenure
161241,Fly fanatics
161276,Long-tenure
161338,High-Value Frequent Flyers
161373,Lost Occasional Travelers
161414,New Low-Value Customers
161415,New engaged
161437,Long-tenure
161574,New engaged
161650,Lost Occasional Travelers
161728,New Low-Value Customers
161766,Long-tenure
161769,Fly fanatics
161780,New Low-Value Customers
161956,High-Value Low transactions
162013,Long-tenure
162166,Fly fanatics
162167,Long-tenure
162180,New engaged
162420,High-Value Frequent Flyers
162456,Long-tenure
162472,Reengaged Customers
162485,Lost Occasional Travelers
162489,Long-tenure
162496,New engaged
162658,Long-tenure
163002,New engaged
163058,Long-tenure
163083,New engaged
163260,New engaged
163301,New Low-Value Customers
163388,Long-tenure
163405,High-Value Low transactions
163445,New Low-Value Customers
163598,Long-tenure
163608,Long-tenure
163615,New engaged
163639,New engaged
163645,Long-tenure
163757,Fly fanatics
163776,Long-tenure
163970,Long-tenure
164013,Fly fanatics
164017,New Low-Value Customers
164034,New engaged
164094,New engaged
164192,High-Value Low transactions
164224,New Low-Value Customers
164226,Long-tenure
164298,Lost Occasional Travelers
164313,Fly fanatics
164363,Long-tenure
164374,New engaged
164388,Long-tenure
164429,Long-tenure
164500,New Low-Value Customers
164512,New engaged
164559,New Low-Value Customers
164657,Fly fanatics
164743,Fly fanatics
164794,New Low-Value Customers
164947,High-Value Frequent Flyers
164973,New engaged
164983,High-Value Frequent Flyers
165019,Long-tenure
165022,New Low-Value Customers
165056,New engaged
165138,Fly fanatics
165188,High-Value Frequent Flyers
165224,Lost Occasional Travelers
165260,New engaged
165265,Fly fanatics
165339,New Low-Value Customers
165443,New engaged
165484,New engaged
165550,Fly fanatics
165554,New engaged
165596,Fly fanatics
165742,High-Value Frequent Flyers
165759,Fly fanatics
165827,New engaged
165893,Long-tenure
165900,Long-tenure
166011,New Low-Value Customers
166037,Long-tenure
166175,New engaged
166239,Long-tenure
166273,High-Value Low transactions
166333,Long-tenure
166475,Long-tenure
166535,Long-tenure
166537,Fly fanatics
166577,Fly fanatics
166677,Lost Occasional Travelers
166693,Long-tenure
166705,Long-tenure
166712,Long-tenure
166825,High-Value Low transactions
166829,New engaged
166846,High-Value Frequent Flyers
166865,Long-tenure
166911,Long-tenure
166938,New engaged
166953,New engaged
166955,New engaged
166966,High-Value Low transactions
167001,Lost Occasional Travelers
167016,Long-tenure
167026,Long-tenure
167062,Long-tenure
167177,New Low-Value Customers
167257,High-Value Frequent Flyers
167335,Long-tenure
167363,Fly fanatics
167465,New engaged
167515,Long-tenure
167575,Lost Occasional Travelers
167578,High-Value Frequent Flyers
167587,Fly fanatics
167660,Long-tenure
167795,Fly fanatics
167879,High-Value Low transactions
167933,Fly fanatics
168026,Long-tenure
168123,New Low-Value Customers
168160,New engaged
168290,High-Value Frequent Flyers
168302,New Low-Value Customers
168316,Fly fanatics
168349,Long-tenure
168385,Long-tenure
168418,New engaged
168727,New Low-Value Customers
168843,Fly fanatics
168887,New engaged
169054,Long-tenure
169129,Fly fanatics
169131,New Low-Value Customers
169137,New engaged
169247,High-Value Low transactions
169253,New Low-Value Customers
169302,New Low-Value Customers
169393,Fly fanatics
169418,New Low-Value Customers
169525,Fly fanatics
169529,New Low-Value Customers
169603,New Low-Value Customers
169661,Long-tenure
169665,Long-tenure
169697,Long-tenure
169699,Lost Occasional Travelers
169857,Long-tenure
169932,Long-tenure
169948,Fly fanatics
169950,New Low-Value Customers
170027,Fly fanatics
170079,Long-tenure
170091,New Low-Value Customers
170152,High-Value Low transactions
170211,Long-tenure
170232,Lost Occasional Travelers
170311,Long-tenure
170321,Long-tenure
170368,New engaged
170404,Fly fanatics
170443,New engaged
170531,Fly fanatics
170544,New engaged
170566,New engaged
170585,Long-tenure
170656,Fly fanatics
170710,Long-tenure
170791,Fly fanatics
170799,New engaged
170801,New Low-Value Customers
170903,Lost Occasional Travelers
170965,New engaged
171047,New engaged
171137,New Low-Value Customers
171192,High-Value Low transactions
171257,New engaged
171264,Fly fanatics
171350,High-Value Frequent Flyers
171419,New engaged
171582,Lost Occasional Travelers
171638,High-Value Low transactions
171691,New Low-Value Customers
171788,New Low-Value Customers
171883,New engaged
171902,Lost Occasional Travelers
171906,New engaged
171908,New Low-Value Customers
171937,Fly fanatics
172059,New engaged
172135,New engaged
172162,New Low-Value Customers
172200,New Low-Value Customers
172233,New Low-Value Customers
172259,Lost Occasional Travelers
172284,New Low-Value Customers
172345,New engaged
172348,New engaged
172444,Fly fanatics
172491,Reengaged Customers
172532,New Low-Value Customers
172593,New engaged
172610,New engaged
172724,New Low-Value Customers
172755,New Low-Value Customers
172757,Long-tenure
172971,New Low-Value Customers
172983,New engaged
172987,Long-tenure
173092,High-Value Frequent Flyers
173212,Long-tenure
173227,New Low-Value Customers
173235,New Low-Value Customers
173252,Fly fanatics
173343,New engaged
173356,New engaged
173398,High-Value Frequent Flyers
173416,Long-tenure
173446,High-Value Frequent Flyers
173485,Fly fanatics
173506,New engaged
173531,New Low-Value Customers
173548,Long-tenure
173666,New engaged
173673,High-Value Low transactions
173798,New engaged
173834,New Low-Value Customers
173873,Fly fanatics
173884,New Low-Value Customers
173938,Fly fanatics
174044,Long-tenure
174343,Long-tenure
174439,Fly fanatics
174666,New Low-Value Customers
174669,Reengaged Customers
174702,New Low-Value Customers
174729,Fly fanatics
174743,New engaged
174803,New engaged
174923,Fly fanatics
174996,Fly fanatics
175017,High-Value Frequent Flyers
175104,Long-tenure
175169,High-Value Frequent Flyers
175249,Long-tenure
175285,Long-tenure
175320,High-Value Frequent Flyers
175342,Long-tenure
175360,Long-tenure
175387,Lost Occasional Travelers
175488,High-Value Frequent Flyers
175528,High-Value Frequent Flyers
175584,Fly fanatics
175711,New engaged
175804,New engaged
175814,Long-tenure
175902,New Low-Value Customers
175954,High-Value Frequent Flyers
175967,New engaged
176115,Long-tenure
176142,High-Value Low transactions
176166,New engaged
176278,Long-tenure
176284,New engaged
176359,New engaged
176379,New Low-Value Customers
176480,New engaged
176521,New Low-Value Customers
176599,Long-tenure
176611,New Low-Value Customers
176688,Long-tenure
176848,New Low-Value Customers
177029,New Low-Value Customers
177146,Long-tenure
177345,New Low-Value Customers
177457,Long-tenure
177483,Fly fanatics
177518,Long-tenure
177583,New Low-Value Customers
177598,Long-tenure
177700,New engaged
177713,New engaged
177814,New Low-Value Customers
177962,High-Value Frequent Flyers
177993,New engaged
178036,Fly fanatics
178077,Long-tenure
178081,New Low-Value Customers
178157,Lost Occasional Travelers
178160,Long-tenure
178331,Fly fanatics
178335,Long-tenure
178403,New engaged
178409,Fly fanatics
178461,Lost Occasional Travelers
178540,Long-tenure
178565,New Low-Value Customers
178643,New engaged
178720,Long-tenure
178864,Long-tenure
179042,Fly fanatics
179053,New Low-Value Customers
179075,Long-tenure
179153,High-Value Frequent Flyers
179489,New Low-Value Customers
179585,New engaged
179590,Long-tenure
179603,Long-tenure
179707,High-Value Low transactions
179719,New engaged
179773,Lost Occasional Travelers
179870,High-Value Low transactions
179944,Long-tenure
179956,New Low-Value Customers
180009,Long-tenure
180024,Reengaged Customers
180137,New Low-Value Customers
180140,Long-tenure
180207,Long-tenure
180216,Fly fanatics
180219,New engaged
180231,New Low-Value Customers
180321,New Low-Value Customers
180380,Long-tenure
180411,Long-tenure
180488,High-Value Frequent Flyers
180832,Lost Occasional Travelers
180922,Long-tenure
180925,Long-tenure
180977,Long-tenure
181033,High-Value Low transactions
181139,Long-tenure
181140,New engaged
181184,High-Value Frequent Flyers
181377,New engaged
181423,Long-tenure
181607,New Low-Value Customers
181726,Long-tenure
181728,Fly fanatics
181825,Fly fanatics
181830,Fly fanatics
181852,Fly fanatics
182058,Fly fanatics
182124,Fly fanatics
182130,Long-tenure
182148,High-Value Low transactions
182159,New engaged
182184,Fly fanatics
182205,New Low-Value Customers
182235,High-Value Low transactions
182272,Long-tenure
182320,Long-tenure
182459,Long-tenure
182490,Fly fanatics
182519,New engaged
182531,Lost Occasional Travelers
182534,Long-tenure
182543,High-Value Frequent Flyers
182587,Lost Occasional Travelers
182749,Long-tenure
182782,Fly fanatics
182785,New engaged
183020,New engaged
183023,New Low-Value Customers
183025,Fly fanatics
183052,New engaged
183096,Long-tenure
183129,High-Value Frequent Flyers
183208,Long-tenure
183224,Fly fanatics
183235,High-Value Frequent Flyers
183305,Long-tenure
183374,New engaged
183388,High-Value Low transactions
183456,New Low-Value Customers
183523,Fly fanatics
183626,New engaged
183692,High-Value Low transactions
183716,Long-tenure
183748,Long-tenure
183754,New engaged
183755,Fly fanatics
183948,High-Value Frequent Flyers
184009,Long-tenure
184035,Long-tenure
184045,New engaged
184090,New Low-Value Customers
184151,New engaged
184206,Long-tenure
184306,Long-tenure
184456,High-Value Frequent Flyers
184466,Long-tenure
184478,New Low-Value Customers
184496,Long-tenure
184635,Long-tenure
184678,High-Value Frequent Flyers
184735,Fly fanatics
184754,Long-tenure
184755,New Low-Value Customers
184895,New engaged
184924,New engaged
184959,High-Value Low transactions
184976,Fly fanatics
185013,New engaged
185101,Long-tenure
185129,Long-tenure
185153,Fly fanatics
185285,New Low-Value Customers
185496,New engaged
185509,Fly fanatics
185531,Lost Occasional Travelers
185561,Long-tenure
185573,Fly fanatics
185774,High-Value Frequent Flyers
185808,Fly fanatics
185830,High-Value Frequent Flyers
185835,Long-tenure
185857,High-Value Frequent Flyers
185919,Long-tenure
186015,New engaged
186020,New engaged
186146,New Low-Value Customers
186199,Long-tenure
186246,New Low-Value Customers
186295,Long-tenure
186469,New Low-Value Customers
186539,Long-tenure
186593,Fly fanatics
186668,New engaged
186729,New Low-Value Customers
186754,Long-tenure
186807,Lost Occasional Travelers
186810,New engaged
186901,Lost Occasional Travelers
186942,New engaged
187010,New Low-Value Customers
187025,New engaged
187041,Long-tenure
187077,High-Value Frequent Flyers
187141,New Low-Value Customers
187161,Lost Occasional Travelers
187175,Fly fanatics
187291,New Low-Value Customers
187318,Long-tenure
187390,New Low-Value Customers
187435,Long-tenure
187459,New engaged
187618,New Low-Value Customers
187710,Fly fanatics
187758,New engaged
187838,High-Value Low transactions
187876,Reengaged Customers
187887,Fly fanatics
187902,New Low-Value Customers
188006,Long-tenure
188033,Long-tenure
188071,High-Value Frequent Flyers
188120,Long-tenure
188136,High-Value Frequent Flyers
188147,Fly fanatics
188307,New engaged
188318,Long-tenure
188328,New engaged
188340,Fly fanatics
188470,Lost Occasional Travelers
188542,Fly fanatics
188559,Long-tenure
188655,New engaged
188668,New engaged
188828,Fly fanatics
188893,Fly fanatics
189139,Long-tenure
189146,Lost Occasional Travelers
189158,New engaged
189197,Fly fanatics
189294,New Low-Value Customers
189329,New engaged
189611,Long-tenure
189613,High-Value Low transactions
189666,New Low-Value Customers
189707,New Low-Value Customers
189775,High-Value Frequent Flyers
189817,Long-tenure
189822,Long-tenure
189836,Fly fanatics
189854,New Low-Value Customers
189914,Long-tenure
190052,Long-tenure
190149,Fly fanatics
190227,Fly fanatics
190236,Fly fanatics
190256,Long-tenure
190405,Lost Occasional Travelers
190429,High-Value Low transactions
190465,High-Value Frequent Flyers
190524,High-Value Frequent Flyers
190529,Fly fanatics
190561,Long-tenure
190570,Lost Occasional Travelers
190716,New engaged
190720,Long-tenure
190791,New engaged
190827,New Low-Value Customers
191044,Lost Occasional Travelers
191057,Lost Occasional Travelers
191065,High-Value Frequent Flyers
191150,New Low-Value Customers
191508,New Low-Value Customers
191537,Long-tenure
191558,New Low-Value Customers
191626,High-Value Low transactions
191638,Long-tenure
191656,High-Value Low transactions
191814,High-Value Frequent Flyers
191869,Long-tenure
191917,Fly fanatics
192009,Long-tenure
192013,Long-tenure
192096,New Low-Value Customers
192098,High-Value Low transactions
192115,Long-tenure
192136,Long-tenure
192141,Long-tenure
192177,Fly fanatics
192250,Long-tenure
192355,New engaged
192405,Long-tenure
192543,New engaged
192554,Long-tenure
192556,New Low-Value Customers
192600,New engaged
192651,Long-tenure
192685,Long-tenure
192691,New engaged
192816,New Low-Value Customers
192898,Long-tenure
192994,High-Value Frequent Flyers
193020,New engaged
193037,New Low-Value Customers
193147,Long-tenure
193150,Fly fanatics
193212,New engaged
193519,High-Value Frequent Flyers
193564,Long-tenure
193665,New engaged
193722,New engaged
193747,Fly fanatics
193775,New engaged
193781,Long-tenure
193824,New engaged
193827,High-Value Frequent Flyers
193917,Long-tenure
193928,New engaged
193946,New Low-Value Customers
193953,New engaged
194009,Long-tenure
194200,New engaged
194254,Long-tenure
194297,High-Value Frequent Flyers
194394,Fly fanatics
194480,High-Value Low transactions
194482,New engaged
194493,High-Value Frequent Flyers
194571,Fly fanatics
194640,Long-tenure
194657,New Low-Value Customers
194694,Long-tenure
194709,Long-tenure
194722,High-Value Frequent Flyers
194737,High-Value Low transactions
194758,New engaged
194786,High-Value Frequent Flyers
194813,New Low-Value Customers
194855,New engaged
194859,New Low-Value Customers
194886,High-Value Frequent Flyers
194959,Long-tenure
195069,New Low-Value Customers
195137,New engaged
195150,Fly fanatics
195368,Fly fanatics
195419,Long-tenure
195594,Long-tenure
195684,New Low-Value Customers
195806,Long-tenure
195848,Fly fanatics
195895,New engaged
195960,High-Value Frequent Flyers
195977,New engaged
195994,Fly fanatics
196016,Long-tenure
196096,Lost Occasional Travelers
196202,New engaged
196240,High-Value Frequent Flyers
196367,Long-tenure
196442,Long-tenure
196467,New engaged
196469,Fly fanatics
196514,Fly fanatics
196582,Long-tenure
196583,Long-tenure
196777,New engaged
196779,New engaged
196798,Long-tenure
196812,New engaged
196845,Long-tenure
196892,New engaged
196905,Long-tenure
196992,High-Value Frequent Flyers
197062,New Low-Value Customers
197067,Fly fanatics
197086,High-Value Frequent Flyers
197096,Long-tenure
197113,Long-tenure
197138,Long-tenure
197192,New engaged
197320,Long-tenure
197509,Fly fanatics
197514,Long-tenure
197578,Long-tenure
197608,Long-tenure
197642,Long-tenure
197855,New Low-Value Customers
197890,High-Value Frequent Flyers
197973,New Low-Value Customers
198010,High-Value Frequent Flyers
198075,Long-tenure
198123,Long-tenure
198147,New engaged
198167,Fly fanatics
198424,Long-tenure
198485,New engaged
198570,New Low-Value Customers
198625,Fly fanatics
198645,New engaged
198713,New engaged
198785,New Low-Value Customers
198813,Long-tenure
198836,Fly fanatics
198900,New engaged
198961,New engaged
199021,Lost Occasional Travelers
199073,Fly fanatics
199342,Long-tenure
199358,New Low-Value Customers
199374,Fly fanatics
199405,Long-tenure
199478,High-Value Frequent Flyers
199494,New Low-Value Customers
199507,New engaged
199509,New engaged
199513,Long-tenure
199603,New engaged
199652,Fly fanatics
199792,New Low-Value Customers
199809,New engaged
199810,Long-tenure
199959,New Low-Value Customers
200012,New engaged
200065,Long-tenure
200067,Fly fanatics
200077,New Low-Value Customers
200168,High-Value Frequent Flyers
200309,Long-tenure
200321,Long-tenure
200326,New engaged
200552,High-Value Frequent Flyers
200663,New Low-Value Customers
200681,Fly fanatics
200708,High-Value Frequent Flyers
200744,New engaged
200764,Reengaged Customers
200802,New engaged
200863,New engaged
200877,Fly fanatics
200960,Long-tenure
200991,Fly fanatics
201055,New Low-Value Customers
201115,New engaged
201220,Long-tenure
201256,New engaged
201273,High-Value Low transactions
201276,New engaged
201292,Fly fanatics
201339,Long-tenure
201343,Long-tenure
201355,Long-tenure
201365,Fly fanatics
201436,Lost Occasional Travelers
201475,New Low-Value Customers
201561,New Low-Value Customers
201564,Long-tenure
201683,Long-tenure
201709,Long-tenure
201816,Fly fanatics
201891,Fly fanatics
201898,Lost Occasional Travelers
202035,New Low-Value Customers
202052,Fly fanatics
202055,High-Value Frequent Flyers
202156,Fly fanatics
202182,Long-tenure
202218,New Low-Value Customers
202248,New engaged
202293,Fly fanatics
202299,Fly fanatics
202329,New Low-Value Customers
202358,Long-tenure
202585,New engaged
202696,Fly fanatics
202716,Long-tenure
202784,Long-tenure
202807,Fly fanatics
202831,Fly fanatics
202859,New engaged
202864,New engaged
203033,Fly fanatics
203084,New engaged
203133,Long-tenure
203143,Lost Occasional Travelers
203184,Long-tenure
203293,Long-tenure
203306,New Low-Value Customers
203409,Fly fanatics
203550,Long-tenure
203577,Fly fanatics
203607,New Low-Value Customers
203625,Long-tenure
203696,Fly fanatics
203698,Long-tenure
203745,Fly fanatics
203772,High-Value Frequent Flyers
203773,New Low-Value Customers
203815,Lost Occasional Travelers
203864,New engaged
203947,Lost Occasional Travelers
203950,New engaged
203973,New Low-Value Customers
204000,High-Value Low transactions
204042,Fly fanatics
204111,Lost Occasional Travelers
204220,High-Value Frequent Flyers
204237,Lost Occasional Travelers
204311,New Low-Value Customers
204343,Long-tenure
204375,New engaged
204424,High-Value Frequent Flyers
204484,Long-tenure
204686,Long-tenure
204693,Long-tenure
204763,New engaged
204926,Lost Occasional Travelers
204935,Long-tenure
204994,Long-tenure
205087,Long-tenure
205111,Long-tenure
205156,Long-tenure
205170,Fly fanatics
205197,Long-tenure
205256,Long-tenure
205367,New engaged
205371,New engaged
205413,New engaged
205430,Fly fanatics
205445,New engaged
205465,New Low-Value Customers
205505,Long-tenure
205658,Long-tenure
205671,High-Value Frequent Flyers
205697,High-Value Low transactions
205698,Long-tenure
205785,New engaged
205826,High-Value Low transactions
206108,Long-tenure
206119,Long-tenure
206207,Long-tenure
206284,Fly fanatics
206328,New engaged
206366,Fly fanatics
206466,New Low-Value Customers
206591,Fly fanatics
206680,Long-tenure
206772,New engaged
206773,Fly fanatics
206871,New engaged
206890,Fly fanatics
206914,Long-tenure
206925,High-Value Frequent Flyers
206947,New engaged
206992,New engaged
207001,Fly fanatics
207047,New Low-Value Customers
207110,New engaged
207195,New engaged
207220,Fly fanatics
207372,New Low-Value Customers
207453,Fly fanatics
207492,Long-tenure
207500,Fly fanatics
207543,High-Value Low transactions
207576,Long-tenure
207821,New engaged
207860,Lost Occasional Travelers
207865,Fly fanatics
208234,Long-tenure
208256,Long-tenure
208323,New engaged
208329,Long-tenure
208368,New Low-Value Customers
208375,New Low-Value Customers
208517,New engaged
208553,New engaged
208584,New engaged
208586,New Low-Value Customers
208634,New engaged
208649,Long-tenure
208668,New Low-Value Customers
208787,Long-tenure
208940,Long-tenure
208961,High-Value Frequent Flyers
208967,Long-tenure
209021,New engaged
209022,Long-tenure
209058,Long-tenure
209102,High-Value Frequent Flyers
209134,New Low-Value Customers
209172,Long-tenure
209249,Long-tenure
209357,Fly fanatics
209405,Long-tenure
209675,Long-tenure
209729,Fly fanatics
209787,High-Value Frequent Flyers
209831,Fly fanatics
209850,New Low-Value Customers
209886,Long-tenure
209994,High-Value Frequent Flyers
210100,High-Value Low transactions
210148,Lost Occasional Travelers
210205,New engaged
210226,Fly fanatics
210236,Long-tenure
210247,New Low-Value Customers
210291,High-Value Low transactions
210298,Fly fanatics
210339,Long-tenure
210385,New engaged
210416,Long-tenure
210442,New Low-Value Customers
210498,Long-tenure
210630,Fly fanatics
210647,Fly fanatics
210725,High-Value Frequent Flyers
210734,New engaged
210752,Long-tenure
210755,High-Value Frequent Flyers
210761,New Low-Value Customers
210770,Fly fanatics
210815,High-Value Low transactions
210835,Long-tenure
210870,New Low-Value Customers
210910,Fly fanatics
211030,High-Value Low transactions
211043,Long-tenure
211058,Fly fanatics
211083,Long-tenure
211217,Long-tenure
211475,New Low-Value Customers
211524,New Low-Value Customers
211549,Long-tenure
211575,New engaged
211589,New engaged
211625,Long-tenure
211714,Fly fanatics
211715,Lost Occasional Travelers
211755,New engaged
211802,High-Value Low transactions
211842,New engaged
211891,Fly fanatics
211966,Long-tenure
211984,New Low-Value Customers
212128,New engaged
212130,Fly fanatics
212189,Fly fanatics
212209,High-Value Frequent Flyers
212230,Fly fanatics
212301,Lost Occasional Travelers
212304,Long-tenure
212350,High-Value Frequent Flyers
212477,New engaged
212484,New Low-Value Customers
212544,New Low-Value Customers
212553,High-Value Low transactions
212579,New Low-Value Customers
212602,High-Value Low transactions
212604,Fly fanatics
212695,New Low-Value Customers
212707,Long-tenure
212735,New engaged
212762,Long-tenure
212848,New Low-Value Customers
212849,Long-tenure
212862,Long-tenure
212977,Reengaged Customers
213013,High-Value Frequent Flyers
213086,New engaged
213112,New Low-Value Customers
213113,Long-tenure
213177,Long-tenure
213246,New engaged
213297,Fly fanatics
213303,Long-tenure
213432,Long-tenure
213480,New engaged
213545,Reengaged Customers
213723,Fly fanatics
213813,Long-tenure
213841,Long-tenure
213934,Long-tenure
213979,Long-tenure
214020,New engaged
214030,Long-tenure
214095,New engaged
214123,Lost Occasional Travelers
214322,New Low-Value Customers
214354,Long-tenure
214504,Long-tenure
214605,New engaged
214639,New engaged
214661,New engaged
214878,Long-tenure
214995,Long-tenure
215051,New Low-Value Customers
215089,Long-tenure
215257,Fly fanatics
215260,New engaged
215567,New engaged
215626,Long-tenure
215639,New Low-Value Customers
215651,New engaged
215719,New Low-Value Customers
215840,Long-tenure
215869,New engaged
215952,Long-tenure
215955,New Low-Value Customers
216040,Fly fanatics
216072,Reengaged Customers
216095,High-Value Low transactions
216109,Long-tenure
216139,Long-tenure
216269,Long-tenure
216359,High-Value Low transactions
216467,Long-tenure
216487,Fly fanatics
216517,Long-tenure
216573,Long-tenure
216596,New engaged
216652,New Low-Value Customers
216658,Fly fanatics
216661,Fly fanatics
216683,Fly fanatics
216719,New engaged
216725,Fly fanatics
216762,Long-tenure
216946,New engaged
217051,Long-tenure
217054,High-Value Frequent Flyers
217124,Long-tenure
217204,New engaged
217364,New engaged
217401,Lost Occasional Travelers
217616,Reengaged Customers
217695,Long-tenure
217754,Fly fanatics
217761,Lost Occasional Travelers
217772,High-Value Low transactions
217792,Fly fanatics
217802,Long-tenure
217862,New engaged
217967,Lost Occasional Travelers
218122,Long-tenure
218127,Lost Occasional Travelers
218241,High-Value Frequent Flyers
218277,Fly fanatics
218278,High-Value Frequent Flyers
218311,New engaged
218362,New engaged
218383,Long-tenure
218425,Long-tenure
218529,New engaged
218538,High-Value Low transactions
218545,Long-tenure
218601,Fly fanatics
218757,New Low-Value Customers
218917,High-Value Frequent Flyers
219043,Long-tenure
219139,High-Value Frequent Flyers
219270,High-Value Low transactions
219276,Long-tenure
219413,New engaged
219431,New engaged
219555,High-Value Frequent Flyers
219714,New engaged
219747,Fly fanatics
219779,High-Value Frequent Flyers
219984,High-Value Low transactions
220131,New Low-Value Customers
220244,Long-tenure
220315,New Low-Value Customers
220358,New engaged
220538,New Low-Value Customers
220564,Long-tenure
220616,New engaged
220794,High-Value Frequent Flyers
220802,Long-tenure
220806,Fly fanatics
220808,New Low-Value Customers
220822,High-Value Frequent Flyers
220892,High-Value Frequent Flyers
221014,Reengaged Customers
221075,Fly fanatics
221204,Long-tenure
221205,High-Value Frequent Flyers
221254,Lost Occasional Travelers
221287,Fly fanatics
221328,Long-tenure
221345,New engaged
221388,Long-tenure
221446,Long-tenure
221469,Long-tenure
221595,New Low-Value Customers
221643,Long-tenure
221721,Long-tenure
221775,Fly fanatics
221813,New engaged
221862,New engaged
221993,New engaged
222050,New Low-Value Customers
222065,Long-tenure
222102,Long-tenure
222278,Long-tenure
222280,New Low-Value Customers
222453,New engaged
222490,High-Value Frequent Flyers
222702,Lost Occasional Travelers
222743,High-Value Frequent Flyers
222748,Long-tenure
222874,Fly fanatics
222929,Fly fanatics
222960,Fly fanatics
223018,New Low-Value Customers
223313,New Low-Value Customers
223354,Fly fanatics
223380,New Low-Value Customers
223534,High-Value Frequent Flyers
223587,New engaged
223632,Long-tenure
223643,New Low-Value Customers
223684,New Low-Value Customers
223946,New engaged
223958,New engaged
224000,Fly fanatics
224130,Long-tenure
224298,New engaged
224384,Long-tenure
224402,New engaged
224607,New Low-Value Customers
224661,Fly fanatics
224664,Long-tenure
224666,New Low-Value Customers
224691,New engaged
224740,Long-tenure
224842,New Low-Value Customers
224854,New engaged
224924,Long-tenure
224952,Long-tenure
225067,Long-tenure
225077,Long-tenure
225087,Long-tenure
225088,Fly fanatics
225205,New Low-Value Customers
225262,Fly fanatics
225279,New engaged
225318,Long-tenure
225327,High-Value Frequent Flyers
225363,High-Value Frequent Flyers
225482,Long-tenure
225486,High-Value Frequent Flyers
225576,New engaged
225656,New Low-Value Customers
225746,High-Value Frequent Flyers
225891,New engaged
225920,Fly fanatics
225930,New engaged
225972,New Low-Value Customers
226191,New engaged
226194,High-Value Frequent Flyers
226360,Long-tenure
226387,Lost Occasional Travelers
226422,Long-tenure
226511,Long-tenure
226643,New engaged
226710,High-Value Frequent Flyers
226804,New Low-Value Customers
226842,New engaged
226866,New engaged
226924,New Low-Value Customers
227008,Long-tenure
227015,Long-tenure
227234,New engaged
227239,New engaged
227274,New Low-Value Customers
227293,Long-tenure
227303,High-Value Low transactions
227398,High-Value Low transactions
227429,Long-tenure
227547,New engaged
227796,Long-tenure
227804,New Low-Value Customers
227808,New Low-Value Customers
227906,New engaged
228030,Reengaged Customers
228151,Long-tenure
228273,New engaged
228557,Reengaged Customers
228580,Long-tenure
228673,Long-tenure
228748,Fly fanatics
228772,Lost Occasional Travelers
228820,New Low-Value Customers
228896,High-Value Frequent Flyers
228984,New engaged
228995,High-Value Frequent Flyers
229094,Long-tenure
229166,Long-tenure
229204,New Low-Value Customers
229210,Long-tenure
229265,Long-tenure
229391,New Low-Value Customers
229436,New engaged
229530,High-Value Frequent Flyers
229612,Long-tenure
229621,New engaged
229677,High-Value Frequent Flyers
229692,New Low-Value Customers
229842,Fly fanatics
230027,New engaged
230070,Lost Occasional Travelers
230101,Fly fanatics
230124,High-Value Low transactions
230240,Long-tenure
230311,Long-tenure
230337,New Low-Value Customers
230429,Long-tenure
230560,New Low-Value Customers
230687,Lost Occasional Travelers
230693,High-Value Frequent Flyers
230763,Fly fanatics
230840,New engaged
230908,Long-tenure
230942,High-Value Frequent Flyers
231013,New engaged
231047,Long-tenure
231080,Lost Occasional Travelers
231084,Fly fanatics
231090,Long-tenure
231273,Fly fanatics
231462,High-Value Frequent Flyers
231508,Long-tenure
231530,Long-tenure
231592,Fly fanatics
231614,Long-tenure
231641,Long-tenure
231755,Long-tenure
231843,New engaged
231992,High-Value Low transactions
232022,New engaged
232137,Fly fanatics
232203,New engaged
232290,Fly fanatics
232395,Fly fanatics
232450,Long-tenure
232533,High-Value Low transactions
232555,New engaged
232579,New Low-Value Customers
232609,Long-tenure
232685,High-Value Frequent Flyers
232703,Long-tenure
232755,New engaged
232871,High-Value Frequent Flyers
232884,High-Value Low transactions
232907,Lost Occasional Travelers
232924,Long-tenure
233017,New engaged
233084,Long-tenure
233437,Lost Occasional Travelers
233646,Long-tenure
233738,Long-tenure
233768,New engaged
233774,New Low-Value Customers
233819,Long-tenure
233958,Long-tenure
233969,New engaged
233991,Long-tenure
234047,Long-tenure
234256,Long-tenure
234435,Long-tenure
234454,Reengaged Customers
234515,New engaged
234562,New engaged
234588,Fly fanatics
234630,Fly fanatics
234807,High-Value Frequent Flyers
234836,Lost Occasional Travelers
234866,Long-tenure
234878,Long-tenure
234895,New engaged
234922,New Low-Value Customers
234973,Long-tenure
235063,New engaged
235092,Fly fanatics
235102,Fly fanatics
235229,New Low-Value Customers
235391,Long-tenure
235398,Long-tenure
235428,Long-tenure
235454,Lost Occasional Travelers
235459,New engaged
235506,New Low-Value Customers
235585,New Low-Value Customers
235629,New Low-Value Customers
235683,High-Value Low transactions
235709,New engaged
235716,New engaged
235857,Fly fanatics
235872,Long-tenure
235882,Long-tenure
235885,New engaged
235930,Long-tenure
236001,High-Value Frequent Flyers
236003,Fly fanatics
236026,High-Value Frequent Flyers
236093,New engaged
236129,Fly fanatics
236165,Long-tenure
236395,Long-tenure
236593,New engaged
236701,New Low-Value Customers
236710,Fly fanatics
236767,Long-tenure
236874,Long-tenure
237018,Fly fanatics
237105,New engaged
237106,Long-tenure
237274,Long-tenure
237293,Long-tenure
237303,Fly fanatics
237312,High-Value Low transactions
237319,New Low-Value Customers
237402,High-Value Frequent Flyers
237434,High-Value Frequent Flyers
237492,New engaged
237586,Lost Occasional Travelers
237651,New engaged
237729,New engaged
237751,New Low-Value Customers
237770,Fly fanatics
237858,New Low-Value Customers
237888,New engaged
237984,New engaged
238119,Long-tenure
238156,Long-tenure
238193,Fly fanatics
238233,New engaged
238342,New Low-Value Customers
238367,High-Value Low transactions
238434,Long-tenure
238442,Long-tenure
238556,Long-tenure
238607,Long-tenure
238640,New engaged
238647,New engaged
238649,Long-tenure
238752,Long-tenure
238753,Long-tenure
238796,New engaged
238814,Fly fanatics
238939,Lost Occasional Travelers
239027,Long-tenure
239182,Long-tenure
239184,Fly fanatics
239276,New engaged
239457,Fly fanatics
239476,High-Value Frequent Flyers
239490,Fly fanatics
239525,New Low-Value Customers
239605,High-Value Frequent Flyers
239606,Long-tenure
239749,New Low-Value Customers
239892,Fly fanatics
239955,Fly fanatics
239956,Fly fanatics
239970,Fly fanatics
240044,Fly fanatics
240132,Long-tenure
240135,New Low-Value Customers
240141,Lost Occasional Travelers
240143,New Low-Value Customers
240209,High-Value Frequent Flyers
240330,Long-tenure
240362,Long-tenure
240365,Lost Occasional Travelers
240442,Long-tenure
240476,Fly fanatics
240500,New Low-Value Customers
240760,Fly fanatics
240761,Long-tenure
240774,New Low-Value Customers
240829,Fly fanatics
240886,New engaged
240942,Fly fanatics
240963,New engaged
241038,Long-tenure
241144,Fly fanatics
241167,Long-tenure
241374,Long-tenure
241391,Long-tenure
241421,Long-tenure
241436,New engaged
241455,New Low-Value Customers
241468,Reengaged Customers
241495,New engaged
241600,Long-tenure
241641,New engaged
241675,Fly fanatics
241677,High-Value Frequent Flyers
241714,Long-tenure
241849,New engaged
241854,Lost Occasional Travelers
241967,Fly fanatics
242028,New engaged
242288,New engaged
242304,Long-tenure
242348,Long-tenure
242387,New Low-Value Customers
242779,Long-tenure
242789,Long-tenure
242812,Fly fanatics
242917,Fly fanatics
243005,High-Value Frequent Flyers
243018,Long-tenure
243061,New engaged
243191,Fly fanatics
243294,New Low-Value Customers
243444,Fly fanatics
243455,New engaged
243557,Long-tenure
243642,Long-tenure
243696,High-Value Frequent Flyers
243713,Fly fanatics
243734,New engaged
243751,New engaged
243965,New Low-Value Customers
244032,New engaged
244039,New engaged
244099,Fly fanatics
244132,Long-tenure
244245,Long-tenure
244271,High-Value Frequent Flyers
244296,Long-tenure
244308,Fly fanatics
244367,High-Value Frequent Flyers
244387,Fly fanatics
244398,High-Value Frequent Flyers
244414,Long-tenure
244419,New engaged
244475,Fly fanatics
244538,Fly fanatics
244595,New Low-Value Customers
244611,Fly fanatics
244652,Fly fanatics
244676,New Low-Value Customers
244721,New Low-Value Customers
244762,Long-tenure
244844,New Low-Value Customers
244865,New engaged
244925,New engaged
245066,New Low-Value Customers
245227,New Low-Value Customers
245289,Long-tenure
245307,New Low-Value Customers
245356,New engaged
245419,Long-tenure
245440,Lost Occasional Travelers
245465,New engaged
245575,New Low-Value Customers
245604,Long-tenure
245800,Long-tenure
245929,New engaged
246059,New engaged
246117,New Low-Value Customers
246187,High-Value Frequent Flyers
246273,High-Value Frequent Flyers
246323,Long-tenure
246405,Long-tenure
246421,New engaged
246517,Long-tenure
246571,New engaged
246591,New engaged
246690,New engaged
246722,New Low-Value Customers
246734,Fly fanatics
246736,Fly fanatics
246737,Fly fanatics
246775,New Low-Value Customers
246800,New engaged
246911,New Low-Value Customers
246935,High-Value Frequent Flyers
247050,Long-tenure
247180,Fly fanatics
247220,New engaged
247247,Lost Occasional Travelers
247391,Lost Occasional Travelers
247433,High-Value Frequent Flyers
247471,Long-tenure
247514,Long-tenure
247551,High-Value Frequent Flyers
247607,New engaged
247645,High-Value Frequent Flyers
247680,New engaged
247692,New Low-Value Customers
247714,Fly fanatics
247721,Long-tenure
247833,New Low-Value Customers
248011,Fly fanatics
248138,New engaged
248196,Lost Occasional Travelers
248265,High-Value Frequent Flyers
248356,High-Value Frequent Flyers
248433,Fly fanatics
248445,High-Value Low transactions
248461,Long-tenure
248487,Long-tenure
248593,Fly fanatics
248620,Long-tenure
248752,New Low-Value Customers
248885,Fly fanatics
248950,New Low-Value Customers
248952,Long-tenure
249019,Fly fanatics
249224,Long-tenure
249270,New Low-Value Customers
249352,New engaged
249381,New engaged
249408,New Low-Value Customers
249466,New engaged
249555,Fly fanatics
249559,Long-tenure
249639,New Low-Value Customers
249693,Long-tenure
249723,Long-tenure
249795,New Low-Value Customers
249811,New Low-Value Customers
249813,High-Value Frequent Flyers
249833,New Low-Value Customers
249841,New engaged
249982,Long-tenure
250280,New engaged
250311,Long-tenure
250315,High-Value Frequent Flyers
250363,New Low-Value Customers
250380,New Low-Value Customers
250391,New Low-Value Customers
250422,Long-tenure
250540,New Low-Value Customers
250586,Long-tenure
250609,New Low-Value Customers
250619,Fly fanatics
250696,Long-tenure
250711,Long-tenure
250854,New engaged
250921,High-Value Frequent Flyers
251012,High-Value Low transactions
251023,Long-tenure
251081,New Low-Value Customers
251095,New engaged
251116,Lost Occasional Travelers
251195,High-Value Frequent Flyers
251211,High-Value Low transactions
251223,New Low-Value Customers
251324,Long-tenure
251432,Long-tenure
251436,Fly fanatics
251521,New Low-Value Customers
251641,High-Value Low transactions
251779,High-Value Frequent Flyers
251874,Long-tenure
251950,High-Value Low transactions
252082,Long-tenure
252110,Lost Occasional Travelers
252136,High-Value Frequent Flyers
252147,New Low-Value Customers
252271,High-Value Frequent Flyers
252341,Long-tenure
252419,New engaged
252450,New engaged
252476,New engaged
252563,Lost Occasional Travelers
252679,New Low-Value Customers
252782,Long-tenure
252954,High-Value Frequent Flyers
253046,Long-tenure
253098,Fly fanatics
253210,New engaged
253282,Lost Occasional Travelers
253283,Lost Occasional Travelers
253466,High-Value Low transactions
253528,New Low-Value Customers
253601,Fly fanatics
253609,High-Value Low transactions
253619,New engaged
253635,Fly fanatics
253689,Long-tenure
253825,Fly fanatics
253852,Long-tenure
254097,New Low-Value Customers
254230,Long-tenure
254361,High-Value Frequent Flyers
254371,Long-tenure
254372,High-Value Frequent Flyers
254428,New Low-Value Customers
254546,Long-tenure
254567,High-Value Low transactions
254575,Long-tenure
254579,Fly fanatics
254667,Fly fanatics
254683,Long-tenure
254745,High-Value Low transactions
254853,New engaged
254860,Fly fanatics
254940,Long-tenure
255028,Lost Occasional Travelers
255032,Lost Occasional Travelers
255087,High-Value Frequent Flyers
255108,Long-tenure
255215,Long-tenure
255267,High-Value Frequent Flyers
255320,High-Value Frequent Flyers
255333,Long-tenure
255425,Long-tenure
255509,Fly fanatics
255546,Fly fanatics
255653,New engaged
255718,Long-tenure
255740,New engaged
255767,New Low-Value Customers
255818,Lost Occasional Travelers
255951,New engaged
255994,New Low-Value Customers
256003,Long-tenure
256013,New engaged
256135,Fly fanatics
256147,Long-tenure
256188,New Low-Value Customers
256198,New Low-Value Customers
256323,Long-tenure
256360,High-Value Low transactions
256434,Fly fanatics
256483,Fly fanatics
256486,New engaged
256502,Fly fanatics
256544,New engaged
256574,Fly fanatics
256627,New Low-Value Customers
256731,New engaged
256755,New Low-Value Customers
256821,Lost Occasional Travelers
256920,New Low-Value Customers
257236,High-Value Frequent Flyers
257301,Long-tenure
257369,Lost Occasional Travelers
257391,New engaged
257417,Long-tenure
257440,Long-tenure
257463,Lost Occasional Travelers
257506,High-Value Low transactions
257575,New engaged
257579,Long-tenure
257705,Long-tenure
257820,Reengaged Customers
257862,High-Value Low transactions
257880,New engaged
257981,Long-tenure
257985,New Low-Value Customers
258067,New engaged
258088,Fly fanatics
258102,Long-tenure
258123,Fly fanatics
258141,Reengaged Customers
258166,High-Value Frequent Flyers
258184,Long-tenure
258202,Fly fanatics
258228,New Low-Value Customers
258238,Fly fanatics
258248,Fly fanatics
258296,Lost Occasional Travelers
258323,Long-tenure
258358,Lost Occasional Travelers
258408,New engaged
258799,New Low-Value Customers
258849,High-Value Frequent Flyers
258860,Long-tenure
258951,Long-tenure
259067,New Low-Value Customers
259110,Fly fanatics
259170,New Low-Value Customers
259219,New Low-Value Customers
259252,High-Value Frequent Flyers
259342,New engaged
259446,High-Value Frequent Flyers
259532,Long-tenure
259634,Lost Occasional Travelers
259700,New Low-Value Customers
259734,Lost Occasional Travelers
259789,New Low-Value Customers
259878,New engaged
260000,High-Value Frequent Flyers
260106,Lost Occasional Travelers
260155,Long-tenure
260245,Fly fanatics
260408,High-Value Frequent Flyers
260452,Long-tenure
260464,Long-tenure
260513,Long-tenure
260515,Long-tenure
260622,Long-tenure
260685,Fly fanatics
260712,Lost Occasional Travelers
260714,Long-tenure
260726,New engaged
260838,New engaged
260855,Long-tenure
261044,New engaged
261077,Long-tenure
261109,Long-tenure
261125,Fly fanatics
261187,Reengaged Customers
261229,Fly fanatics
261273,New Low-Value Customers
261283,Long-tenure
261331,Long-tenure
261423,Fly fanatics
261426,Lost Occasional Travelers
261468,Long-tenure
261573,Long-tenure
261582,Long-tenure
261715,New engaged
261780,New engaged
261787,New engaged
261789,High-Value Frequent Flyers
261832,Long-tenure
261957,Fly fanatics
261964,Long-tenure
262099,Long-tenure
262176,Long-tenure
262177,New engaged
262211,High-Value Frequent Flyers
262305,New Low-Value Customers
262336,Long-tenure
262351,New Low-Value Customers
262366,Long-tenure
262369,Fly fanatics
262374,Fly fanatics
262422,New engaged
262467,High-Value Frequent Flyers
262508,New Low-Value Customers
262526,Long-tenure
262562,Long-tenure
262574,New Low-Value Customers
262586,Fly fanatics
262613,New engaged
262683,New engaged
262717,New engaged
262770,New Low-Value Customers
262774,Long-tenure
262810,New engaged
262937,New Low-Value Customers
263055,Long-tenure
263068,New Low-Value Customers
263069,High-Value Frequent Flyers
263080,Long-tenure
263127,Fly fanatics
263237,Fly fanatics
263246,High-Value Frequent Flyers
263260,Long-tenure
263302,New Low-Value Customers
263339,New engaged
263402,High-Value Low transactions
263433,Fly fanatics
263569,New engaged
263592,Fly fanatics
263612,Lost Occasional Travelers
263707,Long-tenure
263762,Fly fanatics
263763,Long-tenure
263766,New engaged
263781,New engaged
263812,Long-tenure
263822,New Low-Value Customers
263866,Lost Occasional Travelers
263921,Long-tenure
264018,New engaged
264064,Lost Occasional Travelers
264095,New Low-Value Customers
264107,New engaged
264145,New engaged
264234,Long-tenure
264236,Long-tenure
264308,Fly fanatics
264331,High-Value Frequent Flyers
264365,High-Value Low transactions
264409,New Low-Value Customers
264486,Fly fanatics
264491,Long-tenure
264632,Long-tenure
264690,Fly fanatics
264701,Long-tenure
264723,Long-tenure
264733,Long-tenure
264741,Long-tenure
264823,High-Value Frequent Flyers
264904,New Low-Value Customers
264936,Long-tenure
265072,Long-tenure
265226,Long-tenure
265284,High-Value Frequent Flyers
265297,Reengaged Customers
265317,Long-tenure
265383,High-Value Frequent Flyers
265557,High-Value Frequent Flyers
265566,High-Value Frequent Flyers
265575,Long-tenure
265665,New Low-Value Customers
265677,High-Value Frequent Flyers
265836,Long-tenure
265975,Long-tenure
266148,New engaged
266234,High-Value Frequent Flyers
266284,New engaged
266298,Lost Occasional Travelers
266365,New engaged
266377,New Low-Value Customers
266429,Lost Occasional Travelers
266474,New engaged
266479,New Low-Value Customers
266516,Fly fanatics
266536,New engaged
266541,New Low-Value Customers
266561,High-Value Low transactions
266604,Fly fanatics
266640,High-Value Frequent Flyers
266757,Fly fanatics
266861,Fly fanatics
266953,New engaged
266968,Fly fanatics
267020,Fly fanatics
267245,Fly fanatics
267291,Fly fanatics
267306,High-Value Frequent Flyers
267352,High-Value Frequent Flyers
267428,New engaged
267474,Fly fanatics
267566,Long-tenure
267717,New Low-Value Customers
267739,Fly fanatics
267930,Lost Occasional Travelers
267944,Long-tenure
267951,Fly fanatics
268076,Long-tenure
268094,New Low-Value Customers
268128,Long-tenure
268129,High-Value Frequent Flyers
268139,Long-tenure
268145,Long-tenure
268281,Lost Occasional Travelers
268293,Fly fanatics
268307,Long-tenure
268414,High-Value Frequent Flyers
268439,New engaged
268500,New engaged
268630,New engaged
268643,New Low-Value Customers
268789,New engaged
268842,Fly fanatics
268932,New engaged
268958,Long-tenure
269070,Long-tenure
269120,Fly fanatics
269154,Fly fanatics
269297,Long-tenure
269565,New Low-Value Customers
269632,New engaged
269694,Long-tenure
269775,New Low-Value Customers
269960,Long-tenure
270011,Long-tenure
270022,Long-tenure
270160,High-Value Low transactions
270183,Lost Occasional Travelers
270248,New engaged
270266,Long-tenure
270304,Long-tenure
270337,New engaged
270389,Fly fanatics
270499,High-Value Frequent Flyers
270570,New engaged
270575,Fly fanatics
270723,Long-tenure
270730,Long-tenure
270759,Long-tenure
270761,Fly fanatics
270862,Long-tenure
270901,High-Value Frequent Flyers
270909,Long-tenure
270935,Long-tenure
270969,New Low-Value Customers
271043,Fly fanatics
271148,New engaged
271235,High-Value Low transactions
271297,New Low-Value Customers
271357,New Low-Value Customers
271365,Long-tenure
271432,New Low-Value Customers
271463,High-Value Low transactions
271641,New Low-Value Customers
271660,Fly fanatics
271675,High-Value Frequent Flyers
271680,Long-tenure
271911,Long-tenure
271929,New engaged
272001,Long-tenure
272097,New engaged
272114,New Low-Value Customers
272144,High-Value Frequent Flyers
272148,Long-tenure
272225,New Low-Value Customers
272250,New engaged
272476,High-Value Low transactions
272551,New Low-Value Customers
272568,Long-tenure
272672,Fly fanatics
272787,Long-tenure
272812,Fly fanatics
272839,New engaged
272848,New engaged
272893,Fly fanatics
272944,Fly fanatics
273020,High-Value Frequent Flyers
273052,New engaged
273054,High-Value Low transactions
273070,Fly fanatics
273144,Fly fanatics
273177,New engaged
273179,Fly fanatics
273198,Long-tenure
273213,Fly fanatics
273243,New Low-Value Customers
273353,Reengaged Customers
273357,Fly fanatics
273391,Fly fanatics
273414,Long-tenure
273478,New engaged
273552,New engaged
273984,Fly fanatics
274083,New engaged
274117,Fly fanatics
274141,Fly fanatics
274179,New Low-Value Customers
274204,Fly fanatics
274211,Fly fanatics
274264,Long-tenure
274354,New engaged
274410,New Low-Value Customers
274428,Fly fanatics
274431,New engaged
274473,Fly fanatics
274535,High-Value Low transactions
274622,New Low-Value Customers
274698,Lost Occasional Travelers
274765,Reengaged Customers
274803,New Low-Value Customers
274817,Long-tenure
274858,High-Value Frequent Flyers
274879,New Low-Value Customers
274896,Long-tenure
275049,Long-tenure
275118,Fly fanatics
275209,New engaged
275244,Long-tenure
275287,New engaged
275298,Long-tenure
275306,Fly fanatics
275358,Fly fanatics
275386,Long-tenure
275387,New Low-Value Customers
275413,New engaged
275442,Fly fanatics
275446,Long-tenure
275531,New Low-Value Customers
275637,Fly fanatics
275670,High-Value Frequent Flyers
275694,New engaged
275762,Fly fanatics
275807,Reengaged Customers
275846,New Low-Value Customers
275849,Long-tenure
275933,New Low-Value Customers
275949,High-Value Low transactions
275954,New Low-Value Customers
276035,Long-tenure
276037,High-Value Frequent Flyers
276100,Long-tenure
276152,New engaged
276204,New engaged
276255,New engaged
276289,New Low-Value Customers
276494,Fly fanatics
276648,High-Value Frequent Flyers
276650,High-Value Frequent Flyers
276673,Fly fanatics
276746,Fly fanatics
276806,New Low-Value Customers
276937,Long-tenure
276947,New engaged
276967,Lost Occasional Travelers
276990,Long-tenure
277025,Lost Occasional Travelers
277033,New engaged
277091,New engaged
277094,High-Value Frequent Flyers
277139,Fly fanatics
277145,New engaged
277188,Fly fanatics
277281,Fly fanatics
277285,Long-tenure
277341,New Low-Value Customers
277356,Lost Occasional Travelers
277367,Long-tenure
277375,High-Value Frequent Flyers
277430,New Low-Value Customers
277494,New engaged
277565,Fly fanatics
277587,New engaged
277594,Fly fanatics
277610,New engaged
277649,Long-tenure
277769,New Low-Value Customers
277783,New engaged
277788,Long-tenure
277855,High-Value Frequent Flyers
277884,New Low-Value Customers
277910,Fly fanatics
278013,High-Value Low transactions
278045,New Low-Value Customers
278059,New Low-Value Customers
278164,High-Value Frequent Flyers
278213,New Low-Value Customers
278307,Long-tenure
278345,New Low-Value Customers
278539,New engaged
278568,Reengaged Customers
278676,Long-tenure
278815,Long-tenure
278822,Long-tenure
278836,High-Value Low transactions
278865,Long-tenure
278898,Fly fanatics
278916,New engaged
278928,New Low-Value Customers
278932,New engaged
278983,High-Value Frequent Flyers
278987,New Low-Value Customers
279221,New engaged
279231,New engaged
279380,New engaged
279408,Fly fanatics
279409,Fly fanatics
279430,Fly fanatics
279468,Fly fanatics
279580,Long-tenure
279634,Lost Occasional Travelers
279654,Fly fanatics
279693,Long-tenure
279777,Long-tenure
279821,Long-tenure
279883,New Low-Value Customers
279919,New engaged
279967,New engaged
280087,Long-tenure
280216,New Low-Value Customers
280292,High-Value Frequent Flyers
280545,Fly fanatics
280574,Fly fanatics
280588,Long-tenure
280603,Fly fanatics
280641,Fly fanatics
280659,New engaged
280796,Long-tenure
280822,High-Value Frequent Flyers
280828,High-Value Frequent Flyers
280864,Fly fanatics
280879,New Low-Value Customers
280895,Long-tenure
281064,Fly fanatics
281075,Fly fanatics
281108,High-Value Low transactions
281118,New Low-Value Customers
281305,Long-tenure
281328,Long-tenure
281449,Fly fanatics
281550,New engaged
281571,Fly fanatics
281585,Fly fanatics
281608,High-Value Frequent Flyers
281737,New Low-Value Customers
281926,Long-tenure
281952,New Low-Value Customers
281979,Long-tenure
282041,Long-tenure
282140,New Low-Value Customers
282259,High-Value Frequent Flyers
282472,Reengaged Customers
282532,New Low-Value Customers
282542,Long-tenure
282545,New Low-Value Customers
282678,High-Value Frequent Flyers
282723,Fly fanatics
282759,New Low-Value Customers
282854,Fly fanatics
282872,Long-tenure
282896,Fly fanatics
282930,Long-tenure
283066,Fly fanatics
283110,Fly fanatics
283122,Long-tenure
283133,Fly fanatics
283290,New engaged
283326,New engaged
283338,New engaged
283358,New engaged
283437,High-Value Frequent Flyers
283654,Lost Occasional Travelers
283709,New Low-Value Customers
283747,New engaged
283770,High-Value Low transactions
283807,Long-tenure
283822,Fly fanatics
283929,Long-tenure
283980,Fly fanatics
283994,New engaged
284203,Fly fanatics
284290,Fly fanatics
284362,Fly fanatics
284419,New Low-Value Customers
284442,New Low-Value Customers
284461,Long-tenure
284610,Long-tenure
284621,Fly fanatics
284782,Long-tenure
284866,Fly fanatics
284889,New engaged
284892,New engaged
285122,Long-tenure
285202,New Low-Value Customers
285220,High-Value Frequent Flyers
285335,High-Value Frequent Flyers
285411,Long-tenure
285484,Long-tenure
285485,New Low-Value Customers
285579,New engaged
285631,New engaged
285636,New Low-Value Customers
285738,Lost Occasional Travelers
285767,Lost Occasional Travelers
285776,New engaged
285909,New Low-Value Customers
285938,Fly fanatics
285942,Fly fanatics
285982,Long-tenure
286065,New engaged
286114,New engaged
286182,New Low-Value Customers
286225,Long-tenure
286262,New engaged
286370,Long-tenure
286551,Long-tenure
286611,New Low-Value Customers
286641,Long-tenure
286718,New engaged
286883,New engaged
286927,Long-tenure
286942,High-Value Low transactions
286954,Long-tenure
286975,Long-tenure
286989,Fly fanatics
287023,New engaged
287088,Fly fanatics
287097,Fly fanatics
287198,Long-tenure
287211,Lost Occasional Travelers
287212,New Low-Value Customers
287254,High-Value Low transactions
287266,High-Value Frequent Flyers
287343,Reengaged Customers
287385,New Low-Value Customers
287414,Long-tenure
287591,New engaged
287593,Long-tenure
287690,New engaged
287750,Long-tenure
287799,Fly fanatics
287927,New engaged
287942,Fly fanatics
287979,New engaged
288015,High-Value Low transactions
288112,Lost Occasional Travelers
288369,New engaged
288384,High-Value Frequent Flyers
288419,New engaged
288451,Lost Occasional Travelers
288491,Fly fanatics
288500,New engaged
288530,High-Value Frequent Flyers
288612,Reengaged Customers
288636,New Low-Value Customers
288735,New engaged
288774,New Low-Value Customers
288776,Long-tenure
289116,New Low-Value Customers
289133,High-Value Frequent Flyers
289139,Fly fanatics
289151,Fly fanatics
289177,New engaged
289294,Fly fanatics
289354,Long-tenure
289472,New engaged
289476,New Low-Value Customers
289516,Long-tenure
289665,High-Value Frequent Flyers
289693,Lost Occasional Travelers
289732,Long-tenure
289863,Fly fanatics
289921,Fly fanatics
289968,New engaged
290024,New engaged
290091,Fly fanatics
290184,Lost Occasional Travelers
290200,New engaged
290249,Fly fanatics
290250,New Low-Value Customers
290356,New Low-Value Customers
290362,New engaged
290395,Fly fanatics
290445,New engaged
290465,High-Value Frequent Flyers
290507,New Low-Value Customers
290554,Long-tenure
290564,High-Value Low transactions
290599,New engaged
290620,High-Value Low transactions
290638,New engaged
290756,Long-tenure
290902,Long-tenure
290964,New engaged
290994,Long-tenure
291148,Fly fanatics
291336,Long-tenure
291509,Fly fanatics
291510,New engaged
291595,New Low-Value Customers
292021,Long-tenure
292049,Long-tenure
292061,High-Value Frequent Flyers
292084,New engaged
292096,Fly fanatics
292164,Long-tenure
292384,High-Value Frequent Flyers
292497,Fly fanatics
292516,New Low-Value Customers
292546,New engaged
292617,Fly fanatics
292618,New engaged
292843,Fly fanatics
292957,Fly fanatics
293100,Lost Occasional Travelers
293137,New Low-Value Customers
293212,Fly fanatics
293222,New Low-Value Customers
293266,Long-tenure
293343,New Low-Value Customers
293496,Long-tenure
293531,New engaged
293663,Lost Occasional Travelers
293676,New engaged
293685,New engaged
293689,Reengaged Customers
294005,New engaged
294016,High-Value Frequent Flyers
294027,Long-tenure
294048,New engaged
294071,New engaged
294172,New engaged
294273,New Low-Value Customers
294283,Long-tenure
294334,Fly fanatics
294396,Long-tenure
294580,Fly fanatics
294617,Long-tenure
294634,New engaged
294642,Fly fanatics
294728,Fly fanatics
294738,Long-tenure
294753,Fly fanatics
294849,New Low-Value Customers
294865,Long-tenure
295064,Long-tenure
295078,High-Value Frequent Flyers
295138,Long-tenure
295147,New engaged
295205,New engaged
295217,New engaged
295302,New Low-Value Customers
295327,Long-tenure
295355,High-Value Frequent Flyers
295387,High-Value Frequent Flyers
295412,Long-tenure
295423,Fly fanatics
295510,New engaged
295533,Long-tenure
295561,Lost Occasional Travelers
295578,New engaged
295795,New Low-Value Customers
295884,Fly fanatics
295929,Long-tenure
296097,Lost Occasional Travelers
296104,Lost Occasional Travelers
296141,New Low-Value Customers
296146,Long-tenure
296217,New engaged
296412,Lost Occasional Travelers
296566,Lost Occasional Travelers
296567,New engaged
296579,New engaged
296626,Fly fanatics
296689,New engaged
296690,Long-tenure
296736,New engaged
296887,Long-tenure
296915,Long-tenure
296997,Long-tenure
297101,Long-tenure
297167,New engaged
297172,New engaged
297306,High-Value Frequent Flyers
297327,New engaged
297379,New engaged
297382,Fly fanatics
297520,New engaged
297568,Long-tenure
297607,New engaged
297621,Long-tenure
297684,New engaged
297702,Fly fanatics
297869,Long-tenure
298063,Long-tenure
298098,New Low-Value Customers
298156,New Low-Value Customers
298160,New Low-Value Customers
298181,High-Value Frequent Flyers
298232,Fly fanatics
298280,Long-tenure
298327,Fly fanatics
298343,Long-tenure
298344,Long-tenure
298506,Long-tenure
298535,Fly fanatics
298539,New engaged
298543,High-Value Low transactions
298601,Fly fanatics
298671,Long-tenure
298681,Long-tenure
298712,New engaged
298795,Long-tenure
298813,New Low-Value Customers
298817,New engaged
298829,Fly fanatics
298853,Long-tenure
298865,Long-tenure
298869,New engaged
298883,New Low-Value Customers
298999,New engaged
299034,Long-tenure
299107,Fly fanatics
299113,Long-tenure
299165,New Low-Value Customers
299204,New Low-Value Customers
299210,Long-tenure
299278,Long-tenure
299359,New engaged
299366,Lost Occasional Travelers
299397,New Low-Value Customers
299412,New engaged
299419,Long-tenure
299454,New engaged
299464,High-Value Frequent Flyers
299501,New engaged
299573,Lost Occasional Travelers
299585,New engaged
299760,Long-tenure
299769,New Low-Value Customers
299830,Fly fanatics
299919,New Low-Value Customers
300008,Long-tenure
300023,High-Value Frequent Flyers
300051,Long-tenure
300166,New engaged
300371,High-Value Frequent Flyers
300460,High-Value Low transactions
300465,Long-tenure
300606,Long-tenure
300623,Lost Occasional Travelers
300676,Long-tenure
300733,High-Value Frequent Flyers
300806,Fly fanatics
300818,Fly fanatics
300836,Fly fanatics
300845,Long-tenure
300867,Reengaged Customers
300870,Long-tenure
300945,New engaged
300960,High-Value Frequent Flyers
300964,Long-tenure
301094,New engaged
301112,Fly fanatics
301152,New Low-Value Customers
301155,New engaged
301301,High-Value Frequent Flyers
301323,New Low-Value Customers
301563,Fly fanatics
301603,High-Value Frequent Flyers
301744,New engaged
301760,Long-tenure
301784,Long-tenure
301793,Long-tenure
301794,Long-tenure
302056,New engaged
302057,New engaged
302066,New Low-Value Customers
302129,Fly fanatics
302134,Long-tenure
302158,High-Value Frequent Flyers
302186,Fly fanatics
302188,High-Value Low transactions
302198,Long-tenure
302258,High-Value Frequent Flyers
302313,Lost Occasional Travelers
302414,Long-tenure
302460,High-Value Frequent Flyers
302467,New engaged
302509,New engaged
302628,High-Value Frequent Flyers
302657,New Low-Value Customers
302669,New Low-Value Customers
302804,New engaged
302839,New engaged
302874,Long-tenure
302908,Long-tenure
302921,Long-tenure
302957,Long-tenure
303207,New engaged
303246,Fly fanatics
303396,Lost Occasional Travelers
303445,High-Value Low transactions
303573,Long-tenure
303682,Long-tenure
303934,Long-tenure
304080,High-Value Low transactions
304117,New engaged
304131,Long-tenure
304445,New engaged
304601,New engaged
304620,Lost Occasional Travelers
304643,Fly fanatics
304726,Fly fanatics
304764,Lost Occasional Travelers
304770,Fly fanatics
304779,High-Value Frequent Flyers
304824,New engaged
304870,High-Value Low transactions
304944,Fly fanatics
305100,Long-tenure
305102,New engaged
305150,Long-tenure
305171,Long-tenure
305243,New engaged
305287,Lost Occasional Travelers
305380,Long-tenure
305412,Long-tenure
305556,New Low-Value Customers
305572,New Low-Value Customers
305604,Lost Occasional Travelers
305687,Fly fanatics
305807,Fly fanatics
305843,High-Value Low transactions
305857,New Low-Value Customers
305910,New Low-Value Customers
306051,New engaged
306068,Fly fanatics
306110,Long-tenure
306231,Long-tenure
306288,Lost Occasional Travelers
306331,Long-tenure
306400,High-Value Frequent Flyers
306402,Long-tenure
306596,New Low-Value Customers
306667,Long-tenure
306676,Long-tenure
306708,High-Value Frequent Flyers
306869,Fly fanatics
306872,New engaged
306880,New engaged
306965,Long-tenure
307032,Lost Occasional Travelers
307033,New engaged
307047,Fly fanatics
307049,Fly fanatics
307136,New engaged
307166,Long-tenure
307178,New engaged
307233,Fly fanatics
307256,Long-tenure
307296,Long-tenure
307321,New Low-Value Customers
307619,New Low-Value Customers
307622,New engaged
307623,High-Value Frequent Flyers
307631,Lost Occasional Travelers
307740,Long-tenure
307785,Fly fanatics
307848,Fly fanatics
307859,Fly fanatics
308144,New Low-Value Customers
308171,Long-tenure
308176,Fly fanatics
308197,Long-tenure
308202,High-Value Low transactions
308214,Fly fanatics
308255,New Low-Value Customers
308362,High-Value Frequent Flyers
308379,Fly fanatics
308591,Fly fanatics
308629,New engaged
308704,High-Value Frequent Flyers
308798,New engaged
308891,New Low-Value Customers
308991,Fly fanatics
309041,High-Value Frequent Flyers
309108,Long-tenure
309110,Fly fanatics
309277,New engaged
309304,Fly fanatics
309352,Fly fanatics
309364,Long-tenure
309408,New engaged
309456,High-Value Frequent Flyers
309480,Fly fanatics
309584,Long-tenure
309602,Fly fanatics
309639,New Low-Value Customers
309727,Fly fanatics
309861,High-Value Frequent Flyers
309921,Fly fanatics
309933,New engaged
310252,Fly fanatics
310396,Long-tenure
310534,Long-tenure
310681,New Low-Value Customers
310700,High-Value Frequent Flyers
310853,Long-tenure
310911,New Low-Value Customers
310965,New engaged
310983,Long-tenure
311346,Fly fanatics
311363,Fly fanatics
311556,Fly fanatics
311619,New engaged
311636,Fly fanatics
311684,Long-tenure
311692,New Low-Value Customers
311762,Fly fanatics
311795,Lost Occasional Travelers
311841,New Low-Value Customers
311907,Long-tenure
311943,Fly fanatics
311946,New engaged
311952,Lost Occasional Travelers
312048,High-Value Frequent Flyers
312074,Long-tenure
312148,New engaged
312180,High-Value Frequent Flyers
312226,New Low-Value Customers
312248,Long-tenure
312312,New engaged
312455,Fly fanatics
312474,New engaged
312490,Long-tenure
312530,Fly fanatics
312545,New Low-Value Customers
312568,Long-tenure
312607,New engaged
312630,New engaged
312744,High-Value Low transactions
312774,Long-tenure
312863,New engaged
312867,Long-tenure
312933,New engaged
312979,High-Value Frequent Flyers
313185,New engaged
313254,Fly fanatics
313292,New Low-Value Customers
313424,Long-tenure
313437,New engaged
313461,Long-tenure
313473,High-Value Frequent Flyers
313477,Long-tenure
313538,Long-tenure
313544,Lost Occasional Travelers
313602,Fly fanatics
313673,Reengaged Customers
313681,Fly fanatics
313688,Fly fanatics
313708,New Low-Value Customers
313732,Long-tenure
313763,High-Value Low transactions
313815,Long-tenure
313837,New Low-Value Customers
313860,Fly fanatics
313982,New engaged
313996,Lost Occasional Travelers
314014,New engaged
314065,New engaged
314081,New Low-Value Customers
314108,Long-tenure
314147,Long-tenure
314189,Reengaged Customers
314202,Long-tenure
314250,New engaged
314258,Fly fanatics
314317,Long-tenure
314328,Long-tenure
314372,High-Value Frequent Flyers
314413,New Low-Value Customers
314589,High-Value Frequent Flyers
314705,New Low-Value Customers
314713,New Low-Value Customers
314718,Fly fanatics
314742,New engaged
314842,Long-tenure
314898,New engaged
314935,Long-tenure
314941,Long-tenure
315014,High-Value Low transactions
315054,New Low-Value Customers
315113,Fly fanatics
315225,New engaged
315235,Fly fanatics
315337,Reengaged Customers
315361,Fly fanatics
315482,Long-tenure
315527,New engaged
315736,Long-tenure
315848,Fly fanatics
315851,Long-tenure
315869,Long-tenure
316082,Long-tenure
316290,New engaged
316307,New Low-Value Customers
316308,Long-tenure
316323,Lost Occasional Travelers
316527,Long-tenure
316548,High-Value Low transactions
316633,New Low-Value Customers
316644,Long-tenure
316666,New Low-Value Customers
316752,New engaged
316793,High-Value Low transactions
316933,New engaged
316970,New Low-Value Customers
316982,Fly fanatics
317001,New Low-Value Customers
317060,Long-tenure
317094,New engaged
317100,Fly fanatics
317137,New Low-Value Customers
317205,New engaged
317260,New Low-Value Customers
317624,Long-tenure
317664,Long-tenure
317683,New engaged
317726,New engaged
317774,High-Value Frequent Flyers
317776,Long-tenure
317827,Long-tenure
317888,Long-tenure
317919,High-Value Frequent Flyers
318180,Long-tenure
318199,Long-tenure
318264,Long-tenure
318285,High-Value Low transactions
318561,Fly fanatics
318564,Long-tenure
318595,High-Value Low transactions
318654,Fly fanatics
318751,New engaged
318753,New Low-Value Customers
318755,Long-tenure
318786,New engaged
318902,Fly fanatics
318945,New engaged
319012,New engaged
319052,Fly fanatics
319059,Long-tenure
319092,Lost Occasional Travelers
319123,New engaged
319193,Lost Occasional Travelers
319304,New engaged
319378,Fly fanatics
319387,Fly fanatics
319430,New engaged
319433,Fly fanatics
319469,New engaged
319501,New engaged
319504,New engaged
319658,New Low-Value Customers
319664,New engaged
319671,New engaged
319742,High-Value Low transactions
319768,New Low-Value Customers
319801,New Low-Value Customers
319822,Long-tenure
319850,Long-tenure
319868,Long-tenure
319901,New Low-Value Customers
319947,High-Value Frequent Flyers
320004,High-Value Frequent Flyers
320031,New engaged
320042,New engaged
320180,New engaged
320183,New Low-Value Customers
320191,Fly fanatics
320414,New Low-Value Customers
320576,High-Value Frequent Flyers
320685,Long-tenure
320728,High-Value Low transactions
320772,Fly fanatics
320784,Long-tenure
320980,New Low-Value Customers
320996,New Low-Value Customers
321012,Long-tenure
321027,High-Value Frequent Flyers
321074,High-Value Low transactions
321213,New engaged
321227,Long-tenure
321388,Long-tenure
321427,New Low-Value Customers
321436,Fly fanatics
321457,Fly fanatics
321666,Fly fanatics
321734,New Low-Value Customers
321748,Fly fanatics
321762,Long-tenure
321795,Long-tenure
321954,Fly fanatics
322000,High-Value Frequent Flyers
322193,Fly fanatics
322294,New Low-Value Customers
322451,Fly fanatics
322501,High-Value Frequent Flyers
322606,New engaged
322733,Long-tenure
322955,New Low-Value Customers
323043,Fly fanatics
323068,Long-tenure
323099,New engaged
323154,Fly fanatics
323249,New Low-Value Customers
323311,Long-tenure
323345,Fly fanatics
323424,Fly fanatics
323448,Fly fanatics
323542,New engaged
323593,New Low-Value Customers
323660,High-Value Low transactions
323720,High-Value Frequent Flyers
323735,Long-tenure
323776,New Low-Value Customers
324013,Lost Occasional Travelers
324048,High-Value Frequent Flyers
324066,New Low-Value Customers
324125,New engaged
324139,Long-tenure
324143,Long-tenure
324242,Fly fanatics
324248,Long-tenure
324295,New engaged
324364,Long-tenure
324404,High-Value Low transactions
324506,New engaged
324557,Long-tenure
324662,Long-tenure
324707,Long-tenure
324739,New engaged
324773,Long-tenure
324801,Long-tenure
324881,New engaged
324900,High-Value Low transactions
324997,High-Value Frequent Flyers
325082,Long-tenure
325134,Long-tenure
325190,Long-tenure
325268,Long-tenure
325367,Fly fanatics
325379,Fly fanatics
325382,Long-tenure
325490,High-Value Frequent Flyers
325498,New engaged
325593,High-Value Low transactions
325599,New engaged
325661,Long-tenure
325778,Long-tenure
325802,Fly fanatics
325830,Fly fanatics
325901,New Low-Value Customers
325935,Long-tenure
326001,New engaged
326028,High-Value Low transactions
326069,Fly fanatics
326174,New Low-Value Customers
326234,Long-tenure
326240,Lost Occasional Travelers
326267,Long-tenure
326272,Fly fanatics
326280,Fly fanatics
326418,Long-tenure
326561,Lost Occasional Travelers
326564,Long-tenure
326603,Fly fanatics
326699,Long-tenure
326703,New Low-Value Customers
326707,Fly fanatics
326724,Long-tenure
326803,Long-tenure
326823,New engaged
326905,New engaged
326961,Long-tenure
326988,New engaged
327015,Long-tenure
327019,New Low-Value Customers
327098,New engaged
327163,Fly fanatics
327203,New Low-Value Customers
327285,Long-tenure
327320,Long-tenure
327365,New Low-Value Customers
327470,Long-tenure
327474,New Low-Value Customers
327530,New engaged
327555,New engaged
327638,New Low-Value Customers
327653,New engaged
327688,Fly fanatics
327796,New engaged
327866,New engaged
327903,New Low-Value Customers
327910,New engaged
327972,Fly fanatics
328111,High-Value Frequent Flyers
328116,Long-tenure
328173,Long-tenure
328180,New Low-Value Customers
328181,Fly fanatics
328188,New engaged
328198,Long-tenure
328213,Long-tenure
328303,High-Value Frequent Flyers
328323,New engaged
328349,New Low-Value Customers
328446,High-Value Frequent Flyers
328543,New engaged
328576,New engaged
328668,Long-tenure
328754,Long-tenure
328936,Fly fanatics
329039,Long-tenure
329056,New engaged
329088,Lost Occasional Travelers
329094,High-Value Frequent Flyers
329162,Long-tenure
329214,Long-tenure
329215,Fly fanatics
329281,Reengaged Customers
329300,Fly fanatics
329302,New engaged
329355,Fly fanatics
329358,New Low-Value Customers
329364,Long-tenure
329587,Long-tenure
329660,Long-tenure
329692,Long-tenure
329720,Long-tenure
329730,New Low-Value Customers
329735,Long-tenure
329736,High-Value Frequent Flyers
329826,Fly fanatics
329839,High-Value Frequent Flyers
329910,High-Value Low transactions
330040,New engaged
330053,High-Value Frequent Flyers
330131,High-Value Frequent Flyers
330249,Long-tenure
330278,High-Value Frequent Flyers
330316,Long-tenure
330343,Long-tenure
330365,Fly fanatics
330433,Long-tenure
330464,Long-tenure
330468,Long-tenure
330515,Long-tenure
330562,High-Value Low transactions
330680,New engaged
330694,New Low-Value Customers
330741,Long-tenure
330779,Long-tenure
330783,Lost Occasional Travelers
330858,Long-tenure
330870,Reengaged Customers
330947,Reengaged Customers
330988,New engaged
331078,Long-tenure
331094,Reengaged Customers
331184,New engaged
331258,New engaged
331301,Fly fanatics
331325,New engaged
331353,Fly fanatics
331560,High-Value Frequent Flyers
331598,Long-tenure
331669,Lost Occasional Travelers
331697,High-Value Frequent Flyers
331698,Fly fanatics
331699,Long-tenure
331706,Long-tenure
331857,New engaged
331995,Lost Occasional Travelers
332027,High-Value Frequent Flyers
332077,New engaged
332082,New engaged
332175,Long-tenure
332208,Long-tenure
332225,New engaged
332276,Fly fanatics
332289,New engaged
332387,New engaged
332409,Long-tenure
332430,New engaged
332466,Fly fanatics
332711,Long-tenure
332716,New engaged
332780,New engaged
332823,High-Value Low transactions
332869,Fly fanatics
332962,High-Value Frequent Flyers
332983,New Low-Value Customers
333039,High-Value Frequent Flyers
333051,High-Value Low transactions
333064,High-Value Frequent Flyers
333207,New Low-Value Customers
333213,Fly fanatics
333295,High-Value Frequent Flyers
333451,Fly fanatics
333502,Long-tenure
333595,Fly fanatics
333621,Long-tenure
333644,New Low-Value Customers
333680,Long-tenure
333694,Fly fanatics
333773,Fly fanatics
333799,Long-tenure
333825,Long-tenure
334003,Long-tenure
334143,New engaged
334224,Long-tenure
334273,New engaged
334324,High-Value Frequent Flyers
334329,Long-tenure
334437,High-Value Frequent Flyers
334454,New engaged
334575,Long-tenure
334997,High-Value Frequent Flyers
335137,New engaged
335143,High-Value Frequent Flyers
335162,Long-tenure
335246,New Low-Value Customers
335306,New Low-Value Customers
335324,Long-tenure
335365,Long-tenure
335371,Fly fanatics
335421,Long-tenure
335545,New engaged
335554,Fly fanatics
335671,Long-tenure
335755,Long-tenure
335839,Long-tenure
335852,Fly fanatics
335964,Long-tenure
336025,New engaged
336037,New engaged
336076,New Low-Value Customers
336127,Fly fanatics
336138,New engaged
336139,Long-tenure
336141,Long-tenure
336143,Long-tenure
336238,Lost Occasional Travelers
336247,High-Value Frequent Flyers
336271,Long-tenure
336281,Fly fanatics
336341,Long-tenure
336357,Fly fanatics
336451,New Low-Value Customers
336469,New engaged
336484,New engaged
336539,New engaged
336541,New Low-Value Customers
336665,High-Value Low transactions
336722,High-Value Frequent Flyers
336724,High-Value Frequent Flyers
336770,New engaged
336809,Long-tenure
336817,New Low-Value Customers
336831,New Low-Value Customers
336878,New Low-Value Customers
336902,High-Value Low transactions
337066,Fly fanatics
337148,High-Value Frequent Flyers
337235,Fly fanatics
337260,New engaged
337341,Lost Occasional Travelers
337453,Long-tenure
337488,New engaged
337815,Fly fanatics
337818,Fly fanatics
337842,New engaged
337857,Long-tenure
337925,Long-tenure
337932,High-Value Low transactions
337945,Fly fanatics
337980,Long-tenure
337983,Long-tenure
338059,High-Value Frequent Flyers
338125,New Low-Value Customers
338212,New engaged
338285,New engaged
338291,Reengaged Customers
338346,Fly fanatics
338786,Long-tenure
338803,New Low-Value Customers
338808,New Low-Value Customers
338838,Fly fanatics
338872,New engaged
339005,Fly fanatics
339151,Fly fanatics
339220,Long-tenure
339371,High-Value Low transactions
339573,Long-tenure
339800,Lost Occasional Travelers
339819,Long-tenure
339845,New Low-Value Customers
339880,High-Value Frequent Flyers
339927,Long-tenure
339941,Long-tenure
340277,Long-tenure
340307,Long-tenure
340467,Long-tenure
340479,Fly fanatics
340574,New engaged
340583,Fly fanatics
340638,New Low-Value Customers
340691,New engaged
340723,New Low-Value Customers
340782,New engaged
340802,High-Value Frequent Flyers
340874,High-Value Low transactions
340924,New engaged
340925,Fly fanatics
340927,High-Value Frequent Flyers
340931,High-Value Low transactions
341169,Long-tenure
341185,Long-tenure
341302,New engaged
341549,New engaged
341594,Fly fanatics
341725,Fly fanatics
341728,Long-tenure
341867,Long-tenure
341897,New Low-Value Customers
341904,New Low-Value Customers
341907,Lost Occasional Travelers
341942,High-Value Frequent Flyers
342007,New engaged
342044,Fly fanatics
342156,Long-tenure
342407,Fly fanatics
342483,High-Value Frequent Flyers
342527,Fly fanatics
342554,New engaged
342570,High-Value Frequent Flyers
342583,Fly fanatics
342679,New engaged
342725,Long-tenure
342836,New Low-Value Customers
342929,Long-tenure
342958,New Low-Value Customers
342980,High-Value Low transactions
343001,Fly fanatics
343011,Long-tenure
343051,New Low-Value Customers
343103,Long-tenure
343139,High-Value Frequent Flyers
343218,High-Value Frequent Flyers
343247,New Low-Value Customers
343377,Long-tenure
343383,Long-tenure
343425,Lost Occasional Travelers
343547,New engaged
343605,Fly fanatics
343706,New engaged
343879,New Low-Value Customers
343978,Lost Occasional Travelers
343994,Fly fanatics
344009,New engaged
344039,Reengaged Customers
344052,New Low-Value Customers
344121,New engaged
344180,New Low-Value Customers
344199,Long-tenure
344232,High-Value Frequent Flyers
344260,Long-tenure
344372,New Low-Value Customers
344413,High-Value Frequent Flyers
344464,High-Value Frequent Flyers
344483,Fly fanatics
344527,High-Value Low transactions
344570,New Low-Value Customers
344580,New Low-Value Customers
344627,Long-tenure
344669,New Low-Value Customers
344671,New Low-Value Customers
344749,Reengaged Customers
344797,New engaged
344990,Fly fanatics
344998,New engaged
345014,Fly fanatics
345090,New Low-Value Customers
345099,Fly fanatics
345238,New engaged
345244,Long-tenure
345518,Fly fanatics
345572,High-Value Frequent Flyers
345597,Long-tenure
345608,Long-tenure
345615,New engaged
345657,Fly fanatics
345682,New engaged
345765,High-Value Frequent Flyers
345802,Long-tenure
345840,New Low-Value Customers
345841,New engaged
345908,New engaged
345931,New engaged
345959,New Low-Value Customers
345978,New Low-Value Customers
346090,Long-tenure
346103,Fly fanatics
346163,Long-tenure
346205,Long-tenure
346225,Long-tenure
346274,Long-tenure
346295,High-Value Low transactions
346346,New Low-Value Customers
346384,Long-tenure
346390,New Low-Value Customers
346456,Long-tenure
346499,New Low-Value Customers
346529,Fly fanatics
346532,Lost Occasional Travelers
346560,Lost Occasional Travelers
346598,New Low-Value Customers
346633,New engaged
346678,Long-tenure
346704,Long-tenure
346766,High-Value Low transactions
346809,New engaged
346828,Long-tenure
346925,Fly fanatics
347001,Long-tenure
347013,New engaged
347142,New engaged
347212,New Low-Value Customers
347227,New Low-Value Customers
347231,High-Value Frequent Flyers
347276,Lost Occasional Travelers
347423,New Low-Value Customers
347431,Fly fanatics
347466,Long-tenure
347515,New Low-Value Customers
347629,New engaged
347634,New engaged
347850,Long-tenure
347861,Fly fanatics
347914,High-Value Low transactions
347932,Long-tenure
347955,New engaged
347982,New Low-Value Customers
347987,New Low-Value Customers
347997,New Low-Value Customers
348047,New engaged
348056,New engaged
348065,Long-tenure
348085,Long-tenure
348143,New Low-Value Customers
348202,Long-tenure
348215,Fly fanatics
348238,Lost Occasional Travelers
348245,New Low-Value Customers
348400,New engaged
348448,Long-tenure
348463,Long-tenure
348471,Long-tenure
348475,Long-tenure
348600,High-Value Low transactions
348672,Long-tenure
348681,High-Value Frequent Flyers
348723,Long-tenure
348732,New Low-Value Customers
348740,Fly fanatics
348751,Long-tenure
348774,Long-tenure
348835,High-Value Frequent Flyers
348920,Long-tenure
348994,High-Value Frequent Flyers
349001,Fly fanatics
349046,Fly fanatics
349108,Lost Occasional Travelers
349115,New engaged
349132,New engaged
349153,Long-tenure
349220,Long-tenure
349278,New engaged
349342,Long-tenure
349470,New Low-Value Customers
349490,New engaged
349539,Long-tenure
349577,New engaged
349638,Long-tenure
349670,Long-tenure
349730,Fly fanatics
349767,New engaged
349838,Long-tenure
350001,Fly fanatics
350059,Lost Occasional Travelers
350238,New engaged
350271,New Low-Value Customers
350587,Long-tenure
350631,High-Value Frequent Flyers
350675,Long-tenure
350692,High-Value Frequent Flyers
350863,Fly fanatics
350901,High-Value Low transactions
350979,High-Value Frequent Flyers
351029,New engaged
351138,Long-tenure
351145,Fly fanatics
351238,Long-tenure
351292,New Low-Value Customers
351296,High-Value Low transactions
351367,Long-tenure
351389,Fly fanatics
351461,New Low-Value Customers
351500,Long-tenure
351551,New Low-Value Customers
351753,New Low-Value Customers
351889,Fly fanatics
351897,New engaged
351966,New Low-Value Customers
352005,Fly fanatics
352026,Lost Occasional Travelers
352053,High-Value Frequent Flyers
352068,Fly fanatics
352078,Long-tenure
352092,New engaged
352101,Long-tenure
352170,New engaged
352216,New Low-Value Customers
352242,Long-tenure
352280,New engaged
352306,High-Value Low transactions
352337,Long-tenure
352377,Long-tenure
352424,Long-tenure
352490,Fly fanatics
352501,High-Value Frequent Flyers
352581,Lost Occasional Travelers
352582,Fly fanatics
352617,Long-tenure
352653,Fly fanatics
352702,High-Value Frequent Flyers
352747,High-Value Low transactions
352809,New Low-Value Customers
352834,New engaged
352916,Fly fanatics
353032,Fly fanatics
353076,High-Value Low transactions
353096,Long-tenure
353128,Long-tenure
353308,New Low-Value Customers
353369,Reengaged Customers
353396,New engaged
353455,High-Value Frequent Flyers
353486,Long-tenure
353648,Lost Occasional Travelers
353786,New Low-Value Customers
354002,New engaged
354084,Long-tenure
354150,New engaged
354176,Lost Occasional Travelers
354206,New Low-Value Customers
354295,New engaged
354442,New engaged
354461,Fly fanatics
354464,Fly fanatics
354477,Fly fanatics
354483,High-Value Frequent Flyers
354547,Long-tenure
354730,Lost Occasional Travelers
355039,New engaged
355099,New Low-Value Customers
355102,New Low-Value Customers
355126,Fly fanatics
355184,Long-tenure
355298,Long-tenure
355331,Long-tenure
355491,New engaged
355512,New Low-Value Customers
355515,Long-tenure
355578,High-Value Low transactions
355669,New engaged
355707,New Low-Value Customers
355724,New Low-Value Customers
355750,New engaged
355775,Long-tenure
355795,High-Value Frequent Flyers
355839,New Low-Value Customers
355906,Long-tenure
355908,Long-tenure
355994,Long-tenure
355995,Long-tenure
356237,Fly fanatics
356240,High-Value Low transactions
356460,New engaged
356507,Fly fanatics
356558,Long-tenure
356561,New engaged
356578,New engaged
356613,High-Value Frequent Flyers
356618,Long-tenure
356708,New Low-Value Customers
356712,Long-tenure
356812,Fly fanatics
356828,New engaged
356955,High-Value Frequent Flyers
356980,Long-tenure
357059,New engaged
357138,Long-tenure
357149,New engaged
357161,Long-tenure
357173,Fly fanatics
357199,New engaged
357298,High-Value Frequent Flyers
357375,New engaged
357381,Fly fanatics
357466,Long-tenure
357567,Long-tenure
357574,Fly fanatics
357589,Fly fanatics
357903,New Low-Value Customers
357971,Long-tenure
357988,Fly fanatics
358012,New Low-Value Customers
358020,Long-tenure
358039,New Low-Value Customers
358054,Lost Occasional Travelers
358151,New Low-Value Customers
358201,New engaged
358384,Fly fanatics
358513,Long-tenure
358792,Fly fanatics
358794,Long-tenure
358900,New engaged
358968,New Low-Value Customers
358979,Long-tenure
358997,High-Value Low transactions
359011,High-Value Frequent Flyers
359029,New Low-Value Customers
359091,Fly fanatics
359133,New engaged
359188,Lost Occasional Travelers
359275,Long-tenure
359360,Long-tenure
359446,Fly fanatics
359466,New engaged
359575,High-Value Frequent Flyers
359693,Long-tenure
359816,New engaged
360017,Fly fanatics
360031,New Low-Value Customers
360240,New Low-Value Customers
360256,New engaged
360435,New engaged
360446,New engaged
360472,Long-tenure
360537,Long-tenure
360730,Fly fanatics
360732,New Low-Value Customers
360805,Fly fanatics
360868,Reengaged Customers
360902,New engaged
360942,Long-tenure
360981,High-Value Low transactions
361109,Long-tenure
361266,New engaged
361434,Fly fanatics
361439,Long-tenure
361707,Fly fanatics
361816,Fly fanatics
361827,Fly fanatics
361892,Fly fanatics
361944,Lost Occasional Travelers
362055,Long-tenure
362134,New Low-Value Customers
362165,New engaged
362167,Long-tenure
362201,High-Value Frequent Flyers
362293,New engaged
362471,Fly fanatics
362541,Fly fanatics
362586,Long-tenure
362642,Fly fanatics
362680,Fly fanatics
362736,Long-tenure
362742,High-Value Low transactions
362841,New engaged
362855,New engaged
362925,Fly fanatics
363178,Lost Occasional Travelers
363199,New engaged
363314,Long-tenure
363743,High-Value Frequent Flyers
363774,Long-tenure
363780,High-Value Low transactions
363864,New engaged
363866,Lost Occasional Travelers
363925,New Low-Value Customers
363967,New Low-Value Customers
363983,High-Value Low transactions
364049,Long-tenure
364067,Long-tenure
364137,Long-tenure
364153,High-Value Frequent Flyers
364264,Fly fanatics
364356,Fly fanatics
364596,High-Value Low transactions
364710,High-Value Low transactions
364895,High-Value Frequent Flyers
364908,Fly fanatics
364931,New engaged
365138,New engaged
365156,New Low-Value Customers
365166,New Low-Value Customers
365208,High-Value Low transactions
365346,Fly fanatics
365404,Long-tenure
365413,New Low-Value Customers
365421,New engaged
365451,High-Value Frequent Flyers
365468,New engaged
365515,Long-tenure
365557,High-Value Frequent Flyers
365596,New engaged
365619,High-Value Frequent Flyers
365635,Long-tenure
365642,New engaged
365761,New engaged
365816,New engaged
365863,High-Value Frequent Flyers
365887,High-Value Low transactions
366049,New Low-Value Customers
366116,New engaged
366133,New engaged
366161,New Low-Value Customers
366250,New Low-Value Customers
366263,New engaged
366467,Long-tenure
366487,New engaged
366500,High-Value Frequent Flyers
366537,New engaged
366540,New engaged
366599,Fly fanatics
366654,Long-tenure
366687,High-Value Low transactions
366719,New Low-Value Customers
366727,Lost Occasional Travelers
366744,Long-tenure
366894,Fly fanatics
366911,Long-tenure
366932,New Low-Value Customers
366977,High-Value Low transactions
367338,Fly fanatics
367492,New engaged
367511,Fly fanatics
367547,New engaged
367562,Long-tenure
367617,Lost Occasional Travelers
367680,High-Value Frequent Flyers
367685,New Low-Value Customers
367697,New engaged
367751,Long-tenure
367774,Long-tenure
367782,New Low-Value Customers
367811,New Low-Value Customers
367961,Long-tenure
368027,High-Value Frequent Flyers
368045,Fly fanatics
368062,Lost Occasional Travelers
368118,New Low-Value Customers
368122,New engaged
368292,Lost Occasional Travelers
368330,Fly fanatics
368391,New Low-Value Customers
368435,New Low-Value Customers
368523,New Low-Value Customers
368549,Long-tenure
368566,High-Value Frequent Flyers
368591,Long-tenure
368669,New Low-Value Customers
368675,New Low-Value Customers
368713,New Low-Value Customers
368772,New Low-Value Customers
368981,High-Value Frequent Flyers
369000,Fly fanatics
369035,High-Value Frequent Flyers
369084,New engaged
369091,Long-tenure
369121,Fly fanatics
369141,Long-tenure
369229,High-Value Frequent Flyers
369242,Fly fanatics
369361,Long-tenure
369392,Fly fanatics
369416,New Low-Value Customers
369458,Fly fanatics
369569,Long-tenure
369603,Long-tenure
369646,New engaged
369658,Long-tenure
369682,Long-tenure
369715,New Low-Value Customers
369739,Fly fanatics
369795,New Low-Value Customers
369841,Fly fanatics
369853,New Low-Value Customers
369867,New Low-Value Customers
369943,Fly fanatics
370014,New engaged
370066,Fly fanatics
370090,Fly fanatics
370093,Long-tenure
370300,Long-tenure
370405,Lost Occasional Travelers
370443,Fly fanatics
370450,Long-tenure
370486,New engaged
370517,Fly fanatics
370539,Long-tenure
370660,New Low-Value Customers
370744,New engaged
370842,Long-tenure
370877,Fly fanatics
370959,New Low-Value Customers
370990,Long-tenure
371065,Fly fanatics
371079,Long-tenure
371148,High-Value Low transactions
371152,Long-tenure
371159,Fly fanatics
371164,Fly fanatics
371191,New engaged
371368,New Low-Value Customers
371402,New Low-Value Customers
371422,New engaged
371511,Fly fanatics
371532,New engaged
371580,Long-tenure
371606,Long-tenure
371672,Long-tenure
371675,New engaged
371737,New Low-Value Customers
371739,Fly fanatics
371875,Long-tenure
371969,High-Value Frequent Flyers
372069,New engaged
372111,New engaged
372175,Lost Occasional Travelers
372183,Long-tenure
372237,Long-tenure
372261,New engaged
372290,New engaged
372353,Long-tenure
372522,Lost Occasional Travelers
372622,Long-tenure
372647,High-Value Frequent Flyers
372652,Long-tenure
372663,High-Value Low transactions
372737,New Low-Value Customers
372755,New engaged
372824,Fly fanatics
372865,Lost Occasional Travelers
372961,Lost Occasional Travelers
373044,New engaged
373144,Long-tenure
373204,New Low-Value Customers
373242,High-Value Low transactions
373374,Long-tenure
373501,New engaged
373554,New Low-Value Customers
373737,Lost Occasional Travelers
373771,New Low-Value Customers
373886,New engaged
373888,New Low-Value Customers
373898,Fly fanatics
373950,Fly fanatics
374107,New engaged
374117,Long-tenure
374266,Fly fanatics
374275,Fly fanatics
374293,New Low-Value Customers
374344,New Low-Value Customers
374345,Fly fanatics
374401,New engaged
374421,New Low-Value Customers
374440,Fly fanatics
374585,Long-tenure
374639,Long-tenure
374679,New engaged
374721,High-Value Low transactions
374736,Long-tenure
374850,Fly fanatics
374881,Long-tenure
374931,Long-tenure
374941,New engaged
374967,High-Value Frequent Flyers
374984,Long-tenure
375056,New Low-Value Customers
375105,Long-tenure
375203,Lost Occasional Travelers
375265,New engaged
375297,New engaged
375399,New engaged
375430,Fly fanatics
375451,New Low-Value Customers
375511,Fly fanatics
375540,Long-tenure
375597,New engaged
375683,New engaged
375694,Long-tenure
375722,New engaged
375757,Long-tenure
375768,Long-tenure
375792,New Low-Value Customers
375814,Long-tenure
375890,New engaged
375909,High-Value Frequent Flyers
375987,Fly fanatics
376072,Fly fanatics
376144,High-Value Low transactions
376299,High-Value Frequent Flyers
376367,Reengaged Customers
376424,New engaged
376484,High-Value Frequent Flyers
376572,Long-tenure
376618,Long-tenure
376630,Lost Occasional Travelers
376725,High-Value Frequent Flyers
376862,New engaged
376863,Long-tenure
376929,Lost Occasional Travelers
376969,New engaged
376983,Reengaged Customers
377029,Long-tenure
377050,Long-tenure
377114,Long-tenure
377173,Long-tenure
377247,Long-tenure
377288,Long-tenure
377289,Fly fanatics
377302,Lost Occasional Travelers
377322,New engaged
377375,New Low-Value Customers
377444,Lost Occasional Travelers
377464,High-Value Frequent Flyers
377471,Fly fanatics
377489,Lost Occasional Travelers
377674,Fly fanatics
377724,High-Value Frequent Flyers
377742,New Low-Value Customers
377928,High-Value Low transactions
377968,Long-tenure
378014,New engaged
378153,New Low-Value Customers
378181,Long-tenure
378267,Long-tenure
378454,Long-tenure
378793,Long-tenure
378827,Long-tenure
378857,Fly fanatics
378920,Long-tenure
378968,New engaged
379038,New Low-Value Customers
379041,New Low-Value Customers
379110,New engaged
379117,Lost Occasional Travelers
379120,Fly fanatics
379238,Fly fanatics
379281,New engaged
379351,New engaged
379384,Fly fanatics
379414,New engaged
379446,New Low-Value Customers
379506,Long-tenure
379562,High-Value Frequent Flyers
379572,Fly fanatics
379629,Long-tenure
379716,Fly fanatics
379752,New engaged
379836,High-Value Frequent Flyers
379962,Long-tenure
380001,High-Value Frequent Flyers
380031,Long-tenure
380059,Long-tenure
380099,New engaged
380110,Long-tenure
380183,New engaged
380247,Long-tenure
380255,Fly fanatics
380262,High-Value Frequent Flyers
380294,New engaged
380526,New engaged
380627,Fly fanatics
380709,High-Value Low transactions
380788,Lost Occasional Travelers
380795,Long-tenure
380843,High-Value Frequent Flyers
380928,Long-tenure
380954,High-Value Low transactions
381065,Lost Occasional Travelers
381189,Fly fanatics
381234,Fly fanatics
381284,New engaged
381307,Long-tenure
381308,New Low-Value Customers
381316,Long-tenure
381395,Fly fanatics
381459,Long-tenure
381472,Fly fanatics
381496,New engaged
381539,New Low-Value Customers
381651,Fly fanatics
381717,New Low-Value Customers
381748,Fly fanatics
381786,Reengaged Customers
381901,Long-tenure
382149,Long-tenure
382197,Lost Occasional Travelers
382243,Long-tenure
382252,High-Value Frequent Flyers
382271,Fly fanatics
382464,Fly fanatics
382671,New engaged
382738,New engaged
382739,New Low-Value Customers
382748,New engaged
382889,New Low-Value Customers
382953,Long-tenure
382980,Long-tenure
383108,Long-tenure
383147,Fly fanatics
383190,Fly fanatics
383202,Long-tenure
383367,New Low-Value Customers
383391,New Low-Value Customers
383399,Lost Occasional Travelers
383421,Long-tenure
383627,Long-tenure
383656,New engaged
383701,New Low-Value Customers
383787,Fly fanatics
383808,Fly fanatics
383826,Long-tenure
383842,New engaged
383891,Long-tenure
383898,New Low-Value Customers
383912,Long-tenure
383954,Lost Occasional Travelers
383962,New Low-Value Customers
383969,New Low-Value Customers
384010,New Low-Value Customers
384090,Long-tenure
384146,New Low-Value Customers
384269,Fly fanatics
384286,New engaged
384328,New engaged
384336,Fly fanatics
384356,New Low-Value Customers
384409,High-Value Low transactions
384412,New Low-Value Customers
384543,Fly fanatics
384548,New Low-Value Customers
384599,High-Value Frequent Flyers
384602,Lost Occasional Travelers
384686,Long-tenure
384744,Fly fanatics
384750,Long-tenure
384825,Long-tenure
384920,Long-tenure
384928,New engaged
384986,Fly fanatics
385092,New Low-Value Customers
385131,Long-tenure
385190,Long-tenure
385235,Long-tenure
385358,High-Value Frequent Flyers
385593,Fly fanatics
385638,Lost Occasional Travelers
385718,Fly fanatics
385861,New Low-Value Customers
385864,Long-tenure
385912,High-Value Frequent Flyers
386037,Fly fanatics
386082,New Low-Value Customers
386298,New Low-Value Customers
386342,High-Value Frequent Flyers
386363,Long-tenure
386446,New Low-Value Customers
386607,Long-tenure
386649,New engaged
386790,New engaged
386825,New engaged
386926,High-Value Frequent Flyers
386936,New Low-Value Customers
386979,New Low-Value Customers
386986,Long-tenure
387121,Fly fanatics
387129,Long-tenure
387214,New Low-Value Customers
387307,New Low-Value Customers
387455,New engaged
387506,Fly fanatics
387523,Long-tenure
387553,New Low-Value Customers
387568,Long-tenure
387570,Long-tenure
387584,Long-tenure
387648,Fly fanatics
387650,New engaged
387695,New engaged
387705,Long-tenure
387721,High-Value Frequent Flyers
387834,New engaged
387880,Fly fanatics
387971,Long-tenure
388046,New engaged
388140,High-Value Frequent Flyers
388156,Fly fanatics
388292,Long-tenure
388448,Fly fanatics
388478,New Low-Value Customers
388624,New engaged
388639,Long-tenure
388777,Fly fanatics
388985,Fly fanatics
389146,New engaged
389225,High-Value Frequent Flyers
389387,New Low-Value Customers
389429,New engaged
389488,New engaged
389551,Long-tenure
389565,New engaged
389583,New engaged
389706,High-Value Frequent Flyers
389741,New Low-Value Customers
389804,Long-tenure
389812,New Low-Value Customers
389928,High-Value Frequent Flyers
389995,Long-tenure
389996,Lost Occasional Travelers
390022,New Low-Value Customers
390117,New engaged
390190,Fly fanatics
390203,Long-tenure
390209,Long-tenure
390297,High-Value Low transactions
390343,New engaged
390350,Long-tenure
390377,Lost Occasional Travelers
390434,Fly fanatics
390435,New engaged
390480,High-Value Low transactions
390546,New engaged
390874,New engaged
390880,High-Value Frequent Flyers
390911,Fly fanatics
390924,Lost Occasional Travelers
390974,Fly fanatics
390980,Lost Occasional Travelers
391034,Long-tenure
391106,Long-tenure
391313,New Low-Value Customers
391357,Lost Occasional Travelers
391397,New engaged
391402,New engaged
391509,New engaged
391542,Fly fanatics
391557,New Low-Value Customers
391564,Long-tenure
391611,High-Value Frequent Flyers
391673,Long-tenure
391761,New engaged
391861,Fly fanatics
391900,New Low-Value Customers
391927,New engaged
391939,New engaged
392098,New engaged
392206,Long-tenure
392235,Long-tenure
392335,Long-tenure
392402,Long-tenure
392430,Fly fanatics
392575,High-Value Frequent Flyers
392582,Fly fanatics
392619,Long-tenure
392682,New Low-Value Customers
392713,New Low-Value Customers
392774,Fly fanatics
392785,Fly fanatics
392802,Fly fanatics
392953,New Low-Value Customers
392989,New Low-Value Customers
393101,Reengaged Customers
393130,Reengaged Customers
393206,Long-tenure
393309,Fly fanatics
393329,New Low-Value Customers
393380,Fly fanatics
393403,New engaged
393565,Long-tenure
393604,New Low-Value Customers
393806,Long-tenure
393853,Long-tenure
393888,Long-tenure
394078,New engaged
394167,Long-tenure
394195,Lost Occasional Travelers
394196,New Low-Value Customers
394213,Lost Occasional Travelers
394248,Long-tenure
394321,Fly fanatics
394363,New Low-Value Customers
394454,Fly fanatics
394569,Lost Occasional Travelers
394715,Long-tenure
394806,Long-tenure
394812,Long-tenure
394927,New Low-Value Customers
394941,New engaged
394946,Lost Occasional Travelers
394979,Long-tenure
395026,Fly fanatics
395121,New engaged
395168,New engaged
395324,High-Value Frequent Flyers
395384,Fly fanatics
395446,New Low-Value Customers
395460,Long-tenure
395511,New engaged
395525,Long-tenure
395622,High-Value Frequent Flyers
395639,Fly fanatics
395871,New engaged
395887,Fly fanatics
395912,New engaged
395962,New Low-Value Customers
396018,Long-tenure
396048,New Low-Value Customers
396155,High-Value Frequent Flyers
396267,Long-tenure
396446,High-Value Frequent Flyers
396471,High-Value Frequent Flyers
396726,New engaged
396863,New engaged
396867,High-Value Low transactions
396920,High-Value Frequent Flyers
396984,Long-tenure
396996,Long-tenure
396997,Long-tenure
396998,High-Value Low transactions
397053,Fly fanatics
397065,High-Value Low transactions
397099,High-Value Low transactions
397104,Long-tenure
397141,Long-tenure
397242,Lost Occasional Travelers
397248,Long-tenure
397377,New engaged
397480,High-Value Frequent Flyers
397518,New Low-Value Customers
397533,Long-tenure
397706,Long-tenure
397787,New Low-Value Customers
397817,Long-tenure
397820,Fly fanatics
397934,High-Value Low transactions
397947,Long-tenure
398086,Long-tenure
398305,New Low-Value Customers
398351,High-Value Frequent Flyers
398506,High-Value Frequent Flyers
398535,New Low-Value Customers
398586,High-Value Frequent Flyers
398603,Fly fanatics
398611,Long-tenure
398655,New Low-Value Customers
398819,Fly fanatics
398839,High-Value Frequent Flyers
398846,High-Value Low transactions
398924,High-Value Frequent Flyers
398965,High-Value Frequent Flyers
399065,Long-tenure
399101,Lost Occasional Travelers
399214,New engaged
399251,Long-tenure
399372,High-Value Frequent Flyers
399379,Long-tenure
399397,Long-tenure
399417,Long-tenure
399418,Fly fanatics
399514,Lost Occasional Travelers
399555,New Low-Value Customers
399575,Fly fanatics
399666,New Low-Value Customers
399670,Long-tenure
399678,Long-tenure
399704,New engaged
399943,High-Value Frequent Flyers
399973,Long-tenure
399982,Long-tenure
400030,Long-tenure
400079,New engaged
400181,Fly fanatics
400224,Fly fanatics
400265,Fly fanatics
400272,New Low-Value Customers
400313,New engaged
400392,Fly fanatics
400404,Lost Occasional Travelers
400470,Long-tenure
400478,Lost Occasional Travelers
400486,Fly fanatics
400600,New Low-Value Customers
400702,New engaged
400802,High-Value Frequent Flyers
400958,New engaged
400979,New engaged
400985,Long-tenure
401007,New engaged
401036,Long-tenure
401055,Long-tenure
401060,New engaged
401062,New Low-Value Customers
401101,New engaged
401336,Long-tenure
401350,Reengaged Customers
401422,New Low-Value Customers
401424,Lost Occasional Travelers
401454,Long-tenure
401645,Fly fanatics
401710,High-Value Frequent Flyers
401722,Long-tenure
401760,Fly fanatics
401766,Fly fanatics
401769,Fly fanatics
401824,High-Value Frequent Flyers
401834,New engaged
401857,Fly fanatics
401858,Lost Occasional Travelers
401859,Long-tenure
401956,New engaged
402034,New engaged
402052,Long-tenure
402082,Long-tenure
402177,Reengaged Customers
402251,New engaged
402332,Long-tenure
402390,Lost Occasional Travelers
402638,New engaged
402706,Long-tenure
402918,New Low-Value Customers
402964,Long-tenure
402966,High-Value Low transactions
403052,New Low-Value Customers
403118,Fly fanatics
403185,New engaged
403282,New Low-Value Customers
403361,New Low-Value Customers
403463,New Low-Value Customers
403473,Long-tenure
403500,High-Value Frequent Flyers
403507,Long-tenure
403675,High-Value Frequent Flyers
403764,High-Value Low transactions
403856,New Low-Value Customers
403893,Long-tenure
404011,Long-tenure
404012,New Low-Value Customers
404106,High-Value Frequent Flyers
404233,Long-tenure
404314,Fly fanatics
404339,High-Value Low transactions
404417,Long-tenure
404426,Long-tenure
404431,Long-tenure
404434,Long-tenure
404475,High-Value Frequent Flyers
404720,Fly fanatics
404742,High-Value Frequent Flyers
404801,New Low-Value Customers
404805,High-Value Low transactions
404846,Long-tenure
404920,New engaged
405201,New engaged
405318,Long-tenure
405339,New engaged
405351,High-Value Frequent Flyers
405418,Long-tenure
405442,Long-tenure
405500,Fly fanatics
405597,Long-tenure
405602,New engaged
405698,New Low-Value Customers
405699,Long-tenure
405735,New engaged
405739,Lost Occasional Travelers
405768,Lost Occasional Travelers
405804,Fly fanatics
405928,Long-tenure
406047,Fly fanatics
406099,New Low-Value Customers
406176,Long-tenure
406252,High-Value Low transactions
406254,Long-tenure
406287,Lost Occasional Travelers
406294,Long-tenure
406367,New Low-Value Customers
406369,New Low-Value Customers
406373,New engaged
406411,High-Value Frequent Flyers
406564,Fly fanatics
406574,Fly fanatics
406810,High-Value Frequent Flyers
407008,New Low-Value Customers
407032,New engaged
407119,New engaged
407173,Long-tenure
407238,Long-tenure
407305,Long-tenure
407340,Long-tenure
407377,Fly fanatics
407411,Fly fanatics
407433,Fly fanatics
407468,Long-tenure
407478,Lost Occasional Travelers
407768,Long-tenure
407798,Fly fanatics
407933,High-Value Frequent Flyers
407945,Long-tenure
407999,Long-tenure
408047,Long-tenure
408091,Lost Occasional Travelers
408134,New Low-Value Customers
408259,New engaged
408309,New engaged
408347,New Low-Value Customers
408378,New Low-Value Customers
408468,New Low-Value Customers
408493,New engaged
408500,Fly fanatics
408561,Fly fanatics
408651,New engaged
408838,Long-tenure
408863,Fly fanatics
408886,Long-tenure
408915,High-Value Low transactions
408931,Fly fanatics
408990,Long-tenure
409051,High-Value Frequent Flyers
409102,Long-tenure
409156,New engaged
409174,New Low-Value Customers
409454,Fly fanatics
409512,Long-tenure
409603,New engaged
409684,New engaged
409741,Fly fanatics
409768,New Low-Value Customers
409798,New engaged
409908,Fly fanatics
409914,Fly fanatics
409951,Fly fanatics
409984,New Low-Value Customers
409989,New Low-Value Customers
410202,High-Value Frequent Flyers
410209,New engaged
410218,New engaged
410341,Fly fanatics
410343,Lost Occasional Travelers
410347,Long-tenure
410384,Long-tenure
410460,Lost Occasional Travelers
410544,Long-tenure
410552,New engaged
410558,New engaged
410702,Fly fanatics
410790,Long-tenure
410921,Fly fanatics
410938,High-Value Frequent Flyers
410958,New Low-Value Customers
410963,New engaged
410982,New engaged
411094,New engaged
411116,Long-tenure
411204,Fly fanatics
411272,New Low-Value Customers
411296,New Low-Value Customers
411298,New engaged
411365,New Low-Value Customers
411420,High-Value Frequent Flyers
411533,Long-tenure
411583,Fly fanatics
411586,High-Value Frequent Flyers
411686,Long-tenure
411690,Fly fanatics
411715,New Low-Value Customers
411744,High-Value Frequent Flyers
411876,Fly fanatics
411897,Long-tenure
412024,Fly fanatics
412133,Fly fanatics
412186,High-Value Frequent Flyers
412203,Long-tenure
412284,Long-tenure
412394,High-Value Frequent Flyers
412402,Fly fanatics
412429,New engaged
412480,New Low-Value Customers
412487,Long-tenure
412743,Reengaged Customers
412793,Long-tenure
412803,Fly fanatics
412817,High-Value Frequent Flyers
412854,New engaged
412880,High-Value Frequent Flyers
412902,Fly fanatics
412944,Long-tenure
412995,New engaged
413050,Fly fanatics
413052,High-Value Frequent Flyers
413088,Long-tenure
413101,Long-tenure
413115,Long-tenure
413185,New engaged
413243,Long-tenure
413266,New engaged
413282,New engaged
413330,Lost Occasional Travelers
413345,Long-tenure
413347,New engaged
413426,Long-tenure
413445,Lost Occasional Travelers
413459,High-Value Frequent Flyers
413620,New engaged
413659,High-Value Low transactions
413741,New engaged
413798,Fly fanatics
413815,Long-tenure
413853,High-Value Low transactions
413994,High-Value Frequent Flyers
414033,New engaged
414157,Long-tenure
414164,New engaged
414207,New engaged
414211,High-Value Frequent Flyers
414239,High-Value Frequent Flyers
414305,New engaged
414318,Long-tenure
414382,New Low-Value Customers
414433,High-Value Frequent Flyers
414584,Fly fanatics
414727,Long-tenure
414741,Long-tenure
414757,Long-tenure
415067,Long-tenure
415077,Long-tenure
415088,New Low-Value Customers
415090,New Low-Value Customers
415148,Fly fanatics
415201,New Low-Value Customers
415327,New engaged
415332,High-Value Frequent Flyers
415341,New engaged
415372,Long-tenure
415381,High-Value Frequent Flyers
415402,New engaged
415441,New engaged
415446,High-Value Low transactions
415862,New engaged
415896,New engaged
415915,New engaged
415916,New engaged
416091,New Low-Value Customers
416105,New Low-Value Customers
416124,Long-tenure
416127,Long-tenure
416216,Long-tenure
416575,Fly fanatics
416620,New Low-Value Customers
416768,New engaged
416783,Long-tenure
416940,Lost Occasional Travelers
416973,Fly fanatics
417001,New Low-Value Customers
417082,Long-tenure
417118,Fly fanatics
417274,New engaged
417507,New engaged
417564,Long-tenure
417584,Long-tenure
417825,New engaged
417838,Long-tenure
417886,Long-tenure
417904,New engaged
417929,Fly fanatics
418090,New engaged
418166,Fly fanatics
418281,Fly fanatics
418327,High-Value Frequent Flyers
418470,New Low-Value Customers
418636,New Low-Value Customers
418718,New Low-Value Customers
418753,New engaged
418779,Fly fanatics
418784,High-Value Low transactions
418793,Long-tenure
418910,Fly fanatics
418930,New engaged
418938,New Low-Value Customers
418958,Fly fanatics
418990,Long-tenure
419182,Fly fanatics
419237,Lost Occasional Travelers
419275,Fly fanatics
419377,High-Value Frequent Flyers
419493,High-Value Frequent Flyers
419522,High-Value Frequent Flyers
419540,Long-tenure
419570,Fly fanatics
419626,New Low-Value Customers
419648,New Low-Value Customers
419661,New Low-Value Customers
419732,New Low-Value Customers
419748,Long-tenure
419749,Fly fanatics
419758,Long-tenure
419776,Long-tenure
419818,New engaged
419893,New engaged
419953,Fly fanatics
419973,High-Value Frequent Flyers
420008,Long-tenure
420010,New Low-Value Customers
420126,New Low-Value Customers
420148,New engaged
420202,High-Value Low transactions
420204,New Low-Value Customers
420222,Long-tenure
420243,New Low-Value Customers
420339,Fly fanatics
420394,New engaged
420434,New engaged
420439,Long-tenure
420457,Long-tenure
420481,Long-tenure
420488,Long-tenure
420490,New engaged
420508,Fly fanatics
420515,Fly fanatics
420590,High-Value Low transactions
420627,New engaged
420738,Long-tenure
420786,Long-tenure
420856,New Low-Value Customers
420890,New Low-Value Customers
421001,Long-tenure
421191,Fly fanatics
421252,New Low-Value Customers
421310,Lost Occasional Travelers
421458,Long-tenure
421497,Fly fanatics
421580,Long-tenure
421691,Fly fanatics
421744,Fly fanatics
421748,Fly fanatics
421752,New Low-Value Customers
421822,New Low-Value Customers
421923,New engaged
421930,New engaged
422121,Fly fanatics
422152,Fly fanatics
422164,High-Value Low transactions
422204,Long-tenure
422245,New Low-Value Customers
422276,Long-tenure
422320,New engaged
422349,Long-tenure
422358,Fly fanatics
422398,Long-tenure
422436,New Low-Value Customers
422496,Long-tenure
422750,Long-tenure
422787,New engaged
422803,New engaged
422805,New engaged
422989,Lost Occasional Travelers
423035,Fly fanatics
423096,Fly fanatics
423119,Lost Occasional Travelers
423153,New Low-Value Customers
423201,Long-tenure
423228,Fly fanatics
423254,Fly fanatics
423272,Long-tenure
423324,New Low-Value Customers
423336,High-Value Low transactions
423409,New Low-Value Customers
423432,New engaged
423473,New Low-Value Customers
423598,High-Value Frequent Flyers
423609,Long-tenure
423686,New engaged
423821,Long-tenure
423941,Fly fanatics
423978,Long-tenure
424012,New engaged
424098,High-Value Frequent Flyers
424100,New engaged
424126,Fly fanatics
424139,New engaged
424208,Long-tenure
424216,High-Value Frequent Flyers
424270,High-Value Low transactions
424337,High-Value Frequent Flyers
424403,Fly fanatics
424451,New Low-Value Customers
424526,New engaged
424540,Long-tenure
424585,Lost Occasional Travelers
424688,New engaged
424793,High-Value Frequent Flyers
424812,High-Value Frequent Flyers
424837,New engaged
424917,New engaged
424983,Long-tenure
425294,Long-tenure
425411,Long-tenure
425436,Fly fanatics
425445,Long-tenure
425472,Long-tenure
425567,Long-tenure
425620,New Low-Value Customers
425687,New Low-Value Customers
425717,Long-tenure
425720,Long-tenure
425779,Lost Occasional Travelers
425826,New Low-Value Customers
425854,New engaged
425940,New engaged
426027,New engaged
426124,New engaged
426185,New engaged
426223,Fly fanatics
426302,New Low-Value Customers
426317,New engaged
426351,New engaged
426384,Fly fanatics
426414,High-Value Frequent Flyers
426429,Fly fanatics
426439,Long-tenure
426530,Long-tenure
426533,Fly fanatics
426536,Long-tenure
426698,Long-tenure
426720,New engaged
426791,Long-tenure
426958,Long-tenure
426981,Fly fanatics
426990,Fly fanatics
426994,New engaged
427036,Long-tenure
427140,Fly fanatics
427163,Fly fanatics
427177,High-Value Frequent Flyers
427329,Fly fanatics
427354,New Low-Value Customers
427358,New engaged
427388,Lost Occasional Travelers
427444,New Low-Value Customers
427733,Fly fanatics
427919,Fly fanatics
427976,Long-tenure
427980,Fly fanatics
428020,Fly fanatics
428114,High-Value Frequent Flyers
428129,High-Value Frequent Flyers
428130,Long-tenure
428152,Reengaged Customers
428162,Long-tenure
428249,Fly fanatics
428305,Fly fanatics
428345,New Low-Value Customers
428376,New engaged
428383,Lost Occasional Travelers
428402,Long-tenure
428452,New Low-Value Customers
428520,New Low-Value Customers
428523,New engaged
428526,New Low-Value Customers
428536,Long-tenure
428565,New engaged
428604,New Low-Value Customers
428649,Long-tenure
428710,High-Value Frequent Flyers
428757,High-Value Frequent Flyers
428765,High-Value Low transactions
428778,New Low-Value Customers
428826,New Low-Value Customers
428843,New engaged
428853,New engaged
428903,Fly fanatics
428919,Fly fanatics
428922,Long-tenure
429054,Long-tenure
429238,Long-tenure
429244,Long-tenure
429292,New engaged
429308,Fly fanatics
429354,New engaged
429460,Lost Occasional Travelers
429471,New engaged
429557,Fly fanatics
429692,Lost Occasional Travelers
429829,Fly fanatics
429849,Long-tenure
429894,New engaged
429921,Long-tenure
429933,Fly fanatics
430048,Long-tenure
430059,Fly fanatics
430097,High-Value Frequent Flyers
430107,Long-tenure
430197,High-Value Frequent Flyers
430221,New Low-Value Customers
430228,Long-tenure
430265,New engaged
430323,Long-tenure
430398,High-Value Low transactions
430413,Fly fanatics
430475,New engaged
430500,Fly fanatics
430503,Fly fanatics
430555,Long-tenure
430569,Fly fanatics
430618,Long-tenure
430712,New Low-Value Customers
430813,Long-tenure
430817,New engaged
430880,New engaged
431020,Long-tenure
431021,Fly fanatics
431034,Long-tenure
431187,Reengaged Customers
431201,New Low-Value Customers
431277,New engaged
431392,New Low-Value Customers
431514,New Low-Value Customers
431521,Long-tenure
431533,Fly fanatics
431586,New engaged
431640,Fly fanatics
431829,New engaged
431899,Long-tenure
432031,Fly fanatics
432059,New engaged
432145,Fly fanatics
432200,Long-tenure
432215,Long-tenure
432255,Long-tenure
432298,Fly fanatics
432302,New engaged
432366,High-Value Frequent Flyers
432370,Long-tenure
432392,New engaged
432451,Fly fanatics
432493,Fly fanatics
432564,Lost Occasional Travelers
432579,New Low-Value Customers
432592,Long-tenure
432598,Fly fanatics
432655,High-Value Frequent Flyers
432716,Fly fanatics
432718,Long-tenure
432843,New engaged
432920,Long-tenure
432938,Long-tenure
432941,Lost Occasional Travelers
432961,New Low-Value Customers
433017,New engaged
433020,New Low-Value Customers
433172,Long-tenure
433300,Lost Occasional Travelers
433307,Reengaged Customers
433353,Long-tenure
433477,New Low-Value Customers
433496,Long-tenure
433510,New engaged
433678,Long-tenure
433752,New Low-Value Customers
433812,Long-tenure
433815,High-Value Frequent Flyers
433857,High-Value Frequent Flyers
433946,Fly fanatics
434081,New engaged
434098,New engaged
434113,Long-tenure
434136,Fly fanatics
434215,New engaged
434385,High-Value Frequent Flyers
434470,Long-tenure
434477,Long-tenure
434489,New engaged
434568,Long-tenure
434620,New Low-Value Customers
434621,New engaged
434657,Lost Occasional Travelers
434658,Long-tenure
434679,High-Value Frequent Flyers
434693,New Low-Value Customers
434751,Long-tenure
434760,Long-tenure
434802,New engaged
434888,Long-tenure
434922,Long-tenure
435049,Long-tenure
435097,Long-tenure
435129,Fly fanatics
435156,Long-tenure
435223,High-Value Low transactions
435249,High-Value Low transactions
435358,New Low-Value Customers
435378,Long-tenure
435557,Long-tenure
435613,New engaged
435657,Long-tenure
435789,Long-tenure
436010,High-Value Frequent Flyers
436041,Lost Occasional Travelers
436081,Long-tenure
436087,New Low-Value Customers
436226,Long-tenure
436235,New engaged
436247,New Low-Value Customers
436266,New Low-Value Customers
436419,High-Value Low transactions
436475,Fly fanatics
436569,New engaged
436705,Lost Occasional Travelers
436719,New engaged
436805,High-Value Low transactions
436827,High-Value Frequent Flyers
436874,Long-tenure
436901,Long-tenure
436969,Long-tenure
436971,New engaged
436975,New engaged
436990,New engaged
437022,New engaged
437074,Long-tenure
437086,Long-tenure
437158,Fly fanatics
437197,Long-tenure
437251,Lost Occasional Travelers
437269,Lost Occasional Travelers
437288,Long-tenure
437357,Fly fanatics
437403,Lost Occasional Travelers
437407,Fly fanatics
437440,Fly fanatics
437545,Long-tenure
437598,Long-tenure
437737,New engaged
437810,Long-tenure
438023,Long-tenure
438120,New Low-Value Customers
438199,New Low-Value Customers
438263,Long-tenure
438299,New engaged
438383,New engaged
438525,Lost Occasional Travelers
438526,Fly fanatics
438593,High-Value Low transactions
438641,New engaged
438707,New engaged
438746,Long-tenure
438822,Fly fanatics
438869,Long-tenure
438875,New Low-Value Customers
438936,Long-tenure
439013,New Low-Value Customers
439068,New Low-Value Customers
439092,New Low-Value Customers
439251,Long-tenure
439252,Lost Occasional Travelers
439296,Fly fanatics
439350,Long-tenure
439361,Fly fanatics
439566,New engaged
439572,New Low-Value Customers
439574,Fly fanatics
439675,Long-tenure
439696,New engaged
439819,Long-tenure
439900,Fly fanatics
440112,New engaged
440198,Long-tenure
440209,Fly fanatics
440213,New engaged
440320,High-Value Frequent Flyers
440511,New Low-Value Customers
440595,High-Value Frequent Flyers
440618,Long-tenure
440642,High-Value Frequent Flyers
440699,Reengaged Customers
440785,Long-tenure
440885,Fly fanatics
440928,Long-tenure
440939,Fly fanatics
440967,Long-tenure
441113,New engaged
441128,Fly fanatics
441135,New engaged
441155,Long-tenure
441304,Fly fanatics
441313,High-Value Frequent Flyers
441340,New engaged
441345,New Low-Value Customers
441356,New engaged
441359,Long-tenure
441389,New engaged
441419,Lost Occasional Travelers
441423,New engaged
441439,Long-tenure
441440,New engaged
441442,Long-tenure
441509,Long-tenure
441623,Long-tenure
441631,High-Value Low transactions
441670,Lost Occasional Travelers
441724,Long-tenure
441741,New engaged
441782,Long-tenure
441964,New engaged
442014,Fly fanatics
442018,New engaged
442103,High-Value Frequent Flyers
442192,Long-tenure
442249,New engaged
442251,New Low-Value Customers
442252,Long-tenure
442282,Long-tenure
442304,Long-tenure
442306,Long-tenure
442418,New Low-Value Customers
442458,New engaged
442479,Fly fanatics
442525,New engaged
442609,Fly fanatics
442695,High-Value Low transactions
442792,Fly fanatics
442831,Lost Occasional Travelers
442838,Long-tenure
442868,Long-tenure
442879,Fly fanatics
442956,Fly fanatics
442980,New engaged
443130,Long-tenure
443198,New Low-Value Customers
443199,Fly fanatics
443231,New engaged
443232,Long-tenure
443243,Long-tenure
443557,New Low-Value Customers
443595,Fly fanatics
443865,Long-tenure
443896,New engaged
443967,New Low-Value Customers
443970,Reengaged Customers
443985,New engaged
444022,Fly fanatics
444060,New Low-Value Customers
444085,Long-tenure
444154,Long-tenure
444202,New Low-Value Customers
444237,Fly fanatics
444259,Long-tenure
444300,New Low-Value Customers
444365,New engaged
444366,New engaged
444371,New engaged
444524,New engaged
444646,New engaged
444652,High-Value Low transactions
444661,Lost Occasional Travelers
444684,New engaged
444686,Long-tenure
444748,Long-tenure
444778,New engaged
444786,Long-tenure
444894,Long-tenure
444931,Fly fanatics
444997,Long-tenure
445024,New engaged
445073,Long-tenure
445137,Long-tenure
445145,Lost Occasional Travelers
445146,New Low-Value Customers
445169,Long-tenure
445176,Long-tenure
445177,New engaged
445251,High-Value Frequent Flyers
445338,Fly fanatics
445370,Long-tenure
445427,Reengaged Customers
445432,Fly fanatics
445451,Long-tenure
445496,New engaged
445549,Fly fanatics
445632,Long-tenure
445673,Long-tenure
445675,Fly fanatics
445704,High-Value Frequent Flyers
445746,Long-tenure
445839,New engaged
445867,Fly fanatics
445879,Fly fanatics
445915,Reengaged Customers
446096,New Low-Value Customers
446135,New Low-Value Customers
446171,Fly fanatics
446302,New engaged
446315,Long-tenure
446352,New engaged
446403,Long-tenure
446712,Fly fanatics
446886,Lost Occasional Travelers
446988,New engaged
446991,New engaged
447092,New engaged
447275,Fly fanatics
447387,High-Value Frequent Flyers
447401,New engaged
447439,Lost Occasional Travelers
447470,New engaged
447544,New engaged
447647,Long-tenure
447675,High-Value Frequent Flyers
447771,High-Value Frequent Flyers
447796,Long-tenure
447804,Lost Occasional Travelers
447925,Long-tenure
447943,Fly fanatics
447962,Long-tenure
448136,Fly fanatics
448142,New engaged
448147,Long-tenure
448273,High-Value Frequent Flyers
448354,Fly fanatics
448577,New Low-Value Customers
448654,New engaged
448774,Long-tenure
448812,High-Value Frequent Flyers
448823,Lost Occasional Travelers
448896,New engaged
448912,Fly fanatics
449046,Long-tenure
449084,Long-tenure
449223,New Low-Value Customers
449417,Long-tenure
449441,New Low-Value Customers
449530,New Low-Value Customers
449555,High-Value Frequent Flyers
449654,Fly fanatics
449843,Fly fanatics
449858,Long-tenure
450150,New Low-Value Customers
450205,New engaged
450323,Long-tenure
450417,New Low-Value Customers
450621,New engaged
450665,High-Value Frequent Flyers
450698,Fly fanatics
450735,New Low-Value Customers
450802,New Low-Value Customers
450865,Fly fanatics
450888,New engaged
450896,Long-tenure
450979,New engaged
450987,Lost Occasional Travelers
450995,New engaged
451080,Reengaged Customers
451183,Lost Occasional Travelers
451226,Fly fanatics
451240,Fly fanatics
451391,Fly fanatics
451425,New engaged
451446,Long-tenure
451469,Long-tenure
451528,New Low-Value Customers
451711,New Low-Value Customers
451740,New Low-Value Customers
451819,Long-tenure
451839,New Low-Value Customers
451886,New engaged
452208,New engaged
452279,Lost Occasional Travelers
452282,Long-tenure
452342,High-Value Frequent Flyers
452417,Long-tenure
452439,New engaged
452459,Lost Occasional Travelers
452464,New engaged
452530,Long-tenure
452684,Lost Occasional Travelers
452725,Long-tenure
452873,New engaged
452976,New engaged
452985,Lost Occasional Travelers
452994,New Low-Value Customers
453032,Long-tenure
453034,Long-tenure
453133,Long-tenure
453135,Long-tenure
453136,Fly fanatics
453165,Lost Occasional Travelers
453349,Long-tenure
453408,Fly fanatics
453448,New Low-Value Customers
453466,New Low-Value Customers
453494,New Low-Value Customers
453578,New Low-Value Customers
453587,Lost Occasional Travelers
453654,Long-tenure
453719,Long-tenure
453876,New Low-Value Customers
453887,Fly fanatics
453971,Reengaged Customers
453972,Fly fanatics
454022,New engaged
454041,New engaged
454073,Fly fanatics
454145,New Low-Value Customers
454327,Long-tenure
454356,New Low-Value Customers
454440,New engaged
454471,New engaged
454514,High-Value Low transactions
454543,New engaged
454609,New Low-Value Customers
454628,New engaged
454630,Long-tenure
454632,Fly fanatics
454663,Fly fanatics
454668,Long-tenure
454690,Fly fanatics
454718,Long-tenure
454720,Fly fanatics
454750,New engaged
454880,Long-tenure
454985,New engaged
455023,Long-tenure
455068,New engaged
455234,Lost Occasional Travelers
455287,Reengaged Customers
455319,Fly fanatics
455474,Fly fanatics
455594,Long-tenure
455606,Long-tenure
455651,Long-tenure
455866,Long-tenure
455892,New engaged
455896,Long-tenure
455937,Long-tenure
455941,Long-tenure
455991,New engaged
456095,Fly fanatics
456117,Long-tenure
456128,New engaged
456140,Fly fanatics
456167,Long-tenure
456177,New Low-Value Customers
456259,Long-tenure
456294,Fly fanatics
456360,Long-tenure
456367,Long-tenure
456432,Fly fanatics
456433,New engaged
456436,Long-tenure
456554,New engaged
456613,New Low-Value Customers
456614,New Low-Value Customers
456632,High-Value Frequent Flyers
456716,Long-tenure
456752,Reengaged Customers
456785,Fly fanatics
456822,New engaged
456839,Fly fanatics
456887,Fly fanatics
456958,High-Value Frequent Flyers
457077,New Low-Value Customers
457374,Reengaged Customers
457456,Long-tenure
457489,Long-tenure
457525,Fly fanatics
457535,Fly fanatics
457536,Fly fanatics
457552,New Low-Value Customers
457605,Lost Occasional Travelers
457695,New Low-Value Customers
457716,Long-tenure
457797,Fly fanatics
457947,New Low-Value Customers
458041,High-Value Frequent Flyers
458072,New engaged
458074,Fly fanatics
458199,High-Value Low transactions
458202,New engaged
458320,New engaged
458614,New engaged
458697,Long-tenure
458745,New Low-Value Customers
458864,New Low-Value Customers
458939,Fly fanatics
458963,Long-tenure
458984,Fly fanatics
459017,Long-tenure
459099,Long-tenure
459128,Fly fanatics
459163,New engaged
459164,New Low-Value Customers
459223,Long-tenure
459345,New engaged
459404,High-Value Frequent Flyers
459517,High-Value Frequent Flyers
459563,Fly fanatics
459636,Fly fanatics
459683,New Low-Value Customers
459735,Long-tenure
459737,Long-tenure
459801,Long-tenure
459835,Lost Occasional Travelers
459936,Fly fanatics
459948,New engaged
459971,New engaged
459991,New Low-Value Customers
459999,New Low-Value Customers
460025,Fly fanatics
460037,New Low-Value Customers
460043,Long-tenure
460058,New engaged
460091,Long-tenure
460110,Fly fanatics
460207,Fly fanatics
460291,Fly fanatics
460349,Fly fanatics
460629,Fly fanatics
460673,High-Value Low transactions
460770,New Low-Value Customers
460894,High-Value Frequent Flyers
460929,Fly fanatics
460934,Long-tenure
460938,Fly fanatics
460943,Lost Occasional Travelers
461012,New engaged
461108,New Low-Value Customers
461199,Fly fanatics
461353,Long-tenure
461354,New Low-Value Customers
461540,New Low-Value Customers
461559,New engaged
461859,High-Value Frequent Flyers
461937,New engaged
461974,New Low-Value Customers
462036,High-Value Low transactions
462077,Fly fanatics
462128,New engaged
462174,High-Value Frequent Flyers
462232,New Low-Value Customers
462247,New Low-Value Customers
462253,Lost Occasional Travelers
462279,New Low-Value Customers
462337,New Low-Value Customers
462355,New engaged
462366,Lost Occasional Travelers
462459,New Low-Value Customers
462495,Fly fanatics
462595,Fly fanatics
462616,New Low-Value Customers
462638,Long-tenure
462663,Fly fanatics
462701,High-Value Frequent Flyers
462803,New engaged
462815,New Low-Value Customers
462833,New engaged
462974,New engaged
462993,Long-tenure
463070,Lost Occasional Travelers
463146,Lost Occasional Travelers
463230,Fly fanatics
463263,Long-tenure
463298,New Low-Value Customers
463361,Fly fanatics
463490,Long-tenure
463606,Long-tenure
463751,Long-tenure
463833,Lost Occasional Travelers
463854,New Low-Value Customers
463882,Long-tenure
463890,Long-tenure
463926,New engaged
463971,Fly fanatics
464044,Fly fanatics
464105,New engaged
464114,New Low-Value Customers
464117,New Low-Value Customers
464137,Long-tenure
464166,Fly fanatics
464220,Long-tenure
464248,Long-tenure
464385,New Low-Value Customers
464394,High-Value Frequent Flyers
464447,Long-tenure
464606,Long-tenure
464639,Lost Occasional Travelers
464720,Fly fanatics
464771,Lost Occasional Travelers
464799,New Low-Value Customers
464828,Lost Occasional Travelers
464959,High-Value Frequent Flyers
464962,High-Value Frequent Flyers
464970,New Low-Value Customers
465095,New Low-Value Customers
465170,New Low-Value Customers
465197,Long-tenure
465241,High-Value Frequent Flyers
465347,High-Value Frequent Flyers
465412,New engaged
465421,New engaged
465424,New Low-Value Customers
465530,Long-tenure
465540,Fly fanatics
465570,Long-tenure
465603,Fly fanatics
465692,Long-tenure
465729,Fly fanatics
465741,New engaged
465746,Fly fanatics
465842,New engaged
465864,Reengaged Customers
465891,New Low-Value Customers
465927,Reengaged Customers
465931,Long-tenure
465962,Fly fanatics
465980,New Low-Value Customers
465990,High-Value Frequent Flyers
466147,New Low-Value Customers
466477,Lost Occasional Travelers
466645,New Low-Value Customers
466754,New Low-Value Customers
466781,New Low-Value Customers
466795,Long-tenure
466813,Lost Occasional Travelers
466862,Fly fanatics
466865,Long-tenure
466953,Long-tenure
466998,New engaged
467046,New engaged
467143,Fly fanatics
467151,Long-tenure
467175,New engaged
467182,Long-tenure
467222,High-Value Frequent Flyers
467249,New Low-Value Customers
467359,High-Value Low transactions
467361,High-Value Frequent Flyers
467382,Fly fanatics
467401,New Low-Value Customers
467455,Lost Occasional Travelers
467510,Lost Occasional Travelers
467580,New Low-Value Customers
467607,High-Value Low transactions
467631,Fly fanatics
467685,New Low-Value Customers
467848,High-Value Frequent Flyers
467926,Fly fanatics
467945,New engaged
468067,Fly fanatics
468138,New engaged
468192,Fly fanatics
468220,Long-tenure
468310,Long-tenure
468516,Long-tenure
468520,High-Value Low transactions
468542,New Low-Value Customers
468945,Long-tenure
468970,High-Value Frequent Flyers
469075,Long-tenure
469230,Fly fanatics
469238,New Low-Value Customers
469404,Long-tenure
469532,New Low-Value Customers
469616,High-Value Low transactions
469660,New engaged
469684,Fly fanatics
469718,Long-tenure
469767,New Low-Value Customers
469781,Long-tenure
469977,Fly fanatics
470022,Long-tenure
470076,High-Value Frequent Flyers
470123,New engaged
470245,Long-tenure
470272,Fly fanatics
470323,New engaged
470334,Lost Occasional Travelers
470373,New engaged
470381,Fly fanatics
470469,Fly fanatics
470480,Fly fanatics
470591,Fly fanatics
470671,Fly fanatics
470738,New engaged
470802,New Low-Value Customers
470952,New Low-Value Customers
470989,New engaged
471000,High-Value Frequent Flyers
471015,Fly fanatics
471098,High-Value Frequent Flyers
471170,New engaged
471188,Long-tenure
471204,Long-tenure
471440,New Low-Value Customers
471460,New Low-Value Customers
471466,New Low-Value Customers
471523,New engaged
471583,Long-tenure
471662,New engaged
471706,New engaged
471858,New engaged
472009,New engaged
472225,Fly fanatics
472314,New Low-Value Customers
472325,Long-tenure
472356,Fly fanatics
472373,High-Value Frequent Flyers
472376,High-Value Low transactions
472405,Long-tenure
472445,Lost Occasional Travelers
472488,Lost Occasional Travelers
472521,New engaged
472532,New engaged
472540,New engaged
472589,Long-tenure
472674,Fly fanatics
472692,High-Value Frequent Flyers
472695,Long-tenure
472702,New Low-Value Customers
472719,New engaged
472787,Long-tenure
472807,Lost Occasional Travelers
472824,High-Value Frequent Flyers
472879,Long-tenure
472921,Reengaged Customers
472933,Fly fanatics
472942,Long-tenure
472964,Fly fanatics
473093,Long-tenure
473144,Long-tenure
473194,New engaged
473204,Fly fanatics
473259,New Low-Value Customers
473409,Fly fanatics
473410,New engaged
473548,New engaged
473563,New engaged
473564,Lost Occasional Travelers
473622,Fly fanatics
473636,New engaged
473648,New Low-Value Customers
473674,New Low-Value Customers
473758,Long-tenure
473772,High-Value Frequent Flyers
473775,High-Value Frequent Flyers
473786,New engaged
474027,New Low-Value Customers
474174,Lost Occasional Travelers
474272,Lost Occasional Travelers
474333,High-Value Frequent Flyers
474342,New engaged
474383,Lost Occasional Travelers
474458,Fly fanatics
474752,Long-tenure
474779,New engaged
474846,High-Value Frequent Flyers
474894,Fly fanatics
474905,New engaged
474921,Fly fanatics
474945,New engaged
475034,New Low-Value Customers
475123,Long-tenure
475132,High-Value Frequent Flyers
475172,New engaged
475175,New engaged
475233,Long-tenure
475395,Lost Occasional Travelers
475500,New engaged
475532,Long-tenure
475535,High-Value Low transactions
475550,New engaged
475634,New engaged
475690,Long-tenure
475700,Fly fanatics
475713,New engaged
475930,Lost Occasional Travelers
475950,New Low-Value Customers
475974,Long-tenure
475991,Fly fanatics
476068,High-Value Frequent Flyers
476080,Lost Occasional Travelers
476258,Long-tenure
476273,High-Value Low transactions
476288,Long-tenure
476327,New engaged
476371,Reengaged Customers
476431,Fly fanatics
476477,High-Value Frequent Flyers
476497,New engaged
476539,Fly fanatics
476571,New engaged
476648,High-Value Frequent Flyers
476652,High-Value Frequent Flyers
476875,New engaged
477157,High-Value Low transactions
477219,High-Value Frequent Flyers
477295,New engaged
477362,Fly fanatics
477468,Long-tenure
477517,Fly fanatics
477598,Fly fanatics
477599,Lost Occasional Travelers
477654,High-Value Low transactions
477676,High-Value Frequent Flyers
477739,High-Value Frequent Flyers
477787,New Low-Value Customers
477869,High-Value Frequent Flyers
477993,High-Value Frequent Flyers
478050,Long-tenure
478107,New Low-Value Customers
478108,Fly fanatics
478127,New engaged
478142,Fly fanatics
478247,Long-tenure
478278,Long-tenure
478284,Lost Occasional Travelers
478315,Fly fanatics
478373,New engaged
478431,New engaged
478566,Lost Occasional Travelers
478666,Fly fanatics
478700,Fly fanatics
478770,High-Value Frequent Flyers
478785,New engaged
478792,Long-tenure
478890,Long-tenure
478912,Long-tenure
478986,Long-tenure
479015,Fly fanatics
479198,New engaged
479278,Long-tenure
479445,High-Value Frequent Flyers
479509,New Low-Value Customers
479593,Long-tenure
479724,New engaged
479766,New engaged
479815,New engaged
479872,Long-tenure
479950,Long-tenure
479960,High-Value Frequent Flyers
480021,Lost Occasional Travelers
480074,New engaged
480158,New engaged
480200,Long-tenure
480203,Long-tenure
480239,Long-tenure
480259,High-Value Low transactions
480275,High-Value Frequent Flyers
480389,New Low-Value Customers
480435,Lost Occasional Travelers
480502,New Low-Value Customers
480675,New Low-Value Customers
480732,New engaged
480760,High-Value Frequent Flyers
480846,Fly fanatics
480858,Lost Occasional Travelers
480864,Fly fanatics
480872,New Low-Value Customers
480909,New engaged
480934,Fly fanatics
480957,High-Value Frequent Flyers
481018,Fly fanatics
481028,High-Value Frequent Flyers
481048,Long-tenure
481076,New engaged
481105,Fly fanatics
481191,High-Value Low transactions
481293,Fly fanatics
481450,New Low-Value Customers
481457,New Low-Value Customers
481590,High-Value Low transactions
481660,New Low-Value Customers
481851,High-Value Low transactions
481857,Fly fanatics
481860,New Low-Value Customers
481893,Fly fanatics
481902,Lost Occasional Travelers
481931,Fly fanatics
481955,Long-tenure
481987,Lost Occasional Travelers
482169,Long-tenure
482218,Fly fanatics
482256,New engaged
482345,Long-tenure
482351,New Low-Value Customers
482370,New Low-Value Customers
482402,Long-tenure
482525,Long-tenure
482528,New engaged
482551,Long-tenure
482561,Long-tenure
482567,New Low-Value Customers
482673,New Low-Value Customers
482681,Long-tenure
482711,Fly fanatics
482777,New Low-Value Customers
482882,High-Value Low transactions
482922,High-Value Low transactions
482938,New Low-Value Customers
482940,Long-tenure
483125,High-Value Frequent Flyers
483154,Long-tenure
483198,Long-tenure
483212,Lost Occasional Travelers
483436,Long-tenure
483623,Fly fanatics
483627,Long-tenure
483631,Lost Occasional Travelers
483747,Lost Occasional Travelers
483768,Fly fanatics
483863,High-Value Frequent Flyers
483875,New Low-Value Customers
483899,High-Value Frequent Flyers
484194,Long-tenure
484225,New Low-Value Customers
484243,Long-tenure
484317,New engaged
484422,New engaged
484446,High-Value Frequent Flyers
484495,Fly fanatics
484504,Long-tenure
484543,Lost Occasional Travelers
484592,Fly fanatics
484625,Long-tenure
484718,Long-tenure
484733,New Low-Value Customers
484765,New Low-Value Customers
484774,High-Value Low transactions
484811,New engaged
484853,Long-tenure
484894,Long-tenure
485040,Fly fanatics
485062,New engaged
485196,New engaged
485258,Lost Occasional Travelers
485280,New engaged
485281,Lost Occasional Travelers
485282,Long-tenure
485283,New Low-Value Customers
485300,New Low-Value Customers
485330,New Low-Value Customers
485383,New engaged
485397,Long-tenure
485557,Long-tenure
485674,Long-tenure
485742,Long-tenure
485745,High-Value Frequent Flyers
485787,Long-tenure
485795,High-Value Frequent Flyers
485845,Long-tenure
485933,Long-tenure
486048,Long-tenure
486075,High-Value Frequent Flyers
486112,New Low-Value Customers
486117,Long-tenure
486139,New engaged
486143,Fly fanatics
486197,New Low-Value Customers
486200,New Low-Value Customers
486226,Long-tenure
486359,Fly fanatics
486600,Long-tenure
486708,High-Value Frequent Flyers
486776,Long-tenure
486812,New Low-Value Customers
486831,High-Value Frequent Flyers
486890,Long-tenure
486897,High-Value Frequent Flyers
486909,High-Value Frequent Flyers
486933,New Low-Value Customers
486955,Fly fanatics
486956,Fly fanatics
487027,New Low-Value Customers
487070,High-Value Frequent Flyers
487195,High-Value Frequent Flyers
487212,Fly fanatics
487228,New Low-Value Customers
487359,New engaged
487486,High-Value Low transactions
487605,Long-tenure
487726,Fly fanatics
487727,High-Value Frequent Flyers
487777,Fly fanatics
487799,New Low-Value Customers
487807,Long-tenure
487823,Lost Occasional Travelers
487901,Long-tenure
487930,New engaged
488009,New Low-Value Customers
488044,High-Value Frequent Flyers
488071,Long-tenure
488130,Fly fanatics
488151,Lost Occasional Travelers
488188,High-Value Frequent Flyers
488268,Fly fanatics
488303,New engaged
488535,Long-tenure
488549,Fly fanatics
488647,High-Value Low transactions
488675,High-Value Frequent Flyers
488679,New engaged
488799,Fly fanatics
488811,New Low-Value Customers
488853,Long-tenure
488872,Long-tenure
488884,Long-tenure
489108,Long-tenure
489115,Long-tenure
489221,Long-tenure
489244,New engaged
489279,High-Value Frequent Flyers
489301,High-Value Frequent Flyers
489335,Fly fanatics
489371,Fly fanatics
489391,Fly fanatics
489394,New Low-Value Customers
489501,Lost Occasional Travelers
489523,High-Value Frequent Flyers
489534,Long-tenure
489549,New Low-Value Customers
489592,Lost Occasional Travelers
489609,Lost Occasional Travelers
489628,New Low-Value Customers
489781,New engaged
489842,High-Value Frequent Flyers
489856,New Low-Value Customers
489956,Long-tenure
489985,New Low-Value Customers
490053,High-Value Frequent Flyers
490250,Long-tenure
490479,Long-tenure
490487,Long-tenure
490553,Long-tenure
490562,New Low-Value Customers
490563,Long-tenure
490774,Long-tenure
490806,Long-tenure
490824,Fly fanatics
490840,New engaged
490860,New engaged
490932,Fly fanatics
490984,Long-tenure
491005,New engaged
491122,New engaged
491242,New Low-Value Customers
491244,New Low-Value Customers
491253,New engaged
491310,High-Value Low transactions
491351,New engaged
491369,Long-tenure
491391,Long-tenure
491404,New engaged
491481,High-Value Frequent Flyers
491513,Fly fanatics
491643,High-Value Low transactions
491690,New Low-Value Customers
491773,New engaged
491907,High-Value Frequent Flyers
491948,New Low-Value Customers
491986,Fly fanatics
491987,Fly fanatics
492011,New engaged
492036,Lost Occasional Travelers
492090,New engaged
492158,Long-tenure
492159,Long-tenure
492165,Long-tenure
492226,New Low-Value Customers
492265,Lost Occasional Travelers
492367,New Low-Value Customers
492401,Long-tenure
492433,Fly fanatics
492496,New engaged
492505,High-Value Frequent Flyers
492575,Lost Occasional Travelers
492695,New Low-Value Customers
492700,Lost Occasional Travelers
492757,Long-tenure
492789,Long-tenure
492812,New engaged
492883,Long-tenure
492966,New engaged
492973,New Low-Value Customers
493061,Long-tenure
493088,Long-tenure
493283,Long-tenure
493350,New engaged
493358,New Low-Value Customers
493369,New Low-Value Customers
493427,Fly fanatics
493598,Long-tenure
493640,New Low-Value Customers
493677,Fly fanatics
493775,Fly fanatics
493800,Long-tenure
493819,High-Value Frequent Flyers
493894,Long-tenure
493925,Long-tenure
493972,Long-tenure
494062,Long-tenure
494179,Fly fanatics
494206,Fly fanatics
494213,New engaged
494263,Fly fanatics
494284,New engaged
494384,Fly fanatics
494438,Lost Occasional Travelers
494498,Long-tenure
494515,High-Value Low transactions
494552,New Low-Value Customers
494600,Fly fanatics
494885,Fly fanatics
494887,Fly fanatics
494899,Long-tenure
495027,New engaged
495058,Long-tenure
495148,New engaged
495168,Fly fanatics
495253,High-Value Frequent Flyers
495286,New engaged
495369,New Low-Value Customers
495381,Long-tenure
495403,Fly fanatics
495473,Fly fanatics
495632,Reengaged Customers
495707,New engaged
495773,Long-tenure
495787,New engaged
495912,Long-tenure
495926,New Low-Value Customers
495942,Fly fanatics
496014,Long-tenure
496159,New Low-Value Customers
496191,Fly fanatics
496233,Long-tenure
496325,Long-tenure
496329,High-Value Frequent Flyers
496357,New engaged
496371,Long-tenure
496387,Long-tenure
496403,Lost Occasional Travelers
496482,New Low-Value Customers
496668,New Low-Value Customers
496675,New Low-Value Customers
496686,Lost Occasional Travelers
496728,Fly fanatics
496759,New engaged
496820,Long-tenure
496831,New Low-Value Customers
497070,New Low-Value Customers
497106,New Low-Value Customers
497108,Long-tenure
497194,Long-tenure
497201,Fly fanatics
497226,Lost Occasional Travelers
497281,New Low-Value Customers
497421,Fly fanatics
497467,Fly fanatics
497494,New engaged
497576,New Low-Value Customers
497613,Fly fanatics
497648,New Low-Value Customers
497756,New Low-Value Customers
497784,High-Value Frequent Flyers
497836,High-Value Frequent Flyers
497854,High-Value Frequent Flyers
497861,Fly fanatics
497891,Fly fanatics
498028,High-Value Frequent Flyers
498030,Long-tenure
498149,New Low-Value Customers
498319,New Low-Value Customers
498514,High-Value Low transactions
498573,New engaged
498587,Fly fanatics
498610,New engaged
498632,Long-tenure
498643,Long-tenure
498644,Long-tenure
498694,Long-tenure
498793,Fly fanatics
498897,New Low-Value Customers
498923,Fly fanatics
498932,Long-tenure
498989,New engaged
498998,New Low-Value Customers
499027,Long-tenure
499089,New engaged
499128,Fly fanatics
499132,Long-tenure
499346,New Low-Value Customers
499423,New Low-Value Customers
499482,New Low-Value Customers
499518,New engaged
499563,New Low-Value Customers
499658,New engaged
499875,Long-tenure
499890,High-Value Frequent Flyers
499913,New Low-Value Customers
499932,New engaged
499945,Long-tenure
499963,New engaged
500022,Long-tenure
500026,New engaged
500038,New engaged
500058,Lost Occasional Travelers
500060,Fly fanatics
500115,New Low-Value Customers
500248,New engaged
500280,New engaged
500374,New Low-Value Customers
500455,New engaged
500759,Long-tenure
500767,Long-tenure
500782,Fly fanatics
500788,Long-tenure
501030,New engaged
501109,Fly fanatics
501131,Fly fanatics
501165,New Low-Value Customers
501209,Long-tenure
501217,New Low-Value Customers
501278,Long-tenure
501363,New engaged
501490,High-Value Frequent Flyers
501551,New engaged
501552,Long-tenure
501569,Lost Occasional Travelers
501602,Fly fanatics
501655,Fly fanatics
501699,New engaged
501704,Long-tenure
501854,Long-tenure
501856,Fly fanatics
501875,Fly fanatics
501877,New engaged
501885,High-Value Low transactions
501976,High-Value Frequent Flyers
502012,Long-tenure
502023,Long-tenure
502141,New engaged
502152,High-Value Low transactions
502163,Long-tenure
502212,Long-tenure
502353,New engaged
502376,High-Value Frequent Flyers
502390,Fly fanatics
502534,Fly fanatics
502573,New Low-Value Customers
502585,New engaged
502592,New engaged
502615,Long-tenure
502670,High-Value Frequent Flyers
502708,Long-tenure
502745,New Low-Value Customers
502784,Reengaged Customers
502848,Long-tenure
502943,Long-tenure
502946,New Low-Value Customers
502952,New Low-Value Customers
502977,High-Value Frequent Flyers
503025,New engaged
503217,Long-tenure
503242,New Low-Value Customers
503257,High-Value Low transactions
503305,New engaged
503357,New engaged
503494,New Low-Value Customers
503560,Long-tenure
503573,Long-tenure
503598,Fly fanatics
503615,Fly fanatics
503638,New Low-Value Customers
503673,New engaged
503832,New engaged
503938,Long-tenure
503988,New Low-Value Customers
504078,Fly fanatics
504190,Reengaged Customers
504208,High-Value Frequent Flyers
504219,Long-tenure
504260,High-Value Frequent Flyers
504311,Long-tenure
504403,New engaged
504455,New Low-Value Customers
504525,Long-tenure
504545,New Low-Value Customers
504564,High-Value Low transactions
504589,Long-tenure
504638,Fly fanatics
504663,Lost Occasional Travelers
504715,New engaged
504802,Long-tenure
504860,Fly fanatics
504867,High-Value Low transactions
504919,High-Value Frequent Flyers
505070,New Low-Value Customers
505167,New Low-Value Customers
505179,New Low-Value Customers
505204,New engaged
505390,High-Value Frequent Flyers
505522,New engaged
505680,Long-tenure
505776,New Low-Value Customers
505779,Fly fanatics
505790,Long-tenure
505798,High-Value Frequent Flyers
505962,Fly fanatics
505988,New engaged
506170,Long-tenure
506190,Long-tenure
506193,Lost Occasional Travelers
506252,High-Value Low transactions
506293,Lost Occasional Travelers
506372,New Low-Value Customers
506400,New Low-Value Customers
506418,New Low-Value Customers
506572,High-Value Frequent Flyers
506746,Long-tenure
506749,Lost Occasional Travelers
506776,Long-tenure
507005,High-Value Frequent Flyers
507008,New Low-Value Customers
507112,New engaged
507128,Lost Occasional Travelers
507189,Long-tenure
507281,Fly fanatics
507486,Long-tenure
507503,New engaged
507514,High-Value Frequent Flyers
507555,Long-tenure
507567,New engaged
507838,Fly fanatics
507998,High-Value Frequent Flyers
508022,High-Value Frequent Flyers
508080,New Low-Value Customers
508115,New engaged
508126,Fly fanatics
508215,New Low-Value Customers
508399,Fly fanatics
508402,New Low-Value Customers
508456,New Low-Value Customers
508488,High-Value Frequent Flyers
508501,Long-tenure
508795,New Low-Value Customers
508821,New engaged
508824,Long-tenure
508854,Long-tenure
508923,Long-tenure
508934,Long-tenure
509044,New engaged
509060,New Low-Value Customers
509108,New Low-Value Customers
509136,Fly fanatics
509149,Lost Occasional Travelers
509223,New Low-Value Customers
509345,New Low-Value Customers
509474,New Low-Value Customers
509513,Long-tenure
509514,Fly fanatics
509607,New engaged
509669,New Low-Value Customers
509686,Fly fanatics
509714,Long-tenure
509746,New engaged
509809,New Low-Value Customers
509810,High-Value Frequent Flyers
509909,Lost Occasional Travelers
509928,Long-tenure
509962,Long-tenure
509965,Fly fanatics
510224,Long-tenure
510264,New Low-Value Customers
510329,Fly fanatics
510353,New engaged
510372,New Low-Value Customers
510440,New engaged
510502,New engaged
510505,Long-tenure
510513,Fly fanatics
510537,New Low-Value Customers
510644,New Low-Value Customers
510841,Fly fanatics
510865,High-Value Frequent Flyers
511053,New engaged
511226,New Low-Value Customers
511253,High-Value Frequent Flyers
511302,Long-tenure
511342,New engaged
511437,High-Value Low transactions
511444,New engaged
511472,New engaged
511483,New Low-Value Customers
511541,New engaged
511568,Fly fanatics
511573,New engaged
511584,Long-tenure
511588,Fly fanatics
511642,Long-tenure
511765,High-Value Frequent Flyers
511835,New Low-Value Customers
511875,High-Value Frequent Flyers
511922,New Low-Value Customers
511981,Lost Occasional Travelers
512071,Fly fanatics
512097,High-Value Frequent Flyers
512177,High-Value Frequent Flyers
512179,Long-tenure
512191,Long-tenure
512219,Fly fanatics
512262,Fly fanatics
512284,New engaged
512358,High-Value Low transactions
512426,High-Value Frequent Flyers
512471,High-Value Frequent Flyers
512522,Fly fanatics
512580,Lost Occasional Travelers
512599,Long-tenure
512615,Fly fanatics
512640,New engaged
512869,Long-tenure
512897,New engaged
512906,New Low-Value Customers
513000,New Low-Value Customers
513081,New engaged
513099,Long-tenure
513123,High-Value Frequent Flyers
513125,Fly fanatics
513170,Fly fanatics
513229,Long-tenure
513246,Long-tenure
513446,New engaged
513480,Fly fanatics
513553,Long-tenure
513590,Fly fanatics
513661,Long-tenure
513708,New engaged
513778,New engaged
513820,Long-tenure
514042,New engaged
514145,New engaged
514235,New engaged
514272,Fly fanatics
514369,New Low-Value Customers
514395,Long-tenure
514403,High-Value Frequent Flyers
514451,Long-tenure
514493,New Low-Value Customers
514523,New Low-Value Customers
514530,Fly fanatics
514552,Long-tenure
514559,High-Value Frequent Flyers
514616,New Low-Value Customers
514632,Fly fanatics
514652,New Low-Value Customers
514900,Reengaged Customers
514917,Fly fanatics
515049,Fly fanatics
515134,Long-tenure
515165,Fly fanatics
515185,Long-tenure
515386,Fly fanatics
515444,New Low-Value Customers
515579,Lost Occasional Travelers
515605,Lost Occasional Travelers
515634,New Low-Value Customers
515645,Long-tenure
515656,Long-tenure
515663,Long-tenure
515667,Long-tenure
515718,Reengaged Customers
515775,Long-tenure
515805,New engaged
515822,New engaged
515826,High-Value Frequent Flyers
515860,Long-tenure
515905,Long-tenure
515929,New engaged
515969,Long-tenure
515981,Long-tenure
516133,Long-tenure
516224,Fly fanatics
516242,High-Value Frequent Flyers
516255,Long-tenure
516271,Fly fanatics
516276,Reengaged Customers
516301,New Low-Value Customers
516329,Long-tenure
516337,Long-tenure
516362,Long-tenure
516474,Long-tenure
516491,Long-tenure
516519,New Low-Value Customers
516544,Long-tenure
516594,Fly fanatics
516674,Long-tenure
516791,New engaged
516984,Fly fanatics
516995,Long-tenure
517087,Fly fanatics
517190,New engaged
517222,High-Value Low transactions
517262,New Low-Value Customers
517267,New engaged
517295,Long-tenure
517405,Long-tenure
517472,New Low-Value Customers
517533,Fly fanatics
517538,Fly fanatics
517559,New engaged
517614,Lost Occasional Travelers
517702,New Low-Value Customers
517729,New engaged
517739,High-Value Frequent Flyers
517758,Long-tenure
517781,New Low-Value Customers
517797,High-Value Low transactions
517867,Fly fanatics
517940,Reengaged Customers
517945,Fly fanatics
518061,Fly fanatics
518064,Fly fanatics
518236,Fly fanatics
518249,New engaged
518305,Long-tenure
518533,New Low-Value Customers
518561,New engaged
518578,Lost Occasional Travelers
518582,New engaged
518622,Long-tenure
518677,High-Value Frequent Flyers
518771,Long-tenure
518834,High-Value Frequent Flyers
519087,High-Value Frequent Flyers
519203,Fly fanatics
519276,New engaged
519300,New engaged
519419,High-Value Frequent Flyers
519442,High-Value Frequent Flyers
519677,New engaged
519726,New Low-Value Customers
519742,Fly fanatics
519766,Lost Occasional Travelers
519796,Long-tenure
519826,New engaged
519873,New Low-Value Customers
519933,Fly fanatics
519984,Fly fanatics
520091,New engaged
520094,New engaged
520137,New engaged
520163,Fly fanatics
520202,New Low-Value Customers
520207,Long-tenure
520428,New engaged
520660,High-Value Frequent Flyers
520821,Fly fanatics
521043,High-Value Low transactions
521111,Long-tenure
521176,Long-tenure
521217,Long-tenure
521225,Long-tenure
521252,New engaged
521311,New engaged
521384,Fly fanatics
521431,Long-tenure
521486,New engaged
521545,Fly fanatics
521576,Long-tenure
521653,Fly fanatics
521684,Fly fanatics
521699,Lost Occasional Travelers
521702,High-Value Frequent Flyers
521875,Long-tenure
521949,Lost Occasional Travelers
522111,Long-tenure
522234,Long-tenure
522251,New engaged
522261,New engaged
522285,New Low-Value Customers
522408,New engaged
522493,Fly fanatics
522572,Long-tenure
522618,Fly fanatics
522677,High-Value Frequent Flyers
522758,Fly fanatics
522763,New Low-Value Customers
522788,Reengaged Customers
522866,New engaged
522924,Fly fanatics
522935,Long-tenure
523037,New Low-Value Customers
523110,Long-tenure
523170,Long-tenure
523188,New Low-Value Customers
523194,New Low-Value Customers
523210,New engaged
523246,Long-tenure
523272,Fly fanatics
523288,Long-tenure
523296,New engaged
523394,Long-tenure
523399,Lost Occasional Travelers
523642,New engaged
523722,New engaged
523897,Long-tenure
523904,Fly fanatics
523979,New Low-Value Customers
524055,High-Value Frequent Flyers
524234,Long-tenure
524379,Long-tenure
524483,Fly fanatics
524586,High-Value Low transactions
524968,New Low-Value Customers
525129,Long-tenure
525188,Long-tenure
525202,New Low-Value Customers
525245,New Low-Value Customers
525246,Fly fanatics
525508,Fly fanatics
525525,Long-tenure
525548,New engaged
525579,Fly fanatics
525612,High-Value Frequent Flyers
525740,Fly fanatics
525765,Fly fanatics
525918,New Low-Value Customers
526020,High-Value Low transactions
526064,New Low-Value Customers
526094,High-Value Frequent Flyers
526164,Long-tenure
526165,Fly fanatics
526222,High-Value Low transactions
526316,New engaged
526344,New Low-Value Customers
526349,Long-tenure
526374,New engaged
526479,New Low-Value Customers
526481,New engaged
526508,New engaged
526579,Fly fanatics
526586,Fly fanatics
526629,New Low-Value Customers
526644,Fly fanatics
526663,New engaged
526736,Lost Occasional Travelers
526747,New engaged
526765,Fly fanatics
526784,Fly fanatics
526822,Fly fanatics
526867,New Low-Value Customers
527004,High-Value Low transactions
527067,Fly fanatics
527090,Reengaged Customers
527194,High-Value Frequent Flyers
527235,Long-tenure
527244,New Low-Value Customers
527337,Fly fanatics
527434,Long-tenure
527565,Fly fanatics
527582,Long-tenure
527622,New engaged
527640,Long-tenure
527656,Lost Occasional Travelers
527712,New engaged
527773,New engaged
527838,Long-tenure
527941,Long-tenure
528055,New engaged
528122,Long-tenure
528160,New engaged
528173,Fly fanatics
528226,High-Value Frequent Flyers
528229,Long-tenure
528260,New Low-Value Customers
528331,New engaged
528332,Fly fanatics
528363,New engaged
528413,High-Value Frequent Flyers
528492,Fly fanatics
528693,Long-tenure
528697,New Low-Value Customers
528712,New engaged
528809,Fly fanatics
528985,New engaged
529085,High-Value Frequent Flyers
529098,New Low-Value Customers
529106,Fly fanatics
529140,Fly fanatics
529218,Fly fanatics
529390,Long-tenure
529415,Fly fanatics
529458,High-Value Frequent Flyers
529471,Fly fanatics
529544,High-Value Low transactions
529579,New Low-Value Customers
529733,Reengaged Customers
529746,New Low-Value Customers
529922,Fly fanatics
530051,New engaged
530098,Long-tenure
530105,Lost Occasional Travelers
530113,New Low-Value Customers
530119,New Low-Value Customers
530206,New engaged
530214,Lost Occasional Travelers
530235,High-Value Frequent Flyers
530281,Long-tenure
530299,New engaged
530425,Long-tenure
530436,New engaged
530508,Fly fanatics
530517,New engaged
530613,New engaged
530621,New Low-Value Customers
530666,Long-tenure
530770,Long-tenure
530833,New engaged
530839,New engaged
530880,High-Value Frequent Flyers
530955,Long-tenure
530978,Long-tenure
531052,High-Value Frequent Flyers
531286,Long-tenure
531290,High-Value Low transactions
531293,Long-tenure
531398,High-Value Low transactions
531430,Fly fanatics
531514,Long-tenure
531515,New engaged
531619,Fly fanatics
531793,Fly fanatics
531841,Long-tenure
531868,Fly fanatics
531976,Long-tenure
532203,Fly fanatics
532333,Long-tenure
532376,New Low-Value Customers
532378,Fly fanatics
532419,High-Value Low transactions
532422,Long-tenure
532464,New engaged
532592,Long-tenure
532759,New Low-Value Customers
532813,Long-tenure
532832,Fly fanatics
532848,Lost Occasional Travelers
532925,Lost Occasional Travelers
532945,New Low-Value Customers
532978,Long-tenure
532997,High-Value Frequent Flyers
533157,New engaged
533198,New engaged
533213,Lost Occasional Travelers
533302,Long-tenure
533365,Long-tenure
533391,New Low-Value Customers
533470,Long-tenure
533488,New Low-Value Customers
533509,Fly fanatics
533539,High-Value Frequent Flyers
533638,Fly fanatics
533666,New engaged
533742,Long-tenure
533766,Long-tenure
533950,Long-tenure
534009,New engaged
534151,New engaged
534452,Fly fanatics
534464,Long-tenure
534481,New engaged
534510,Lost Occasional Travelers
534571,Reengaged Customers
534649,Fly fanatics
534716,Fly fanatics
534734,Long-tenure
534764,New Low-Value Customers
534805,Reengaged Customers
534813,Fly fanatics
534904,Long-tenure
534905,Long-tenure
534972,Fly fanatics
535151,High-Value Frequent Flyers
535183,Lost Occasional Travelers
535233,New engaged
535251,Long-tenure
535320,Long-tenure
535327,New Low-Value Customers
535367,New engaged
535413,New Low-Value Customers
535436,New engaged
535482,Long-tenure
535525,Lost Occasional Travelers
535539,Fly fanatics
535544,Long-tenure
535587,Fly fanatics
535852,Long-tenure
535892,Long-tenure
535944,Fly fanatics
536018,New engaged
536066,Fly fanatics
536082,New engaged
536092,New engaged
536124,New Low-Value Customers
536132,Long-tenure
536186,Long-tenure
536371,High-Value Low transactions
536409,New Low-Value Customers
536485,Long-tenure
536517,Long-tenure
536535,Long-tenure
536567,Fly fanatics
536577,New engaged
536603,New Low-Value Customers
536671,Fly fanatics
536699,Lost Occasional Travelers
536794,High-Value Frequent Flyers
536823,High-Value Frequent Flyers
536848,Lost Occasional Travelers
536941,New Low-Value Customers
537013,High-Value Frequent Flyers
537038,Long-tenure
537124,Long-tenure
537132,Fly fanatics
537387,Fly fanatics
537397,Long-tenure
537405,New Low-Value Customers
537421,New engaged
537613,Long-tenure
537701,New engaged
537711,Fly fanatics
537722,Fly fanatics
537795,Long-tenure
537829,Reengaged Customers
537852,New engaged
537887,New Low-Value Customers
537907,High-Value Frequent Flyers
537914,New Low-Value Customers
537990,New engaged
538042,New engaged
538341,Fly fanatics
538507,New engaged
538550,Long-tenure
538760,New Low-Value Customers
538770,Fly fanatics
538795,High-Value Low transactions
538854,Fly fanatics
538877,Fly fanatics
538902,New Low-Value Customers
538949,New Low-Value Customers
538979,New Low-Value Customers
539106,Long-tenure
539125,High-Value Frequent Flyers
539144,Long-tenure
539322,New engaged
539358,Fly fanatics
539370,New engaged
539436,Long-tenure
539505,Reengaged Customers
539537,New engaged
539599,New Low-Value Customers
539673,Lost Occasional Travelers
539674,Long-tenure
539704,New engaged
539739,New Low-Value Customers
539742,Fly fanatics
539746,New Low-Value Customers
539760,High-Value Frequent Flyers
539776,New engaged
539854,Lost Occasional Travelers
540011,Long-tenure
540109,Long-tenure
540112,High-Value Frequent Flyers
540142,Long-tenure
540268,New Low-Value Customers
540316,New engaged
540380,High-Value Low transactions
540497,New engaged
540548,High-Value Frequent Flyers
540551,New engaged
540628,Fly fanatics
540715,New Low-Value Customers
540751,New engaged
540756,Long-tenure
540796,Lost Occasional Travelers
540905,Fly fanatics
540918,Fly fanatics
540966,New engaged
541000,Long-tenure
541008,New Low-Value Customers
541009,Long-tenure
541037,New engaged
541040,Lost Occasional Travelers
541078,New engaged
541163,New engaged
541178,Long-tenure
541239,New engaged
541358,New engaged
541410,Reengaged Customers
541435,Fly fanatics
541557,High-Value Frequent Flyers
541564,Long-tenure
541741,New engaged
541751,New Low-Value Customers
541898,New Low-Value Customers
541953,Lost Occasional Travelers
541961,High-Value Frequent Flyers
542002,New engaged
542014,Fly fanatics
542043,High-Value Frequent Flyers
542085,Long-tenure
542089,Lost Occasional Travelers
542118,Fly fanatics
542180,New engaged
542182,Fly fanatics
542287,Fly fanatics
542296,Long-tenure
542574,New Low-Value Customers
542696,Long-tenure
542893,Long-tenure
542934,New Low-Value Customers
542976,High-Value Low transactions
543119,Fly fanatics
543285,High-Value Low transactions
543326,Long-tenure
543422,High-Value Frequent Flyers
543449,New Low-Value Customers
543456,Lost Occasional Travelers
543460,Long-tenure
543478,New Low-Value Customers
543553,New Low-Value Customers
543693,Fly fanatics
543852,Long-tenure
543862,Long-tenure
543881,Lost Occasional Travelers
543901,Long-tenure
543918,Long-tenure
543956,New Low-Value Customers
543978,Fly fanatics
544167,High-Value Frequent Flyers
544182,High-Value Frequent Flyers
544301,High-Value Low transactions
544306,Lost Occasional Travelers
544337,New engaged
544421,Long-tenure
544493,Long-tenure
544561,New engaged
544569,Long-tenure
544619,Lost Occasional Travelers
544690,New engaged
544752,Fly fanatics
544837,Fly fanatics
544890,New engaged
545010,New Low-Value Customers
545087,New engaged
545127,High-Value Frequent Flyers
545144,New Low-Value Customers
545179,New engaged
545278,New engaged
545378,Fly fanatics
545410,High-Value Frequent Flyers
545421,Long-tenure
545497,New engaged
545534,High-Value Frequent Flyers
545541,Long-tenure
545567,Fly fanatics
545582,High-Value Frequent Flyers
545586,New engaged
545638,New Low-Value Customers
545659,Long-tenure
545744,New engaged
545883,Long-tenure
545917,New engaged
545947,High-Value Frequent Flyers
546025,Long-tenure
546039,Long-tenure
546163,New Low-Value Customers
546177,High-Value Frequent Flyers
546231,New engaged
546456,Long-tenure
546665,Long-tenure
546736,High-Value Low transactions
546758,Long-tenure
546773,High-Value Frequent Flyers
546796,Fly fanatics
546827,Long-tenure
546869,New engaged
546994,Lost Occasional Travelers
546997,High-Value Low transactions
547016,Long-tenure
547190,Fly fanatics
547213,Long-tenure
547342,New Low-Value Customers
547355,New engaged
547357,Fly fanatics
547360,New engaged
547407,Fly fanatics
547442,New Low-Value Customers
547500,Long-tenure
547542,Fly fanatics
547559,New engaged
547561,New engaged
547575,New engaged
547649,New engaged
547699,Fly fanatics
547802,Long-tenure
548037,High-Value Frequent Flyers
548126,Fly fanatics
548228,Fly fanatics
548238,New engaged
548244,Long-tenure
548251,New engaged
548335,Long-tenure
548390,New Low-Value Customers
548565,New engaged
548638,New Low-Value Customers
548682,Fly fanatics
548722,Fly fanatics
548752,New engaged
548999,Long-tenure
549034,New engaged
549064,Long-tenure
549080,Fly fanatics
549091,New Low-Value Customers
549132,New Low-Value Customers
549200,High-Value Frequent Flyers
549238,Fly fanatics
549402,High-Value Frequent Flyers
549404,New Low-Value Customers
549415,Long-tenure
549444,Long-tenure
549537,New engaged
549540,New engaged
549541,Long-tenure
549562,New Low-Value Customers
549598,Lost Occasional Travelers
549612,Fly fanatics
549686,Long-tenure
549715,High-Value Frequent Flyers
549751,Long-tenure
549757,New engaged
549858,Long-tenure
549862,Fly fanatics
549982,Fly fanatics
550058,New engaged
550173,Fly fanatics
550213,Long-tenure
550262,New Low-Value Customers
550352,Long-tenure
550434,High-Value Frequent Flyers
550519,New engaged
550539,High-Value Low transactions
550575,Reengaged Customers
550598,New Low-Value Customers
550686,Long-tenure
550769,New engaged
550839,New engaged
550856,New engaged
550896,Long-tenure
551055,Long-tenure
551154,New engaged
551248,Long-tenure
551296,High-Value Frequent Flyers
551300,Fly fanatics
551313,Reengaged Customers
551391,Fly fanatics
551429,Fly fanatics
551510,Fly fanatics
551652,Long-tenure
551710,New Low-Value Customers
551809,Long-tenure
551828,Long-tenure
551833,New engaged
551837,Fly fanatics
551938,Long-tenure
551946,High-Value Frequent Flyers
551961,Lost Occasional Travelers
551975,Fly fanatics
551981,High-Value Frequent Flyers
552016,Fly fanatics
552278,Fly fanatics
552328,Fly fanatics
552364,New engaged
552441,New Low-Value Customers
552576,Long-tenure
552669,Long-tenure
552747,New Low-Value Customers
552755,Lost Occasional Travelers
552776,Lost Occasional Travelers
552818,Long-tenure
552823,Long-tenure
552936,New Low-Value Customers
552945,New Low-Value Customers
552965,New Low-Value Customers
552966,Fly fanatics
553061,Fly fanatics
553089,Long-tenure
553254,Long-tenure
553261,High-Value Frequent Flyers
553389,New engaged
553396,New engaged
553412,Long-tenure
553453,New engaged
553530,Fly fanatics
553558,New engaged
553567,Lost Occasional Travelers
553879,High-Value Low transactions
553943,Long-tenure
553954,Long-tenure
553956,High-Value Frequent Flyers
553973,Long-tenure
554104,New engaged
554136,New engaged
554155,New engaged
554255,New Low-Value Customers
554442,High-Value Frequent Flyers
554449,New engaged
554453,Long-tenure
554487,New engaged
554636,High-Value Frequent Flyers
554712,New Low-Value Customers
554761,Long-tenure
554888,Lost Occasional Travelers
554983,High-Value Frequent Flyers
555001,Long-tenure
555024,Lost Occasional Travelers
555050,Fly fanatics
555081,Fly fanatics
555102,Long-tenure
555112,Lost Occasional Travelers
555118,High-Value Frequent Flyers
555205,Long-tenure
555218,New Low-Value Customers
555298,High-Value Frequent Flyers
555301,High-Value Frequent Flyers
555398,New engaged
555517,High-Value Low transactions
555541,Long-tenure
555576,High-Value Frequent Flyers
555745,High-Value Frequent Flyers
555831,Lost Occasional Travelers
555947,New Low-Value Customers
556050,New engaged
556136,Fly fanatics
556164,High-Value Low transactions
556188,High-Value Frequent Flyers
556266,Fly fanatics
556313,Long-tenure
556453,New engaged
556492,New Low-Value Customers
556622,Long-tenure
556626,Fly fanatics
556649,Long-tenure
556688,Fly fanatics
556778,Long-tenure
556808,New engaged
556865,High-Value Low transactions
556879,New Low-Value Customers
556958,Fly fanatics
556982,New engaged
557138,New Low-Value Customers
557289,New engaged
557458,Fly fanatics
557500,Fly fanatics
557519,High-Value Frequent Flyers
557525,Fly fanatics
557597,New Low-Value Customers
557633,New engaged
557640,New engaged
557723,New engaged
557739,Long-tenure
557752,New Low-Value Customers
557867,Fly fanatics
557872,Fly fanatics
557880,High-Value Frequent Flyers
557932,New engaged
557996,Fly fanatics
558040,High-Value Frequent Flyers
558097,High-Value Low transactions
558138,Reengaged Customers
558258,New Low-Value Customers
558288,New Low-Value Customers
558451,Long-tenure
558511,High-Value Frequent Flyers
558543,New engaged
558598,Fly fanatics
558686,Fly fanatics
558854,New engaged
558969,High-Value Frequent Flyers
559005,New engaged
559007,Fly fanatics
559016,Long-tenure
559111,High-Value Low transactions
559124,New engaged
559127,Lost Occasional Travelers
559233,New Low-Value Customers
559261,Lost Occasional Travelers
559279,Long-tenure
559304,New engaged
559342,New engaged
559362,Fly fanatics
559388,Fly fanatics
559483,Long-tenure
559519,New Low-Value Customers
559576,Long-tenure
559619,Lost Occasional Travelers
559622,Fly fanatics
559721,New engaged
559723,Fly fanatics
559726,Long-tenure
559879,Long-tenure
560024,Fly fanatics
560104,New engaged
560149,Fly fanatics
560283,Lost Occasional Travelers
560505,New Low-Value Customers
560528,Fly fanatics
560597,New Low-Value Customers
560713,Long-tenure
560714,New engaged
560936,New engaged
560990,New Low-Value Customers
561041,New engaged
561053,New engaged
561072,Long-tenure
561092,New engaged
561107,Long-tenure
561219,Long-tenure
561228,High-Value Frequent Flyers
561251,Long-tenure
561284,New engaged
561307,Reengaged Customers
561321,Long-tenure
561413,Long-tenure
561481,Fly fanatics
561520,New engaged
561570,Long-tenure
561620,New engaged
561621,New engaged
561640,Long-tenure
561654,High-Value Frequent Flyers
561801,New Low-Value Customers
561873,Fly fanatics
561874,Long-tenure
561917,New Low-Value Customers
561933,New Low-Value Customers
561961,Long-tenure
561981,Lost Occasional Travelers
562084,Long-tenure
562093,New engaged
562234,High-Value Frequent Flyers
562305,New engaged
562358,New Low-Value Customers
562361,New Low-Value Customers
562376,Fly fanatics
562404,New engaged
562411,Long-tenure
562510,Lost Occasional Travelers
562588,New Low-Value Customers
562644,Long-tenure
562655,Long-tenure
562661,New Low-Value Customers
562677,Long-tenure
562734,Long-tenure
562737,Fly fanatics
563076,Fly fanatics
563086,High-Value Low transactions
563094,New Low-Value Customers
563142,New Low-Value Customers
563188,Fly fanatics
563217,New engaged
563386,New Low-Value Customers
563410,Fly fanatics
563587,New engaged
563633,High-Value Frequent Flyers
563749,New engaged
563774,Fly fanatics
563945,High-Value Frequent Flyers
563977,High-Value Frequent Flyers
563981,Long-tenure
564111,New engaged
564114,High-Value Frequent Flyers
564138,Long-tenure
564141,Long-tenure
564201,Fly fanatics
564305,New Low-Value Customers
564449,Fly fanatics
564650,Long-tenure
564707,Long-tenure
564813,New Low-Value Customers
564838,High-Value Low transactions
564841,Fly fanatics
564882,Fly fanatics
564909,New engaged
564959,Long-tenure
564973,Fly fanatics
565008,High-Value Low transactions
565040,Long-tenure
565041,Long-tenure
565133,Long-tenure
565171,Long-tenure
565242,New Low-Value Customers
565351,Long-tenure
565452,Long-tenure
565533,New engaged
565602,New engaged
565690,New engaged
565710,Long-tenure
565805,New engaged
565811,Fly fanatics
565841,New engaged
565876,Fly fanatics
565900,Long-tenure
565960,Fly fanatics
565991,New Low-Value Customers
566165,Long-tenure
566182,Long-tenure
566374,High-Value Frequent Flyers
566550,New Low-Value Customers
566630,New engaged
566640,New engaged
566696,Fly fanatics
566714,Long-tenure
566737,New engaged
566767,Long-tenure
566808,Long-tenure
566851,Long-tenure
566951,High-Value Frequent Flyers
566957,New engaged
566961,New engaged
566991,High-Value Low transactions
567048,High-Value Frequent Flyers
567070,Fly fanatics
567151,New Low-Value Customers
567210,Long-tenure
567219,Reengaged Customers
567227,New engaged
567256,Fly fanatics
567261,Long-tenure
567319,New engaged
567412,Fly fanatics
567420,High-Value Frequent Flyers
567571,Fly fanatics
567670,New Low-Value Customers
567805,New Low-Value Customers
567865,New Low-Value Customers
567875,New engaged
568111,Fly fanatics
568171,New engaged
568172,New engaged
568205,New engaged
568286,New engaged
568329,High-Value Frequent Flyers
568442,Long-tenure
568484,Fly fanatics
568525,High-Value Frequent Flyers
568547,Fly fanatics
568594,Long-tenure
568678,New engaged
568712,Long-tenure
568734,Long-tenure
568769,Fly fanatics
568786,Fly fanatics
568798,New Low-Value Customers
568814,New engaged
568870,High-Value Frequent Flyers
568880,New engaged
568953,Fly fanatics
569188,Lost Occasional Travelers
569236,Long-tenure
569313,New engaged
569315,Long-tenure
569319,New engaged
569347,Long-tenure
569369,New engaged
569603,Fly fanatics
569677,High-Value Low transactions
569720,Long-tenure
569769,New Low-Value Customers
569846,New Low-Value Customers
569880,Long-tenure
569940,High-Value Frequent Flyers
569972,New Low-Value Customers
570116,Fly fanatics
570299,High-Value Frequent Flyers
570318,Fly fanatics
570406,Fly fanatics
570469,Long-tenure
570600,Long-tenure
570637,Long-tenure
570683,Long-tenure
570784,Fly fanatics
570796,Long-tenure
570806,Fly fanatics
570920,Fly fanatics
570971,New Low-Value Customers
571017,Fly fanatics
571123,New engaged
571163,High-Value Frequent Flyers
571169,Reengaged Customers
571180,High-Value Frequent Flyers
571215,New engaged
571239,Long-tenure
571340,New Low-Value Customers
571409,New Low-Value Customers
571498,New engaged
571603,New Low-Value Customers
571643,Long-tenure
571670,New engaged
571760,Long-tenure
571942,Fly fanatics
571964,Long-tenure
571970,New engaged
571992,High-Value Frequent Flyers
572015,Long-tenure
572045,New Low-Value Customers
572066,New Low-Value Customers
572073,High-Value Frequent Flyers
572094,Lost Occasional Travelers
572263,Fly fanatics
572265,Long-tenure
572282,Long-tenure
572345,Long-tenure
572410,Long-tenure
572448,New Low-Value Customers
572505,New Low-Value Customers
572547,High-Value Low transactions
572647,New engaged
572663,High-Value Frequent Flyers
572668,High-Value Frequent Flyers
572768,New Low-Value Customers
572811,Long-tenure
572812,Lost Occasional Travelers
572836,Lost Occasional Travelers
572890,New Low-Value Customers
572927,New Low-Value Customers
573078,New Low-Value Customers
573217,Fly fanatics
573290,New Low-Value Customers
573332,Long-tenure
573344,Fly fanatics
573458,New engaged
573475,New engaged
573505,Long-tenure
573649,Long-tenure
573661,New Low-Value Customers
573681,High-Value Frequent Flyers
573830,High-Value Low transactions
573897,Fly fanatics
573954,Long-tenure
573964,New engaged
573972,Fly fanatics
573986,Lost Occasional Travelers
573995,New Low-Value Customers
574005,New Low-Value Customers
574081,New Low-Value Customers
574163,Long-tenure
574302,New Low-Value Customers
574330,Long-tenure
574391,New Low-Value Customers
574506,New Low-Value Customers
574542,Fly fanatics
574640,Long-tenure
574674,Long-tenure
574723,New engaged
574726,Fly fanatics
574771,Long-tenure
574835,Long-tenure
574899,Fly fanatics
574930,High-Value Low transactions
575015,Lost Occasional Travelers
575030,New Low-Value Customers
575070,Fly fanatics
575123,Long-tenure
575147,Long-tenure
575342,Lost Occasional Travelers
575434,Fly fanatics
575487,New Low-Value Customers
575571,Fly fanatics
575573,New engaged
575574,Fly fanatics
575612,Fly fanatics
575818,High-Value Frequent Flyers
575821,New Low-Value Customers
575833,New engaged
575844,New engaged
575849,New engaged
575948,Fly fanatics
576051,Long-tenure
576057,Lost Occasional Travelers
576071,Long-tenure
576074,High-Value Frequent Flyers
576110,High-Value Frequent Flyers
576176,New Low-Value Customers
576184,New engaged
576217,High-Value Frequent Flyers
576294,Long-tenure
576345,Long-tenure
576354,Long-tenure
576363,Long-tenure
576498,Long-tenure
576576,New engaged
576587,High-Value Frequent Flyers
576658,New Low-Value Customers
576690,Fly fanatics
576692,Long-tenure
576716,Long-tenure
576736,New Low-Value Customers
576871,Fly fanatics
576878,Long-tenure
576911,Long-tenure
576936,New engaged
576947,Long-tenure
577124,New engaged
577151,New Low-Value Customers
577156,Fly fanatics
577195,New Low-Value Customers
577265,New engaged
577278,Long-tenure
577322,Long-tenure
577360,High-Value Frequent Flyers
577374,New engaged
577386,Fly fanatics
577398,High-Value Frequent Flyers
577405,Fly fanatics
577467,Fly fanatics
577501,Long-tenure
577535,Fly fanatics
577726,Long-tenure
577795,Long-tenure
577844,Long-tenure
577860,Lost Occasional Travelers
577872,Lost Occasional Travelers
577901,Lost Occasional Travelers
578013,Fly fanatics
578020,New Low-Value Customers
578114,Fly fanatics
578167,Fly fanatics
578203,New engaged
578234,Lost Occasional Travelers
578688,Fly fanatics
578788,Lost Occasional Travelers
578811,New engaged
578837,Long-tenure
578944,Fly fanatics
578998,High-Value Frequent Flyers
579005,Fly fanatics
579015,New engaged
579034,New engaged
579093,New Low-Value Customers
579283,New Low-Value Customers
579318,Long-tenure
579322,New engaged
579377,New engaged
579424,High-Value Low transactions
579438,Reengaged Customers
579581,New engaged
579684,Lost Occasional Travelers
579710,New engaged
579726,Fly fanatics
579785,New Low-Value Customers
579847,Fly fanatics
579883,New Low-Value Customers
579890,Long-tenure
579931,New engaged
579943,New engaged
579990,Long-tenure
580068,Lost Occasional Travelers
580159,New engaged
580169,New engaged
580201,New engaged
580212,Long-tenure
580324,Long-tenure
580341,Long-tenure
580356,Long-tenure
580472,Long-tenure
580493,New Low-Value Customers
580500,New Low-Value Customers
580508,New engaged
580554,New engaged
580586,Fly fanatics
580834,New engaged
580979,New Low-Value Customers
581007,Long-tenure
581079,Long-tenure
581260,Long-tenure
581294,Long-tenure
581396,New engaged
581427,New engaged
581481,New engaged
581513,High-Value Frequent Flyers
581531,Long-tenure
581533,Long-tenure
581596,High-Value Frequent Flyers
581651,New Low-Value Customers
581661,Long-tenure
581668,Long-tenure
581682,Long-tenure
581712,Long-tenure
581913,New Low-Value Customers
581999,Fly fanatics
582066,Fly fanatics
582067,New Low-Value Customers
582257,Long-tenure
582364,New engaged
582427,Fly fanatics
582429,Lost Occasional Travelers
582646,New Low-Value Customers
582674,New Low-Value Customers
582690,Fly fanatics
582843,New Low-Value Customers
582861,New engaged
582874,New Low-Value Customers
582883,Long-tenure
582929,Long-tenure
582930,Long-tenure
582990,Lost Occasional Travelers
583003,New Low-Value Customers
583005,Long-tenure
583175,Lost Occasional Travelers
583223,Long-tenure
583227,New engaged
583252,New engaged
583271,Lost Occasional Travelers
583272,New Low-Value Customers
583327,New engaged
583415,Fly fanatics
583513,Long-tenure
583539,Fly fanatics
583565,Long-tenure
583601,New Low-Value Customers
583610,New engaged
583648,Long-tenure
583670,High-Value Frequent Flyers
583718,New Low-Value Customers
583754,New Low-Value Customers
583788,New Low-Value Customers
584017,Long-tenure
584173,Long-tenure
584285,Long-tenure
584377,Long-tenure
584405,Fly fanatics
584458,Long-tenure
584463,Long-tenure
584536,Fly fanatics
584537,Long-tenure
584564,Fly fanatics
584727,High-Value Frequent Flyers
584737,New Low-Value Customers
584796,Reengaged Customers
584845,Fly fanatics
584880,High-Value Frequent Flyers
585039,Fly fanatics
585082,High-Value Frequent Flyers
585271,New Low-Value Customers
585275,New engaged
585277,Long-tenure
585316,High-Value Low transactions
585357,Fly fanatics
585377,Long-tenure
585386,New engaged
585420,New engaged
585509,New Low-Value Customers
585629,Fly fanatics
585642,New engaged
585780,New engaged
585793,New engaged
585850,New engaged
585853,Long-tenure
585854,Long-tenure
585947,Long-tenure
585975,High-Value Frequent Flyers
585976,New Low-Value Customers
585978,New engaged
586056,Long-tenure
586076,New Low-Value Customers
586100,Fly fanatics
586164,Long-tenure
586191,Long-tenure
586199,New Low-Value Customers
586365,New Low-Value Customers
586401,New Low-Value Customers
586446,High-Value Frequent Flyers
586542,Fly fanatics
586686,New engaged
586711,Long-tenure
586734,High-Value Frequent Flyers
586753,High-Value Frequent Flyers
586870,Fly fanatics
586891,New engaged
586944,Fly fanatics
587136,Lost Occasional Travelers
587196,Lost Occasional Travelers
587284,New Low-Value Customers
587378,New engaged
587420,Long-tenure
587480,Fly fanatics
587543,New Low-Value Customers
587591,Long-tenure
587619,Long-tenure
587623,New engaged
587633,New engaged
587800,New engaged
587867,New engaged
588015,High-Value Frequent Flyers
588095,Long-tenure
588220,Long-tenure
588237,Long-tenure
588292,Lost Occasional Travelers
588445,Long-tenure
588516,Fly fanatics
588657,New engaged
588789,New engaged
588864,New Low-Value Customers
588917,High-Value Frequent Flyers
588943,New Low-Value Customers
588980,Long-tenure
588993,New Low-Value Customers
589074,New Low-Value Customers
589101,Long-tenure
589427,New Low-Value Customers
589430,Lost Occasional Travelers
589466,New engaged
589580,Fly fanatics
589745,Long-tenure
589765,Long-tenure
589795,Fly fanatics
589818,Lost Occasional Travelers
589840,Fly fanatics
590025,New engaged
590098,Long-tenure
590246,Long-tenure
590280,High-Value Frequent Flyers
590301,Long-tenure
590393,New Low-Value Customers
590485,Long-tenure
590514,High-Value Frequent Flyers
590621,New Low-Value Customers
590647,Long-tenure
590727,Lost Occasional Travelers
590752,Fly fanatics
590778,High-Value Low transactions
590936,Long-tenure
590981,New engaged
590989,Long-tenure
591174,New Low-Value Customers
591234,High-Value Low transactions
591272,Long-tenure
591367,New engaged
591377,New engaged
591414,New Low-Value Customers
591476,Lost Occasional Travelers
591547,Long-tenure
591579,New Low-Value Customers
591608,Long-tenure
591641,New engaged
591731,Long-tenure
591758,Long-tenure
591841,Long-tenure
591854,Long-tenure
592003,High-Value Low transactions
592034,New Low-Value Customers
592064,New Low-Value Customers
592088,Fly fanatics
592145,Fly fanatics
592218,Lost Occasional Travelers
592251,High-Value Frequent Flyers
592302,New Low-Value Customers
592350,Fly fanatics
592431,Long-tenure
592485,Long-tenure
592966,Long-tenure
592992,High-Value Frequent Flyers
593007,Long-tenure
593039,New Low-Value Customers
593116,Fly fanatics
593190,Long-tenure
593277,New Low-Value Customers
593327,Lost Occasional Travelers
593340,Long-tenure
593386,New engaged
593421,High-Value Frequent Flyers
593506,Long-tenure
593651,New engaged
593684,Fly fanatics
593710,Long-tenure
593781,Long-tenure
593868,New engaged
594028,Long-tenure
594044,Lost Occasional Travelers
594598,Fly fanatics
594606,Lost Occasional Travelers
594636,New Low-Value Customers
594649,Long-tenure
594672,High-Value Frequent Flyers
594681,Lost Occasional Travelers
594997,New engaged
595024,Long-tenure
595027,New engaged
595028,Fly fanatics
595083,High-Value Frequent Flyers
595169,Long-tenure
595215,New engaged
595235,Fly fanatics
595236,New Low-Value Customers
595320,Long-tenure
595323,Fly fanatics
595325,Long-tenure
595334,New Low-Value Customers
595624,New Low-Value Customers
595658,Long-tenure
595681,Fly fanatics
595747,New engaged
595965,Long-tenure
595978,New engaged
595980,New engaged
596004,Long-tenure
596153,Long-tenure
596171,New Low-Value Customers
596179,Long-tenure
596297,New Low-Value Customers
596327,Fly fanatics
596390,New engaged
596462,New Low-Value Customers
596544,New Low-Value Customers
596586,Long-tenure
596674,Fly fanatics
596787,Fly fanatics
596818,High-Value Frequent Flyers
596911,High-Value Frequent Flyers
597023,Fly fanatics
597156,New Low-Value Customers
597189,New engaged
597191,New engaged
597197,New engaged
597209,Long-tenure
597228,New engaged
597237,Long-tenure
597267,Long-tenure
597294,New Low-Value Customers
597300,Long-tenure
597313,Long-tenure
597532,Fly fanatics
597630,Lost Occasional Travelers
597837,Long-tenure
597897,New Low-Value Customers
597981,Fly fanatics
598016,New engaged
598059,New engaged
598360,Long-tenure
598364,New engaged
598369,Long-tenure
598398,New engaged
598705,Fly fanatics
598706,Lost Occasional Travelers
598711,High-Value Low transactions
598760,High-Value Frequent Flyers
598799,Long-tenure
599078,New Low-Value Customers
599145,New engaged
599184,New engaged
599341,Fly fanatics
599369,High-Value Frequent Flyers
599372,Long-tenure
599394,High-Value Low transactions
599442,New engaged
599483,Long-tenure
599491,Fly fanatics
599560,Lost Occasional Travelers
599746,Long-tenure
599778,High-Value Low transactions
599873,New Low-Value Customers
599925,New Low-Value Customers
600013,New Low-Value Customers
600021,Lost Occasional Travelers
600063,Long-tenure
600302,New engaged
600309,New Low-Value Customers
600432,High-Value Frequent Flyers
600482,Fly fanatics
600541,High-Value Low transactions
600563,New engaged
600598,New engaged
600651,Long-tenure
600664,Long-tenure
600712,High-Value Low transactions
600746,High-Value Frequent Flyers
600756,Long-tenure
600785,Fly fanatics
600792,New Low-Value Customers
600884,Long-tenure
600914,Long-tenure
601027,Long-tenure
601105,Long-tenure
601143,Long-tenure
601167,Fly fanatics
601332,Fly fanatics
601341,High-Value Frequent Flyers
601407,New engaged
601448,New engaged
601583,Lost Occasional Travelers
601586,Long-tenure
601597,Long-tenure
601625,New engaged
601626,New engaged
601681,Fly fanatics
601775,Fly fanatics
601834,Fly fanatics
601940,New engaged
602014,Long-tenure
602068,Lost Occasional Travelers
602086,Lost Occasional Travelers
602150,Fly fanatics
602176,Lost Occasional Travelers
602213,High-Value Frequent Flyers
602222,New engaged
602275,Lost Occasional Travelers
602346,Long-tenure
602361,Long-tenure
602384,Lost Occasional Travelers
602574,High-Value Frequent Flyers
602585,High-Value Frequent Flyers
602587,Fly fanatics
602649,Lost Occasional Travelers
602685,High-Value Frequent Flyers
602694,New Low-Value Customers
602783,Fly fanatics
602900,Fly fanatics
602931,High-Value Frequent Flyers
603005,New Low-Value Customers
603009,New Low-Value Customers
603050,Lost Occasional Travelers
603070,New engaged
603077,Long-tenure
603079,Long-tenure
603082,New Low-Value Customers
603371,New engaged
603407,New engaged
603433,Reengaged Customers
603446,Long-tenure
603531,Long-tenure
603539,Long-tenure
603545,New engaged
603587,New engaged
603653,New Low-Value Customers
603658,New engaged
603674,Long-tenure
603739,Fly fanatics
603744,High-Value Frequent Flyers
603775,Long-tenure
603968,New Low-Value Customers
604019,Fly fanatics
604077,New Low-Value Customers
604116,New Low-Value Customers
604332,High-Value Frequent Flyers
604436,New Low-Value Customers
604461,High-Value Frequent Flyers
604470,Fly fanatics
604471,Lost Occasional Travelers
604510,High-Value Low transactions
604526,Long-tenure
604645,New Low-Value Customers
604681,Long-tenure
604724,Long-tenure
604772,Fly fanatics
604783,New Low-Value Customers
604792,New engaged
604822,Fly fanatics
604943,Long-tenure
605127,Fly fanatics
605134,High-Value Frequent Flyers
605184,High-Value Low transactions
605269,Long-tenure
605320,Long-tenure
605322,Long-tenure
605341,Long-tenure
605343,New engaged
605421,New engaged
605500,High-Value Frequent Flyers
605505,New engaged
605723,High-Value Frequent Flyers
605761,Long-tenure
605787,High-Value Frequent Flyers
605790,Long-tenure
605803,Fly fanatics
605849,Fly fanatics
605874,New Low-Value Customers
605877,New engaged
605907,New engaged
605926,Long-tenure
606004,High-Value Low transactions
606026,Fly fanatics
606060,Long-tenure
606074,New engaged
606214,Long-tenure
606344,Lost Occasional Travelers
606371,Long-tenure
606396,New Low-Value Customers
606455,Long-tenure
606563,Long-tenure
606600,Long-tenure
606712,Lost Occasional Travelers
606846,High-Value Frequent Flyers
606852,Long-tenure
606875,Fly fanatics
606877,New engaged
606962,New Low-Value Customers
606989,Long-tenure
607115,Long-tenure
607117,Long-tenure
607123,New engaged
607275,Long-tenure
607292,Long-tenure
607347,New engaged
607405,Long-tenure
607453,Long-tenure
607480,New engaged
607489,Fly fanatics
607538,New Low-Value Customers
607548,Long-tenure
607555,Long-tenure
607565,High-Value Frequent Flyers
607588,High-Value Low transactions
607662,Fly fanatics
607696,Long-tenure
607769,New Low-Value Customers
607847,New Low-Value Customers
607856,Long-tenure
607885,Long-tenure
607993,Lost Occasional Travelers
607997,New engaged
608070,Fly fanatics
608087,Long-tenure
608116,New engaged
608159,New engaged
608241,New engaged
608326,New Low-Value Customers
608370,Long-tenure
608384,Long-tenure
608419,Long-tenure
608493,Long-tenure
608508,Long-tenure
608517,Fly fanatics
608537,Reengaged Customers
608601,Long-tenure
608605,Long-tenure
608739,New engaged
608758,Long-tenure
608850,Fly fanatics
608974,Long-tenure
609009,New engaged
609072,New engaged
609174,New engaged
609184,Long-tenure
609296,Fly fanatics
609532,Long-tenure
609650,New Low-Value Customers
609664,High-Value Low transactions
609667,New engaged
609730,New engaged
609778,High-Value Frequent Flyers
609971,New engaged
610096,New engaged
610393,Long-tenure
610432,Fly fanatics
610465,High-Value Low transactions
610482,Lost Occasional Travelers
610573,Long-tenure
610585,Fly fanatics
610684,Long-tenure
610916,New Low-Value Customers
610946,New engaged
611029,High-Value Low transactions
611046,Lost Occasional Travelers
611051,New engaged
611084,High-Value Low transactions
611086,New engaged
611356,Long-tenure
611366,New engaged
611415,Long-tenure
611436,Long-tenure
611464,New engaged
611481,New engaged
611538,New engaged
611582,Long-tenure
611618,Fly fanatics
611667,New Low-Value Customers
611673,Fly fanatics
611689,Fly fanatics
611765,New Low-Value Customers
611817,High-Value Frequent Flyers
611873,Fly fanatics
611990,Long-tenure
612013,Lost Occasional Travelers
612019,New Low-Value Customers
612060,Long-tenure
612074,New engaged
612122,Long-tenure
612140,High-Value Frequent Flyers
612144,High-Value Frequent Flyers
612162,New engaged
612186,High-Value Frequent Flyers
612233,Fly fanatics
612269,High-Value Frequent Flyers
612294,New Low-Value Customers
612311,New engaged
612339,Fly fanatics
612488,Fly fanatics
612510,Fly fanatics
612555,Fly fanatics
612650,Lost Occasional Travelers
612664,New engaged
612703,Fly fanatics
612719,Long-tenure
612795,Long-tenure
612834,Long-tenure
612905,New engaged
612955,New engaged
612963,New Low-Value Customers
612995,New engaged
613076,Long-tenure
613185,Fly fanatics
613195,New engaged
613234,Long-tenure
613265,Fly fanatics
613303,Long-tenure
613546,New engaged
613747,Fly fanatics
613804,Fly fanatics
613860,High-Value Low transactions
613908,Long-tenure
613925,Lost Occasional Travelers
614000,High-Value Frequent Flyers
614063,Fly fanatics
614100,Long-tenure
614106,Long-tenure
614122,New engaged
614164,Long-tenure
614219,Fly fanatics
614221,New Low-Value Customers
614246,Long-tenure
614307,New engaged
614350,Fly fanatics
614373,Long-tenure
614377,Reengaged Customers
614379,Long-tenure
614441,Long-tenure
614574,New Low-Value Customers
614634,New engaged
614721,New engaged
614782,New Low-Value Customers
614787,Lost Occasional Travelers
614810,New engaged
614830,Long-tenure
614871,New Low-Value Customers
615022,Long-tenure
615054,Long-tenure
615131,High-Value Frequent Flyers
615201,Long-tenure
615214,Long-tenure
615244,New engaged
615251,Fly fanatics
615327,High-Value Low transactions
615385,Lost Occasional Travelers
615394,New engaged
615411,High-Value Frequent Flyers
615459,High-Value Low transactions
615528,Long-tenure
615529,New engaged
615578,Long-tenure
615617,Long-tenure
615662,New engaged
615673,New engaged
615678,New Low-Value Customers
615826,High-Value Frequent Flyers
615854,Fly fanatics
615945,New Low-Value Customers
615989,New engaged
616083,Long-tenure
616137,Lost Occasional Travelers
616162,Fly fanatics
616183,Lost Occasional Travelers
616207,Reengaged Customers
616220,Fly fanatics
616226,Long-tenure
616342,Long-tenure
616350,New engaged
616374,Lost Occasional Travelers
616416,Long-tenure
616447,New Low-Value Customers
616500,Long-tenure
616641,New Low-Value Customers
616650,Fly fanatics
616667,Long-tenure
616722,Long-tenure
616739,New engaged
616746,New Low-Value Customers
616835,Fly fanatics
616857,New engaged
616875,Long-tenure
616920,Long-tenure
616956,New Low-Value Customers
617008,Long-tenure
617079,New engaged
617099,Long-tenure
617108,Lost Occasional Travelers
617171,Long-tenure
617263,Long-tenure
617296,High-Value Frequent Flyers
617326,Long-tenure
617348,High-Value Frequent Flyers
617447,Long-tenure
617471,Long-tenure
617484,New engaged
617516,New Low-Value Customers
617670,Long-tenure
617916,New engaged
617960,Long-tenure
618022,Long-tenure
618089,New Low-Value Customers
618100,Long-tenure
618112,New engaged
618124,Fly fanatics
618226,Reengaged Customers
618300,Long-tenure
618302,Long-tenure
618309,Fly fanatics
618329,Long-tenure
618379,Long-tenure
618390,High-Value Frequent Flyers
618409,New engaged
618461,Fly fanatics
618494,New engaged
618523,Fly fanatics
618524,High-Value Frequent Flyers
618601,New engaged
618656,New engaged
618719,Long-tenure
618731,Fly fanatics
618817,Fly fanatics
618823,New engaged
618824,Fly fanatics
618830,Fly fanatics
618871,New Low-Value Customers
618877,High-Value Low transactions
618886,Long-tenure
619141,Lost Occasional Travelers
619268,Fly fanatics
619337,Reengaged Customers
619404,New engaged
619483,High-Value Frequent Flyers
619537,High-Value Frequent Flyers
619548,New engaged
619596,Lost Occasional Travelers
619693,Long-tenure
619826,Long-tenure
619840,Long-tenure
619916,New engaged
619920,Fly fanatics
620078,New Low-Value Customers
620084,New engaged
620094,Fly fanatics
620122,High-Value Frequent Flyers
620406,Long-tenure
620446,Long-tenure
620465,Long-tenure
620480,New engaged
620563,New engaged
620584,Long-tenure
620674,New Low-Value Customers
620741,New engaged
620792,Lost Occasional Travelers
620858,Fly fanatics
620969,High-Value Low transactions
620990,New Low-Value Customers
621006,Fly fanatics
621072,New Low-Value Customers
621093,Fly fanatics
621180,New engaged
621190,Fly fanatics
621218,New engaged
621279,New engaged
621583,Long-tenure
621695,Fly fanatics
621731,Long-tenure
621750,Long-tenure
621814,Long-tenure
621823,High-Value Low transactions
621832,Long-tenure
621876,Long-tenure
621940,New Low-Value Customers
621951,New engaged
622006,Fly fanatics
622019,High-Value Frequent Flyers
622036,New Low-Value Customers
622171,New Low-Value Customers
622302,New Low-Value Customers
622324,Long-tenure
622334,Fly fanatics
622527,Fly fanatics
622610,Long-tenure
622697,New engaged
622776,New Low-Value Customers
622794,High-Value Low transactions
622822,New Low-Value Customers
622883,High-Value Frequent Flyers
622906,Long-tenure
623008,New Low-Value Customers
623071,High-Value Low transactions
623144,Long-tenure
623154,Lost Occasional Travelers
623222,Fly fanatics
623327,New engaged
623478,Long-tenure
623537,New engaged
623569,Long-tenure
623654,Lost Occasional Travelers
623688,New engaged
623861,Fly fanatics
623903,Fly fanatics
623946,Reengaged Customers
624065,New engaged
624216,New engaged
624407,High-Value Frequent Flyers
624463,Long-tenure
624487,Long-tenure
624569,New Low-Value Customers
624621,Long-tenure
624704,New Low-Value Customers
624881,High-Value Low transactions
624929,Long-tenure
624935,Fly fanatics
624980,New engaged
625033,High-Value Frequent Flyers
625123,Long-tenure
625183,Fly fanatics
625318,New Low-Value Customers
625320,New Low-Value Customers
625434,Fly fanatics
625451,New engaged
625458,Fly fanatics
625497,Long-tenure
625524,Long-tenure
625557,Long-tenure
625599,New engaged
625621,Fly fanatics
625784,New engaged
625859,Long-tenure
625870,Long-tenure
625945,Fly fanatics
626030,High-Value Frequent Flyers
626046,New Low-Value Customers
626068,High-Value Low transactions
626149,Long-tenure
626211,Long-tenure
626474,Long-tenure
626542,New engaged
626560,New Low-Value Customers
626664,New engaged
626746,New engaged
626762,New engaged
626767,New Low-Value Customers
626973,Fly fanatics
627107,Lost Occasional Travelers
627191,Lost Occasional Travelers
627354,High-Value Frequent Flyers
627373,New Low-Value Customers
627428,Fly fanatics
627485,Long-tenure
627489,Long-tenure
627502,Reengaged Customers
627568,Lost Occasional Travelers
627670,Fly fanatics
627778,New engaged
627791,Long-tenure
627826,Long-tenure
627893,New engaged
627915,High-Value Frequent Flyers
627970,Fly fanatics
628017,Long-tenure
628081,Long-tenure
628096,Long-tenure
628130,Fly fanatics
628169,Fly fanatics
628180,New engaged
628211,Fly fanatics
628258,Fly fanatics
628320,Long-tenure
628409,Long-tenure
628431,New engaged
628475,High-Value Frequent Flyers
628533,New engaged
628578,Fly fanatics
628596,Fly fanatics
628618,High-Value Frequent Flyers
628669,Long-tenure
628837,New Low-Value Customers
628840,High-Value Low transactions
628844,New engaged
628860,Long-tenure
628917,New engaged
628924,New engaged
628952,New engaged
629177,Long-tenure
629299,Long-tenure
629394,High-Value Low transactions
629410,Long-tenure
629642,Long-tenure
629706,New engaged
629753,Long-tenure
629966,New Low-Value Customers
629995,New Low-Value Customers
630034,High-Value Low transactions
630071,Fly fanatics
630209,New Low-Value Customers
630265,High-Value Frequent Flyers
630290,Lost Occasional Travelers
630320,Fly fanatics
630338,High-Value Frequent Flyers
630396,Long-tenure
630588,Fly fanatics
630694,Lost Occasional Travelers
630711,High-Value Frequent Flyers
630869,New engaged
630880,Fly fanatics
630920,New Low-Value Customers
631051,Long-tenure
631070,New Low-Value Customers
631100,High-Value Low transactions
631200,New engaged
631379,Fly fanatics
631406,New engaged
631543,High-Value Frequent Flyers
631557,Long-tenure
631583,Long-tenure
631661,New engaged
631683,Long-tenure
631704,Long-tenure
631801,New Low-Value Customers
631821,Long-tenure
631839,Long-tenure
631853,Long-tenure
631854,High-Value Frequent Flyers
631869,Long-tenure
632097,Fly fanatics
632103,Long-tenure
632130,Long-tenure
632199,High-Value Frequent Flyers
632352,New engaged
632398,Long-tenure
632399,New engaged
632435,New Low-Value Customers
632515,New Low-Value Customers
632556,New engaged
632638,Fly fanatics
632720,Long-tenure
632793,New engaged
632826,New engaged
632951,High-Value Low transactions
632974,New Low-Value Customers
632981,High-Value Frequent Flyers
633135,Long-tenure
633140,Fly fanatics
633162,New Low-Value Customers
633202,Long-tenure
633299,New engaged
633330,New engaged
633332,New Low-Value Customers
633458,Fly fanatics
633627,New engaged
633631,Long-tenure
633640,High-Value Frequent Flyers
633734,Lost Occasional Travelers
633749,Long-tenure
633787,New engaged
633861,Long-tenure
633910,New Low-Value Customers
633938,High-Value Frequent Flyers
633992,Long-tenure
633999,New Low-Value Customers
634181,Fly fanatics
634185,New engaged
634269,Lost Occasional Travelers
634328,Lost Occasional Travelers
634386,New engaged
634392,New engaged
634418,Fly fanatics
634423,New engaged
634503,High-Value Frequent Flyers
634615,High-Value Low transactions
634727,New engaged
634807,Long-tenure
634850,Fly fanatics
634900,High-Value Frequent Flyers
634916,New engaged
635084,Long-tenure
635162,Lost Occasional Travelers
635225,Fly fanatics
635249,Long-tenure
635302,New Low-Value Customers
635334,High-Value Low transactions
635509,New Low-Value Customers
635517,New Low-Value Customers
635531,Long-tenure
635616,Long-tenure
635715,Long-tenure
635719,Long-tenure
635805,Lost Occasional Travelers
635907,New Low-Value Customers
636000,New engaged
636012,Long-tenure
636017,New Low-Value Customers
636045,High-Value Frequent Flyers
636177,Long-tenure
636213,High-Value Frequent Flyers
636293,Long-tenure
636413,Fly fanatics
636505,Fly fanatics
636533,New Low-Value Customers
636673,Fly fanatics
636745,Lost Occasional Travelers
636749,High-Value Frequent Flyers
636753,New engaged
636813,Fly fanatics
636965,New engaged
637151,New engaged
637249,Long-tenure
637396,Long-tenure
637532,Fly fanatics
637580,Long-tenure
637641,Long-tenure
637655,Long-tenure
637687,New engaged
637721,Fly fanatics
637760,New engaged
637765,New engaged
637927,New Low-Value Customers
637986,Long-tenure
638004,New Low-Value Customers
638152,Long-tenure
638162,Long-tenure
638207,Long-tenure
638237,New engaged
638253,New engaged
638264,Reengaged Customers
638368,Long-tenure
638389,Long-tenure
638466,Lost Occasional Travelers
638469,Fly fanatics
638495,High-Value Frequent Flyers
638506,New engaged
638602,New engaged
638618,Long-tenure
638685,Long-tenure
638732,Fly fanatics
638733,High-Value Frequent Flyers
638754,Lost Occasional Travelers
638804,New engaged
639116,Lost Occasional Travelers
639117,New engaged
639145,Long-tenure
639258,New Low-Value Customers
639383,New Low-Value Customers
639419,High-Value Low transactions
639466,New Low-Value Customers
639510,Long-tenure
639613,Fly fanatics
639626,New Low-Value Customers
639701,Long-tenure
639705,Fly fanatics
639807,New engaged
640009,High-Value Low transactions
640082,Fly fanatics
640110,Long-tenure
640116,New engaged
640163,New Low-Value Customers
640238,Long-tenure
640244,Long-tenure
640285,High-Value Frequent Flyers
640418,Long-tenure
640555,Long-tenure
640588,New engaged
640614,Fly fanatics
640831,High-Value Frequent Flyers
640833,Fly fanatics
640920,Lost Occasional Travelers
641039,High-Value Low transactions
641050,Long-tenure
641103,New engaged
641123,Long-tenure
641159,Long-tenure
641160,Long-tenure
641162,New Low-Value Customers
641164,Long-tenure
641189,New engaged
641327,Fly fanatics
641384,New engaged
641448,New engaged
641586,Long-tenure
641612,New Low-Value Customers
641642,New Low-Value Customers
641704,Long-tenure
641734,Long-tenure
641869,Fly fanatics
641879,New engaged
641884,High-Value Frequent Flyers
641970,Long-tenure
641997,Fly fanatics
642000,Fly fanatics
642002,High-Value Frequent Flyers
642031,High-Value Low transactions
642043,Long-tenure
642099,High-Value Frequent Flyers
642102,Fly fanatics
642109,Fly fanatics
642247,High-Value Low transactions
642313,New engaged
642323,High-Value Low transactions
642401,Lost Occasional Travelers
642409,New Low-Value Customers
642449,New engaged
642485,New Low-Value Customers
642738,High-Value Low transactions
642808,New engaged
642901,New engaged
642976,New Low-Value Customers
643026,New engaged
643059,High-Value Frequent Flyers
643099,Reengaged Customers
643117,New engaged
643225,Fly fanatics
643300,High-Value Frequent Flyers
643362,Lost Occasional Travelers
643364,New engaged
643476,New Low-Value Customers
643480,Fly fanatics
643507,High-Value Low transactions
643605,Long-tenure
643643,High-Value Low transactions
643669,High-Value Frequent Flyers
643705,New engaged
643854,Long-tenure
643912,Long-tenure
644014,Long-tenure
644017,High-Value Frequent Flyers
644163,Fly fanatics
644251,Fly fanatics
644265,High-Value Frequent Flyers
644374,New engaged
644390,Long-tenure
644417,Lost Occasional Travelers
644434,Long-tenure
644551,Long-tenure
644630,New engaged
644652,Fly fanatics
644769,New engaged
644786,Fly fanatics
644865,High-Value Frequent Flyers
644893,Lost Occasional Travelers
644938,Long-tenure
644945,New engaged
645057,Fly fanatics
645072,Long-tenure
645078,New Low-Value Customers
645081,Long-tenure
645114,New Low-Value Customers
645145,High-Value Frequent Flyers
645147,Fly fanatics
645244,Fly fanatics
645265,Long-tenure
645280,Long-tenure
645450,New engaged
645508,Fly fanatics
645566,Fly fanatics
645600,New engaged
645653,Fly fanatics
645688,Long-tenure
645712,High-Value Frequent Flyers
645895,Long-tenure
645919,New engaged
645927,New engaged
645986,Long-tenure
646022,Long-tenure
646023,New Low-Value Customers
646038,Long-tenure
646137,Long-tenure
646168,Long-tenure
646178,New engaged
646187,New Low-Value Customers
646189,High-Value Frequent Flyers
646198,Lost Occasional Travelers
646225,Fly fanatics
646277,New engaged
646289,New Low-Value Customers
646359,Fly fanatics
646399,High-Value Frequent Flyers
646502,New engaged
646519,Long-tenure
646935,Long-tenure
647005,Lost Occasional Travelers
647041,Fly fanatics
647133,New engaged
647214,Fly fanatics
647491,Long-tenure
647658,New Low-Value Customers
647672,Long-tenure
647684,Fly fanatics
647726,Fly fanatics
647791,New Low-Value Customers
647894,Long-tenure
647933,New Low-Value Customers
647956,High-Value Low transactions
648043,High-Value Frequent Flyers
648077,Fly fanatics
648231,Reengaged Customers
648365,Fly fanatics
648380,High-Value Frequent Flyers
648432,New engaged
648455,High-Value Frequent Flyers
648533,Long-tenure
648575,High-Value Frequent Flyers
648586,High-Value Frequent Flyers
648596,Fly fanatics
648648,Fly fanatics
648653,New engaged
648924,New engaged
649052,New engaged
649054,Fly fanatics
649089,New Low-Value Customers
649104,Fly fanatics
649194,High-Value Frequent Flyers
649321,New engaged
649422,Long-tenure
649442,New engaged
649487,Lost Occasional Travelers
649656,Long-tenure
649680,New Low-Value Customers
649770,High-Value Low transactions
649802,New engaged
649855,Fly fanatics
649918,New Low-Value Customers
649961,Long-tenure
649972,Lost Occasional Travelers
649994,Long-tenure
650290,Lost Occasional Travelers
650358,Long-tenure
650377,Long-tenure
650420,Fly fanatics
650445,Fly fanatics
650486,Long-tenure
650529,New engaged
650553,Long-tenure
650621,Long-tenure
650657,Fly fanatics
650704,New engaged
650721,New Low-Value Customers
650870,Long-tenure
651006,New engaged
651020,New engaged
651054,New Low-Value Customers
651097,High-Value Frequent Flyers
651250,High-Value Frequent Flyers
651281,High-Value Frequent Flyers
651377,High-Value Frequent Flyers
651605,Long-tenure
651622,Fly fanatics
651631,New engaged
651645,New Low-Value Customers
651694,High-Value Frequent Flyers
651740,Long-tenure
651835,Fly fanatics
651959,Long-tenure
652034,Long-tenure
652047,Fly fanatics
652194,Long-tenure
652212,Fly fanatics
652291,Long-tenure
652370,Long-tenure
652374,New engaged
652394,Long-tenure
652498,New engaged
652499,New Low-Value Customers
652501,Fly fanatics
652518,Fly fanatics
652614,Long-tenure
652636,New Low-Value Customers
652642,High-Value Low transactions
652741,New Low-Value Customers
652756,New Low-Value Customers
652790,High-Value Frequent Flyers
652816,Long-tenure
652852,Fly fanatics
652862,Fly fanatics
653015,Long-tenure
653070,Long-tenure
653191,New engaged
653259,Fly fanatics
653304,New Low-Value Customers
653324,New Low-Value Customers
653337,Long-tenure
653340,Long-tenure
653354,New Low-Value Customers
653400,New engaged
653441,New engaged
653539,Long-tenure
653542,New engaged
653572,Long-tenure
653636,New engaged
653637,Long-tenure
653698,Fly fanatics
653851,New Low-Value Customers
653973,New engaged
654073,Long-tenure
654086,Fly fanatics
654122,Fly fanatics
654187,Fly fanatics
654225,Lost Occasional Travelers
654249,New Low-Value Customers
654288,Long-tenure
654389,New Low-Value Customers
654540,New Low-Value Customers
654578,Fly fanatics
654748,Lost Occasional Travelers
654751,Fly fanatics
654817,New engaged
654890,Long-tenure
654941,Fly fanatics
655016,Lost Occasional Travelers
655039,New Low-Value Customers
655044,New engaged
655082,Fly fanatics
655085,Reengaged Customers
655325,Long-tenure
655453,New engaged
655480,New engaged
655715,Fly fanatics
655721,New Low-Value Customers
655743,Long-tenure
655892,New engaged
655957,High-Value Frequent Flyers
656027,Fly fanatics
656036,Lost Occasional Travelers
656288,Fly fanatics
656360,Long-tenure
656415,High-Value Frequent Flyers
656454,High-Value Low transactions
656487,Fly fanatics
656572,New engaged
656639,Long-tenure
656650,New engaged
656942,Long-tenure
656993,New Low-Value Customers
657116,Fly fanatics
657118,Long-tenure
657339,Long-tenure
657492,High-Value Frequent Flyers
657668,New engaged
657730,Lost Occasional Travelers
657748,New engaged
657842,New Low-Value Customers
657865,New engaged
657946,New Low-Value Customers
658076,New Low-Value Customers
658175,New engaged
658310,Long-tenure
658330,New engaged
658407,Lost Occasional Travelers
658546,High-Value Frequent Flyers
658726,Lost Occasional Travelers
658861,Long-tenure
658996,New engaged
659011,Long-tenure
659112,Fly fanatics
659147,Long-tenure
659205,Long-tenure
659251,Long-tenure
659400,Long-tenure
659419,High-Value Frequent Flyers
659481,New engaged
659536,New engaged
659607,Long-tenure
659637,Fly fanatics
659767,Long-tenure
659781,New engaged
659882,Lost Occasional Travelers
659967,Long-tenure
660030,Fly fanatics
660047,New engaged
660098,New Low-Value Customers
660119,Long-tenure
660178,Fly fanatics
660197,New engaged
660294,Long-tenure
660376,Long-tenure
660395,Fly fanatics
660436,New engaged
660457,Long-tenure
660554,New Low-Value Customers
660684,New engaged
660768,New engaged
660922,Long-tenure
660958,Long-tenure
661035,Long-tenure
661050,Long-tenure
661054,Long-tenure
661069,Lost Occasional Travelers
661088,Long-tenure
661118,Fly fanatics
661150,Long-tenure
661193,Fly fanatics
661274,Long-tenure
661321,New engaged
661411,High-Value Frequent Flyers
661451,Long-tenure
661469,New engaged
661487,New engaged
661502,High-Value Frequent Flyers
661587,New Low-Value Customers
661708,New Low-Value Customers
661744,Fly fanatics
662022,Fly fanatics
662045,New Low-Value Customers
662164,Long-tenure
662166,Long-tenure
662209,Fly fanatics
662268,New engaged
662272,High-Value Low transactions
662380,Long-tenure
662392,Lost Occasional Travelers
662406,High-Value Frequent Flyers
662489,Lost Occasional Travelers
662521,Long-tenure
662594,New engaged
662665,Long-tenure
662750,Long-tenure
662848,Fly fanatics
662880,Fly fanatics
662934,New Low-Value Customers
662936,High-Value Frequent Flyers
662973,New engaged
663062,New engaged
663067,High-Value Frequent Flyers
663133,Fly fanatics
663150,Fly fanatics
663213,New Low-Value Customers
663270,Long-tenure
663343,Long-tenure
663382,Long-tenure
663402,New engaged
663416,Long-tenure
663422,New engaged
663513,Long-tenure
663514,Fly fanatics
663521,Long-tenure
663573,New engaged
663659,New Low-Value Customers
663719,New engaged
663746,New Low-Value Customers
663757,Lost Occasional Travelers
663897,Reengaged Customers
663918,Long-tenure
663975,Lost Occasional Travelers
664008,New Low-Value Customers
664034,Lost Occasional Travelers
664052,Fly fanatics
664054,Fly fanatics
664062,Long-tenure
664084,Fly fanatics
664112,New engaged
664183,New Low-Value Customers
664277,Fly fanatics
664379,Long-tenure
664493,New engaged
664666,Long-tenure
664684,New Low-Value Customers
664705,Long-tenure
664737,Long-tenure
664759,New Low-Value Customers
664771,Long-tenure
664799,New engaged
664856,Long-tenure
665024,High-Value Frequent Flyers
665100,Long-tenure
665373,Lost Occasional Travelers
665403,High-Value Frequent Flyers
665454,High-Value Low transactions
665467,Long-tenure
665548,Long-tenure
665645,New Low-Value Customers
665646,High-Value Low transactions
665679,High-Value Low transactions
665701,New engaged
665773,New Low-Value Customers
665890,Fly fanatics
666189,High-Value Low transactions
666222,Fly fanatics
666301,Long-tenure
666337,High-Value Frequent Flyers
666381,Fly fanatics
666417,New engaged
666473,Fly fanatics
666504,Long-tenure
666556,Long-tenure
666572,New engaged
666597,New engaged
666608,New engaged
666667,Long-tenure
666680,Long-tenure
666702,Lost Occasional Travelers
666761,Lost Occasional Travelers
666877,New engaged
666878,Long-tenure
666933,Fly fanatics
666952,Fly fanatics
667041,Long-tenure
667117,Long-tenure
667157,High-Value Low transactions
667262,Fly fanatics
667275,High-Value Low transactions
667293,New Low-Value Customers
667314,Lost Occasional Travelers
667341,Fly fanatics
667356,Lost Occasional Travelers
667398,Lost Occasional Travelers
667517,New Low-Value Customers
667615,New Low-Value Customers
667634,High-Value Frequent Flyers
667687,New Low-Value Customers
667692,Fly fanatics
667718,High-Value Low transactions
667767,Fly fanatics
667781,High-Value Frequent Flyers
667798,New Low-Value Customers
667860,Long-tenure
667901,New engaged
667974,Long-tenure
668000,Long-tenure
668020,New engaged
668136,New Low-Value Customers
668213,New Low-Value Customers
668235,New Low-Value Customers
668253,Long-tenure
668325,New engaged
668510,New engaged
668576,New Low-Value Customers
668599,Fly fanatics
668624,New engaged
668692,Fly fanatics
668843,New Low-Value Customers
668865,High-Value Frequent Flyers
668959,Fly fanatics
668968,Fly fanatics
668970,New Low-Value Customers
669028,New engaged
669065,Long-tenure
669066,Fly fanatics
669222,Fly fanatics
669368,Long-tenure
669373,New engaged
669493,New Low-Value Customers
669501,Long-tenure
669810,Long-tenure
669812,Long-tenure
669890,Fly fanatics
669894,High-Value Frequent Flyers
669978,Long-tenure
670000,High-Value Frequent Flyers
670002,High-Value Frequent Flyers
670040,Long-tenure
670131,High-Value Frequent Flyers
670210,Long-tenure
670215,Fly fanatics
670289,New Low-Value Customers
670294,Fly fanatics
670371,Long-tenure
670430,New engaged
670606,Fly fanatics
670666,High-Value Frequent Flyers
670686,New engaged
670751,High-Value Frequent Flyers
670817,Fly fanatics
670836,High-Value Low transactions
670939,New engaged
670985,Long-tenure
671077,New Low-Value Customers
671115,High-Value Frequent Flyers
671119,Long-tenure
671173,High-Value Low transactions
671309,Lost Occasional Travelers
671359,New Low-Value Customers
671368,New engaged
671383,Fly fanatics
671528,New engaged
671534,Long-tenure
671628,New Low-Value Customers
671639,New engaged
671764,High-Value Low transactions
671803,High-Value Frequent Flyers
671849,High-Value Frequent Flyers
671911,New engaged
671928,New engaged
671933,Long-tenure
672039,Long-tenure
672089,Long-tenure
672103,New engaged
672170,Long-tenure
672236,High-Value Frequent Flyers
672255,New Low-Value Customers
672308,Long-tenure
672336,New engaged
672391,New Low-Value Customers
672395,Long-tenure
672430,New engaged
672431,Long-tenure
672570,Fly fanatics
672600,High-Value Frequent Flyers
672635,New Low-Value Customers
672649,New Low-Value Customers
672679,New Low-Value Customers
672781,New engaged
672819,New Low-Value Customers
672893,Long-tenure
672904,Fly fanatics
673054,Long-tenure
673061,Lost Occasional Travelers
673192,Fly fanatics
673301,New engaged
673399,Long-tenure
673401,Long-tenure
673424,Long-tenure
673492,New Low-Value Customers
673872,New Low-Value Customers
673934,Long-tenure
674118,New engaged
674281,Fly fanatics
674327,High-Value Frequent Flyers
674372,New Low-Value Customers
674375,New Low-Value Customers
674394,Fly fanatics
674462,New engaged
674497,Long-tenure
674637,New engaged
674643,New Low-Value Customers
674689,New engaged
674738,Lost Occasional Travelers
674781,New engaged
674805,Long-tenure
674876,New Low-Value Customers
674923,New engaged
674933,Fly fanatics
675057,Long-tenure
675104,Fly fanatics
675106,Long-tenure
675204,Fly fanatics
675243,Fly fanatics
675385,New engaged
675405,New engaged
675409,High-Value Frequent Flyers
675442,High-Value Frequent Flyers
675457,Long-tenure
675506,New Low-Value Customers
675516,Fly fanatics
675535,New engaged
675538,Long-tenure
675541,New engaged
675616,Long-tenure
675651,New engaged
675848,Long-tenure
675879,New Low-Value Customers
675936,New engaged
675956,High-Value Frequent Flyers
676203,New engaged
676289,New engaged
676371,New Low-Value Customers
676376,Fly fanatics
676406,New engaged
676408,New engaged
676409,New engaged
676585,High-Value Frequent Flyers
676622,Fly fanatics
676631,New engaged
676639,Long-tenure
676669,High-Value Frequent Flyers
676873,Long-tenure
676877,High-Value Frequent Flyers
676941,High-Value Frequent Flyers
677045,Long-tenure
677068,New engaged
677141,Fly fanatics
677174,Long-tenure
677213,New engaged
677217,High-Value Frequent Flyers
677218,Long-tenure
677322,Lost Occasional Travelers
677329,High-Value Low transactions
677335,New Low-Value Customers
677404,High-Value Frequent Flyers
677435,New engaged
677513,High-Value Low transactions
677527,Long-tenure
677560,New engaged
677606,Fly fanatics
677695,Long-tenure
677704,Long-tenure
677717,New Low-Value Customers
677751,New engaged
677901,Lost Occasional Travelers
677963,New engaged
677976,Lost Occasional Travelers
678217,New Low-Value Customers
678243,Fly fanatics
678284,New engaged
678341,Fly fanatics
678454,Long-tenure
678460,New engaged
678493,Long-tenure
678514,Long-tenure
678603,New engaged
678616,Fly fanatics
678722,New Low-Value Customers
678786,Long-tenure
678837,High-Value Frequent Flyers
678925,High-Value Frequent Flyers
678933,New engaged
678967,New engaged
679075,New engaged
679132,New Low-Value Customers
679253,New Low-Value Customers
679311,New engaged
679414,New Low-Value Customers
679437,Fly fanatics
679485,High-Value Frequent Flyers
679531,Lost Occasional Travelers
679607,Long-tenure
679609,New engaged
679623,New engaged
679638,Fly fanatics
679859,New engaged
679908,Fly fanatics
679994,New Low-Value Customers
680168,High-Value Low transactions
680181,New engaged
680304,Lost Occasional Travelers
680376,New Low-Value Customers
680379,Fly fanatics
680444,Long-tenure
680445,Long-tenure
680485,Lost Occasional Travelers
680565,Long-tenure
680569,Fly fanatics
680581,Long-tenure
680738,High-Value Frequent Flyers
680754,New Low-Value Customers
680839,New engaged
680878,New Low-Value Customers
680886,High-Value Frequent Flyers
680945,New Low-Value Customers
681032,High-Value Frequent Flyers
681250,New engaged
681270,Fly fanatics
681309,Fly fanatics
681328,New Low-Value Customers
681399,High-Value Frequent Flyers
681593,New Low-Value Customers
681649,Long-tenure
681722,Long-tenure
681785,Fly fanatics
681822,Long-tenure
681887,Long-tenure
681921,Long-tenure
681984,Long-tenure
682103,Long-tenure
682194,Fly fanatics
682288,Long-tenure
682308,Long-tenure
682356,Fly fanatics
682419,Fly fanatics
682521,Lost Occasional Travelers
682528,Long-tenure
682533,New Low-Value Customers
682571,Long-tenure
682654,Lost Occasional Travelers
682707,New engaged
682709,Long-tenure
682813,Fly fanatics
682819,Fly fanatics
682826,Long-tenure
682840,New engaged
682980,Lost Occasional Travelers
683126,Long-tenure
683239,Lost Occasional Travelers
683276,High-Value Low transactions
683288,Lost Occasional Travelers
683356,New engaged
683361,New Low-Value Customers
683470,Fly fanatics
683485,Fly fanatics
683487,Long-tenure
683503,High-Value Frequent Flyers
683660,New engaged
683664,New Low-Value Customers
683699,Long-tenure
683751,Long-tenure
683791,Long-tenure
683838,High-Value Low transactions
683875,High-Value Low transactions
683901,High-Value Frequent Flyers
683909,New Low-Value Customers
683910,New engaged
683920,Long-tenure
684022,New engaged
684081,New Low-Value Customers
684103,Lost Occasional Travelers
684133,Long-tenure
684155,Fly fanatics
684201,High-Value Frequent Flyers
684305,High-Value Frequent Flyers
684371,Fly fanatics
684386,Long-tenure
684491,Fly fanatics
684691,Fly fanatics
684776,Long-tenure
684826,New engaged
684835,New Low-Value Customers
684934,Long-tenure
685171,High-Value Frequent Flyers
685208,Long-tenure
685314,Long-tenure
685346,Fly fanatics
685375,High-Value Frequent Flyers
685408,Long-tenure
685518,Lost Occasional Travelers
685533,Long-tenure
685546,Long-tenure
685608,Fly fanatics
685631,Lost Occasional Travelers
685683,New engaged
685720,High-Value Frequent Flyers
685792,Lost Occasional Travelers
685982,Long-tenure
686031,Fly fanatics
686044,Long-tenure
686059,High-Value Frequent Flyers
686196,New engaged
686220,Long-tenure
686223,New Low-Value Customers
686224,New engaged
686232,High-Value Frequent Flyers
686371,New Low-Value Customers
686397,New Low-Value Customers
686471,New engaged
686509,New engaged
686555,Long-tenure
686561,New Low-Value Customers
686612,Lost Occasional Travelers
686709,High-Value Frequent Flyers
686728,New Low-Value Customers
686769,Long-tenure
686783,New engaged
686838,Long-tenure
687170,New engaged
687186,New engaged
687199,Long-tenure
687262,High-Value Frequent Flyers
687401,High-Value Frequent Flyers
687412,New engaged
687463,Fly fanatics
687525,Long-tenure
687533,High-Value Frequent Flyers
687589,Long-tenure
687593,Reengaged Customers
687639,New engaged
687748,New Low-Value Customers
687820,Long-tenure
687895,Long-tenure
687962,Fly fanatics
688058,New engaged
688139,New engaged
688168,Long-tenure
688178,Fly fanatics
688319,High-Value Frequent Flyers
688410,Fly fanatics
688524,Long-tenure
688533,High-Value Frequent Flyers
688557,Fly fanatics
688615,New Low-Value Customers
688627,High-Value Frequent Flyers
688691,Long-tenure
688731,New Low-Value Customers
688748,Lost Occasional Travelers
688820,Fly fanatics
688891,New Low-Value Customers
689000,Long-tenure
689112,Long-tenure
689275,High-Value Frequent Flyers
689353,High-Value Frequent Flyers
689389,New engaged
689440,New Low-Value Customers
689459,New engaged
689477,Long-tenure
689818,Fly fanatics
689839,New Low-Value Customers
689909,Fly fanatics
689912,High-Value Frequent Flyers
689981,Long-tenure
690029,Long-tenure
690191,Fly fanatics
690199,Long-tenure
690494,New Low-Value Customers
690510,New Low-Value Customers
690554,Long-tenure
690563,Long-tenure
690637,New engaged
690641,Long-tenure
690671,Fly fanatics
690776,Fly fanatics
690797,Long-tenure
690862,Long-tenure
690866,Long-tenure
690890,Long-tenure
690916,High-Value Frequent Flyers
690969,Long-tenure
690970,New engaged
690971,Long-tenure
690984,New Low-Value Customers
691077,Fly fanatics
691220,Fly fanatics
691259,Fly fanatics
691262,New engaged
691332,New Low-Value Customers
691520,Fly fanatics
691542,High-Value Low transactions
691626,New Low-Value Customers
691645,New Low-Value Customers
691700,New engaged
691761,New engaged
691855,New Low-Value Customers
691909,Long-tenure
692096,Fly fanatics
692129,New engaged
692151,Long-tenure
692252,Fly fanatics
692275,New Low-Value Customers
692304,Fly fanatics
692328,High-Value Frequent Flyers
692535,Long-tenure
692628,New engaged
692671,Long-tenure
692685,New engaged
692729,High-Value Frequent Flyers
692841,New Low-Value Customers
692856,New engaged
692936,High-Value Low transactions
692992,High-Value Frequent Flyers
693045,New Low-Value Customers
693133,High-Value Frequent Flyers
693138,New engaged
693196,New engaged
693212,New engaged
693238,Long-tenure
693256,Long-tenure
693295,Fly fanatics
693372,Fly fanatics
693494,New Low-Value Customers
693528,New Low-Value Customers
693608,New engaged
693625,Long-tenure
693659,New engaged
693665,Long-tenure
693791,New engaged
693852,Long-tenure
693913,New engaged
693922,High-Value Frequent Flyers
694021,New Low-Value Customers
694158,Long-tenure
694168,Lost Occasional Travelers
694241,High-Value Frequent Flyers
694388,Long-tenure
694472,New engaged
694497,Long-tenure
694512,Long-tenure
694648,New Low-Value Customers
694723,New engaged
694743,New engaged
694757,Fly fanatics
694828,Long-tenure
694915,New Low-Value Customers
694942,Fly fanatics
695069,Lost Occasional Travelers
695076,Fly fanatics
695107,New engaged
695162,Lost Occasional Travelers
695250,Long-tenure
695342,Fly fanatics
695428,New Low-Value Customers
695529,Long-tenure
695596,New Low-Value Customers
695624,Fly fanatics
695686,Fly fanatics
695855,Long-tenure
695878,Fly fanatics
695965,New Low-Value Customers
695978,High-Value Frequent Flyers
695987,High-Value Low transactions
696026,Lost Occasional Travelers
696090,Long-tenure
696096,High-Value Low transactions
696128,High-Value Frequent Flyers
696199,New engaged
696329,Long-tenure
696431,Long-tenure
696444,High-Value Frequent Flyers
696486,Long-tenure
696502,Long-tenure
696504,High-Value Low transactions
696562,New Low-Value Customers
696577,New engaged
696609,New engaged
696732,New Low-Value Customers
696826,Fly fanatics
696864,New engaged
696897,New engaged
697029,Long-tenure
697079,New Low-Value Customers
697091,Long-tenure
697162,New Low-Value Customers
697169,Long-tenure
697272,Long-tenure
697356,New engaged
697393,Lost Occasional Travelers
697477,New engaged
697680,New Low-Value Customers
697766,High-Value Frequent Flyers
697837,Long-tenure
697905,Long-tenure
697917,New Low-Value Customers
698072,New engaged
698122,Fly fanatics
698159,New Low-Value Customers
698180,Reengaged Customers
698242,Long-tenure
698390,Long-tenure
698395,New engaged
698443,Fly fanatics
698505,New engaged
698510,Fly fanatics
698546,Long-tenure
698573,High-Value Frequent Flyers
698627,New Low-Value Customers
698647,Long-tenure
698932,Lost Occasional Travelers
698937,New engaged
698988,Long-tenure
699194,New Low-Value Customers
699243,Fly fanatics
699281,Lost Occasional Travelers
699343,New engaged
699397,Long-tenure
699511,Long-tenure
699739,Long-tenure
699750,Fly fanatics
699751,High-Value Frequent Flyers
699875,Long-tenure
699962,Long-tenure
700096,Long-tenure
700145,Fly fanatics
700207,New engaged
700225,Long-tenure
700245,Fly fanatics
700260,New engaged
700276,New engaged
700286,New Low-Value Customers
700335,Long-tenure
700343,Fly fanatics
700356,New Low-Value Customers
700430,Long-tenure
700474,High-Value Low transactions
700497,New Low-Value Customers
700566,New engaged
700705,Long-tenure
700731,Lost Occasional Travelers
700748,Fly fanatics
700770,Long-tenure
700871,New engaged
700918,Fly fanatics
700924,New Low-Value Customers
701012,New Low-Value Customers
701036,Long-tenure
701216,New Low-Value Customers
701223,Fly fanatics
701235,New engaged
701308,Long-tenure
701391,New engaged
701485,Fly fanatics
701617,New engaged
701622,New engaged
701645,New Low-Value Customers
701732,New Low-Value Customers
701792,Lost Occasional Travelers
701803,New engaged
701954,New engaged
702005,New Low-Value Customers
702048,New engaged
702147,New Low-Value Customers
702161,High-Value Low transactions
702257,Long-tenure
702269,New Low-Value Customers
702284,Fly fanatics
702327,New engaged
702406,Long-tenure
702478,Fly fanatics
702493,Lost Occasional Travelers
702522,High-Value Frequent Flyers
702528,High-Value Frequent Flyers
702542,Fly fanatics
702588,Fly fanatics
702677,New engaged
702686,New Low-Value Customers
702746,Long-tenure
702800,Long-tenure
702809,New Low-Value Customers
702863,Long-tenure
702868,High-Value Frequent Flyers
702884,New engaged
702915,New engaged
703104,Long-tenure
703109,High-Value Frequent Flyers
703249,Reengaged Customers
703338,New Low-Value Customers
703374,High-Value Low transactions
703505,Fly fanatics
703507,High-Value Frequent Flyers
703621,Long-tenure
703711,New Low-Value Customers
703804,High-Value Frequent Flyers
703852,Lost Occasional Travelers
703937,High-Value Frequent Flyers
704074,Long-tenure
704112,Long-tenure
704149,High-Value Frequent Flyers
704150,Long-tenure
704267,New Low-Value Customers
704270,Fly fanatics
704423,High-Value Frequent Flyers
704559,Long-tenure
704600,Long-tenure
704603,Fly fanatics
704607,Lost Occasional Travelers
704709,High-Value Frequent Flyers
704835,New engaged
704967,New engaged
704968,Long-tenure
705006,Long-tenure
705020,High-Value Frequent Flyers
705113,Fly fanatics
705196,Long-tenure
705243,Fly fanatics
705262,New Low-Value Customers
705353,Long-tenure
705453,Long-tenure
705490,New Low-Value Customers
705496,Long-tenure
705589,Long-tenure
705633,New Low-Value Customers
705641,Long-tenure
705806,New Low-Value Customers
705911,Long-tenure
705980,Long-tenure
706007,New Low-Value Customers
706106,New engaged
706125,New engaged
706199,New Low-Value Customers
706497,Long-tenure
706510,Fly fanatics
706628,New Low-Value Customers
706792,New engaged
706820,Fly fanatics
706884,Lost Occasional Travelers
706918,New engaged
706962,New engaged
707017,New Low-Value Customers
707023,Fly fanatics
707042,Long-tenure
707114,Long-tenure
707146,Long-tenure
707152,New Low-Value Customers
707273,Lost Occasional Travelers
707276,New engaged
707424,New engaged
707470,Long-tenure
707513,High-Value Frequent Flyers
707557,Long-tenure
707588,New engaged
707592,High-Value Low transactions
707698,Long-tenure
707699,Long-tenure
707716,Long-tenure
707754,Fly fanatics
707762,New Low-Value Customers
707869,Long-tenure
707967,Fly fanatics
707974,New Low-Value Customers
707999,Lost Occasional Travelers
708020,Fly fanatics
708160,Fly fanatics
708210,Long-tenure
708230,Long-tenure
708258,New engaged
708271,Fly fanatics
708337,New Low-Value Customers
708343,Long-tenure
708360,New engaged
708373,Fly fanatics
708458,New Low-Value Customers
708519,Fly fanatics
708539,High-Value Frequent Flyers
708555,New Low-Value Customers
708566,New engaged
708634,Long-tenure
708654,High-Value Frequent Flyers
708692,Long-tenure
708807,High-Value Frequent Flyers
708892,High-Value Low transactions
708933,New Low-Value Customers
708982,New engaged
709059,New Low-Value Customers
709123,Long-tenure
709238,Long-tenure
709279,Long-tenure
709385,New engaged
709415,New engaged
709472,Long-tenure
709479,Lost Occasional Travelers
709499,Long-tenure
709550,Long-tenure
709566,Long-tenure
709595,Long-tenure
709656,High-Value Low transactions
709659,Long-tenure
709724,High-Value Frequent Flyers
709726,Long-tenure
709747,Fly fanatics
709869,Reengaged Customers
709920,Long-tenure
709948,Fly fanatics
709982,High-Value Frequent Flyers
710005,New engaged
710029,High-Value Frequent Flyers
710053,New engaged
710069,Long-tenure
710115,Fly fanatics
710145,New Low-Value Customers
710255,Fly fanatics
710364,Fly fanatics
710515,High-Value Low transactions
710598,New Low-Value Customers
711214,Fly fanatics
711248,New engaged
711263,New Low-Value Customers
711319,Lost Occasional Travelers
711363,New Low-Value Customers
711490,New Low-Value Customers
711500,New Low-Value Customers
711510,Fly fanatics
711541,Fly fanatics
711552,New engaged
711565,High-Value Low transactions
711567,Long-tenure
711571,Lost Occasional Travelers
711577,Long-tenure
711605,High-Value Low transactions
711625,New engaged
711680,High-Value Frequent Flyers
711795,Fly fanatics
711823,New engaged
711853,New Low-Value Customers
711864,Fly fanatics
711874,Long-tenure
712026,Long-tenure
712062,New engaged
712114,New Low-Value Customers
712130,Long-tenure
712220,New Low-Value Customers
712236,New Low-Value Customers
712248,Long-tenure
712362,New engaged
712426,High-Value Frequent Flyers
712521,New engaged
712584,New engaged
712590,Fly fanatics
712605,Fly fanatics
712636,Lost Occasional Travelers
713039,New Low-Value Customers
713067,Lost Occasional Travelers
713085,Fly fanatics
713094,High-Value Frequent Flyers
713236,Long-tenure
713257,New engaged
713299,New engaged
713329,Fly fanatics
713406,High-Value Frequent Flyers
713423,Fly fanatics
713465,Fly fanatics
713520,Lost Occasional Travelers
713580,New engaged
713636,Long-tenure
713831,Long-tenure
713853,New engaged
713981,Lost Occasional Travelers
713998,Long-tenure
714121,Long-tenure
714123,New engaged
714163,New Low-Value Customers
714206,Long-tenure
714270,Long-tenure
714316,New engaged
714379,New Low-Value Customers
714536,Long-tenure
714555,Long-tenure
714757,New engaged
714825,Long-tenure
714840,High-Value Low transactions
714939,Long-tenure
714944,Fly fanatics
714962,Fly fanatics
715015,Fly fanatics
715184,New Low-Value Customers
715255,New Low-Value Customers
715271,High-Value Frequent Flyers
715300,Fly fanatics
715369,Long-tenure
715462,Long-tenure
715514,New Low-Value Customers
715555,Lost Occasional Travelers
715640,Long-tenure
715645,Long-tenure
715668,Lost Occasional Travelers
715678,Long-tenure
715689,New engaged
715764,New engaged
715792,High-Value Frequent Flyers
715797,High-Value Low transactions
715817,Long-tenure
715947,Long-tenure
716019,New Low-Value Customers
716068,Long-tenure
716197,New Low-Value Customers
716236,Lost Occasional Travelers
716294,New engaged
716360,Fly fanatics
716362,Long-tenure
716393,Fly fanatics
716533,Long-tenure
716548,High-Value Frequent Flyers
716589,New Low-Value Customers
716690,Long-tenure
716750,Long-tenure
716785,New engaged
716812,Long-tenure
716863,Long-tenure
716932,Long-tenure
716948,Long-tenure
716961,Long-tenure
717026,Fly fanatics
717100,Long-tenure
717150,Fly fanatics
717229,High-Value Frequent Flyers
717232,Long-tenure
717250,New engaged
717308,Long-tenure
717359,High-Value Low transactions
717407,Long-tenure
717459,Long-tenure
717521,High-Value Frequent Flyers
717565,Long-tenure
717632,High-Value Frequent Flyers
717660,Fly fanatics
717700,Fly fanatics
717762,New Low-Value Customers
717780,New engaged
717806,New engaged
717891,Fly fanatics
718029,Long-tenure
718031,Long-tenure
718199,Reengaged Customers
718227,High-Value Frequent Flyers
718409,Long-tenure
718454,New Low-Value Customers
718491,High-Value Low transactions
718516,New engaged
718655,New Low-Value Customers
718745,New engaged
718752,High-Value Frequent Flyers
718764,Fly fanatics
718887,Long-tenure
718922,New engaged
718962,New engaged
718972,High-Value Frequent Flyers
719135,High-Value Frequent Flyers
719162,Lost Occasional Travelers
719192,Long-tenure
719213,Long-tenure
719242,Fly fanatics
719300,High-Value Low transactions
719383,Long-tenure
719576,New Low-Value Customers
719673,Long-tenure
719706,Long-tenure
719719,New Low-Value Customers
719736,High-Value Frequent Flyers
719824,High-Value Frequent Flyers
720007,Long-tenure
720079,New engaged
720131,New Low-Value Customers
720146,New engaged
720197,Long-tenure
720300,New engaged
720465,Long-tenure
720514,Long-tenure
720557,Fly fanatics
720626,Fly fanatics
720765,Fly fanatics
720939,High-Value Frequent Flyers
721088,Fly fanatics
721225,Fly fanatics
721300,New engaged
721366,High-Value Frequent Flyers
721372,High-Value Frequent Flyers
721377,Long-tenure
721406,Long-tenure
721423,Long-tenure
721437,New Low-Value Customers
721438,Fly fanatics
721456,New Low-Value Customers
721494,High-Value Low transactions
721639,Lost Occasional Travelers
721664,Fly fanatics
721688,New engaged
721707,High-Value Frequent Flyers
721713,New engaged
721786,New engaged
721973,New engaged
721984,New engaged
722003,New engaged
722089,New engaged
722120,Fly fanatics
722154,New Low-Value Customers
722169,Long-tenure
722324,Long-tenure
722368,Long-tenure
722399,Long-tenure
722518,New engaged
722538,Fly fanatics
722566,Fly fanatics
722629,Fly fanatics
722976,New engaged
722988,Long-tenure
723015,Fly fanatics
723055,Long-tenure
723061,Fly fanatics
723091,New engaged
723112,Long-tenure
723186,New engaged
723208,New Low-Value Customers
723262,New Low-Value Customers
723298,Long-tenure
723347,New engaged
723390,Lost Occasional Travelers
723438,New Low-Value Customers
723457,New Low-Value Customers
723476,Fly fanatics
723591,Fly fanatics
723672,Fly fanatics
723691,High-Value Frequent Flyers
723707,New Low-Value Customers
723715,New Low-Value Customers
723820,New Low-Value Customers
723912,New engaged
723968,High-Value Low transactions
723969,New Low-Value Customers
723978,Fly fanatics
724028,New engaged
724033,New engaged
724071,New Low-Value Customers
724139,Fly fanatics
724168,New engaged
724222,New engaged
724272,Long-tenure
724378,Long-tenure
724414,Fly fanatics
724424,Long-tenure
724435,Fly fanatics
724510,New Low-Value Customers
724513,New Low-Value Customers
724626,New Low-Value Customers
724660,Long-tenure
724720,Long-tenure
724723,New Low-Value Customers
724781,High-Value Frequent Flyers
724818,Fly fanatics
724979,Lost Occasional Travelers
724987,New engaged
724989,Long-tenure
725004,New Low-Value Customers
725086,New engaged
725100,Long-tenure
725120,Fly fanatics
725129,Long-tenure
725182,Long-tenure
725294,Long-tenure
725326,Long-tenure
725413,Long-tenure
725510,New Low-Value Customers
725575,Long-tenure
725580,New Low-Value Customers
725705,New engaged
725795,Long-tenure
725807,Fly fanatics
725835,High-Value Frequent Flyers
725962,Reengaged Customers
726065,Fly fanatics
726077,New Low-Value Customers
726139,Long-tenure
726268,New engaged
726309,New Low-Value Customers
726499,High-Value Low transactions
726544,New Low-Value Customers
726684,Fly fanatics
726688,New engaged
726701,Long-tenure
726732,Lost Occasional Travelers
726735,New engaged
726848,Long-tenure
726873,High-Value Frequent Flyers
726932,New engaged
726940,Lost Occasional Travelers
726980,Fly fanatics
727047,New Low-Value Customers
727053,Lost Occasional Travelers
727095,New engaged
727175,New engaged
727179,New Low-Value Customers
727348,High-Value Frequent Flyers
727415,Fly fanatics
727428,New Low-Value Customers
727446,New engaged
727497,New engaged
727573,High-Value Frequent Flyers
727595,High-Value Frequent Flyers
727648,Fly fanatics
727686,Lost Occasional Travelers
727847,Long-tenure
727873,New Low-Value Customers
727952,New Low-Value Customers
728021,Long-tenure
728043,New Low-Value Customers
728085,Long-tenure
728135,Lost Occasional Travelers
728228,High-Value Frequent Flyers
728302,High-Value Frequent Flyers
728316,Lost Occasional Travelers
728386,New Low-Value Customers
728486,New engaged
728563,New Low-Value Customers
728568,High-Value Frequent Flyers
728586,Fly fanatics
728655,Long-tenure
728679,Fly fanatics
728748,New engaged
728818,Lost Occasional Travelers
728837,Fly fanatics
729084,High-Value Frequent Flyers
729094,Fly fanatics
729154,Fly fanatics
729161,New engaged
729173,Fly fanatics
729205,New engaged
729293,New engaged
729394,New engaged
729418,New Low-Value Customers
729444,New Low-Value Customers
729518,New engaged
729537,Long-tenure
729561,New Low-Value Customers
729581,Long-tenure
729677,Fly fanatics
729762,New Low-Value Customers
729805,High-Value Low transactions
730088,Long-tenure
730214,High-Value Frequent Flyers
730246,New Low-Value Customers
730370,High-Value Frequent Flyers
730388,Long-tenure
730561,New Low-Value Customers
730641,Fly fanatics
730715,Fly fanatics
730726,Fly fanatics
730737,Fly fanatics
730742,New Low-Value Customers
730748,Lost Occasional Travelers
730771,Long-tenure
730901,New Low-Value Customers
731001,New Low-Value Customers
731160,Long-tenure
731238,Fly fanatics
731254,Reengaged Customers
731373,New Low-Value Customers
731494,New engaged
731510,Long-tenure
731540,Long-tenure
731593,Long-tenure
731696,New engaged
731819,Fly fanatics
731958,New engaged
732009,Long-tenure
732013,Fly fanatics
732081,Long-tenure
732113,New Low-Value Customers
732144,New engaged
732213,High-Value Frequent Flyers
732231,High-Value Frequent Flyers
732362,Long-tenure
732368,Long-tenure
732377,New Low-Value Customers
732488,Fly fanatics
732524,Fly fanatics
732602,New Low-Value Customers
732606,Long-tenure
732694,High-Value Low transactions
732808,High-Value Frequent Flyers
732813,High-Value Frequent Flyers
732863,High-Value Frequent Flyers
733046,Long-tenure
733096,Long-tenure
733181,New engaged
733226,Lost Occasional Travelers
733324,New engaged
733338,Lost Occasional Travelers
733350,Long-tenure
733370,Fly fanatics
733497,New Low-Value Customers
733515,New Low-Value Customers
733582,New engaged
733601,Reengaged Customers
733603,Long-tenure
733608,New engaged
733627,New engaged
733658,Fly fanatics
733693,Long-tenure
733728,New engaged
733746,New engaged
733889,Fly fanatics
733903,High-Value Frequent Flyers
733906,Fly fanatics
733907,High-Value Low transactions
734035,Long-tenure
734077,Long-tenure
734192,New engaged
734224,Fly fanatics
734226,Lost Occasional Travelers
734307,Fly fanatics
734458,New engaged
734459,New engaged
734490,Fly fanatics
734556,Lost Occasional Travelers
734647,Fly fanatics
734727,Fly fanatics
734752,Long-tenure
734791,Fly fanatics
734801,New engaged
734824,Fly fanatics
734838,Lost Occasional Travelers
734880,Long-tenure
734938,Lost Occasional Travelers
734952,New Low-Value Customers
735000,New Low-Value Customers
735038,High-Value Frequent Flyers
735263,High-Value Frequent Flyers
735266,Fly fanatics
735304,New engaged
735341,Fly fanatics
735515,Long-tenure
735605,New Low-Value Customers
735627,New engaged
735666,Long-tenure
735676,New Low-Value Customers
735770,New engaged
735790,Fly fanatics
735846,Long-tenure
735964,Long-tenure
735966,New Low-Value Customers
736004,New Low-Value Customers
736109,Fly fanatics
736219,High-Value Low transactions
736220,High-Value Low transactions
736258,New Low-Value Customers
736389,Long-tenure
736414,Long-tenure
736459,Long-tenure
736518,Long-tenure
736615,Lost Occasional Travelers
736646,Fly fanatics
736685,High-Value Frequent Flyers
736813,New Low-Value Customers
736829,Long-tenure
736970,New engaged
737221,Lost Occasional Travelers
737474,Long-tenure
737477,Fly fanatics
737509,New Low-Value Customers
737519,Long-tenure
737534,High-Value Frequent Flyers
737542,High-Value Frequent Flyers
737602,New Low-Value Customers
737604,High-Value Frequent Flyers
737755,Fly fanatics
737756,Long-tenure
737764,Fly fanatics
737791,Long-tenure
737842,High-Value Frequent Flyers
737906,New engaged
737940,Fly fanatics
737949,New engaged
738005,Fly fanatics
738096,High-Value Frequent Flyers
738141,New engaged
738204,New engaged
738279,Fly fanatics
738320,Long-tenure
738332,Fly fanatics
738427,New engaged
738431,High-Value Frequent Flyers
738432,Fly fanatics
738435,Long-tenure
738459,New engaged
738467,Fly fanatics
738473,High-Value Frequent Flyers
738597,New engaged
738651,New Low-Value Customers
738652,Fly fanatics
738732,New Low-Value Customers
738874,New Low-Value Customers
738890,Lost Occasional Travelers
739005,Fly fanatics
739021,New engaged
739084,Long-tenure
739138,Fly fanatics
739227,High-Value Low transactions
739284,Long-tenure
739345,High-Value Frequent Flyers
739352,High-Value Frequent Flyers
739513,New Low-Value Customers
739617,High-Value Low transactions
739684,New Low-Value Customers
739704,Lost Occasional Travelers
739767,New Low-Value Customers
739781,High-Value Frequent Flyers
739808,High-Value Frequent Flyers
739820,Long-tenure
739933,Long-tenure
740025,High-Value Frequent Flyers
740063,High-Value Frequent Flyers
740083,High-Value Frequent Flyers
740090,Fly fanatics
740105,Long-tenure
740326,New Low-Value Customers
740407,New Low-Value Customers
740422,High-Value Frequent Flyers
740577,Long-tenure
740603,New engaged
740608,New engaged
740703,Long-tenure
740754,New Low-Value Customers
740762,New engaged
740763,High-Value Frequent Flyers
740814,Fly fanatics
740918,New engaged
740992,Long-tenure
741031,Fly fanatics
741138,High-Value Low transactions
741244,High-Value Low transactions
741313,Long-tenure
741421,Long-tenure
741422,Long-tenure
741428,New engaged
741483,Fly fanatics
741677,Fly fanatics
741700,Long-tenure
741725,Lost Occasional Travelers
741801,High-Value Frequent Flyers
741842,Long-tenure
741892,New engaged
742002,New engaged
742009,High-Value Frequent Flyers
742062,Fly fanatics
742064,New Low-Value Customers
742281,Long-tenure
742319,New engaged
742321,Lost Occasional Travelers
742359,New Low-Value Customers
742493,Long-tenure
742509,Long-tenure
742612,New engaged
742666,High-Value Low transactions
742669,Long-tenure
742732,High-Value Frequent Flyers
742749,Long-tenure
742822,New Low-Value Customers
742854,New Low-Value Customers
742886,Fly fanatics
743001,New engaged
743018,New engaged
743121,Long-tenure
743241,Fly fanatics
743256,Long-tenure
743263,Fly fanatics
743335,New Low-Value Customers
743510,New engaged
743610,Long-tenure
743734,Long-tenure
743766,Fly fanatics
743768,New engaged
743798,New engaged
743835,Long-tenure
743849,Long-tenure
743879,New engaged
744117,New Low-Value Customers
744135,New engaged
744138,Fly fanatics
744181,High-Value Low transactions
744204,Fly fanatics
744228,New Low-Value Customers
744234,Fly fanatics
744304,Lost Occasional Travelers
744320,New Low-Value Customers
744406,New Low-Value Customers
744528,New engaged
744567,Fly fanatics
744608,Long-tenure
744612,New engaged
744675,Fly fanatics
744698,New engaged
744711,New Low-Value Customers
744778,Long-tenure
744789,Fly fanatics
744860,Lost Occasional Travelers
745028,High-Value Low transactions
745290,Long-tenure
745354,High-Value Frequent Flyers
745383,New Low-Value Customers
745420,High-Value Frequent Flyers
745454,Reengaged Customers
745600,Lost Occasional Travelers
745636,New Low-Value Customers
745668,Long-tenure
745729,Fly fanatics
745738,New engaged
745769,Fly fanatics
745792,New engaged
745811,New engaged
745830,Long-tenure
745901,New engaged
745908,Long-tenure
745920,New engaged
746031,High-Value Frequent Flyers
746060,Long-tenure
746061,High-Value Frequent Flyers
746171,Long-tenure
746296,High-Value Frequent Flyers
746314,Lost Occasional Travelers
746377,New Low-Value Customers
746385,New Low-Value Customers
746402,Fly fanatics
746502,New engaged
746520,Fly fanatics
746536,Long-tenure
746554,New engaged
746580,Lost Occasional Travelers
746677,Fly fanatics
746772,Long-tenure
746796,Lost Occasional Travelers
746807,New engaged
746837,Long-tenure
746853,New Low-Value Customers
747187,New engaged
747227,New Low-Value Customers
747304,Long-tenure
747315,Fly fanatics
747339,Fly fanatics
747395,Long-tenure
747483,New Low-Value Customers
747509,New Low-Value Customers
747571,Long-tenure
747578,High-Value Frequent Flyers
747604,New Low-Value Customers
747609,New engaged
747668,Fly fanatics
747681,Long-tenure
747704,Long-tenure
747759,New engaged
747926,Fly fanatics
747939,Fly fanatics
747993,New engaged
748019,Fly fanatics
748033,New Low-Value Customers
748055,New engaged
748198,Fly fanatics
748286,Lost Occasional Travelers
748299,High-Value Frequent Flyers
748586,New Low-Value Customers
748635,Long-tenure
748649,Fly fanatics
748682,New engaged
748701,New engaged
748717,Fly fanatics
748810,New engaged
748831,Lost Occasional Travelers
748890,New engaged
748914,New Low-Value Customers
749033,Long-tenure
749112,New engaged
749212,New engaged
749257,New Low-Value Customers
749328,New engaged
749430,High-Value Frequent Flyers
749441,Long-tenure
749459,New engaged
749566,New engaged
749684,New engaged
749705,Long-tenure
749801,Long-tenure
749817,Long-tenure
749827,New Low-Value Customers
749883,Fly fanatics
749972,New engaged
750130,High-Value Frequent Flyers
750152,Long-tenure
750162,New Low-Value Customers
750171,Long-tenure
750199,High-Value Frequent Flyers
750280,Long-tenure
750300,Fly fanatics
750324,Long-tenure
750384,Fly fanatics
750454,New Low-Value Customers
750457,New Low-Value Customers
750649,Fly fanatics
750688,Long-tenure
750710,New engaged
750739,Long-tenure
750776,Lost Occasional Travelers
750862,Long-tenure
750955,Long-tenure
750974,New engaged
751223,High-Value Low transactions
751270,Lost Occasional Travelers
751351,Long-tenure
751594,New engaged
751602,Long-tenure
751612,Fly fanatics
751616,Lost Occasional Travelers
751628,Long-tenure
751664,Long-tenure
751718,High-Value Frequent Flyers
751779,Fly fanatics
751820,Fly fanatics
751823,Long-tenure
751824,Long-tenure
751829,New engaged
751990,Long-tenure
752047,New engaged
752107,Long-tenure
752140,Long-tenure
752217,High-Value Low transactions
752259,New engaged
752274,Long-tenure
752331,Fly fanatics
752462,Long-tenure
752548,New engaged
752580,New engaged
752609,Lost Occasional Travelers
752663,High-Value Frequent Flyers
752688,Fly fanatics
752704,Fly fanatics
752729,New engaged
752826,Long-tenure
752874,Long-tenure
753038,New engaged
753089,Long-tenure
753130,Reengaged Customers
753141,New engaged
753149,Long-tenure
753219,Long-tenure
753306,Lost Occasional Travelers
753452,Fly fanatics
753456,New Low-Value Customers
753473,Long-tenure
753533,Long-tenure
753637,New Low-Value Customers
753814,Fly fanatics
753864,High-Value Low transactions
753887,New engaged
753977,Lost Occasional Travelers
753987,Fly fanatics
753994,Long-tenure
754042,High-Value Frequent Flyers
754175,New Low-Value Customers
754264,New engaged
754292,Long-tenure
754338,Long-tenure
754416,High-Value Low transactions
754436,New engaged
754517,Fly fanatics
754539,New engaged
754599,Fly fanatics
754774,New engaged
754936,Reengaged Customers
755014,Long-tenure
755015,New Low-Value Customers
755070,Long-tenure
755073,High-Value Low transactions
755082,Fly fanatics
755145,High-Value Low transactions
755276,New engaged
755290,High-Value Frequent Flyers
755337,Long-tenure
755362,New engaged
755367,New engaged
755374,Fly fanatics
755406,New engaged
755533,Long-tenure
755538,Fly fanatics
755668,High-Value Frequent Flyers
755759,New engaged
755867,High-Value Frequent Flyers
755977,High-Value Frequent Flyers
756065,Fly fanatics
756317,New Low-Value Customers
756341,New engaged
756355,Long-tenure
756481,Fly fanatics
756496,Long-tenure
756515,Long-tenure
756543,Fly fanatics
756636,New Low-Value Customers
756646,Fly fanatics
756663,New Low-Value Customers
756668,Long-tenure
756791,Long-tenure
756833,Long-tenure
756862,Long-tenure
756867,New engaged
756891,Fly fanatics
756892,New engaged
756907,New engaged
756928,New engaged
756929,Long-tenure
756967,Long-tenure
757010,New engaged
757041,New engaged
757047,Fly fanatics
757270,Lost Occasional Travelers
757387,New engaged
757420,Long-tenure
757446,Long-tenure
757547,Fly fanatics
757634,New engaged
757691,New engaged
757696,High-Value Frequent Flyers
757834,High-Value Frequent Flyers
757879,New engaged
757885,Long-tenure
757938,New engaged
758113,Fly fanatics
758165,New engaged
758210,New engaged
758262,New engaged
758328,Lost Occasional Travelers
758372,New engaged
758389,Fly fanatics
758432,Long-tenure
758635,New Low-Value Customers
758656,Lost Occasional Travelers
758695,New engaged
758738,Long-tenure
758789,High-Value Low transactions
758840,High-Value Frequent Flyers
758927,New Low-Value Customers
759017,Fly fanatics
759093,Long-tenure
759223,New Low-Value Customers
759310,High-Value Low transactions
759311,Long-tenure
759322,New engaged
759370,Long-tenure
759417,Long-tenure
759518,New engaged
759551,High-Value Frequent Flyers
759603,New engaged
759785,Fly fanatics
759847,Long-tenure
759899,Fly fanatics
759991,Fly fanatics
760061,Long-tenure
760111,New Low-Value Customers
760155,Fly fanatics
760158,New Low-Value Customers
760166,New engaged
760176,Long-tenure
760196,Long-tenure
760424,High-Value Frequent Flyers
760508,Long-tenure
760614,New engaged
760645,Fly fanatics
760672,Fly fanatics
760835,Long-tenure
760842,Fly fanatics
760876,Fly fanatics
760975,New engaged
761015,Fly fanatics
761114,Fly fanatics
761150,Lost Occasional Travelers
761240,Long-tenure
761403,Long-tenure
761423,High-Value Frequent Flyers
761459,Fly fanatics
761510,Long-tenure
761600,New Low-Value Customers
761613,Fly fanatics
761674,Long-tenure
761694,New engaged
761966,Fly fanatics
762044,New engaged
762072,High-Value Low transactions
762117,New engaged
762255,New Low-Value Customers
762259,New engaged
762272,Long-tenure
762355,Long-tenure
762389,High-Value Frequent Flyers
762474,New Low-Value Customers
762485,Long-tenure
762562,New Low-Value Customers
762671,High-Value Low transactions
762681,Long-tenure
762715,New Low-Value Customers
762951,Fly fanatics
762971,High-Value Low transactions
763000,Lost Occasional Travelers
763061,Long-tenure
763071,Long-tenure
763084,Long-tenure
763113,Long-tenure
763132,Long-tenure
763177,Long-tenure
763183,Long-tenure
763224,New Low-Value Customers
763241,Fly fanatics
763248,New Low-Value Customers
763341,High-Value Frequent Flyers
763403,Long-tenure
763406,High-Value Frequent Flyers
763520,New engaged
763591,Fly fanatics
763615,Fly fanatics
763618,Lost Occasional Travelers
763621,Lost Occasional Travelers
763702,Fly fanatics
763761,Long-tenure
763797,New engaged
764167,High-Value Frequent Flyers
764302,New Low-Value Customers
764305,New engaged
764513,Long-tenure
764544,New engaged
764555,Long-tenure
764578,Long-tenure
764595,High-Value Frequent Flyers
764634,Fly fanatics
764703,New Low-Value Customers
764844,New Low-Value Customers
764869,Long-tenure
764889,New engaged
764896,New engaged
764980,New engaged
765079,Long-tenure
765127,New engaged
765202,New engaged
765252,Long-tenure
765261,Long-tenure
765293,Long-tenure
765323,New engaged
765338,High-Value Low transactions
765408,High-Value Low transactions
765428,Long-tenure
765481,Long-tenure
765518,Fly fanatics
765542,New Low-Value Customers
765655,New Low-Value Customers
765747,Long-tenure
765793,Long-tenure
765877,Fly fanatics
765924,Long-tenure
765955,New engaged
765989,Fly fanatics
766024,New engaged
766091,New Low-Value Customers
766262,New Low-Value Customers
766335,New engaged
766355,New Low-Value Customers
766530,Fly fanatics
766562,New Low-Value Customers
766691,Lost Occasional Travelers
766733,New engaged
766775,New engaged
766777,New engaged
766861,New Low-Value Customers
766886,New engaged
766927,Fly fanatics
766969,Fly fanatics
767006,High-Value Frequent Flyers
767058,New engaged
767089,Fly fanatics
767175,High-Value Low transactions
767331,Long-tenure
767366,Lost Occasional Travelers
767385,Long-tenure
767416,Long-tenure
767428,Long-tenure
767507,New engaged
767534,Long-tenure
767648,New Low-Value Customers
767672,Long-tenure
767728,New Low-Value Customers
767752,High-Value Frequent Flyers
767767,Fly fanatics
767857,New Low-Value Customers
767864,New Low-Value Customers
767894,New engaged
767907,Long-tenure
767908,New engaged
768010,New engaged
768012,Long-tenure
768030,New engaged
768072,High-Value Frequent Flyers
768078,Fly fanatics
768113,High-Value Frequent Flyers
768255,New Low-Value Customers
768313,High-Value Low transactions
768354,Long-tenure
768365,High-Value Frequent Flyers
768415,High-Value Frequent Flyers
768518,Long-tenure
768748,Fly fanatics
768959,New Low-Value Customers
768996,Long-tenure
769023,Lost Occasional Travelers
769030,Long-tenure
769346,New engaged
769361,Long-tenure
769495,New Low-Value Customers
769521,High-Value Frequent Flyers
769560,Fly fanatics
769623,New engaged
769669,New Low-Value Customers
769709,Long-tenure
769731,New engaged
769763,Long-tenure
769891,Long-tenure
769976,Lost Occasional Travelers
770094,New engaged
770327,Fly fanatics
770362,Lost Occasional Travelers
770452,New engaged
770524,Reengaged Customers
770568,New Low-Value Customers
770591,Long-tenure
770634,Long-tenure
770651,New Low-Value Customers
770702,New Low-Value Customers
770727,Lost Occasional Travelers
770759,Lost Occasional Travelers
770968,Fly fanatics
771035,Long-tenure
771056,Fly fanatics
771259,Long-tenure
771285,Long-tenure
771307,Long-tenure
771353,Lost Occasional Travelers
771667,Long-tenure
771713,New engaged
771757,Long-tenure
771872,New Low-Value Customers
771880,New Low-Value Customers
771901,New engaged
771932,Lost Occasional Travelers
771943,Long-tenure
771960,Fly fanatics
771976,New Low-Value Customers
772019,New engaged
772025,New Low-Value Customers
772081,New Low-Value Customers
772152,Long-tenure
772181,Long-tenure
772194,High-Value Frequent Flyers
772237,Long-tenure
772362,High-Value Low transactions
772370,Long-tenure
772381,Long-tenure
772395,New Low-Value Customers
772397,Long-tenure
772437,Fly fanatics
772438,Long-tenure
772484,High-Value Frequent Flyers
772532,New Low-Value Customers
772608,New Low-Value Customers
772628,High-Value Frequent Flyers
772827,New Low-Value Customers
772834,Long-tenure
772952,New engaged
772960,Long-tenure
773012,Long-tenure
773019,New Low-Value Customers
773086,New engaged
773095,New Low-Value Customers
773112,Long-tenure
773219,New Low-Value Customers
773261,Long-tenure
773290,Long-tenure
773293,New engaged
773364,Long-tenure
773390,Fly fanatics
773397,Long-tenure
773418,High-Value Frequent Flyers
773546,High-Value Frequent Flyers
773571,Lost Occasional Travelers
773598,New engaged
773648,Fly fanatics
773676,New Low-Value Customers
773739,New engaged
773805,Fly fanatics
773844,New Low-Value Customers
773865,Fly fanatics
773943,Fly fanatics
773973,Fly fanatics
773986,Fly fanatics
774103,High-Value Frequent Flyers
774226,New engaged
774234,New engaged
774249,Lost Occasional Travelers
774272,Long-tenure
774275,Long-tenure
774321,New engaged
774326,New engaged
774386,New Low-Value Customers
774724,New engaged
774931,Reengaged Customers
775158,New Low-Value Customers
775160,High-Value Frequent Flyers
775170,New engaged
775176,Long-tenure
775185,Fly fanatics
775193,New engaged
775304,New Low-Value Customers
775407,New Low-Value Customers
775440,Fly fanatics
775520,Lost Occasional Travelers
775562,Lost Occasional Travelers
775573,Long-tenure
775639,Long-tenure
775678,New Low-Value Customers
775724,New engaged
776139,Long-tenure
776153,Lost Occasional Travelers
776187,High-Value Frequent Flyers
776317,New Low-Value Customers
776443,High-Value Frequent Flyers
776453,High-Value Frequent Flyers
776464,High-Value Frequent Flyers
776547,High-Value Frequent Flyers
776613,Long-tenure
776736,New engaged
776782,New Low-Value Customers
776795,Fly fanatics
776931,High-Value Low transactions
776956,New engaged
777108,New engaged
777118,Fly fanatics
777171,Fly fanatics
777197,High-Value Frequent Flyers
777231,Long-tenure
777300,High-Value Frequent Flyers
777351,Long-tenure
777418,New Low-Value Customers
777514,New Low-Value Customers
777531,Long-tenure
777540,Long-tenure
777544,New Low-Value Customers
777549,Long-tenure
777561,Fly fanatics
777714,Long-tenure
777861,New Low-Value Customers
777871,Long-tenure
777875,New engaged
777931,Fly fanatics
777990,Long-tenure
778027,High-Value Low transactions
778030,Fly fanatics
778031,New engaged
778066,New engaged
778168,Long-tenure
778310,Fly fanatics
778317,Fly fanatics
778393,Long-tenure
778426,New engaged
778590,Long-tenure
778865,Long-tenure
778920,Fly fanatics
778952,Long-tenure
779046,Fly fanatics
779066,Fly fanatics
779082,New engaged
779085,Fly fanatics
779106,Long-tenure
779159,Long-tenure
779171,Long-tenure
779184,Long-tenure
779211,Lost Occasional Travelers
779247,Long-tenure
779291,Long-tenure
779412,New Low-Value Customers
779427,Fly fanatics
779434,New engaged
779435,New Low-Value Customers
779468,New Low-Value Customers
779573,Long-tenure
779679,Long-tenure
779882,Fly fanatics
779929,New Low-Value Customers
779977,Long-tenure
780104,Lost Occasional Travelers
780140,Fly fanatics
780150,Long-tenure
780236,Long-tenure
780266,New Low-Value Customers
780298,High-Value Low transactions
780423,Long-tenure
780428,New engaged
780504,Fly fanatics
780529,Reengaged Customers
780631,New Low-Value Customers
780728,Fly fanatics
780944,Fly fanatics
780973,Long-tenure
780991,New Low-Value Customers
781052,Long-tenure
781062,New engaged
781110,Long-tenure
781187,Long-tenure
781219,Long-tenure
781227,New Low-Value Customers
781293,Lost Occasional Travelers
781347,Long-tenure
781354,New engaged
781355,Long-tenure
781463,Fly fanatics
781480,New engaged
781495,Long-tenure
781519,High-Value Frequent Flyers
781570,Fly fanatics
781621,Long-tenure
781647,Long-tenure
781777,Long-tenure
781797,Lost Occasional Travelers
781924,Long-tenure
781963,High-Value Low transactions
781970,Fly fanatics
782078,New Low-Value Customers
782100,Fly fanatics
782124,Fly fanatics
782241,Long-tenure
782282,Long-tenure
782284,Fly fanatics
782329,Long-tenure
782393,New engaged
782485,Long-tenure
782515,High-Value Frequent Flyers
782523,New Low-Value Customers
782549,Long-tenure
782596,New engaged
782654,Long-tenure
782719,Long-tenure
782818,High-Value Frequent Flyers
783145,New engaged
783255,Long-tenure
783300,Long-tenure
783363,New Low-Value Customers
783438,Reengaged Customers
783515,Lost Occasional Travelers
783604,Fly fanatics
783610,Lost Occasional Travelers
783789,New engaged
783791,New engaged
783928,Fly fanatics
784113,Long-tenure
784185,Fly fanatics
784271,New engaged
784356,New Low-Value Customers
784380,New Low-Value Customers
784490,High-Value Frequent Flyers
784537,Long-tenure
784570,New Low-Value Customers
784608,Long-tenure
784710,High-Value Low transactions
784782,High-Value Frequent Flyers
784804,Fly fanatics
784838,Fly fanatics
784847,Fly fanatics
784945,Fly fanatics
784946,New engaged
784962,New engaged
785076,New engaged
785114,New Low-Value Customers
785129,Reengaged Customers
785185,New engaged
785223,New engaged
785398,Long-tenure
785738,Fly fanatics
785826,Long-tenure
785836,Fly fanatics
785965,New Low-Value Customers
785992,Fly fanatics
786230,Lost Occasional Travelers
786255,High-Value Frequent Flyers
786287,New engaged
786391,Long-tenure
786442,High-Value Frequent Flyers
786525,Fly fanatics
786613,Long-tenure
786624,New engaged
786703,Fly fanatics
786709,Fly fanatics
786710,Fly fanatics
786827,New Low-Value Customers
786966,Lost Occasional Travelers
787001,Fly fanatics
787086,New Low-Value Customers
787276,Fly fanatics
787277,New Low-Value Customers
787416,Fly fanatics
787472,New engaged
787525,Fly fanatics
787548,Long-tenure
787571,Lost Occasional Travelers
787606,New engaged
787625,New engaged
787660,High-Value Frequent Flyers
787763,Fly fanatics
787833,New engaged
787875,Fly fanatics
788001,High-Value Frequent Flyers
788091,Long-tenure
788159,Long-tenure
788217,New Low-Value Customers
788283,Lost Occasional Travelers
788292,Long-tenure
788325,New engaged
788332,Long-tenure
788354,Long-tenure
788407,Fly fanatics
788460,Lost Occasional Travelers
788515,New engaged
788555,New Low-Value Customers
788759,New engaged
788870,Long-tenure
788947,Long-tenure
788997,High-Value Frequent Flyers
789001,High-Value Frequent Flyers
789004,Fly fanatics
789052,Long-tenure
789057,New Low-Value Customers
789120,High-Value Frequent Flyers
789148,Fly fanatics
789149,High-Value Frequent Flyers
789157,New Low-Value Customers
789190,Long-tenure
789206,New engaged
789288,Lost Occasional Travelers
789303,New engaged
789421,Fly fanatics
789444,New engaged
789465,New Low-Value Customers
789573,High-Value Frequent Flyers
789624,Long-tenure
789797,Long-tenure
789826,Long-tenure
789859,Long-tenure
789892,High-Value Frequent Flyers
789932,New engaged
790008,High-Value Frequent Flyers
790089,New engaged
790094,New engaged
790123,Fly fanatics
790165,High-Value Frequent Flyers
790178,Long-tenure
790240,New engaged
790287,Lost Occasional Travelers
790303,Fly fanatics
790341,Fly fanatics
790346,New Low-Value Customers
790450,Long-tenure
790475,New engaged
790649,Fly fanatics
790734,Fly fanatics
790740,New Low-Value Customers
790813,Long-tenure
790943,New Low-Value Customers
791132,Long-tenure
791202,High-Value Frequent Flyers
791280,Fly fanatics
791282,New Low-Value Customers
791342,Fly fanatics
791355,Fly fanatics
791466,New engaged
791678,Fly fanatics
791765,Long-tenure
791809,Long-tenure
791852,New engaged
791978,Fly fanatics
792086,Fly fanatics
792103,Fly fanatics
792229,New engaged
792332,Long-tenure
792361,High-Value Low transactions
792383,Fly fanatics
792412,Lost Occasional Travelers
792418,Fly fanatics
792514,New engaged
792695,Long-tenure
792698,New engaged
792707,Long-tenure
792795,Long-tenure
792873,Fly fanatics
792898,New engaged
792915,Fly fanatics
792932,Lost Occasional Travelers
793094,Long-tenure
793125,New Low-Value Customers
793126,Fly fanatics
793134,New engaged
793154,Fly fanatics
793178,Long-tenure
793180,New Low-Value Customers
793285,New engaged
793318,New engaged
793328,New engaged
793384,High-Value Frequent Flyers
793423,High-Value Frequent Flyers
793473,New engaged
793549,New engaged
793608,New Low-Value Customers
793618,Fly fanatics
793619,New engaged
793645,Fly fanatics
793662,New engaged
793742,Lost Occasional Travelers
793761,Long-tenure
793838,Long-tenure
793892,New Low-Value Customers
793904,High-Value Frequent Flyers
793980,Long-tenure
793995,Fly fanatics
794024,Long-tenure
794136,Fly fanatics
794202,New Low-Value Customers
794248,New Low-Value Customers
794286,New engaged
794323,Fly fanatics
794348,Lost Occasional Travelers
794480,High-Value Low transactions
794496,Fly fanatics
794502,Long-tenure
794523,New engaged
794552,Fly fanatics
794602,Fly fanatics
794620,New Low-Value Customers
794677,Long-tenure
794723,New engaged
794752,Long-tenure
794784,Fly fanatics
794863,Long-tenure
794951,New Low-Value Customers
795084,High-Value Low transactions
795129,New engaged
795174,New engaged
795230,High-Value Frequent Flyers
795235,New Low-Value Customers
795283,Fly fanatics
795446,High-Value Frequent Flyers
795468,High-Value Frequent Flyers
795486,Fly fanatics
795492,Fly fanatics
795512,New engaged
795607,New Low-Value Customers
795820,New engaged
795840,Lost Occasional Travelers
795908,New Low-Value Customers
796099,Fly fanatics
796104,New Low-Value Customers
796213,New engaged
796281,Fly fanatics
796347,New engaged
796484,High-Value Frequent Flyers
796508,Long-tenure
796541,New engaged
796544,Lost Occasional Travelers
796627,New Low-Value Customers
796670,Long-tenure
796692,Long-tenure
796705,New Low-Value Customers
796900,High-Value Low transactions
796990,New Low-Value Customers
797078,High-Value Frequent Flyers
797120,New Low-Value Customers
797158,Long-tenure
797187,Lost Occasional Travelers
797216,Fly fanatics
797326,New Low-Value Customers
797398,New engaged
797432,New Low-Value Customers
797675,Lost Occasional Travelers
797685,New engaged
797704,High-Value Low transactions
797714,Fly fanatics
797845,Fly fanatics
797854,New Low-Value Customers
797897,Long-tenure
797902,High-Value Frequent Flyers
797991,Long-tenure
797992,New Low-Value Customers
798029,High-Value Low transactions
798216,Fly fanatics
798248,Long-tenure
798279,High-Value Low transactions
798351,Long-tenure
798375,Fly fanatics
798433,High-Value Frequent Flyers
798525,Long-tenure
798533,High-Value Frequent Flyers
798662,New engaged
798672,New engaged
798708,New Low-Value Customers
798752,New Low-Value Customers
798814,New engaged
798817,Long-tenure
798832,Long-tenure
798854,New Low-Value Customers
798869,High-Value Low transactions
798871,New engaged
798881,New engaged
798954,Fly fanatics
799064,New Low-Value Customers
799148,New Low-Value Customers
799157,Long-tenure
799399,New engaged
799437,Long-tenure
799510,New engaged
799630,New engaged
799655,Long-tenure
799657,New Low-Value Customers
799690,Fly fanatics
799781,High-Value Frequent Flyers
799857,Long-tenure
799919,New engaged
799967,Fly fanatics
799992,New engaged
800016,New engaged
800075,New engaged
800094,Fly fanatics
800137,New engaged
800196,Reengaged Customers
800220,New Low-Value Customers
800268,New Low-Value Customers
800357,Fly fanatics
800433,New engaged
800450,Fly fanatics
800481,Fly fanatics
800499,New engaged
800571,Fly fanatics
800610,High-Value Frequent Flyers
800726,New engaged
800800,New engaged
800831,New Low-Value Customers
800878,Fly fanatics
800923,New engaged
800998,New Low-Value Customers
801146,High-Value Frequent Flyers
801176,Fly fanatics
801227,Long-tenure
801338,Long-tenure
801368,Long-tenure
801391,Long-tenure
801483,Fly fanatics
801542,High-Value Low transactions
801738,High-Value Frequent Flyers
801788,High-Value Frequent Flyers
801821,New engaged
801882,Long-tenure
801948,New Low-Value Customers
801953,New engaged
802002,Fly fanatics
802084,New Low-Value Customers
802196,Fly fanatics
802200,Long-tenure
802206,Long-tenure
802305,Long-tenure
802316,Long-tenure
802336,New Low-Value Customers
802425,New engaged
802452,Long-tenure
802470,Long-tenure
802478,High-Value Frequent Flyers
802535,New Low-Value Customers
802556,High-Value Frequent Flyers
802621,High-Value Frequent Flyers
802645,New engaged
802797,Fly fanatics
802860,High-Value Frequent Flyers
802870,New engaged
803084,New Low-Value Customers
803150,Long-tenure
803177,New Low-Value Customers
803234,Long-tenure
803407,Fly fanatics
803529,Long-tenure
803586,Lost Occasional Travelers
803587,High-Value Low transactions
803656,New Low-Value Customers
803747,New engaged
803796,Long-tenure
803830,New engaged
803844,Long-tenure
803956,Fly fanatics
803976,High-Value Frequent Flyers
804137,Long-tenure
804239,New engaged
804259,Long-tenure
804328,Fly fanatics
804368,New Low-Value Customers
804402,New engaged
804438,Fly fanatics
804521,New engaged
804534,New engaged
804536,High-Value Frequent Flyers
804557,New engaged
804710,New engaged
804770,New Low-Value Customers
804784,New engaged
804816,Lost Occasional Travelers
804890,New Low-Value Customers
804930,Long-tenure
805008,Fly fanatics
805013,New Low-Value Customers
805110,New engaged
805140,New engaged
805159,Long-tenure
805170,Fly fanatics
805226,New engaged
805349,New engaged
805377,Long-tenure
805431,Long-tenure
805545,Lost Occasional Travelers
805574,Long-tenure
805598,High-Value Low transactions
805816,Long-tenure
805890,Long-tenure
805902,High-Value Low transactions
805932,High-Value Frequent Flyers
805977,Fly fanatics
806008,New engaged
806030,New Low-Value Customers
806157,New Low-Value Customers
806168,Long-tenure
806196,New engaged
806283,Fly fanatics
806348,Lost Occasional Travelers
806598,Fly fanatics
806639,Fly fanatics
806815,Fly fanatics
806839,New Low-Value Customers
806850,New engaged
806859,New Low-Value Customers
806995,High-Value Low transactions
807058,New Low-Value Customers
807074,New Low-Value Customers
807134,New engaged
807152,New engaged
807211,New Low-Value Customers
807256,Long-tenure
807289,Fly fanatics
807297,New engaged
807553,High-Value Frequent Flyers
807570,Fly fanatics
807589,New engaged
807681,Fly fanatics
807769,High-Value Frequent Flyers
807902,Fly fanatics
807970,Lost Occasional Travelers
808005,New engaged
808096,High-Value Frequent Flyers
808206,Fly fanatics
808341,New Low-Value Customers
808353,Long-tenure
808392,New engaged
808399,Fly fanatics
808498,Long-tenure
808524,High-Value Frequent Flyers
808721,Long-tenure
808920,New Low-Value Customers
809016,New engaged
809024,New engaged
809107,High-Value Low transactions
809207,New Low-Value Customers
809216,Long-tenure
809218,New engaged
809299,New engaged
809404,Fly fanatics
809449,New engaged
809587,Long-tenure
809681,New engaged
809728,New Low-Value Customers
809733,Long-tenure
810028,Fly fanatics
810071,New engaged
810100,Fly fanatics
810257,Long-tenure
810338,Long-tenure
810448,New engaged
810482,New engaged
810503,New Low-Value Customers
810517,Lost Occasional Travelers
810581,Long-tenure
810621,Fly fanatics
810668,High-Value Low transactions
810693,High-Value Low transactions
810755,Long-tenure
810833,Long-tenure
810899,Long-tenure
810990,Long-tenure
811022,Reengaged Customers
811139,Fly fanatics
811140,New Low-Value Customers
811162,Long-tenure
811289,New engaged
811333,High-Value Frequent Flyers
811335,New engaged
811430,New Low-Value Customers
811471,Long-tenure
811567,Fly fanatics
811569,New engaged
811612,New Low-Value Customers
811619,Fly fanatics
811684,New engaged
811746,New engaged
811748,Lost Occasional Travelers
811802,Fly fanatics
811959,New Low-Value Customers
812042,Long-tenure
812057,High-Value Frequent Flyers
812149,Long-tenure
812152,Long-tenure
812248,New engaged
812282,Fly fanatics
812373,Fly fanatics
812417,Long-tenure
812513,Long-tenure
812599,High-Value Frequent Flyers
812617,New Low-Value Customers
812628,New Low-Value Customers
812804,New Low-Value Customers
812894,High-Value Frequent Flyers
812899,Long-tenure
813320,Fly fanatics
813439,Long-tenure
813455,Fly fanatics
813520,Long-tenure
813567,High-Value Frequent Flyers
813620,High-Value Frequent Flyers
813652,Fly fanatics
813681,Long-tenure
813725,Long-tenure
813739,Fly fanatics
813868,New Low-Value Customers
813931,Fly fanatics
814067,Long-tenure
814112,High-Value Low transactions
814236,New engaged
814490,New Low-Value Customers
814653,New engaged
814698,New Low-Value Customers
814703,Long-tenure
814748,Fly fanatics
814894,High-Value Low transactions
815207,High-Value Frequent Flyers
815248,Lost Occasional Travelers
815328,New engaged
815344,New Low-Value Customers
815498,Fly fanatics
815541,New engaged
815584,New Low-Value Customers
815626,Long-tenure
815643,High-Value Frequent Flyers
815718,Long-tenure
815789,Long-tenure
815796,High-Value Low transactions
815804,Fly fanatics
815834,Fly fanatics
815841,High-Value Low transactions
815850,High-Value Frequent Flyers
816110,Long-tenure
816122,Lost Occasional Travelers
816196,New engaged
816323,Long-tenure
816330,New Low-Value Customers
816420,New engaged
816510,New Low-Value Customers
816593,New engaged
816608,Fly fanatics
816705,New engaged
816763,Long-tenure
816881,New engaged
816937,New Low-Value Customers
816983,Fly fanatics
817066,Fly fanatics
817069,New Low-Value Customers
817070,Fly fanatics
817074,New Low-Value Customers
817102,Fly fanatics
817135,Reengaged Customers
817136,New engaged
817158,Long-tenure
817168,Long-tenure
817191,New engaged
817245,Long-tenure
817288,High-Value Low transactions
817298,High-Value Low transactions
817375,Fly fanatics
817456,Long-tenure
817520,Long-tenure
817527,New engaged
817573,Long-tenure
817609,New Low-Value Customers
817613,Long-tenure
817714,High-Value Frequent Flyers
817744,Fly fanatics
817822,Long-tenure
817851,Fly fanatics
817932,Long-tenure
818077,New engaged
818114,Long-tenure
818271,New Low-Value Customers
818329,New Low-Value Customers
818391,New Low-Value Customers
818454,New engaged
818484,New engaged
818567,Fly fanatics
818597,New engaged
818616,Long-tenure
818864,High-Value Frequent Flyers
818870,New Low-Value Customers
818881,New Low-Value Customers
818940,New engaged
818995,Long-tenure
819055,Long-tenure
819077,New engaged
819149,Long-tenure
819255,New Low-Value Customers
819267,High-Value Frequent Flyers
819315,New Low-Value Customers
819375,High-Value Frequent Flyers
819448,New Low-Value Customers
819497,New engaged
819498,New Low-Value Customers
819521,New Low-Value Customers
819569,Fly fanatics
819592,Long-tenure
819664,New engaged
819718,Long-tenure
819765,Fly fanatics
819809,New engaged
819924,High-Value Low transactions
819969,Fly fanatics
820164,New engaged
820204,Long-tenure
820223,New engaged
820265,New Low-Value Customers
820341,Long-tenure
820344,New Low-Value Customers
820370,New engaged
820406,New engaged
820454,Long-tenure
820501,Fly fanatics
820541,Fly fanatics
820542,New engaged
821010,Long-tenure
821043,Fly fanatics
821117,Fly fanatics
821137,Fly fanatics
821202,Fly fanatics
821216,Fly fanatics
821296,New engaged
821314,New engaged
821325,New Low-Value Customers
821379,Lost Occasional Travelers
821404,New engaged
821419,New Low-Value Customers
821462,New Low-Value Customers
821515,New Low-Value Customers
821739,Long-tenure
821820,New engaged
821918,High-Value Frequent Flyers
821944,Lost Occasional Travelers
822051,Long-tenure
822066,New Low-Value Customers
822102,New Low-Value Customers
822122,High-Value Frequent Flyers
822205,New Low-Value Customers
822211,Long-tenure
822305,Fly fanatics
822507,Long-tenure
822555,Long-tenure
822665,New engaged
822694,New engaged
822696,Long-tenure
822723,Lost Occasional Travelers
822727,New engaged
822749,New engaged
822765,New engaged
822811,Lost Occasional Travelers
822901,New Low-Value Customers
822956,High-Value Frequent Flyers
822995,High-Value Frequent Flyers
823048,New Low-Value Customers
823112,Fly fanatics
823113,High-Value Frequent Flyers
823208,Fly fanatics
823257,Lost Occasional Travelers
823319,New engaged
823436,Lost Occasional Travelers
823453,High-Value Low transactions
823567,High-Value Low transactions
823590,High-Value Frequent Flyers
823628,New Low-Value Customers
823665,Long-tenure
823740,New engaged
823761,Long-tenure
823768,High-Value Frequent Flyers
823789,Long-tenure
823816,New engaged
823986,New Low-Value Customers
823998,High-Value Frequent Flyers
824133,New engaged
824163,High-Value Frequent Flyers
824216,Fly fanatics
824259,Long-tenure
824315,New engaged
824351,Fly fanatics
824360,Long-tenure
824414,Long-tenure
824462,High-Value Frequent Flyers
824486,Long-tenure
824610,New engaged
824668,New engaged
824712,High-Value Frequent Flyers
824906,Fly fanatics
824917,Fly fanatics
824990,New engaged
825165,New engaged
825217,New engaged
825239,New engaged
825254,New Low-Value Customers
825315,Fly fanatics
825333,New Low-Value Customers
825336,Fly fanatics
825464,New engaged
825465,High-Value Frequent Flyers
825484,High-Value Frequent Flyers
825490,Long-tenure
825569,Fly fanatics
825809,New engaged
826113,New Low-Value Customers
826136,High-Value Frequent Flyers
826149,New engaged
826166,New Low-Value Customers
826230,New Low-Value Customers
826271,Lost Occasional Travelers
826304,Long-tenure
826556,New Low-Value Customers
826589,New engaged
826697,Lost Occasional Travelers
826975,New Low-Value Customers
827147,Long-tenure
827164,Long-tenure
827172,Long-tenure
827190,Long-tenure
827194,New Low-Value Customers
827215,High-Value Frequent Flyers
827275,High-Value Frequent Flyers
827288,New Low-Value Customers
827309,Fly fanatics
827334,New engaged
827339,Long-tenure
827353,Lost Occasional Travelers
827546,Long-tenure
827668,Lost Occasional Travelers
827677,Lost Occasional Travelers
827731,Long-tenure
827790,New Low-Value Customers
827819,Fly fanatics
828026,Lost Occasional Travelers
828040,New Low-Value Customers
828076,New engaged
828109,High-Value Low transactions
828136,Long-tenure
828182,High-Value Frequent Flyers
828232,High-Value Frequent Flyers
828353,Fly fanatics
828481,Fly fanatics
828643,New engaged
828731,Long-tenure
828735,Fly fanatics
828776,New engaged
828816,Long-tenure
828817,Long-tenure
828852,New engaged
828862,High-Value Low transactions
828895,Long-tenure
828918,New engaged
828924,High-Value Low transactions
828959,New engaged
828967,High-Value Frequent Flyers
828988,Fly fanatics
829003,Fly fanatics
829162,Long-tenure
829263,Long-tenure
829291,Fly fanatics
829476,New engaged
829505,New engaged
829588,Long-tenure
829627,Fly fanatics
829663,New engaged
829684,Long-tenure
829861,Long-tenure
829886,High-Value Frequent Flyers
830024,New engaged
830071,New Low-Value Customers
830171,Fly fanatics
830223,Long-tenure
830225,High-Value Low transactions
830385,Long-tenure
830446,New engaged
830503,New engaged
830547,Reengaged Customers
830564,Fly fanatics
830673,Long-tenure
830743,Long-tenure
830777,Long-tenure
830811,Fly fanatics
830818,New Low-Value Customers
830903,High-Value Low transactions
830931,Long-tenure
830975,New engaged
831035,Fly fanatics
831087,Long-tenure
831180,Fly fanatics
831253,Fly fanatics
831404,Long-tenure
831424,New Low-Value Customers
831442,Fly fanatics
831545,New Low-Value Customers
831644,New Low-Value Customers
831693,New Low-Value Customers
831696,Fly fanatics
831780,New Low-Value Customers
831797,New Low-Value Customers
831812,Lost Occasional Travelers
831829,Long-tenure
831854,New Low-Value Customers
831860,Fly fanatics
831928,Lost Occasional Travelers
831948,Long-tenure
831964,High-Value Frequent Flyers
832046,New Low-Value Customers
832062,Long-tenure
832155,New Low-Value Customers
832301,High-Value Frequent Flyers
832367,Long-tenure
832431,Long-tenure
832566,High-Value Frequent Flyers
832597,Long-tenure
832625,Long-tenure
832663,New engaged
832665,New engaged
832745,Fly fanatics
832810,New Low-Value Customers
832864,New engaged
832921,High-Value Frequent Flyers
832983,High-Value Low transactions
833024,Long-tenure
833052,New engaged
833148,Lost Occasional Travelers
833197,New engaged
833221,New Low-Value Customers
833233,Fly fanatics
833305,New engaged
833317,Long-tenure
833322,High-Value Frequent Flyers
833397,Long-tenure
833436,Fly fanatics
833547,New Low-Value Customers
833569,New Low-Value Customers
833576,Long-tenure
833627,Lost Occasional Travelers
833679,New engaged
833683,Long-tenure
833701,Long-tenure
833704,Long-tenure
833728,Long-tenure
833754,New Low-Value Customers
833765,Long-tenure
833783,Long-tenure
833801,New engaged
833844,New Low-Value Customers
833891,Long-tenure
833998,Fly fanatics
834012,New Low-Value Customers
834063,Lost Occasional Travelers
834066,New engaged
834081,Long-tenure
834120,Long-tenure
834270,Long-tenure
834286,Long-tenure
834304,High-Value Frequent Flyers
834306,Long-tenure
834453,Long-tenure
834523,Long-tenure
834537,New Low-Value Customers
834544,Long-tenure
834550,New engaged
834571,Long-tenure
834576,High-Value Frequent Flyers
834615,Long-tenure
834726,New engaged
834733,New engaged
834760,Long-tenure
834790,New Low-Value Customers
834799,Long-tenure
834943,High-Value Frequent Flyers
835009,Long-tenure
835062,High-Value Frequent Flyers
835133,New Low-Value Customers
835149,New engaged
835240,High-Value Frequent Flyers
835295,Lost Occasional Travelers
835377,High-Value Low transactions
835440,Lost Occasional Travelers
835484,Long-tenure
835491,Fly fanatics
835508,Fly fanatics
835566,Lost Occasional Travelers
835683,Fly fanatics
835693,New engaged
835760,Long-tenure
835764,Long-tenure
835779,Long-tenure
835785,New engaged
835796,Long-tenure
835920,High-Value Frequent Flyers
835973,Long-tenure
836112,Long-tenure
836226,New Low-Value Customers
836295,Lost Occasional Travelers
836343,New engaged
836374,Fly fanatics
836405,Long-tenure
836443,Fly fanatics
836475,Fly fanatics
836486,High-Value Frequent Flyers
836523,Fly fanatics
836550,New engaged
836603,New Low-Value Customers
836622,New Low-Value Customers
836665,New engaged
836706,Fly fanatics
836713,Fly fanatics
836720,High-Value Low transactions
836964,Fly fanatics
836984,New Low-Value Customers
837012,New engaged
837031,Fly fanatics
837175,Long-tenure
837215,Fly fanatics
837237,Long-tenure
837269,High-Value Low transactions
837273,New Low-Value Customers
837360,Fly fanatics
837517,New Low-Value Customers
837526,New Low-Value Customers
837580,New engaged
837628,Long-tenure
837641,Fly fanatics
837646,Lost Occasional Travelers
837704,New Low-Value Customers
837705,New engaged
837733,New engaged
837810,Long-tenure
837833,High-Value Frequent Flyers
837932,Long-tenure
838008,New engaged
838032,Fly fanatics
838160,New engaged
838232,Fly fanatics
838270,High-Value Frequent Flyers
838283,Long-tenure
838482,Long-tenure
838553,Lost Occasional Travelers
838584,Fly fanatics
838589,Lost Occasional Travelers
838634,High-Value Frequent Flyers
838650,Long-tenure
838657,New engaged
838771,Long-tenure
838784,Lost Occasional Travelers
838845,Lost Occasional Travelers
838881,Fly fanatics
838885,Long-tenure
838938,Fly fanatics
838993,Lost Occasional Travelers
839115,New engaged
839132,New Low-Value Customers
839263,Fly fanatics
839295,Long-tenure
839328,Long-tenure
839356,Long-tenure
839362,Long-tenure
839412,Long-tenure
839422,New engaged
839461,New Low-Value Customers
839494,New Low-Value Customers
839527,Fly fanatics
839579,New Low-Value Customers
839659,Long-tenure
839694,Long-tenure
839748,Fly fanatics
839967,Long-tenure
840008,High-Value Low transactions
840021,Long-tenure
840038,Long-tenure
840059,New engaged
840071,New engaged
840088,High-Value Frequent Flyers
840120,Fly fanatics
840135,New Low-Value Customers
840184,New Low-Value Customers
840262,Long-tenure
840267,High-Value Low transactions
840326,Long-tenure
840376,Fly fanatics
840481,New engaged
840515,Long-tenure
840659,Reengaged Customers
840667,New engaged
840741,Fly fanatics
840866,High-Value Frequent Flyers
840882,New engaged
840984,High-Value Frequent Flyers
841204,Long-tenure
841219,New engaged
841249,New engaged
841369,Fly fanatics
841373,High-Value Frequent Flyers
841437,Fly fanatics
841456,Fly fanatics
841631,New engaged
841636,New engaged
841674,New Low-Value Customers
841677,New Low-Value Customers
841770,High-Value Low transactions
841916,Long-tenure
841948,New engaged
842049,Long-tenure
842054,Fly fanatics
842066,Fly fanatics
842210,Long-tenure
842236,Fly fanatics
842279,New engaged
842379,New engaged
842390,Long-tenure
842405,New engaged
842527,Long-tenure
842582,High-Value Frequent Flyers
842641,Long-tenure
842770,New engaged
842793,New engaged
842848,High-Value Low transactions
842855,Long-tenure
842959,Fly fanatics
842980,New Low-Value Customers
842982,Long-tenure
843037,Fly fanatics
843101,New engaged
843158,Fly fanatics
843212,Fly fanatics
843233,Long-tenure
843378,High-Value Low transactions
843642,Fly fanatics
843665,High-Value Frequent Flyers
843672,New Low-Value Customers
843737,Reengaged Customers
843836,New Low-Value Customers
843919,Lost Occasional Travelers
843972,Long-tenure
844125,New engaged
844152,New engaged
844193,Fly fanatics
844222,Lost Occasional Travelers
844348,New engaged
844479,Long-tenure
844540,Long-tenure
844556,New engaged
844582,Long-tenure
844641,Fly fanatics
844677,New engaged
844749,Long-tenure
844834,New Low-Value Customers
844959,New engaged
845041,Long-tenure
845061,Fly fanatics
845176,Long-tenure
845180,New Low-Value Customers
845227,Fly fanatics
845273,Fly fanatics
845275,Long-tenure
845319,Long-tenure
845435,Long-tenure
845488,New Low-Value Customers
845580,Fly fanatics
845613,Reengaged Customers
845684,Fly fanatics
845699,Fly fanatics
845782,New engaged
845807,High-Value Frequent Flyers
845819,New engaged
845820,Lost Occasional Travelers
845864,Long-tenure
845945,Long-tenure
845947,New Low-Value Customers
845994,New engaged
846033,New Low-Value Customers
846046,Long-tenure
846055,Fly fanatics
846119,New engaged
846125,Fly fanatics
846194,Long-tenure
846243,Long-tenure
846277,Long-tenure
846291,Long-tenure
846313,High-Value Frequent Flyers
846374,New engaged
846458,High-Value Low transactions
846515,New Low-Value Customers
846732,Fly fanatics
846796,Long-tenure
846864,Fly fanatics
846950,New engaged
846953,New engaged
847136,Fly fanatics
847183,Long-tenure
847312,New Low-Value Customers
847357,Long-tenure
847359,Fly fanatics
847502,Lost Occasional Travelers
847559,Fly fanatics
847579,Fly fanatics
847601,New Low-Value Customers
847609,Long-tenure
847704,High-Value Frequent Flyers
847724,Long-tenure
847771,Long-tenure
847772,High-Value Frequent Flyers
848003,Fly fanatics
848159,Long-tenure
848185,Long-tenure
848248,Long-tenure
848250,Long-tenure
848562,Fly fanatics
848574,Lost Occasional Travelers
848615,New engaged
848632,Fly fanatics
848694,Lost Occasional Travelers
848736,New engaged
848804,Long-tenure
848973,New engaged
848998,Fly fanatics
849105,New engaged
849178,New engaged
849298,Long-tenure
849330,Long-tenure
849415,Fly fanatics
849425,Long-tenure
849510,High-Value Frequent Flyers
849549,Fly fanatics
849569,New Low-Value Customers
849587,New engaged
849589,Fly fanatics
849616,High-Value Low transactions
849673,New engaged
849705,Long-tenure
849884,Long-tenure
850034,Fly fanatics
850092,New engaged
850123,New Low-Value Customers
850170,Fly fanatics
850245,New Low-Value Customers
850359,High-Value Frequent Flyers
850414,Long-tenure
850418,Fly fanatics
850694,High-Value Frequent Flyers
850721,New engaged
850821,High-Value Low transactions
850828,Fly fanatics
850953,Long-tenure
851021,Lost Occasional Travelers
851130,Long-tenure
851231,Fly fanatics
851255,Long-tenure
851390,New engaged
851421,High-Value Frequent Flyers
851499,New Low-Value Customers
851549,New engaged
851562,Fly fanatics
851563,New engaged
851830,Long-tenure
851836,Fly fanatics
851871,Long-tenure
851901,High-Value Frequent Flyers
851931,Long-tenure
851981,High-Value Frequent Flyers
851982,Fly fanatics
851986,Long-tenure
852006,High-Value Frequent Flyers
852094,Long-tenure
852253,New Low-Value Customers
852310,Fly fanatics
852323,Long-tenure
852392,New engaged
852394,Long-tenure
852520,Fly fanatics
852571,Long-tenure
852572,New Low-Value Customers
852573,New engaged
852597,Fly fanatics
852786,New Low-Value Customers
852855,New engaged
852863,Long-tenure
852995,New engaged
853003,New Low-Value Customers
853039,Fly fanatics
853232,Lost Occasional Travelers
853266,Lost Occasional Travelers
853272,Fly fanatics
853417,Long-tenure
853421,New engaged
853438,High-Value Frequent Flyers
853540,New Low-Value Customers
853565,Lost Occasional Travelers
853603,Fly fanatics
853608,Fly fanatics
853621,New Low-Value Customers
853641,Long-tenure
853704,Fly fanatics
853826,Fly fanatics
853871,Long-tenure
853894,New engaged
853957,Long-tenure
854077,Long-tenure
854243,Long-tenure
854249,Long-tenure
854610,Fly fanatics
854704,Long-tenure
854709,Fly fanatics
854812,Fly fanatics
854831,New Low-Value Customers
854835,Lost Occasional Travelers
854884,New engaged
854902,Fly fanatics
854969,New Low-Value Customers
854998,New engaged
855007,Long-tenure
855026,New engaged
855050,New Low-Value Customers
855153,Lost Occasional Travelers
855190,New Low-Value Customers
855198,Fly fanatics
855261,New engaged
855372,Fly fanatics
855381,Lost Occasional Travelers
855383,New engaged
855384,New engaged
855394,New Low-Value Customers
855400,Fly fanatics
855451,New Low-Value Customers
855506,Long-tenure
855530,High-Value Frequent Flyers
855559,New engaged
855602,New Low-Value Customers
855635,High-Value Frequent Flyers
855721,Long-tenure
855883,Long-tenure
855922,Long-tenure
855981,New Low-Value Customers
855998,New Low-Value Customers
856074,Long-tenure
856229,New Low-Value Customers
856348,Fly fanatics
856364,New engaged
856406,New Low-Value Customers
856483,New Low-Value Customers
856496,High-Value Low transactions
856502,Long-tenure
856609,New Low-Value Customers
856654,Long-tenure
856667,Fly fanatics
856705,Fly fanatics
856782,New engaged
856818,New Low-Value Customers
856830,Fly fanatics
856942,New engaged
857159,New engaged
857161,Fly fanatics
857219,Lost Occasional Travelers
857247,Long-tenure
857292,High-Value Frequent Flyers
857353,Fly fanatics
857481,New engaged
857497,Fly fanatics
857516,Long-tenure
857538,New engaged
857619,New engaged
857629,Long-tenure
857682,New engaged
857708,Long-tenure
857771,Lost Occasional Travelers
857814,Long-tenure
857845,New engaged
857878,New engaged
857912,New Low-Value Customers
857914,Long-tenure
857942,New engaged
857946,New engaged
857971,New engaged
858013,New engaged
858106,Fly fanatics
858196,Long-tenure
858222,New Low-Value Customers
858228,High-Value Low transactions
858266,New engaged
858294,Fly fanatics
858341,Fly fanatics
858352,New engaged
858417,New engaged
858445,Fly fanatics
858453,Long-tenure
858557,Fly fanatics
858563,High-Value Frequent Flyers
858626,Long-tenure
858667,Fly fanatics
858669,Fly fanatics
858674,Fly fanatics
858802,Fly fanatics
858817,High-Value Low transactions
858957,Long-tenure
858961,Long-tenure
859144,Lost Occasional Travelers
859176,New engaged
859218,Reengaged Customers
859258,New Low-Value Customers
859343,Lost Occasional Travelers
859508,New Low-Value Customers
859516,High-Value Frequent Flyers
859549,Long-tenure
859553,High-Value Low transactions
859730,High-Value Frequent Flyers
859821,New engaged
859871,New Low-Value Customers
859957,Fly fanatics
859972,Long-tenure
860017,Long-tenure
860032,High-Value Low transactions
860099,New Low-Value Customers
860172,Long-tenure
860206,High-Value Low transactions
860528,High-Value Low transactions
860602,Fly fanatics
860657,New engaged
860684,Fly fanatics
860724,Long-tenure
860809,Fly fanatics
860848,Fly fanatics
860980,Long-tenure
861058,Long-tenure
861079,New Low-Value Customers
861095,Fly fanatics
861104,Fly fanatics
861156,New engaged
861162,Long-tenure
861191,Long-tenure
861330,New Low-Value Customers
861336,Long-tenure
861415,Long-tenure
861470,New engaged
861480,Reengaged Customers
861558,Fly fanatics
861629,High-Value Low transactions
861669,New engaged
861675,New engaged
861696,Long-tenure
861700,New engaged
861867,New Low-Value Customers
861877,New engaged
861879,Lost Occasional Travelers
861924,Long-tenure
862096,New engaged
862097,Fly fanatics
862100,Fly fanatics
862159,Long-tenure
862212,New Low-Value Customers
862258,Fly fanatics
862576,New engaged
862659,Lost Occasional Travelers
862932,New engaged
862979,New engaged
863019,Fly fanatics
863035,Long-tenure
863070,High-Value Frequent Flyers
863093,New Low-Value Customers
863108,Long-tenure
863122,New Low-Value Customers
863219,High-Value Frequent Flyers
863223,Fly fanatics
863259,Long-tenure
863262,High-Value Frequent Flyers
863280,New engaged
863349,Long-tenure
863384,Long-tenure
863392,High-Value Low transactions
863432,New engaged
863459,High-Value Frequent Flyers
863516,High-Value Frequent Flyers
863599,New engaged
863626,Long-tenure
863744,Long-tenure
863751,New engaged
863809,New Low-Value Customers
863884,New engaged
864084,Fly fanatics
864128,High-Value Frequent Flyers
864161,Long-tenure
864288,New engaged
864318,Long-tenure
864324,New engaged
864327,High-Value Frequent Flyers
864456,New engaged
864485,Fly fanatics
864806,Long-tenure
864845,New engaged
864967,New Low-Value Customers
865066,New Low-Value Customers
865198,High-Value Frequent Flyers
865352,Reengaged Customers
865401,Long-tenure
865406,Fly fanatics
865411,Reengaged Customers
865429,High-Value Frequent Flyers
865494,New Low-Value Customers
865654,Lost Occasional Travelers
865727,New Low-Value Customers
865737,New engaged
865759,New Low-Value Customers
865803,New Low-Value Customers
865855,High-Value Frequent Flyers
865977,Long-tenure
866073,High-Value Frequent Flyers
866168,Long-tenure
866242,New engaged
866295,Lost Occasional Travelers
866302,New engaged
866307,New engaged
866362,New engaged
866403,High-Value Frequent Flyers
866417,New Low-Value Customers
866455,High-Value Frequent Flyers
866501,New Low-Value Customers
866604,Long-tenure
866606,Fly fanatics
866701,New engaged
866815,New Low-Value Customers
866983,High-Value Frequent Flyers
866995,New Low-Value Customers
867046,New Low-Value Customers
867056,Fly fanatics
867070,New Low-Value Customers
867112,High-Value Frequent Flyers
867284,High-Value Low transactions
867289,High-Value Frequent Flyers
867301,High-Value Frequent Flyers
867327,Fly fanatics
867446,New engaged
867472,Fly fanatics
867532,New Low-Value Customers
867561,Reengaged Customers
867624,Long-tenure
867757,New engaged
867780,Long-tenure
867801,New engaged
867833,Long-tenure
867840,New Low-Value Customers
868025,New engaged
868037,Long-tenure
868152,Long-tenure
868154,High-Value Frequent Flyers
868161,Fly fanatics
868230,Fly fanatics
868250,Long-tenure
868552,New Low-Value Customers
868568,High-Value Frequent Flyers
868659,New Low-Value Customers
868719,Long-tenure
868744,Fly fanatics
868767,Long-tenure
868830,Lost Occasional Travelers
868912,New engaged
868926,New engaged
869116,Long-tenure
869133,High-Value Frequent Flyers
869164,Long-tenure
869190,High-Value Frequent Flyers
869226,New engaged
869283,New engaged
869284,Fly fanatics
869471,High-Value Frequent Flyers
869504,High-Value Frequent Flyers
869672,New Low-Value Customers
869743,Lost Occasional Travelers
869799,New engaged
869804,High-Value Frequent Flyers
869971,Long-tenure
870022,New engaged
870039,High-Value Frequent Flyers
870045,New engaged
870120,High-Value Frequent Flyers
870169,New Low-Value Customers
870203,New engaged
870223,New Low-Value Customers
870281,High-Value Low transactions
870522,Fly fanatics
870574,New engaged
870687,Fly fanatics
870764,Long-tenure
870857,Long-tenure
870998,Fly fanatics
871022,New Low-Value Customers
871045,Long-tenure
871074,Long-tenure
871094,Long-tenure
871124,Long-tenure
871145,New engaged
871188,New Low-Value Customers
871203,New Low-Value Customers
871206,Long-tenure
871219,High-Value Frequent Flyers
871287,Long-tenure
871380,Fly fanatics
871445,Fly fanatics
871606,Fly fanatics
871627,New Low-Value Customers
871739,Lost Occasional Travelers
871740,New Low-Value Customers
871972,Long-tenure
871980,Long-tenure
872069,Lost Occasional Travelers
872079,New Low-Value Customers
872234,Fly fanatics
872297,New Low-Value Customers
872315,New Low-Value Customers
872335,New engaged
872619,New engaged
872676,High-Value Frequent Flyers
872752,High-Value Low transactions
872774,Long-tenure
872814,Long-tenure
872932,Fly fanatics
872946,New engaged
873022,Lost Occasional Travelers
873045,Long-tenure
873116,Long-tenure
873169,Fly fanatics
873177,Long-tenure
873180,New Low-Value Customers
873297,Lost Occasional Travelers
873415,Long-tenure
873436,Long-tenure
873458,New engaged
873468,Long-tenure
873488,Long-tenure
873498,Long-tenure
873551,New Low-Value Customers
873554,Fly fanatics
873579,Long-tenure
873761,New engaged
873886,Long-tenure
873945,Long-tenure
873965,Lost Occasional Travelers
873977,Long-tenure
874035,New Low-Value Customers
874044,Long-tenure
874104,Long-tenure
874158,New Low-Value Customers
874161,New Low-Value Customers
874184,Fly fanatics
874267,High-Value Frequent Flyers
874336,Long-tenure
874363,New Low-Value Customers
874374,Fly fanatics
874415,New Low-Value Customers
874589,Lost Occasional Travelers
874601,New Low-Value Customers
874612,Lost Occasional Travelers
874614,Long-tenure
874842,New Low-Value Customers
874876,New Low-Value Customers
874937,New Low-Value Customers
874939,Fly fanatics
874984,New engaged
875086,New Low-Value Customers
875212,New engaged
875232,Long-tenure
875473,New Low-Value Customers
875483,Long-tenure
875485,Lost Occasional Travelers
875560,New engaged
875657,Long-tenure
875707,New Low-Value Customers
875789,High-Value Low transactions
875796,New Low-Value Customers
875819,High-Value Low transactions
876006,Fly fanatics
876057,Long-tenure
876083,Long-tenure
876207,Fly fanatics
876232,Long-tenure
876254,New engaged
876269,Long-tenure
876319,Long-tenure
876326,Long-tenure
876409,Long-tenure
876426,Long-tenure
876538,Fly fanatics
876569,New engaged
876755,Long-tenure
876757,New Low-Value Customers
876765,Reengaged Customers
876850,Fly fanatics
877008,New Low-Value Customers
877034,New Low-Value Customers
877101,New engaged
877124,New engaged
877152,New Low-Value Customers
877242,Fly fanatics
877251,Long-tenure
877346,New Low-Value Customers
877352,Lost Occasional Travelers
877384,Long-tenure
877419,Lost Occasional Travelers
877488,Fly fanatics
877595,New engaged
877603,High-Value Frequent Flyers
877609,New engaged
877630,New engaged
877654,Long-tenure
877730,Long-tenure
877945,Long-tenure
878240,High-Value Frequent Flyers
878281,Fly fanatics
878284,New Low-Value Customers
878388,Long-tenure
878510,Lost Occasional Travelers
878518,Reengaged Customers
878568,Long-tenure
878575,High-Value Frequent Flyers
878582,New engaged
878633,Fly fanatics
878653,Fly fanatics
878816,New Low-Value Customers
878909,Fly fanatics
878929,New engaged
879036,Long-tenure
879177,Long-tenure
879185,Fly fanatics
879260,New Low-Value Customers
879265,Fly fanatics
879416,New Low-Value Customers
879462,Fly fanatics
879506,Long-tenure
879542,Long-tenure
879601,Long-tenure
879787,New engaged
879844,Long-tenure
879892,New Low-Value Customers
879904,Long-tenure
879964,New Low-Value Customers
880033,Long-tenure
880065,High-Value Frequent Flyers
880205,Long-tenure
880402,High-Value Low transactions
880406,New engaged
880436,Long-tenure
880505,Long-tenure
880580,New Low-Value Customers
880619,High-Value Low transactions
880681,New engaged
880709,High-Value Low transactions
880740,High-Value Low transactions
880805,High-Value Low transactions
880849,Long-tenure
880948,Long-tenure
881000,Long-tenure
881001,New engaged
881106,New Low-Value Customers
881142,Lost Occasional Travelers
881156,New Low-Value Customers
881157,New engaged
881198,Fly fanatics
881304,Long-tenure
881362,High-Value Frequent Flyers
881413,High-Value Frequent Flyers
881584,New Low-Value Customers
881628,Lost Occasional Travelers
881741,New Low-Value Customers
881749,High-Value Frequent Flyers
881818,New engaged
881828,High-Value Frequent Flyers
881846,Long-tenure
881871,New engaged
881943,New engaged
881983,High-Value Frequent Flyers
882024,New Low-Value Customers
882025,Fly fanatics
882044,Fly fanatics
882084,New Low-Value Customers
882263,New engaged
882353,Long-tenure
882409,High-Value Low transactions
882466,New engaged
882544,Fly fanatics
882590,High-Value Frequent Flyers
882718,Fly fanatics
882725,High-Value Frequent Flyers
882911,High-Value Frequent Flyers
883002,Long-tenure
883025,New Low-Value Customers
883055,Long-tenure
883056,New Low-Value Customers
883065,Long-tenure
883155,Long-tenure
883174,Fly fanatics
883212,Fly fanatics
883230,Long-tenure
883242,New Low-Value Customers
883255,Fly fanatics
883376,New Low-Value Customers
883468,Lost Occasional Travelers
883489,Long-tenure
883505,New engaged
883574,Long-tenure
883660,Fly fanatics
883702,New engaged
883755,Long-tenure
883773,Long-tenure
883816,New engaged
883841,Long-tenure
883852,New engaged
883963,New engaged
883968,Long-tenure
884040,Long-tenure
884062,Fly fanatics
884088,New engaged
884089,Long-tenure
884433,Long-tenure
884505,Fly fanatics
884522,Long-tenure
884530,New Low-Value Customers
884611,New Low-Value Customers
884691,New engaged
884708,New engaged
884844,New engaged
884875,Long-tenure
884909,Long-tenure
885007,Fly fanatics
885176,High-Value Low transactions
885274,Fly fanatics
885357,New engaged
885386,High-Value Low transactions
885474,Fly fanatics
885480,Fly fanatics
885497,New Low-Value Customers
885682,New engaged
885723,Fly fanatics
885739,New engaged
885763,High-Value Frequent Flyers
885848,New engaged
885871,High-Value Low transactions
885888,Long-tenure
885933,Fly fanatics
886086,New engaged
886127,Long-tenure
886227,Reengaged Customers
886299,New Low-Value Customers
886361,New Low-Value Customers
886439,New engaged
886677,Fly fanatics
886764,New Low-Value Customers
886876,High-Value Low transactions
887117,New Low-Value Customers
887192,New Low-Value Customers
887209,High-Value Frequent Flyers
887228,Fly fanatics
887266,Fly fanatics
887328,Fly fanatics
887464,Long-tenure
887511,New engaged
887605,New Low-Value Customers
887609,High-Value Low transactions
887730,Long-tenure
887748,New engaged
887892,Long-tenure
887995,Long-tenure
888049,High-Value Frequent Flyers
888115,New engaged
888131,New Low-Value Customers
888291,Fly fanatics
888297,Long-tenure
888316,Lost Occasional Travelers
888357,High-Value Frequent Flyers
888404,Reengaged Customers
888417,Long-tenure
888430,New Low-Value Customers
888506,Long-tenure
888649,Fly fanatics
888901,Lost Occasional Travelers
889023,New Low-Value Customers
889061,Long-tenure
889501,Lost Occasional Travelers
889525,New Low-Value Customers
889569,High-Value Frequent Flyers
889671,Fly fanatics
889687,Long-tenure
889697,Fly fanatics
889786,New engaged
889796,Long-tenure
890051,New engaged
890232,Lost Occasional Travelers
890395,Fly fanatics
890404,New Low-Value Customers
890437,Long-tenure
890447,New engaged
890543,Long-tenure
890595,New engaged
890617,Long-tenure
890646,New Low-Value Customers
890650,New Low-Value Customers
890673,New Low-Value Customers
890753,New Low-Value Customers
890882,New Low-Value Customers
890936,High-Value Frequent Flyers
891012,Long-tenure
891046,New engaged
891097,Long-tenure
891128,Long-tenure
891179,Long-tenure
891237,New engaged
891335,Long-tenure
891413,New engaged
891516,Reengaged Customers
891604,Fly fanatics
891647,New engaged
891696,Fly fanatics
891727,Fly fanatics
891790,Long-tenure
891810,Long-tenure
891903,New engaged
891931,New Low-Value Customers
892022,Long-tenure
892066,New Low-Value Customers
892068,Long-tenure
892079,Long-tenure
892199,New engaged
892219,Long-tenure
892227,New engaged
892258,High-Value Frequent Flyers
892502,Long-tenure
892616,New engaged
892630,New Low-Value Customers
892632,Fly fanatics
892701,Long-tenure
892723,Long-tenure
892797,High-Value Frequent Flyers
892967,New engaged
892994,Fly fanatics
893040,High-Value Frequent Flyers
893057,New engaged
893120,Reengaged Customers
893127,Reengaged Customers
893266,Fly fanatics
893294,Long-tenure
893375,Fly fanatics
893427,New Low-Value Customers
893549,Long-tenure
893555,Lost Occasional Travelers
893574,New Low-Value Customers
893632,High-Value Low transactions
893661,New engaged
893725,High-Value Frequent Flyers
893771,Fly fanatics
893789,New engaged
893863,High-Value Frequent Flyers
893866,New Low-Value Customers
893909,New engaged
894041,Long-tenure
894048,New engaged
894099,New Low-Value Customers
894111,Long-tenure
894175,New engaged
894322,High-Value Low transactions
894340,Long-tenure
894436,Long-tenure
894448,High-Value Frequent Flyers
894466,Long-tenure
894478,Fly fanatics
894532,New Low-Value Customers
894608,Fly fanatics
894620,Fly fanatics
894691,New Low-Value Customers
894724,New Low-Value Customers
894788,Fly fanatics
894799,Long-tenure
894919,Fly fanatics
895080,High-Value Low transactions
895085,Fly fanatics
895185,Fly fanatics
895267,Fly fanatics
895346,Fly fanatics
895433,High-Value Frequent Flyers
895451,Long-tenure
895537,New engaged
895544,Long-tenure
895560,Fly fanatics
895601,Long-tenure
895651,Long-tenure
895684,Fly fanatics
895725,Long-tenure
895778,New Low-Value Customers
895878,High-Value Frequent Flyers
895921,Long-tenure
895972,Long-tenure
895994,New Low-Value Customers
896075,Fly fanatics
896095,High-Value Frequent Flyers
896283,High-Value Low transactions
896331,Long-tenure
896372,New Low-Value Customers
896592,New engaged
896651,New Low-Value Customers
896790,Long-tenure
896792,Fly fanatics
896853,New Low-Value Customers
896947,Long-tenure
896951,New engaged
897229,New engaged
897293,Long-tenure
897387,Long-tenure
897545,New Low-Value Customers
897673,Lost Occasional Travelers
897716,Long-tenure
897728,New Low-Value Customers
897835,New engaged
897904,Long-tenure
898000,Long-tenure
898122,New Low-Value Customers
898149,New Low-Value Customers
898162,New engaged
898229,Fly fanatics
898417,Long-tenure
898423,Long-tenure
898427,New engaged
898437,Long-tenure
898438,Long-tenure
898495,Long-tenure
898514,New Low-Value Customers
898552,New engaged
898587,Lost Occasional Travelers
898630,Fly fanatics
898698,Fly fanatics
898787,Long-tenure
898788,Long-tenure
899009,Fly fanatics
899287,New engaged
899509,Fly fanatics
899592,Long-tenure
899825,Long-tenure
899871,Fly fanatics
899883,New Low-Value Customers
899958,Long-tenure
900083,High-Value Frequent Flyers
900133,New engaged
900151,Fly fanatics
900325,Lost Occasional Travelers
900359,New Low-Value Customers
900460,New engaged
900501,High-Value Frequent Flyers
900505,High-Value Low transactions
900726,New engaged
900753,Lost Occasional Travelers
900795,New engaged
900801,New Low-Value Customers
900853,Fly fanatics
900894,Long-tenure
901002,New engaged
901049,Lost Occasional Travelers
901231,New engaged
901442,Long-tenure
901461,High-Value Low transactions
901520,Long-tenure
901550,New Low-Value Customers
901578,High-Value Low transactions
901690,Long-tenure
901747,New Low-Value Customers
901758,New engaged
901775,Fly fanatics
901780,Fly fanatics
901819,Long-tenure
901857,New engaged
901887,Reengaged Customers
901954,Fly fanatics
901978,New Low-Value Customers
901987,Long-tenure
902015,New engaged
902040,Fly fanatics
902083,High-Value Frequent Flyers
902148,Long-tenure
902192,Long-tenure
902241,New engaged
902277,New engaged
902298,Fly fanatics
902421,Lost Occasional Travelers
902515,Fly fanatics
902555,New Low-Value Customers
902562,Long-tenure
902634,New Low-Value Customers
902679,Fly fanatics
902690,Long-tenure
902693,Long-tenure
902742,New Low-Value Customers
902852,New Low-Value Customers
902966,High-Value Frequent Flyers
903006,New Low-Value Customers
903146,Long-tenure
903209,Fly fanatics
903290,New engaged
903327,Long-tenure
903379,Long-tenure
903496,Long-tenure
903534,High-Value Frequent Flyers
903641,Fly fanatics
903648,Fly fanatics
903679,Lost Occasional Travelers
903797,Long-tenure
904114,New engaged
904283,Long-tenure
904300,New engaged
904304,High-Value Frequent Flyers
904367,New engaged
904370,New Low-Value Customers
904378,New engaged
904397,Lost Occasional Travelers
904501,Fly fanatics
904512,High-Value Low transactions
904602,New engaged
904669,Long-tenure
904693,New Low-Value Customers
904704,High-Value Frequent Flyers
904736,New engaged
904741,Fly fanatics
904802,Lost Occasional Travelers
904805,New engaged
904920,Fly fanatics
904974,New Low-Value Customers
904992,New Low-Value Customers
905180,Long-tenure
905213,New engaged
905320,Long-tenure
905360,New Low-Value Customers
905469,New Low-Value Customers
905478,Long-tenure
905569,New engaged
905634,Long-tenure
905787,High-Value Frequent Flyers
905806,High-Value Frequent Flyers
905854,High-Value Frequent Flyers
905907,Fly fanatics
905909,Long-tenure
906158,Long-tenure
906178,New Low-Value Customers
906217,High-Value Low transactions
906262,Long-tenure
906267,High-Value Frequent Flyers
906274,Lost Occasional Travelers
906316,Fly fanatics
906346,New engaged
906396,New engaged
906428,Fly fanatics
906468,Long-tenure
906564,Lost Occasional Travelers
906615,Fly fanatics
906623,New engaged
906715,Fly fanatics
906780,Long-tenure
906826,New engaged
906836,Fly fanatics
906848,Fly fanatics
906852,Fly fanatics
906946,Long-tenure
907015,New Low-Value Customers
907025,Long-tenure
907038,New Low-Value Customers
907077,Long-tenure
907157,New engaged
907209,Fly fanatics
907252,High-Value Frequent Flyers
907324,New Low-Value Customers
907544,Long-tenure
907595,New Low-Value Customers
907636,Long-tenure
907743,New Low-Value Customers
907858,High-Value Frequent Flyers
907934,Long-tenure
907950,New engaged
908006,New Low-Value Customers
908120,Long-tenure
908123,Long-tenure
908246,Long-tenure
908301,New Low-Value Customers
908374,Fly fanatics
908404,New engaged
908519,Long-tenure
908580,Fly fanatics
908643,New engaged
908728,Long-tenure
908729,New engaged
908759,New engaged
908801,New Low-Value Customers
908844,Long-tenure
908882,New Low-Value Customers
909020,New Low-Value Customers
909066,Lost Occasional Travelers
909068,High-Value Low transactions
909075,Fly fanatics
909106,Reengaged Customers
909134,Fly fanatics
909238,New Low-Value Customers
909242,New engaged
909260,Long-tenure
909262,Fly fanatics
909328,High-Value Low transactions
909385,New engaged
909476,New engaged
909483,High-Value Frequent Flyers
909503,New engaged
909543,Long-tenure
909547,New Low-Value Customers
909677,New engaged
909727,New Low-Value Customers
909800,New Low-Value Customers
909845,New engaged
909880,Lost Occasional Travelers
910056,Long-tenure
910093,New Low-Value Customers
910142,Long-tenure
910157,New Low-Value Customers
910336,New Low-Value Customers
910391,Long-tenure
910416,High-Value Low transactions
910492,Lost Occasional Travelers
910576,Long-tenure
910645,High-Value Low transactions
910716,High-Value Frequent Flyers
910809,New Low-Value Customers
910875,Long-tenure
910969,Fly fanatics
911003,New engaged
911089,Fly fanatics
911372,Long-tenure
911503,High-Value Frequent Flyers
911525,New engaged
911585,New engaged
911655,Fly fanatics
911663,Long-tenure
911668,Long-tenure
911723,High-Value Low transactions
911744,New Low-Value Customers
911812,Long-tenure
911852,Lost Occasional Travelers
911906,Long-tenure
911920,Long-tenure
911971,New engaged
912064,New engaged
912128,New engaged
912252,Long-tenure
912293,Fly fanatics
912352,Reengaged Customers
912396,High-Value Frequent Flyers
912420,New engaged
912539,New Low-Value Customers
912588,Long-tenure
912633,High-Value Low transactions
912712,High-Value Frequent Flyers
912757,Fly fanatics
912797,Fly fanatics
912864,High-Value Frequent Flyers
912939,High-Value Low transactions
912940,High-Value Low transactions
912957,Long-tenure
913060,Long-tenure
913153,New Low-Value Customers
913156,High-Value Low transactions
913233,Long-tenure
913340,Long-tenure
913449,New engaged
913522,New engaged
913571,Fly fanatics
913721,Long-tenure
913866,Fly fanatics
913895,High-Value Frequent Flyers
913949,Long-tenure
913981,Fly fanatics
914044,High-Value Frequent Flyers
914074,High-Value Low transactions
914088,New engaged
914152,Long-tenure
914316,Fly fanatics
914352,New Low-Value Customers
914368,Long-tenure
914609,Fly fanatics
914799,New Low-Value Customers
914937,High-Value Frequent Flyers
915147,Fly fanatics
915156,Long-tenure
915194,Long-tenure
915198,Long-tenure
915243,Lost Occasional Travelers
915286,Long-tenure
915287,New Low-Value Customers
915439,New engaged
915571,New engaged
915638,New engaged
915846,Long-tenure
915902,New engaged
915933,New engaged
915948,Long-tenure
916000,Long-tenure
916020,Long-tenure
916131,Long-tenure
916269,High-Value Frequent Flyers
916300,New engaged
916317,New Low-Value Customers
916358,New engaged
916478,Fly fanatics
916594,Long-tenure
916634,Reengaged Customers
916713,New engaged
916843,New engaged
916851,Long-tenure
916880,High-Value Frequent Flyers
917191,Long-tenure
917192,Fly fanatics
917346,New engaged
917352,New engaged
917423,Fly fanatics
917585,Fly fanatics
917610,New engaged
917630,New engaged
917685,High-Value Low transactions
917725,Fly fanatics
917779,Long-tenure
917798,Long-tenure
917870,High-Value Frequent Flyers
917972,Fly fanatics
917983,Fly fanatics
917998,Long-tenure
918017,High-Value Low transactions
918021,Long-tenure
918042,Long-tenure
918048,New engaged
918053,Fly fanatics
918112,Fly fanatics
918163,High-Value Frequent Flyers
918272,Fly fanatics
918276,Fly fanatics
918326,New engaged
918341,Long-tenure
918397,Reengaged Customers
918478,Long-tenure
918479,Long-tenure
918564,Long-tenure
918631,High-Value Frequent Flyers
918756,Long-tenure
918807,Long-tenure
918964,New Low-Value Customers
918984,Fly fanatics
919055,New Low-Value Customers
919117,Long-tenure
919285,Long-tenure
919329,High-Value Frequent Flyers
919338,High-Value Low transactions
919340,New engaged
919437,Fly fanatics
919506,New Low-Value Customers
919557,Long-tenure
919668,New Low-Value Customers
919748,New engaged
919818,Long-tenure
919823,High-Value Frequent Flyers
919832,New engaged
919888,High-Value Low transactions
919889,Fly fanatics
919894,New engaged
919922,Lost Occasional Travelers
919951,Fly fanatics
920100,High-Value Frequent Flyers
920118,New engaged
920145,New engaged
920162,Long-tenure
920171,New Low-Value Customers
920197,High-Value Low transactions
920211,New engaged
920321,Long-tenure
920326,New engaged
920545,Long-tenure
920637,Long-tenure
920657,New Low-Value Customers
920716,New Low-Value Customers
920792,New engaged
920840,Long-tenure
920954,New engaged
920966,New engaged
921059,High-Value Low transactions
921102,Long-tenure
921130,Long-tenure
921191,New Low-Value Customers
921278,Fly fanatics
921298,Fly fanatics
921357,Long-tenure
921375,High-Value Frequent Flyers
921392,New Low-Value Customers
921403,Lost Occasional Travelers
921489,Long-tenure
921530,Lost Occasional Travelers
921563,New engaged
921624,High-Value Low transactions
921705,New engaged
921746,Lost Occasional Travelers
921776,New Low-Value Customers
921777,High-Value Frequent Flyers
921886,Long-tenure
921899,Long-tenure
922000,Fly fanatics
922047,High-Value Low transactions
922161,Long-tenure
922188,New engaged
922206,New engaged
922210,High-Value Frequent Flyers
922347,New Low-Value Customers
922351,Fly fanatics
922388,Fly fanatics
922484,Long-tenure
922614,New Low-Value Customers
922634,New engaged
922703,New Low-Value Customers
922741,New Low-Value Customers
922786,Fly fanatics
922815,High-Value Frequent Flyers
922926,New engaged
923041,Long-tenure
923062,Fly fanatics
923108,New Low-Value Customers
923164,Fly fanatics
923201,Fly fanatics
923234,Fly fanatics
923268,New Low-Value Customers
923293,Fly fanatics
923333,Long-tenure
923336,New engaged
923406,New engaged
923527,High-Value Frequent Flyers
923560,Long-tenure
923680,Long-tenure
923761,Long-tenure
923799,Long-tenure
923959,High-Value Frequent Flyers
924031,New Low-Value Customers
924037,New engaged
924056,Long-tenure
924089,Long-tenure
924132,New engaged
924153,Long-tenure
924173,Long-tenure
924217,New Low-Value Customers
924268,New engaged
924405,High-Value Low transactions
924469,Fly fanatics
924489,Fly fanatics
924493,New engaged
924630,New engaged
924634,New engaged
924643,High-Value Frequent Flyers
924719,Long-tenure
924724,New engaged
924787,New engaged
924793,Fly fanatics
924794,Long-tenure
924878,New Low-Value Customers
924936,High-Value Frequent Flyers
925164,High-Value Low transactions
925198,New Low-Value Customers
925254,Long-tenure
925340,New engaged
925353,Fly fanatics
925385,Long-tenure
925413,Fly fanatics
925433,New engaged
925504,High-Value Frequent Flyers
925573,High-Value Frequent Flyers
925609,Fly fanatics
925767,New Low-Value Customers
925819,Long-tenure
925850,New Low-Value Customers
925918,Reengaged Customers
925978,High-Value Frequent Flyers
925979,High-Value Low transactions
926058,New Low-Value Customers
926083,New engaged
926106,Long-tenure
926129,High-Value Low transactions
926175,Long-tenure
926250,New engaged
926277,Fly fanatics
926300,Long-tenure
926315,New Low-Value Customers
926451,High-Value Frequent Flyers
926494,Fly fanatics
926609,Long-tenure
926611,Fly fanatics
926867,New Low-Value Customers
926874,New Low-Value Customers
926961,Long-tenure
926967,Reengaged Customers
927202,Fly fanatics
927305,Fly fanatics
927339,Fly fanatics
927401,Long-tenure
927446,New Low-Value Customers
927676,Fly fanatics
927703,Long-tenure
927721,Reengaged Customers
927848,New engaged
927887,New engaged
927937,New engaged
927943,Fly fanatics
927975,Fly fanatics
928082,Fly fanatics
928116,High-Value Frequent Flyers
928153,Fly fanatics
928238,Long-tenure
928291,Fly fanatics
928292,Fly fanatics
928294,Fly fanatics
928354,Long-tenure
928438,New engaged
928644,New engaged
928734,High-Value Low transactions
928804,Long-tenure
928868,Long-tenure
928916,Long-tenure
928922,High-Value Frequent Flyers
928942,New engaged
928957,New engaged
928964,High-Value Frequent Flyers
929009,New engaged
929097,Long-tenure
929282,New engaged
929302,Fly fanatics
929410,High-Value Frequent Flyers
929451,Long-tenure
929455,New Low-Value Customers
929701,Long-tenure
929707,New Low-Value Customers
929712,Lost Occasional Travelers
929728,Long-tenure
929871,New engaged
929880,New engaged
929885,High-Value Frequent Flyers
929913,Fly fanatics
929980,Long-tenure
930089,New Low-Value Customers
930209,Fly fanatics
930325,High-Value Frequent Flyers
930489,Fly fanatics
930502,Fly fanatics
930562,New engaged
930584,New engaged
930620,New Low-Value Customers
930718,Fly fanatics
930774,High-Value Low transactions
930848,Long-tenure
930893,New engaged
930900,Long-tenure
930921,Long-tenure
931054,New Low-Value Customers
931097,New engaged
931135,Fly fanatics
931183,Long-tenure
931244,Long-tenure
931247,Lost Occasional Travelers
931537,New engaged
931622,New Low-Value Customers
931657,Long-tenure
931914,High-Value Frequent Flyers
932233,New engaged
932244,Reengaged Customers
932249,Long-tenure
932270,Long-tenure
932363,New Low-Value Customers
932405,Fly fanatics
932453,Fly fanatics
932513,New engaged
932526,New Low-Value Customers
932572,Long-tenure
932599,New Low-Value Customers
932623,Fly fanatics
932745,New engaged
932748,Lost Occasional Travelers
932823,Fly fanatics
932973,Fly fanatics
933053,New Low-Value Customers
933187,High-Value Frequent Flyers
933208,High-Value Frequent Flyers
933233,Long-tenure
933251,High-Value Low transactions
933259,High-Value Low transactions
933552,Reengaged Customers
933642,New engaged
933656,Long-tenure
933682,New Low-Value Customers
933707,Long-tenure
933779,Lost Occasional Travelers
933807,New Low-Value Customers
933848,Fly fanatics
933865,Lost Occasional Travelers
933968,New engaged
934134,Long-tenure
934212,Long-tenure
934235,Fly fanatics
934267,Long-tenure
934271,New Low-Value Customers
934280,New engaged
934529,Lost Occasional Travelers
934604,Fly fanatics
934893,Long-tenure
934912,New Low-Value Customers
935068,Long-tenure
935110,New Low-Value Customers
935161,High-Value Frequent Flyers
935235,Long-tenure
935253,New engaged
935274,Long-tenure
935313,High-Value Low transactions
935328,Fly fanatics
935420,Long-tenure
935504,New engaged
935570,High-Value Low transactions
935738,Fly fanatics
935862,High-Value Low transactions
935876,Fly fanatics
936010,Reengaged Customers
936088,Fly fanatics
936211,Long-tenure
936214,Long-tenure
936273,High-Value Frequent Flyers
936305,Long-tenure
936319,Long-tenure
936440,New engaged
936547,Fly fanatics
936570,Fly fanatics
936603,New Low-Value Customers
936612,Lost Occasional Travelers
936723,Lost Occasional Travelers
936761,High-Value Low transactions
937030,Fly fanatics
937065,Long-tenure
937071,High-Value Low transactions
937127,Long-tenure
937163,Long-tenure
937228,Long-tenure
937250,New engaged
937312,Long-tenure
937385,Long-tenure
937418,Long-tenure
937430,Long-tenure
937476,Fly fanatics
937484,New Low-Value Customers
937512,High-Value Frequent Flyers
937638,Long-tenure
937645,Fly fanatics
937662,High-Value Frequent Flyers
937742,Long-tenure
937788,Fly fanatics
937849,Lost Occasional Travelers
937862,New engaged
937911,High-Value Frequent Flyers
937922,Fly fanatics
937946,High-Value Frequent Flyers
937956,High-Value Frequent Flyers
937976,New Low-Value Customers
938031,Long-tenure
938093,New engaged
938323,New engaged
938324,Fly fanatics
938482,Lost Occasional Travelers
938516,Fly fanatics
938603,New engaged
938628,Long-tenure
938636,Long-tenure
938719,Reengaged Customers
938822,New engaged
938873,New engaged
938914,High-Value Frequent Flyers
938981,New Low-Value Customers
939094,High-Value Frequent Flyers
939098,Long-tenure
939103,New engaged
939238,High-Value Low transactions
939289,Lost Occasional Travelers
939319,Long-tenure
939320,New Low-Value Customers
939399,High-Value Frequent Flyers
939428,New engaged
939431,High-Value Low transactions
939466,Long-tenure
939485,Long-tenure
939521,New Low-Value Customers
939562,Fly fanatics
939571,High-Value Frequent Flyers
939683,Long-tenure
939741,Long-tenure
939752,Fly fanatics
939766,New engaged
939856,High-Value Low transactions
939932,Fly fanatics
939961,Long-tenure
939992,New Low-Value Customers
940156,New engaged
940187,New Low-Value Customers
940200,New Low-Value Customers
940213,High-Value Frequent Flyers
940249,New engaged
940256,Fly fanatics
940711,Fly fanatics
940760,Long-tenure
940796,Long-tenure
940822,Long-tenure
940904,New Low-Value Customers
941064,Long-tenure
941092,New Low-Value Customers
941109,Long-tenure
941122,Lost Occasional Travelers
941127,Long-tenure
941170,Fly fanatics
941194,New Low-Value Customers
941324,High-Value Low transactions
941361,Long-tenure
941380,Fly fanatics
941545,High-Value Low transactions
941621,Lost Occasional Travelers
941679,Long-tenure
941683,High-Value Frequent Flyers
941719,Lost Occasional Travelers
941852,High-Value Frequent Flyers
941865,Long-tenure
941882,Long-tenure
941984,New engaged
942017,Lost Occasional Travelers
942083,New engaged
942102,New engaged
942189,High-Value Low transactions
942191,New Low-Value Customers
942194,New Low-Value Customers
942355,Long-tenure
942403,New engaged
942413,New engaged
942535,High-Value Frequent Flyers
942601,High-Value Frequent Flyers
942681,Long-tenure
942685,Lost Occasional Travelers
942703,New engaged
942779,Fly fanatics
942819,Long-tenure
942926,New engaged
942984,New Low-Value Customers
943048,New engaged
943068,Long-tenure
943195,Lost Occasional Travelers
943211,New engaged
943236,New Low-Value Customers
943380,New engaged
943425,Reengaged Customers
943460,Fly fanatics
943553,Fly fanatics
943602,New Low-Value Customers
943647,High-Value Frequent Flyers
943668,New Low-Value Customers
943756,Long-tenure
943775,Long-tenure
943804,New engaged
943997,New Low-Value Customers
944035,New engaged
944093,Fly fanatics
944124,Fly fanatics
944243,New Low-Value Customers
944261,Fly fanatics
944355,Long-tenure
944454,New Low-Value Customers
944491,Lost Occasional Travelers
944506,High-Value Frequent Flyers
944541,High-Value Frequent Flyers
944636,High-Value Frequent Flyers
944702,High-Value Frequent Flyers
944750,Fly fanatics
944810,Long-tenure
944821,New engaged
944855,Long-tenure
944980,Long-tenure
945014,New engaged
945015,High-Value Frequent Flyers
945037,High-Value Low transactions
945064,Long-tenure
945091,Fly fanatics
945133,Long-tenure
945166,Long-tenure
945199,New Low-Value Customers
945379,New Low-Value Customers
945430,Long-tenure
945455,Lost Occasional Travelers
945479,Fly fanatics
945485,Long-tenure
945703,New Low-Value Customers
945761,Lost Occasional Travelers
945765,High-Value Frequent Flyers
945780,New engaged
945834,New Low-Value Customers
945974,Fly fanatics
945996,High-Value Frequent Flyers
946001,New engaged
946061,Long-tenure
946070,Fly fanatics
946172,Lost Occasional Travelers
946258,New engaged
946525,Long-tenure
946645,Lost Occasional Travelers
946771,Long-tenure
946816,High-Value Frequent Flyers
946932,New Low-Value Customers
946963,Lost Occasional Travelers
946998,Long-tenure
947001,High-Value Frequent Flyers
947026,High-Value Frequent Flyers
947099,Long-tenure
947123,Lost Occasional Travelers
947158,New engaged
947234,New Low-Value Customers
947367,New engaged
947408,Fly fanatics
947467,New engaged
947497,High-Value Low transactions
947620,New engaged
947635,Fly fanatics
947641,New Low-Value Customers
947679,New Low-Value Customers
947711,Fly fanatics
947750,New engaged
947763,High-Value Low transactions
947863,New engaged
947868,Long-tenure
947876,Fly fanatics
947906,Fly fanatics
948051,New engaged
948053,Long-tenure
948117,Fly fanatics
948145,Long-tenure
948325,New engaged
948327,New Low-Value Customers
948404,New engaged
948489,Long-tenure
948576,High-Value Frequent Flyers
948591,New engaged
948616,Long-tenure
948658,New Low-Value Customers
948662,Long-tenure
948693,High-Value Frequent Flyers
948714,Long-tenure
948747,Long-tenure
948783,New engaged
948785,New engaged
948815,New engaged
948825,Long-tenure
948831,Fly fanatics
948950,Long-tenure
949134,Long-tenure
949175,Long-tenure
949290,High-Value Frequent Flyers
949406,Fly fanatics
949612,New Low-Value Customers
949821,High-Value Low transactions
949829,Long-tenure
949890,Long-tenure
949952,Long-tenure
949974,New Low-Value Customers
950029,Long-tenure
950107,High-Value Low transactions
950193,Long-tenure
950213,Long-tenure
950216,New Low-Value Customers
950252,New Low-Value Customers
950336,Fly fanatics
950356,Fly fanatics
950390,Lost Occasional Travelers
950391,Fly fanatics
950393,New engaged
950403,New engaged
950437,Long-tenure
950445,Long-tenure
950446,High-Value Frequent Flyers
950467,Fly fanatics
950593,New engaged
950660,Fly fanatics
950707,High-Value Frequent Flyers
950832,Fly fanatics
950896,Reengaged Customers
950914,New engaged
950915,New engaged
950933,Fly fanatics
951116,New Low-Value Customers
951226,Long-tenure
951389,Long-tenure
951458,New engaged
951546,New engaged
951616,Long-tenure
951624,Fly fanatics
951712,Fly fanatics
951719,Long-tenure
951746,High-Value Low transactions
951781,New engaged
951879,New Low-Value Customers
951941,Fly fanatics
951954,New engaged
952003,Long-tenure
952026,Long-tenure
952077,Long-tenure
952093,Long-tenure
952222,Long-tenure
952322,Fly fanatics
952326,High-Value Frequent Flyers
952393,New Low-Value Customers
952493,Fly fanatics
952532,New Low-Value Customers
952545,Long-tenure
952573,Lost Occasional Travelers
952582,New Low-Value Customers
952602,High-Value Low transactions
952629,Fly fanatics
952641,Long-tenure
952672,New Low-Value Customers
952696,High-Value Low transactions
952717,Fly fanatics
952730,Fly fanatics
952911,High-Value Low transactions
952938,Fly fanatics
952955,Fly fanatics
952959,Long-tenure
953097,Long-tenure
953198,Fly fanatics
953210,Lost Occasional Travelers
953281,New engaged
953307,New Low-Value Customers
953341,Long-tenure
953420,New Low-Value Customers
953431,Long-tenure
953448,New Low-Value Customers
953612,Reengaged Customers
953614,High-Value Frequent Flyers
953673,Long-tenure
953693,High-Value Frequent Flyers
953757,New Low-Value Customers
953784,New Low-Value Customers
953795,New engaged
953892,New Low-Value Customers
953927,New Low-Value Customers
954174,New engaged
954231,Fly fanatics
954293,New Low-Value Customers
954329,New Low-Value Customers
954424,Fly fanatics
954453,New engaged
954558,New engaged
954570,New engaged
954587,High-Value Low transactions
954718,New engaged
954750,New engaged
954836,High-Value Frequent Flyers
954952,Long-tenure
954973,New engaged
955087,High-Value Low transactions
955130,Reengaged Customers
955178,New engaged
955292,New Low-Value Customers
955424,New engaged
955448,New Low-Value Customers
955463,High-Value Frequent Flyers
955479,Long-tenure
955533,New Low-Value Customers
955567,New Low-Value Customers
955633,Long-tenure
955649,Long-tenure
955652,High-Value Frequent Flyers
955666,Fly fanatics
955716,Long-tenure
955720,Fly fanatics
955750,High-Value Frequent Flyers
955773,New Low-Value Customers
955991,Long-tenure
956005,Fly fanatics
956071,Fly fanatics
956081,Lost Occasional Travelers
956144,Long-tenure
956191,New engaged
956402,Long-tenure
956438,Long-tenure
956477,Long-tenure
956558,New Low-Value Customers
956619,New engaged
956630,New Low-Value Customers
956843,New engaged
956861,Fly fanatics
956908,New engaged
956946,Fly fanatics
957008,New engaged
957061,Long-tenure
957127,Long-tenure
957214,New engaged
957276,Lost Occasional Travelers
957325,New Low-Value Customers
957377,New Low-Value Customers
957413,Long-tenure
957419,Long-tenure
957452,Long-tenure
957557,Long-tenure
957571,Fly fanatics
957572,Long-tenure
957628,New engaged
957686,Long-tenure
957764,Fly fanatics
957881,Long-tenure
957901,New Low-Value Customers
957912,Fly fanatics
958005,Long-tenure
958026,New engaged
958059,Long-tenure
958143,Long-tenure
958224,New engaged
958243,New engaged
958274,Fly fanatics
958283,High-Value Low transactions
958299,High-Value Low transactions
958472,New engaged
958518,New Low-Value Customers
958544,High-Value Frequent Flyers
958687,Fly fanatics
958709,Long-tenure
958743,New Low-Value Customers
958767,Long-tenure
958791,New engaged
958800,New engaged
958839,New Low-Value Customers
958915,High-Value Frequent Flyers
958923,Long-tenure
958931,New engaged
958941,New Low-Value Customers
959044,Long-tenure
959059,Long-tenure
959137,New engaged
959192,Fly fanatics
959280,Fly fanatics
959364,New Low-Value Customers
959402,New engaged
959453,New Low-Value Customers
959478,New engaged
959514,New Low-Value Customers
959673,New engaged
959728,New Low-Value Customers
959778,New Low-Value Customers
959793,High-Value Frequent Flyers
959821,Long-tenure
959977,New Low-Value Customers
960005,Long-tenure
960082,Fly fanatics
960195,New engaged
960253,New Low-Value Customers
960309,New Low-Value Customers
960417,High-Value Low transactions
960441,High-Value Frequent Flyers
960629,Long-tenure
960708,New engaged
960913,Fly fanatics
960934,Long-tenure
961177,New Low-Value Customers
961213,Reengaged Customers
961218,Long-tenure
961331,High-Value Frequent Flyers
961427,Long-tenure
961463,New engaged
961533,High-Value Low transactions
961595,Long-tenure
961639,Fly fanatics
961650,Lost Occasional Travelers
961682,New engaged
961837,Long-tenure
961961,High-Value Frequent Flyers
961965,High-Value Frequent Flyers
961978,Long-tenure
962011,New engaged
962267,New Low-Value Customers
962278,New Low-Value Customers
962455,Long-tenure
962472,Reengaged Customers
962566,New Low-Value Customers
962637,New engaged
962657,Fly fanatics
962661,New engaged
962730,New engaged
962801,New engaged
962989,High-Value Frequent Flyers
963016,Long-tenure
963036,Fly fanatics
963067,High-Value Frequent Flyers
963100,Long-tenure
963170,New Low-Value Customers
963410,Long-tenure
963464,New engaged
963473,Long-tenure
963487,Fly fanatics
963502,New engaged
963523,Fly fanatics
963541,New Low-Value Customers
963595,New engaged
963619,New Low-Value Customers
963642,New engaged
963644,New Low-Value Customers
963690,High-Value Low transactions
963757,Long-tenure
963814,Fly fanatics
963985,Fly fanatics
964047,New engaged
964151,High-Value Low transactions
964159,Long-tenure
964206,New Low-Value Customers
964744,New Low-Value Customers
964789,Long-tenure
964791,New Low-Value Customers
965012,Long-tenure
965066,New Low-Value Customers
965079,New engaged
965116,Long-tenure
965154,New Low-Value Customers
965254,New Low-Value Customers
965482,New engaged
965590,New engaged
965674,Fly fanatics
965688,New engaged
965698,Fly fanatics
965713,High-Value Frequent Flyers
965751,High-Value Low transactions
965758,New engaged
965948,Fly fanatics
966059,Long-tenure
966089,New Low-Value Customers
966117,Long-tenure
966142,New Low-Value Customers
966204,New Low-Value Customers
966210,New Low-Value Customers
966227,New Low-Value Customers
966285,New engaged
966350,Lost Occasional Travelers
966372,Long-tenure
966389,New engaged
966391,New engaged
966512,New Low-Value Customers
966580,New engaged
966698,New Low-Value Customers
966729,New engaged
966797,Long-tenure
966891,Fly fanatics
966920,New Low-Value Customers
966953,High-Value Frequent Flyers
967017,Long-tenure
967032,New Low-Value Customers
967035,Long-tenure
967093,Long-tenure
967150,Fly fanatics
967241,Fly fanatics
967253,Lost Occasional Travelers
967274,New Low-Value Customers
967298,Fly fanatics
967300,New Low-Value Customers
967347,New Low-Value Customers
967443,High-Value Frequent Flyers
967462,New engaged
967490,Long-tenure
967500,High-Value Low transactions
967502,New Low-Value Customers
967628,Fly fanatics
967634,New Low-Value Customers
967637,High-Value Frequent Flyers
967693,Lost Occasional Travelers
967727,New Low-Value Customers
967772,Long-tenure
967838,Long-tenure
967883,Long-tenure
967904,New engaged
967966,Fly fanatics
968064,High-Value Low transactions
968090,Long-tenure
968225,High-Value Frequent Flyers
968253,High-Value Frequent Flyers
968312,High-Value Low transactions
968325,New engaged
968370,Fly fanatics
968447,New engaged
968450,Fly fanatics
968484,New engaged
968497,High-Value Low transactions
968608,Fly fanatics
968632,Fly fanatics
968638,New Low-Value Customers
968666,New engaged
968671,New engaged
968764,New Low-Value Customers
968807,Long-tenure
968828,New Low-Value Customers
968842,Lost Occasional Travelers
968943,Long-tenure
969053,Fly fanatics
969092,Long-tenure
969165,High-Value Low transactions
969219,New Low-Value Customers
969277,New engaged
969313,Fly fanatics
969342,Long-tenure
969350,Long-tenure
969360,Fly fanatics
969378,New engaged
969483,New engaged
969485,Long-tenure
969500,Fly fanatics
969586,New engaged
969616,Long-tenure
969617,High-Value Low transactions
969626,New engaged
969632,Long-tenure
969653,Lost Occasional Travelers
969687,Fly fanatics
969689,Long-tenure
969719,Lost Occasional Travelers
969732,Fly fanatics
969764,High-Value Frequent Flyers
969810,Long-tenure
969913,Long-tenure
969924,Fly fanatics
969933,Long-tenure
969938,Long-tenure
970014,New Low-Value Customers
970092,Fly fanatics
970102,Long-tenure
970152,Reengaged Customers
970154,Fly fanatics
970195,High-Value Frequent Flyers
970351,New engaged
970576,New Low-Value Customers
970637,New engaged
970639,New engaged
970706,Long-tenure
970746,Fly fanatics
970783,New Low-Value Customers
970964,Long-tenure
970976,Long-tenure
971097,New engaged
971107,High-Value Frequent Flyers
971142,Long-tenure
971157,Long-tenure
971164,New engaged
971318,Long-tenure
971488,New engaged
971528,Long-tenure
971581,High-Value Frequent Flyers
971582,Long-tenure
971599,Long-tenure
971608,Lost Occasional Travelers
971609,New Low-Value Customers
971627,New engaged
971637,New engaged
971670,New Low-Value Customers
971987,Fly fanatics
972121,Fly fanatics
972129,High-Value Frequent Flyers
972157,Fly fanatics
972222,New engaged
972298,New engaged
972581,New engaged
972636,New engaged
972648,Fly fanatics
972671,Lost Occasional Travelers
972673,New engaged
972732,Fly fanatics
972787,New Low-Value Customers
972791,New Low-Value Customers
972795,New engaged
972954,High-Value Low transactions
972964,High-Value Low transactions
972994,Long-tenure
973059,New Low-Value Customers
973060,Lost Occasional Travelers
973104,Reengaged Customers
973111,Long-tenure
973112,High-Value Frequent Flyers
973168,Long-tenure
973357,Fly fanatics
973407,New Low-Value Customers
973485,Fly fanatics
973524,Long-tenure
973609,New Low-Value Customers
973728,High-Value Frequent Flyers
973846,High-Value Low transactions
973860,Long-tenure
973897,New engaged
973921,New engaged
973951,Long-tenure
974041,Fly fanatics
974114,Long-tenure
974209,Long-tenure
974265,New Low-Value Customers
974330,Long-tenure
974441,Lost Occasional Travelers
974500,Fly fanatics
974606,New engaged
974617,New engaged
974630,Long-tenure
974715,New Low-Value Customers
974758,New Low-Value Customers
974777,Long-tenure
974829,New engaged
974848,New Low-Value Customers
975181,New Low-Value Customers
975199,Fly fanatics
975218,New Low-Value Customers
975298,Fly fanatics
975309,Long-tenure
975387,Fly fanatics
975407,High-Value Frequent Flyers
975412,Fly fanatics
975466,New Low-Value Customers
975477,High-Value Frequent Flyers
975497,Long-tenure
975531,New Low-Value Customers
975613,Lost Occasional Travelers
975614,Long-tenure
975749,Fly fanatics
975767,New engaged
975846,Long-tenure
975918,Long-tenure
975944,Long-tenure
975949,New engaged
976004,New Low-Value Customers
976007,High-Value Frequent Flyers
976153,Long-tenure
976307,High-Value Frequent Flyers
976330,Reengaged Customers
976413,New engaged
976423,Fly fanatics
976489,New engaged
976513,Long-tenure
976529,Long-tenure
976596,Long-tenure
976605,Long-tenure
976623,Fly fanatics
976636,New engaged
976695,Fly fanatics
976700,Fly fanatics
976834,New Low-Value Customers
977037,Reengaged Customers
977080,Long-tenure
977178,High-Value Frequent Flyers
977236,High-Value Low transactions
977244,High-Value Frequent Flyers
977274,Fly fanatics
977303,Fly fanatics
977305,Fly fanatics
977363,Lost Occasional Travelers
977377,Lost Occasional Travelers
977523,Fly fanatics
977550,High-Value Frequent Flyers
977676,New Low-Value Customers
977693,New Low-Value Customers
977916,Long-tenure
978040,Reengaged Customers
978048,New engaged
978130,Fly fanatics
978349,New engaged
978484,Fly fanatics
978654,Long-tenure
978676,Fly fanatics
978712,New Low-Value Customers
979010,Long-tenure
979053,New engaged
979075,New Low-Value Customers
979135,New engaged
979262,Fly fanatics
979309,Long-tenure
979330,Lost Occasional Travelers
979355,Long-tenure
979389,Fly fanatics
979449,Lost Occasional Travelers
979467,Long-tenure
979548,Fly fanatics
979575,Fly fanatics
979598,Long-tenure
979634,Fly fanatics
979639,Fly fanatics
979644,Long-tenure
979703,Long-tenure
979776,Fly fanatics
979901,Long-tenure
979983,New Low-Value Customers
980198,New engaged
980338,New engaged
980414,Fly fanatics
980478,New engaged
980494,New Low-Value Customers
980575,Long-tenure
980651,Long-tenure
980761,Fly fanatics
980788,Fly fanatics
980837,New Low-Value Customers
980856,Fly fanatics
980915,New engaged
980935,Fly fanatics
980952,Long-tenure
981091,New engaged
981117,New Low-Value Customers
981150,Long-tenure
981160,Long-tenure
981195,High-Value Frequent Flyers
981198,New Low-Value Customers
981201,New engaged
981220,Lost Occasional Travelers
981304,High-Value Frequent Flyers
981343,Long-tenure
981395,Fly fanatics
981427,High-Value Frequent Flyers
981434,Long-tenure
981536,Fly fanatics
981581,Long-tenure
981664,Fly fanatics
981674,Fly fanatics
981691,High-Value Low transactions
981737,New engaged
981848,Long-tenure
981851,High-Value Frequent Flyers
981920,Long-tenure
982017,Fly fanatics
982059,Long-tenure
982096,New engaged
982202,New Low-Value Customers
982296,Long-tenure
982416,New engaged
982433,New Low-Value Customers
982446,Long-tenure
982501,New Low-Value Customers
982508,Fly fanatics
982528,Lost Occasional Travelers
982535,New engaged
982542,Lost Occasional Travelers
982543,Reengaged Customers
982578,Fly fanatics
982608,Lost Occasional Travelers
982715,Long-tenure
982969,Fly fanatics
983130,High-Value Low transactions
983199,New Low-Value Customers
983242,Long-tenure
983393,Long-tenure
983416,New engaged
983524,Fly fanatics
983551,New engaged
983713,Long-tenure
983809,Fly fanatics
983822,Fly fanatics
983855,New Low-Value Customers
983872,New Low-Value Customers
983900,Fly fanatics
983968,Fly fanatics
984055,New Low-Value Customers
984086,Fly fanatics
984115,Fly fanatics
984290,New engaged
984409,Fly fanatics
984429,High-Value Frequent Flyers
984545,Long-tenure
984636,Fly fanatics
984713,New Low-Value Customers
984798,New engaged
984824,New Low-Value Customers
984878,New engaged
985115,New Low-Value Customers
985183,Fly fanatics
985211,Long-tenure
985266,Long-tenure
985320,Lost Occasional Travelers
985341,New engaged
985374,New engaged
985427,Lost Occasional Travelers
985516,Fly fanatics
985707,Reengaged Customers
985757,New engaged
985765,Fly fanatics
985839,Fly fanatics
986018,Long-tenure
986055,Long-tenure
986086,Fly fanatics
986143,Long-tenure
986208,New engaged
986217,Long-tenure
986288,Fly fanatics
986421,Long-tenure
986461,New engaged
986507,New engaged
986551,Fly fanatics
986623,High-Value Low transactions
986792,New Low-Value Customers
986825,Long-tenure
987122,New engaged
987153,Long-tenure
987171,New engaged
987205,High-Value Frequent Flyers
987221,Fly fanatics
987347,High-Value Frequent Flyers
987425,Long-tenure
987482,Long-tenure
987530,High-Value Frequent Flyers
987612,Fly fanatics
987921,Long-tenure
987978,New Low-Value Customers
988043,High-Value Frequent Flyers
988149,New Low-Value Customers
988178,Fly fanatics
988223,New Low-Value Customers
988249,Fly fanatics
988307,Fly fanatics
988345,High-Value Frequent Flyers
988419,New Low-Value Customers
988510,Long-tenure
988594,New Low-Value Customers
988638,High-Value Frequent Flyers
988691,High-Value Low transactions
988728,High-Value Low transactions
988921,Long-tenure
989048,Fly fanatics
989067,New Low-Value Customers
989134,Long-tenure
989148,New engaged
989154,New engaged
989256,New engaged
989262,New Low-Value Customers
989406,New Low-Value Customers
989473,Lost Occasional Travelers
989478,Fly fanatics
989527,New Low-Value Customers
989568,New engaged
989666,Fly fanatics
989746,High-Value Frequent Flyers
989802,Fly fanatics
989816,Fly fanatics
989837,High-Value Low transactions
989986,Long-tenure
990077,Fly fanatics
990204,Long-tenure
990218,New engaged
990268,Long-tenure
990595,New engaged
990598,Fly fanatics
990728,New Low-Value Customers
990905,New engaged
990918,New engaged
990933,Long-tenure
990955,Fly fanatics
991050,High-Value Frequent Flyers
991056,New Low-Value Customers
991084,Long-tenure
991090,New engaged
991189,New Low-Value Customers
991210,Lost Occasional Travelers
991213,New Low-Value Customers
991230,Long-tenure
991356,New engaged
991419,New Low-Value Customers
991442,Lost Occasional Travelers
991529,Long-tenure
991568,Fly fanatics
991627,New Low-Value Customers
991638,New engaged
991672,New engaged
991893,Fly fanatics
991924,High-Value Frequent Flyers
991983,Lost Occasional Travelers
992002,Fly fanatics
992028,Long-tenure
992065,Lost Occasional Travelers
992072,Long-tenure
992194,Long-tenure
992268,Fly fanatics
992476,Long-tenure
992488,New engaged
992499,Reengaged Customers
992524,Long-tenure
992538,Long-tenure
992769,New Low-Value Customers
992854,New engaged
992886,New engaged
992930,Long-tenure
992985,New engaged
992986,New engaged
993054,New engaged
993058,New engaged
993170,New Low-Value Customers
993241,New Low-Value Customers
993266,High-Value Frequent Flyers
993271,Fly fanatics
993328,Fly fanatics
993650,Fly fanatics
993986,Long-tenure
994044,Lost Occasional Travelers
994219,New Low-Value Customers
994225,Fly fanatics
994285,Long-tenure
994308,New Low-Value Customers
994374,Long-tenure
994377,Long-tenure
994443,Fly fanatics
994541,Long-tenure
994571,Fly fanatics
994609,Long-tenure
994676,Fly fanatics
994679,High-Value Low transactions
994707,New engaged
994763,New engaged
994877,New engaged
994940,High-Value Frequent Flyers
994993,New engaged
995091,New Low-Value Customers
995128,Long-tenure
995142,Long-tenure
995333,Fly fanatics
995527,High-Value Frequent Flyers
995662,New engaged
995693,New Low-Value Customers
995695,High-Value Frequent Flyers
995734,High-Value Frequent Flyers
995777,Fly fanatics
995812,New Low-Value Customers
995868,New Low-Value Customers
995877,New Low-Value Customers
996086,New engaged
996152,New Low-Value Customers
996238,Fly fanatics
996254,Long-tenure
996301,Lost Occasional Travelers
996333,Long-tenure
996349,New engaged
996488,Long-tenure
996539,New engaged
996616,Fly fanatics
996639,New engaged
996686,New engaged
996745,Long-tenure
996794,Fly fanatics
996796,Long-tenure
996896,Fly fanatics
996900,High-Value Frequent Flyers
996984,New Low-Value Customers
996989,New engaged
996997,Long-tenure
997121,New Low-Value Customers
997189,Fly fanatics
997322,New Low-Value Customers
997359,Long-tenure
997370,Lost Occasional Travelers
997395,Long-tenure
997434,Fly fanatics
997439,Fly fanatics
997478,New engaged
997539,New engaged
997599,Long-tenure
997653,Lost Occasional Travelers
997654,High-Value Frequent Flyers
997710,Lost Occasional Travelers
997741,New Low-Value Customers
997945,New engaged
997964,New engaged
998061,Reengaged Customers
998072,Lost Occasional Travelers
998078,Long-tenure
998085,High-Value Frequent Flyers
998090,New engaged
998112,New engaged
998192,New Low-Value Customers
998465,New engaged
998507,New engaged
998580,Long-tenure
998776,High-Value Low transactions
998820,New engaged
998934,Long-tenure
998972,Lost Occasional Travelers
999120,New engaged
999272,Long-tenure
999304,Lost Occasional Travelers
999498,New engaged
999513,High-Value Frequent Flyers
999524,High-Value Frequent Flyers
999550,High-Value Frequent Flyers
999589,New Low-Value Customers
999631,Long-tenure
999731,Lost Occasional Travelers
999758,High-Value Low transactions
999788,Lost Occasional Travelers
999891,Lost Occasional Travelers
999902,Fly fanatics
999940,High-Value Low transactions
999982,New Low-Value Customers
999986,New engaged
201574,No_transactions
834891,No_transactions
329382,No_transactions
357549,No_transactions
283314,No_transactions
322102,No_transactions
566033,No_transactions
174896,No_transactions
912220,No_transactions
520321,No_transactions
695755,No_transactions
603248,No_transactions
203809,No_transactions
553936,No_transactions
914255,No_transactions
242377,No_transactions
645742,No_transactions
436498,No_transactions
176885,No_transactions
474172,No_transactions
971902,No_transactions
474757,No_transactions
236300,No_transactions
531201,No_transactions
606076,No_transactions
485189,No_transactions
471018,No_transactions
430521,No_transactions
591576,No_transactions
566343,No_transactions
263729,No_transactions
321557,No_transactions
390719,No_transactions
517612,No_transactions
446968,No_transactions
123928,No_transactions
842064,No_transactions
149542,No_transactions
676676,No_transactions
761007,No_transactions
202761,No_transactions
411242,No_transactions
871329,No_transactions
626326,No_transactions
197529,No_transactions
534794,No_transactions
464471,No_transactions
574560,No_transactions
687108,No_transactions
745336,No_transactions
872408,No_transactions
217284,No_transactions
348299,No_transactions
105145,No_transactions
999143,No_transactions
988839,No_transactions
340934,No_transactions
883349,No_transactions
703882,No_transactions
528074,No_transactions
765973,No_transactions
655614,No_transactions
622269,No_transactions
368830,No_transactions
600820,No_transactions
290517,No_transactions
428590,No_transactions
342738,No_transactions
692097,No_transactions
203258,No_transactions
351513,No_transactions
460711,No_transactions
421855,No_transactions
787172,No_transactions
226176,No_transactions
472726,No_transactions
887705,No_transactions
420464,No_transactions
905497,No_transactions
820187,No_transactions
527944,No_transactions
487536,No_transactions
834522,No_transactions
508443,No_transactions
232426,No_transactions
879600,No_transactions
382045,No_transactions
776830,No_transactions
598258,No_transactions
384905,No_transactions
149981,No_transactions
395189,No_transactions
256945,No_transactions
216500,No_transactions
759132,No_transactions
706185,No_transactions
272123,No_transactions
797391,No_transactions
572062,No_transactions
922665,No_transactions
757127,No_transactions
503096,No_transactions
662723,No_transactions
393975,No_transactions
153968,No_transactions
171027,No_transactions
103352,No_transactions
240299,No_transactions
319766,No_transactions
638528,No_transactions
423711,No_transactions
281777,No_transactions
952859,No_transactions
593885,No_transactions
665763,No_transactions
489443,No_transactions
390651,No_transactions
613709,No_transactions
915927,No_transactions
607266,No_transactions
415292,No_transactions
272686,No_transactions
761444,No_transactions
173178,No_transactions
121469,No_transactions
904317,No_transactions
216445,No_transactions
525866,No_transactions
742356,No_transactions
445008,No_transactions
243726,No_transactions
477867,No_transactions
271987,No_transactions
229636,No_transactions
979168,No_transactions
444904,No_transactions
458773,No_transactions
606811,No_transactions
238063,No_transactions
582244,No_transactions
988927,No_transactions
756592,No_transactions
872158,No_transactions
215314,No_transactions
557469,No_transactions
892517,No_transactions
583165,No_transactions
741470,No_transactions
543599,No_transactions
300678,No_transactions
261767,No_transactions
515315,No_transactions
804510,No_transactions
939593,No_transactions
927165,No_transactions
730008,No_transactions
348173,No_transactions
746235,No_transactions
181498,No_transactions
748105,No_transactions
940874,No_transactions
410373,No_transactions
384737,No_transactions
384818,No_transactions
611247,No_transactions
140042,No_transactions
869712,No_transactions
950961,No_transactions
990122,No_transactions
706425,No_transactions
369188,No_transactions
252135,No_transactions
294184,No_transactions
315242,No_transactions
938830,No_transactions
914959,No_transactions
554572,No_transactions
741657,No_transactions
851845,No_transactions
787249,No_transactions
389430,No_transactions
170655,No_transactions
407641,No_transactions
223638,No_transactions
332855,No_transactions
826984,No_transactions
184207,No_transactions
767774,No_transactions
878327,No_transactions
854742,No_transactions
600923,No_transactions
803252,No_transactions
361710,No_transactions
967233,No_transactions
965691,No_transactions
244734,No_transactions
887069,No_transactions
506149,No_transactions
670230,No_transactions
642784,No_transactions
136464,No_transactions
969800,No_transactions
110073,No_transactions
436318,No_transactions
493337,No_transactions
434965,No_transactions
152936,No_transactions
601068,No_transactions
362823,No_transactions
318845,No_transactions
207484,No_transactions
445282,No_transactions
500437,No_transactions
534505,No_transactions
242980,No_transactions
319464,No_transactions
901582,No_transactions
680553,No_transactions
570668,No_transactions
482424,No_transactions
466384,No_transactions
294278,No_transactions
339274,No_transactions
632816,No_transactions
281032,No_transactions
857949,No_transactions
129071,No_transactions
252531,No_transactions
126308,No_transactions
882443,No_transactions
427804,No_transactions
580592,No_transactions
847283,No_transactions
924796,No_transactions
765223,No_transactions
654919,No_transactions
139270,No_transactions
575145,No_transactions
542636,No_transactions
892000,No_transactions
626510,No_transactions
155623,No_transactions
257393,No_transactions
400513,No_transactions
608504,No_transactions
665031,No_transactions
505871,No_transactions
973070,No_transactions
223081,No_transactions
140735,No_transactions
311857,No_transactions
112894,No_transactions
524951,No_transactions
912984,No_transactions
821712,No_transactions
978934,No_transactions
438698,No_transactions
233877,No_transactions
160779,No_transactions
787018,No_transactions
222644,No_transactions
233831,No_transactions
286614,No_transactions
679155,No_transactions
470739,No_transactions
700958,No_transactions
139356,No_transactions
579584,No_transactions
937254,No_transactions
113656,No_transactions
108481,No_transactions
585495,No_transactions
711285,No_transactions
988552,No_transactions
657980,No_transactions
635026,No_transactions
470450,No_transactions
278464,No_transactions
343884,No_transactions
782804,No_transactions
766012,No_transactions
663098,No_transactions
221361,No_transactions
675240,No_transactions
852012,No_transactions
655995,No_transactions
757416,No_transactions
124931,No_transactions
103383,No_transactions
829316,No_transactions
187835,No_transactions
954454,No_transactions
430670,No_transactions
408170,No_transactions
334192,No_transactions
276484,No_transactions
265784,No_transactions
221709,No_transactions
991275,No_transactions
445599,No_transactions
594200,No_transactions
691365,No_transactions
469702,No_transactions
884570,No_transactions
978907,No_transactions
178459,No_transactions
907945,No_transactions
898887,No_transactions
800945,No_transactions
659731,No_transactions
204840,No_transactions
807942,No_transactions
533388,No_transactions
703972,No_transactions
219160,No_transactions
731286,No_transactions
745870,No_transactions
695564,No_transactions
792277,No_transactions
842835,No_transactions
863374,No_transactions
905161,No_transactions
652431,No_transactions
961264,No_transactions
596173,No_transactions
512169,No_transactions
216666,No_transactions
296095,No_transactions
744746,No_transactions
162155,No_transactions
876243,No_transactions
881428,No_transactions
465476,No_transactions
375371,No_transactions
324049,No_transactions
942952,No_transactions
983440,No_transactions
155348,No_transactions
825730,No_transactions
844477,No_transactions
436282,No_transactions
237107,No_transactions
448751,No_transactions
733467,No_transactions
605768,No_transactions
196757,No_transactions
841324,No_transactions
574688,No_transactions
915009,No_transactions
375467,No_transactions
750153,No_transactions
813352,No_transactions
960959,No_transactions
167491,No_transactions
243273,No_transactions
946439,No_transactions
483274,No_transactions
961440,No_transactions
224178,No_transactions
688132,No_transactions
728009,No_transactions
302827,No_transactions
675419,No_transactions
767971,No_transactions
248497,No_transactions
529331,No_transactions
838263,No_transactions
551533,No_transactions
142763,No_transactions
161557,No_transactions
823663,No_transactions
627869,No_transactions
780525,No_transactions
397891,No_transactions
122206,No_transactions
612370,No_transactions
437262,No_transactions
435883,No_transactions
684296,No_transactions
767494,No_transactions
210485,No_transactions
626070,No_transactions
831987,No_transactions
565074,No_transactions
651210,No_transactions
240861,No_transactions
329446,No_transactions
801607,No_transactions
671906,No_transactions
264034,No_transactions
499583,No_transactions
846215,No_transactions
872340,No_transactions
417841,No_transactions
318291,No_transactions
349447,No_transactions
194065,No_transactions
857235,No_transactions
344768,No_transactions
638085,No_transactions
490387,No_transactions
397272,No_transactions
940901,No_transactions
913809,No_transactions
192772,No_transactions
363513,No_transactions
641903,No_transactions
818040,No_transactions
219646,No_transactions
976831,No_transactions
515023,No_transactions
191780,No_transactions
628452,No_transactions
927559,No_transactions
796429,No_transactions
229075,No_transactions
983810,No_transactions
661546,No_transactions
612595,No_transactions
300106,No_transactions
833165,No_transactions
164064,No_transactions
830394,No_transactions
469545,No_transactions
750154,No_transactions
515142,No_transactions
349695,No_transactions
983450,No_transactions
418233,No_transactions
491704,No_transactions
822653,No_transactions
235220,No_transactions
654983,No_transactions
638740,No_transactions
485486,No_transactions
256467,No_transactions
370979,No_transactions
645635,No_transactions
245671,No_transactions
974189,No_transactions
405030,No_transactions
300454,No_transactions
855351,No_transactions
126181,No_transactions
854855,No_transactions
497030,No_transactions
215751,No_transactions
124536,No_transactions
264053,No_transactions
265612,No_transactions
481262,No_transactions
119917,No_transactions
939074,No_transactions
276931,No_transactions
223238,No_transactions
247103,No_transactions
989081,No_transactions
241990,No_transactions
545514,No_transactions
550303,No_transactions
893376,No_transactions
399917,No_transactions
683250,No_transactions
197239,No_transactions
683550,No_transactions
140375,No_transactions
759983,No_transactions
597522,No_transactions
445418,No_transactions
802023,No_transactions
631442,No_transactions
126148,No_transactions
131637,No_transactions
590012,No_transactions
208585,No_transactions
665374,No_transactions
164211,No_transactions
252472,No_transactions
181434,No_transactions
697824,No_transactions
299367,No_transactions
373665,No_transactions
145542,No_transactions
865213,No_transactions
277607,No_transactions
889964,No_transactions
248886,No_transactions
515298,No_transactions
891233,No_transactions
633067,No_transactions
454223,No_transactions
570531,No_transactions
633490,No_transactions
224132,No_transactions
672582,No_transactions
803357,No_transactions
766766,No_transactions
327565,No_transactions
161525,No_transactions
727197,No_transactions
880099,No_transactions
264050,No_transactions
121999,No_transactions
472283,No_transactions
302792,No_transactions
304887,No_transactions
962480,No_transactions
729752,No_transactions
256189,No_transactions
239221,No_transactions
278227,No_transactions
983353,No_transactions
465950,No_transactions
984180,No_transactions
823212,No_transactions
884654,No_transactions
387203,No_transactions
703160,No_transactions
698915,No_transactions
692741,No_transactions
782606,No_transactions
558248,No_transactions
939760,No_transactions
307159,No_transactions
142122,No_transactions
338837,No_transactions
684699,No_transactions
622953,No_transactions
573347,No_transactions
451042,No_transactions
641827,No_transactions
434430,No_transactions
872669,No_transactions
695385,No_transactions
746863,No_transactions
706970,No_transactions
924736,No_transactions
752885,No_transactions
975692,No_transactions
966688,No_transactions
656858,No_transactions
747816,No_transactions
568667,No_transactions
930887,No_transactions
646262,No_transactions
257509,No_transactions
724599,No_transactions
167670,No_transactions
138449,No_transactions
934577,No_transactions
637453,No_transactions
745080,No_transactions
901478,No_transactions
168641,No_transactions
243153,No_transactions
610860,No_transactions
468522,No_transactions
233051,No_transactions
377858,No_transactions
902833,No_transactions
607752,No_transactions
659454,No_transactions
546037,No_transactions
340156,No_transactions
161774,No_transactions
208630,No_transactions
475313,No_transactions
692291,No_transactions
228469,No_transactions
366576,No_transactions
910028,No_transactions
241069,No_transactions
923766,No_transactions
197491,No_transactions
629341,No_transactions
375162,No_transactions
493606,No_transactions
486880,No_transactions
597124,No_transactions
706876,No_transactions
982895,No_transactions
334574,No_transactions
787322,No_transactions
650957,No_transactions
787651,No_transactions
997008,No_transactions
928188,No_transactions
104739,No_transactions
966949,No_transactions
363483,No_transactions
908994,No_transactions
604039,No_transactions
841957,No_transactions
226847,No_transactions
199493,No_transactions
721364,No_transactions
154958,No_transactions
278054,No_transactions
827815,No_transactions
828328,No_transactions
542208,No_transactions
697962,No_transactions
260112,No_transactions
665533,No_transactions
915164,No_transactions
144301,No_transactions
534324,No_transactions
663641,No_transactions
418626,No_transactions
905288,No_transactions
296457,No_transactions
252165,No_transactions
318537,No_transactions
612742,No_transactions
859196,No_transactions
444050,No_transactions
750247,No_transactions
547764,No_transactions
704308,No_transactions
967738,No_transactions
916003,No_transactions
132563,No_transactions
709844,No_transactions
855510,No_transactions
582166,No_transactions
940523,No_transactions
899734,No_transactions
314441,No_transactions
266326,No_transactions
206332,No_transactions
390562,No_transactions
936860,No_transactions
274107,No_transactions
552546,No_transactions
649404,No_transactions
177677,No_transactions
229308,No_transactions
939333,No_transactions
735171,No_transactions
340604,No_transactions
485705,No_transactions
494536,No_transactions
175832,No_transactions
236794,No_transactions
851370,No_transactions
769602,No_transactions
563428,No_transactions
711775,No_transactions
331992,No_transactions
932100,No_transactions
205195,No_transactions
950947,No_transactions
720536,No_transactions
616611,No_transactions
653890,No_transactions
255623,No_transactions
517129,No_transactions
747655,No_transactions
733434,No_transactions
446662,No_transactions
712132,No_transactions
729542,No_transactions
837327,No_transactions
242839,No_transactions
663072,No_transactions
222425,No_transactions
594626,No_transactions
793801,No_transactions
117725,No_transactions
548883,No_transactions
444218,No_transactions
895180,No_transactions
574745,No_transactions
862543,No_transactions
931238,No_transactions
288164,No_transactions
144695,No_transactions
782503,No_transactions
501189,No_transactions
846717,No_transactions
853037,No_transactions
101356,No_transactions
743320,No_transactions
134827,No_transactions
955138,No_transactions
970401,No_transactions
863490,No_transactions
771753,No_transactions
359138,No_transactions
306203,No_transactions
217497,No_transactions
255183,No_transactions
401943,No_transactions
117351,No_transactions
202271,No_transactions
769166,No_transactions
253082,No_transactions
737451,No_transactions
892556,No_transactions
546171,No_transactions
700011,No_transactions
931828,No_transactions
397848,No_transactions
766909,No_transactions
322435,No_transactions
438511,No_transactions
166110,No_transactions
948961,No_transactions
105700,No_transactions
327498,No_transactions
415640,No_transactions
303049,No_transactions
902993,No_transactions
482796,No_transactions
488891,No_transactions
212493,No_transactions
600220,No_transactions
426022,No_transactions
225529,No_transactions
417553,No_transactions
799622,No_transactions
454665,No_transactions
743481,No_transactions
824076,No_transactions
227433,No_transactions
650801,No_transactions
952244,No_transactions
647393,No_transactions
142649,No_transactions
221627,No_transactions
760077,No_transactions
904410,No_transactions
148111,No_transactions
547217,No_transactions
118298,No_transactions
844046,No_transactions
891218,No_transactions
204535,No_transactions
754850,No_transactions
999911,No_transactions
582256,No_transactions
918350,No_transactions
934150,No_transactions
350269,No_transactions
872341,No_transactions
622632,No_transactions
252628,No_transactions
394200,No_transactions
528095,No_transactions
989429,No_transactions
231319,No_transactions
652781,No_transactions
235030,No_transactions
177199,No_transactions
431286,No_transactions
898119,No_transactions
879812,No_transactions
128615,No_transactions
382678,No_transactions
491495,No_transactions
562501,No_transactions
486422,No_transactions
280602,No_transactions
385747,No_transactions
540901,No_transactions
289134,No_transactions
364372,No_transactions
140769,No_transactions
883606,No_transactions
716371,No_transactions
242637,No_transactions
610631,No_transactions
552235,No_transactions
606117,No_transactions
756043,No_transactions
809301,No_transactions
468380,No_transactions
329833,No_transactions
529988,No_transactions
395300,No_transactions
391091,No_transactions
952434,No_transactions
381471,No_transactions
738253,No_transactions
727072,No_transactions
314558,No_transactions
414661,No_transactions
553018,No_transactions
575089,No_transactions
844949,No_transactions
423844,No_transactions
194762,No_transactions
896685,No_transactions
545889,No_transactions
681961,No_transactions
678858,No_transactions
920068,No_transactions
187958,No_transactions
352034,No_transactions
891927,No_transactions
858125,No_transactions
250194,No_transactions
622801,No_transactions
683685,No_transactions
565227,No_transactions
651277,No_transactions
972462,No_transactions
126526,No_transactions
232317,No_transactions
891105,No_transactions
711129,No_transactions
489459,No_transactions
323792,No_transactions
360744,No_transactions
406988,No_transactions
719850,No_transactions
445783,No_transactions
170534,No_transactions
174925,No_transactions
873426,No_transactions
865798,No_transactions
921903,No_transactions
389081,No_transactions
220139,No_transactions
425477,No_transactions
451961,No_transactions
712874,No_transactions
290109,No_transactions
794625,No_transactions
122173,No_transactions
320377,No_transactions
936044,No_transactions
277826,No_transactions
450125,No_transactions
761305,No_transactions
994803,No_transactions
310833,No_transactions
931701,No_transactions
815381,No_transactions
956233,No_transactions
471944,No_transactions
687984,No_transactions
565634,No_transactions
163137,No_transactions
837615,No_transactions
272289,No_transactions
291831,No_transactions
123151,No_transactions
148677,No_transactions
678991,No_transactions
895821,No_transactions
830836,No_transactions
670981,No_transactions
552568,No_transactions
818886,No_transactions
170982,No_transactions
120635,No_transactions
631714,No_transactions
697323,No_transactions
400844,No_transactions
152685,No_transactions
804911,No_transactions
756280,No_transactions
467139,No_transactions
577998,No_transactions
667800,No_transactions
574492,No_transactions
328602,No_transactions
967819,No_transactions
243272,No_transactions
294289,No_transactions
148810,No_transactions
515790,No_transactions
257194,No_transactions
943393,No_transactions
737027,No_transactions
844145,No_transactions
488346,No_transactions
440758,No_transactions
347733,No_transactions
709212,No_transactions
518210,No_transactions
879638,No_transactions
286388,No_transactions
892273,No_transactions
842047,No_transactions
737676,No_transactions
303621,No_transactions
242203,No_transactions
763806,No_transactions
169865,No_transactions
180484,No_transactions
417721,No_transactions
287224,No_transactions
792094,No_transactions
373429,No_transactions
278719,No_transactions
525476,No_transactions
773593,No_transactions
837408,No_transactions
852629,No_transactions
762446,No_transactions
743108,No_transactions
828884,No_transactions
297954,No_transactions
989040,No_transactions
191189,No_transactions
754163,No_transactions
868327,No_transactions
483802,No_transactions
184490,No_transactions
992542,No_transactions
397376,No_transactions
815603,No_transactions
229861,No_transactions
317689,No_transactions
637100,No_transactions
929231,No_transactions
595775,No_transactions
313571,No_transactions
685653,No_transactions
128753,No_transactions
355628,No_transactions
648286,No_transactions
661442,No_transactions
202108,No_transactions
771220,No_transactions
348718,No_transactions
786330,No_transactions
255019,No_transactions
300376,No_transactions
946956,No_transactions
502047,No_transactions
873578,No_transactions
581380,No_transactions
926531,No_transactions
963921,No_transactions
789431,No_transactions
995404,No_transactions
779444,No_transactions
562703,No_transactions
883693,No_transactions
392781,No_transactions
807262,No_transactions
195131,No_transactions
496052,No_transactions
870960,No_transactions
932323,No_transactions
511626,No_transactions
677925,No_transactions
740509,No_transactions
943056,No_transactions
996159,No_transactions
592532,No_transactions
429689,No_transactions
432729,No_transactions
732862,No_transactions
639346,No_transactions
741384,No_transactions
920102,No_transactions
968867,No_transactions
304528,No_transactions
858427,No_transactions
539941,No_transactions
123780,No_transactions
782318,No_transactions
201550,No_transactions
576654,No_transactions
574627,No_transactions
445679,No_transactions
622992,No_transactions
604076,No_transactions
171042,No_transactions
457127,No_transactions
474047,No_transactions
651469,No_transactions
798352,No_transactions
641121,No_transactions
338750,No_transactions
796943,No_transactions
528782,No_transactions
253412,No_transactions
483969,No_transactions
677153,No_transactions
430559,No_transactions
592515,No_transactions
458029,No_transactions
340881,No_transactions
897734,No_transactions
935836,No_transactions
660349,No_transactions
744837,No_transactions
990947,No_transactions
989220,No_transactions
400873,No_transactions
900331,No_transactions
910092,No_transactions
150596,No_transactions
270203,No_transactions
939474,No_transactions
699220,No_transactions
496830,No_transactions
604839,No_transactions
682064,No_transactions
882874,No_transactions
443770,No_transactions
378498,No_transactions
144261,No_transactions
381176,No_transactions
384907,No_transactions
914514,No_transactions
566663,No_transactions
880897,No_transactions
183339,No_transactions
742673,No_transactions
481531,No_transactions
623341,No_transactions
874938,No_transactions
539705,No_transactions
720178,No_transactions
397962,No_transactions
811429,No_transactions
592213,No_transactions
790366,No_transactions
764227,No_transactions
585066,No_transactions
167569,No_transactions
218373,No_transactions
204848,No_transactions
930337,No_transactions
340492,No_transactions
377364,No_transactions
624485,No_transactions
910373,No_transactions
939204,No_transactions
350910,No_transactions
801832,No_transactions
382983,No_transactions
589394,No_transactions
604328,No_transactions
479359,No_transactions
795155,No_transactions
992631,No_transactions
392558,No_transactions
136065,No_transactions
658257,No_transactions
755582,No_transactions
364247,No_transactions
578751,No_transactions
135635,No_transactions
954773,No_transactions
993350,No_transactions
802958,No_transactions
462497,No_transactions
369388,No_transactions
680193,No_transactions
532334,No_transactions
321656,No_transactions
384296,No_transactions
677669,No_transactions
424027,No_transactions
918404,No_transactions
297218,No_transactions
150671,No_transactions
908201,No_transactions
989658,No_transactions
707860,No_transactions
596033,No_transactions
567082,No_transactions
254161,No_transactions
224530,No_transactions
740349,No_transactions
996231,No_transactions
744731,No_transactions
506793,No_transactions
156071,No_transactions
251020,No_transactions
493827,No_transactions
991371,No_transactions
997857,No_transactions
115198,No_transactions
172731,No_transactions
426141,No_transactions
162568,No_transactions
614428,No_transactions
971030,No_transactions
860553,No_transactions
727363,No_transactions
626312,No_transactions
702325,No_transactions
892639,No_transactions
183885,No_transactions
346554,No_transactions
825920,No_transactions
157971,No_transactions
689993,No_transactions
412362,No_transactions
280790,No_transactions
105352,No_transactions
457652,No_transactions
377796,No_transactions
885210,No_transactions
861917,No_transactions
571479,No_transactions
395512,No_transactions
441719,No_transactions
995943,No_transactions
403258,No_transactions
144702,No_transactions
710203,No_transactions
243001,No_transactions
900977,No_transactions
960678,No_transactions
167219,No_transactions
734119,No_transactions
413305,No_transactions
701708,No_transactions
353535,No_transactions
580628,No_transactions
821705,No_transactions
749362,No_transactions
858814,No_transactions
962055,No_transactions
509614,No_transactions
407648,No_transactions
571845,No_transactions
129743,No_transactions
146572,No_transactions
637235,No_transactions
960555,No_transactions
421432,No_transactions
124987,No_transactions
784787,No_transactions
620587,No_transactions
314182,No_transactions
220601,No_transactions
198407,No_transactions
508728,No_transactions
405465,No_transactions
985622,No_transactions
631232,No_transactions
887026,No_transactions
547994,No_transactions
448483,No_transactions
909854,No_transactions
756973,No_transactions
210746,No_transactions
682337,No_transactions
945050,No_transactions
519213,No_transactions
429448,No_transactions
206576,No_transactions
202227,No_transactions
536959,No_transactions
574613,No_transactions
572463,No_transactions
604825,No_transactions
842190,No_transactions
248664,No_transactions
716435,No_transactions
750922,No_transactions
185288,No_transactions
702938,No_transactions
557852,No_transactions
282181,No_transactions
756559,No_transactions
629267,No_transactions
767456,No_transactions
683458,No_transactions
552221,No_transactions
575411,No_transactions
419491,No_transactions
961455,No_transactions
481699,No_transactions
298967,No_transactions
609878,No_transactions
936232,No_transactions
203517,No_transactions
285386,No_transactions
310236,No_transactions
890839,No_transactions
225743,No_transactions
236037,No_transactions
826312,No_transactions
766401,No_transactions
433881,No_transactions
374113,No_transactions
616522,No_transactions
872706,No_transactions
110603,No_transactions
710473,No_transactions
462078,No_transactions
717772,No_transactions
655473,No_transactions
568681,No_transactions
428872,No_transactions
627913,No_transactions
377642,No_transactions
931834,No_transactions
636206,No_transactions
118688,No_transactions
216937,No_transactions
357166,No_transactions
579245,No_transactions
863942,No_transactions
635398,No_transactions
527414,No_transactions
250089,No_transactions
204507,No_transactions
368878,No_transactions
139682,No_transactions
299448,No_transactions
532752,No_transactions
614720,No_transactions
310867,No_transactions
565787,No_transactions
795554,No_transactions
780855,No_transactions
650366,No_transactions
463947,No_transactions
324713,No_transactions
954599,No_transactions
337812,No_transactions
553944,No_transactions
127052,No_transactions
402624,No_transactions
405740,No_transactions
708151,No_transactions
585162,No_transactions
430519,No_transactions
338295,No_transactions
246581,No_transactions
215294,No_transactions
524536,No_transactions
111387,No_transactions
961512,No_transactions
757060,No_transactions
942287,No_transactions
306112,No_transactions
225748,No_transactions
253056,No_transactions
271059,No_transactions
452150,No_transactions
507360,No_transactions
198456,No_transactions
639584,No_transactions
352734,No_transactions
292035,No_transactions
332003,No_transactions
986126,No_transactions
802519,No_transactions
843816,No_transactions
686474,No_transactions
163481,No_transactions
311008,No_transactions
652809,No_transactions
595529,No_transactions
522851,No_transactions
360485,No_transactions
501037,No_transactions
829863,No_transactions
659792,No_transactions
277370,No_transactions
686432,No_transactions
145192,No_transactions
914920,No_transactions
787911,No_transactions
340736,No_transactions
584426,No_transactions
407924,No_transactions
748174,No_transactions
745565,No_transactions
688902,No_transactions
932261,No_transactions
884992,No_transactions
959027,No_transactions
133463,No_transactions
123538,No_transactions
302980,No_transactions
242719,No_transactions
175191,No_transactions
526975,No_transactions
169270,No_transactions
767678,No_transactions
197063,No_transactions
732880,No_transactions
129328,No_transactions
743953,No_transactions
435777,No_transactions
627244,No_transactions
835975,No_transactions
373118,No_transactions
744441,No_transactions
558469,No_transactions
657777,No_transactions
930041,No_transactions
358255,No_transactions
296088,No_transactions
969860,No_transactions
398074,No_transactions
795714,No_transactions
819246,No_transactions
433116,No_transactions
921410,No_transactions
358586,No_transactions
633339,No_transactions
757704,No_transactions
142800,No_transactions
515639,No_transactions
706747,No_transactions
906884,No_transactions
445247,No_transactions
440671,No_transactions
475249,No_transactions
626217,No_transactions
285074,No_transactions
355781,No_transactions
692121,No_transactions
771133,No_transactions
451448,No_transactions
780389,No_transactions
938126,No_transactions
467013,No_transactions
257864,No_transactions
566802,No_transactions
550834,No_transactions
581419,No_transactions
358375,No_transactions
548202,No_transactions
847938,No_transactions
540291,No_transactions
461325,No_transactions
745938,No_transactions
675710,No_transactions
697840,No_transactions
117832,No_transactions
297427,No_transactions
726472,No_transactions
899543,No_transactions
198354,No_transactions
801241,No_transactions
655263,No_transactions
123784,No_transactions
185815,No_transactions
582097,No_transactions
848498,No_transactions
624528,No_transactions
728687,No_transactions
120206,No_transactions
246399,No_transactions
707710,No_transactions
984968,No_transactions
677292,No_transactions
899271,No_transactions
559657,No_transactions
678544,No_transactions
287962,No_transactions
219806,No_transactions
787899,No_transactions
980145,No_transactions
217235,No_transactions
703278,No_transactions
587769,No_transactions
305618,No_transactions
153075,No_transactions
137383,No_transactions
765446,No_transactions
631369,No_transactions
816406,No_transactions
667678,No_transactions
209107,No_transactions
652357,No_transactions
468534,No_transactions
758322,No_transactions
161546,No_transactions
749418,No_transactions
693393,No_transactions
163723,No_transactions
652300,No_transactions
974738,No_transactions
988234,No_transactions
958869,No_transactions
238070,No_transactions
131717,No_transactions
372169,No_transactions
106589,No_transactions
407233,No_transactions
802974,No_transactions
999460,No_transactions
140223,No_transactions
833169,No_transactions
908248,No_transactions
604630,No_transactions
358948,No_transactions
952163,No_transactions
375115,No_transactions
102308,No_transactions
995079,No_transactions
241165,No_transactions
112797,No_transactions
203245,No_transactions
931170,No_transactions
266884,No_transactions
328394,No_transactions
373321,No_transactions
881399,No_transactions
975212,No_transactions
743257,No_transactions
260285,No_transactions
960761,No_transactions
424317,No_transactions
842523,No_transactions
602043,No_transactions
962600,No_transactions
846718,No_transactions
750893,No_transactions
776399,No_transactions
504319,No_transactions
136345,No_transactions
353614,No_transactions
756526,No_transactions
188218,No_transactions
540836,No_transactions
209846,No_transactions
705756,No_transactions
826930,No_transactions
997912,No_transactions
919463,No_transactions
181770,No_transactions
794334,No_transactions
645333,No_transactions
367006,No_transactions
244527,No_transactions
138777,No_transactions
538308,No_transactions
594468,No_transactions
269434,No_transactions
145292,No_transactions
382971,No_transactions
730768,No_transactions
785389,No_transactions
458640,No_transactions
562324,No_transactions
817041,No_transactions
148766,No_transactions
571406,No_transactions
601997,No_transactions
883916,No_transactions
348350,No_transactions
128405,No_transactions
730795,No_transactions
423313,No_transactions
402136,No_transactions
714161,No_transactions
530712,No_transactions
411651,No_transactions
475009,No_transactions
561722,No_transactions
902200,No_transactions
484939,No_transactions
656958,No_transactions
741926,No_transactions
935665,No_transactions
323341,No_transactions
784597,No_transactions
350486,No_transactions
959179,No_transactions
851979,No_transactions
795743,No_transactions
672917,No_transactions
652627,No_transactions
